FECHA,RUTS_UNICOS_DIARIOS,CD,CFR,F,OTRO,CMA CGM,COSCO,EVERGREEN,HAMBURG SUD / COLUMBUS LINE,HAPAG-LLOYD,HMM,MAERSK,MSC,ONE,OOCL,OTHERS,PIL,SEALAND,WAN HAI,YANG MING,ZIM,CANTIDAD DE BULTO,TIPO DE BULTO,ALEMANIA,CHINA,COLOMBIA,ESPANA,FRANCIA,INDIA,ITALIA,MEXICO,ORIGEN O DESTINO NO PRECISADO,OTHER_COUNTRIES,PERU,U.S.A,VIETNAM,FE,FE_pct_change,IND,IND_pct_change,NAE,NAE_pct_change,NAW,NAW_pct_change,NE,NE_pct_change,SAE,SAE_pct_change,SAW,SAW_pct_change,SE,SE_pct_change,MEAN_DIFF_DAYS,MAX_DIFF_DAYS,STD_DIFF_DAYS,MEAN_FOB_POR_BULTO,MAX_FOB_POR_BULTO,STD_FOB_POR_BULTO,MEAN_SEGURO_POR_BULTO,MAX_SEGURO_POR_BULTO,STD_SEGURO_POR_BULTO,MEAN_FLETE_POR_BULTO,MAX_FLETE_POR_BULTO,STD_FLETE_POR_BULTO,MEAN_PESO BRUTO POR CONTENEDOR,MAX_PESO BRUTO POR CONTENEDOR,STD_PESO BRUTO POR CONTENEDOR,MEAN_ITEMS POR CONTENEDOR,MAX_ITEMS POR CONTENEDOR,STD_ITEMS POR CONTENEDOR,wan_hai_price,wan_hai_volume,wan_hai_pct_change,data_gold_price,data_gold_volume,data_gold_pct_change,zim_price,zim_volume,zim_pct_change,sea_price,sea_volume,sea_pct_change,ipsa_price,ipsa_volume,ipsa_pct_change,cny_price,cny_volume,cny_pct_change,clp_price,clp_volume,clp_pct_change,wti_oil_price,wti_oil_volume,wti_oil_pct_change,csi300_price,csi300_volume,csi300_pct_change,brent_oil_price,brent_oil_volume,brent_oil_pct_change,maersk_price,maersk_volume,maersk_pct_change,hapag_price,hapag_volume,hapag_pct_change,yang_ming_price,yang_ming_volume,yang_ming_pct_change,cosco_shipping_price,cosco_shipping_volume,cosco_shipping_pct_change,boat_price,boat_volume,boat_pct_change,sp500_price,sp500_volume,sp500_pct_change,XSICFEUW Index  (R4),XSICFENE Index  (R1),XSICFESE Index  (L4),XSICNEFE Index  (R2),XSICNESE Index  (L2),XSICUENE Index  (R1),XSICUWFE Index  (L1),XSICNEUE Index  (L3),BDIY Index  (R3),Close_pct_change_XSICFEUW Index  (R4),Close_pct_change_XSICFENE Index  (R1),Close_pct_change_XSICFESE Index  (L4),Close_pct_change_XSICNEFE Index  (R2),Close_pct_change_XSICNESE Index  (L2),Close_pct_change_XSICUENE Index  (R1),Close_pct_change_XSICUWFE Index  (L1),Close_pct_change_XSICNEUE Index  (L3),Close_pct_change_BDIY Index  (R3)
2020-47,920,5473,1987,16162,1525,1504,1492,911,1451,5465,792,1701,5001,5155,260,222,167,31,478,517,0,25147,1304,144,16388,0,905,157,665,911,47,143,4149,0,863,775,4016.286096,0.256599055,1656.914255,-0.087622588,2046.172511,-0.088059325,3104.723039,0.112035908,2118.941152,-0.036170186,15679.59833,2.566135928,2783.35746,0.003826012,1566.25481,-0.524850769,49.17904417,1483,31.18792069,55736.12689,2026862.5,79259.18663,183.9012672,28508.085,509.947792,3611.822983,221150,9074.384293,14783.71679,1081080,34478.06633,11.11839905,95,18.03984696,33.99209213,268429555,0.170067987,1781.900024,279442,-0.048435305,12.05000019,7824600,0,19.41399956,13200,0,5058.879883,0,0,6.574500084,0,-0.001200134,765.7999878,0,0.00935808,45.52999878,1501554,0.08018973,5146.379883,390600,0,48.18000031,104421,0.071619246,12415,154266,0.049450549,63.59999847,160368,0.056478367,13.60000038,354849624,0.062500014,5.715384007,294451793,-0.009333288,25.15500069,15400,0,3638.350098,19026670000,0.022715151,3882,2857,4595,1319,972,538,655,1964,1230,-0.001286339,0.071241095,0.005250492,0.062852538,0.009345794,0,0.017080745,0,0.071428571
2020-48,792,3769,1941,14823,920,1471,1336,722,2149,2625,529,4039,5450,2438,337,77,55,12,173,40,0,21453,1588,803,14733,2,329,162,620,905,9,390,2692,0,613,195,3567.184905,-0.11182002,1868.473264,0.127682533,2278.808045,0.113693021,2399.424784,-0.22716946,1393.663062,-0.342283262,2081.558378,-0.867244152,3220.553574,0.157075087,1937.893226,0.237278388,44.78187469,657,17.42818595,44075.98675,4316874.5,124094.3818,194.5817999,42635.265,947.010305,3061.536118,103750,4751.909345,12854.55,666000,28616.27871,8.588568789,94,12.3247236,30.03952408,215592280,-0.116279046,1835.900024,8753,0.03030473,12.05000019,7824600,0,19.41399956,13200,0,5058.879883,0,0,6.541399956,0,-0.005034623,750.0999756,0,-0.020501453,46.25999832,1740749,0.016033375,5146.379883,390600,0,49.25,173336,0.022208379,12690,273983,0.022150624,71.19999695,149930,0.119496834,12.85000038,232114605,-0.055147057,5.746152878,190037681,0.005383518,25.15500069,15400,0,3699.120117,26933100000,0.016702631,3923,4440,5023,1591,984,532,780,1966,1197,0.010561566,0.554077704,0.093144723,0.206216831,0.012345679,-0.011152416,0.190839695,0.00101833,-0.026829268
2020-49,1366,12543,4393,26208,3361,6023,3921,1100,4435,9689,443,4710,9047,3173,806,384,378,415,946,1035,0,46505,2403,2009,23083,72,2441,1408,1433,1878,211,1334,6626,32,5308,670,3772.735558,0.057622652,1780.738737,-0.046955195,1936.814382,-0.150075678,1900.936253,-0.207753347,1338.098768,-0.039869245,2528.797041,0.214857612,2011.571511,-0.375395731,2162.705201,0.116008443,39.76363636,1109,23.58141457,66861.44745,1375738.625,114920.7724,206.5482819,24942.195,495.1227247,2822.577782,145000,4795.234247,12601.12581,893573,30298.17554,12.17961373,99.5,18.00159469,30.79051208,304489842,0.024999997,1839.800049,2049,0.002124312,12.05000019,7824600,0,19.41399956,13200,0,5058.879883,0,0,6.544400215,0,0.000458657,734.2999878,0,-0.021063843,46.56999969,1931322,0.006701284,5146.379883,390600,0,49.97000122,143673,0.014619314,13035,147926,0.027186761,75,299449,0.053370832,13.69999981,495635066,0.066147813,5.2923069,210102638,-0.07898258,25.15500069,15400,0,3663.459961,23655640000,-0.009640173,4012,4709,5600,1626,980,543,788,1963,1211,0.022686719,0.060585586,0.114871591,0.021998743,-0.004065041,0.020676692,0.01025641,-0.001525941,0.011695906
2020-50,1557,13067,5728,34010,6514,7081,5157,1845,5663,10262,668,3730,13364,6140,822,405,704,722,1760,996,0,59319,4113,2713,31454,87,1984,1501,797,1824,697,1929,9315,46,6313,659,4169.699624,0.10521916,1559.842554,-0.124047497,1662.435563,-0.141665005,1938.054065,0.019526069,1360.746052,0.016924972,5837.267479,1.308317902,1714.817227,-0.147523606,2072.981096,-0.041486979,38.54943,890,21.2761501,56003.26115,2024174,80575.69523,201.0882604,15980.82,420.0906119,3066.392416,110115.5,4884.270302,11473.00711,810810,25536.85828,17.159886,308,37.17071313,34.15019608,262780851,0.109114262,1885.699951,2999,0.02494831,12.05000019,7824600,0,19.41399956,13200,0,5058.879883,0,0,6.532100201,0,-0.001879472,721.4000244,0,-0.017567702,49.09999847,1170290,0.054326794,5146.379883,390600,0,52.25999832,128545,0.045827437,14115,187222,0.082853855,86.5,251399,0.153333333,17.25,774188525,0.259124105,6.223075867,216435547,0.175872069,25.15500069,15400,0,3709.409912,24367880000,0.012542774,3984,5607,6057,1643,991,542,793,1964,1325,-0.006979063,0.190698662,0.081607143,0.010455105,0.01122449,-0.001841621,0.006345178,0.000509424,0.094137077
2020-51,1475,12142,5467,30248,4039,5740,4103,1725,6764,9257,1212,3414,9831,4931,1143,761,288,729,887,1111,0,51896,3248,2561,27675,319,1468,1197,750,1378,1699,2439,8328,245,3197,640,4291.286123,0.029159534,1374.361357,-0.118910205,2476.451931,0.489652884,1922.191494,-0.008184793,1205.442952,-0.114130848,3480.628111,-0.403723039,2408.960626,0.404791477,1909.662234,-0.07878454,37.41673304,1131,24.99164359,53551.52482,1753598.38,74336.6324,276.5359347,20921,955.211347,3254.926828,134900,5276.836569,12617.12349,1516536,30133.11041,12.02976417,135.5,23.0083247,37.944664,577050577,0.111111161,1879.900024,497,-0.003075742,12.05000019,7824600,0,19.41399956,13200,0,5058.879883,0,0,6.528999805,0,-0.00047464,714.2999878,0,-0.009842024,48.22999954,1285531,-0.01771892,5146.379883,390600,0,51.29000092,86433,-0.018560992,13750,71323,-0.025859015,84.69999695,96893,-0.020809284,23.10000038,1138712305,0.339130457,6.353846073,118834049,0.021013757,25.15500069,15400,0,3703.060059,14464830000,-0.001711823,3948,5939,7005,1638,988,542,793,1997,1366,-0.009036145,0.0592117,0.156513125,-0.003043214,-0.003027245,0,0,0.016802444,0.030943396
2020-52,1161,10996,3470,16459,3888,2118,1290,944,6405,8209,644,2107,7975,3127,470,259,14,343,567,341,0,34813,2054,1740,11075,984,1192,438,897,1020,1278,1725,7332,286,6213,633,5022.428118,0.170378291,1999.25466,0.45467904,2089.469985,-0.156264671,1801.682573,-0.062693505,1270.190617,0.053712758,2485.482087,-0.285909897,1849.533636,-0.232227536,1740.786308,-0.088432353,36.82975029,1167,22.66824813,70659.78489,3556299,116290.5409,185.6386611,41089.57,724.7798976,2936.088266,171920,5307.007556,13276.43258,2973118.5,37578.58621,13.5094725,103.5,20.12339499,41.81818008,635806523,0.102083289,1893.099976,989,0.007021624,12.05000019,7824600,0,19.41399956,13200,0,5058.879883,0,0,6.522200108,0,-0.001041461,711,0,-0.004619891,48.52000046,901091,0.006012874,5146.379883,390600,0,51.79999924,57776,0.009943426,13595,45294,-0.011272727,91.90000153,129258,0.08500596,29.25,611239467,0.266233745,7.092307091,165302730,0.11622268,25.15500069,15400,0,3756.070068,13262640000,0.01431519,3969,5985,7064,1638,990,536,789,2002,1366,0.005319149,0.007745412,0.008422555,0,0.002024291,-0.011070111,-0.005044136,0.002503756,0
2021-01,1270,9863,4379,32192,4039,4949,3848,2432,8286,7824,914,5445,7953,5598,689,370,443,421,659,642,0,50473,3221,1015,31692,444,1142,661,432,1436,969,1931,6505,433,3011,802,4548.042197,-0.094453501,4925.285769,1.46356098,2491.587374,0.192449469,2192.493523,0.216914431,1415.680922,0.114542103,3326.181592,0.338244041,2045.726095,0.106076718,1600.418802,-0.080634541,41.24152832,867,50.46250761,51042.86471,1393883.12,79900.31784,180.7469565,20921,372.4775174,3543.754949,158972.35,5021.788419,11333.2136,810900,25471.35235,10.17541143,82,14.50402053,38.33992004,599292060,-0.083175787,1834.099976,780,-0.031165813,12.05000019,7824600,0,19.41399956,13200,0,5058.879883,0,0,6.477200031,0,-0.008343938,712.2999878,0,0.003239419,52.24000168,2549789,0.076669439,5146.379883,390600,0,55.99000168,230606,0.080888079,14465,155781,0.063994115,106.5999985,221415,0.159956439,27.29999924,344778862,-0.066666693,8.353845596,274572412,0.177874208,25.15500069,15400,0,3824.679932,25542330000,0.018266396,3885,8038,8641,1657,965,560,848,1978,1606,-0.021164021,0.343024227,0.223244621,0.011599512,-0.025252525,0.044776119,0.0747782,-0.011988012,0.175695461
2021-02,1772,16150,8502,49974,6224,6575,6713,3183,7659,15005,1180,8033,18383,9743,1396,477,339,1079,781,304,0,80850,4622,2216,48443,585,1731,1161,959,1136,1931,2742,13098,892,4920,1036,6071.177862,0.334899194,2621.411667,-0.467764554,3116.452446,0.25078995,2522.572,0.150549351,1434.050386,0.01297571,2617.399743,-0.213091748,1913.591533,-0.064590544,2652.402984,0.65731806,73.08988105,1151,104.2677694,52735.33778,3006154.75,75229.02808,201.5344126,14162.5,550.7405754,4574.337691,146700,7273.455733,12047.1763,729729,25845.73551,11.58240977,149,19.1657935,34.18972397,361215961,-0.108247385,1829.300049,565,-0.002617048,12.05000019,7824600,0,19.41399956,13200,0,5058.879883,0,0,6.473100185,0,-0.000632966,726,0,0.019233487,52.36000061,1780675,0.00229707,5146.379883,390600,0,55.09999847,158076,-0.015895752,14845,175537,0.026270308,103,237137,-0.033771093,23.35000038,243599182,-0.144688607,7.800000191,349368476,-0.066298257,25.15500069,15400,0,3768.25,24631190000,-0.014754158,4038,8230,8995,1610,958,537,824,1971,1754,0.039382239,0.023886539,0.040967481,-0.028364514,-0.007253886,-0.041071429,-0.028301887,-0.003538928,0.092154421
2021-03,1902,22133,8328,49512,9222,10382,7172,3433,13487,17485,1130,9199,14027,8224,1201,641,418,1532,448,416,0,89195,5231,2592,44690,1478,2683,3176,1278,1878,2647,6574,11775,588,8765,1071,5720.176088,-0.057814444,2222.828462,-0.15204907,2064.979388,-0.337394225,2314.387397,-0.082528706,1408.707814,-0.017672024,3793.184484,0.449218635,1778.484376,-0.070603969,2381.394871,-0.102174562,67.65043535,768,98.8386456,60591.39118,143912240,655276.3287,168.4226685,30409.51,393.1734698,3824.83362,426769.04,6500.854524,11962.70801,1137810,26031.98863,15.04961155,159,24.76964007,35.41501999,335078774,0.035838137,1855.699951,43,0.014431696,12.05000019,7824600,0,19.41399956,13200,0,5058.879883,0,0,6.461400032,0,-0.001807504,716.9000244,0,-0.012534402,52.27000046,1316146,-0.001718872,5146.379883,390600,0,55.40999985,126566,0.005626159,14335,151076,-0.034355002,106.5999985,142361,0.034951441,22.60000038,1235342384,-0.032119914,8,325520582,0.025641001,25.15500069,15400,0,3841.469971,19193280000,0.019430762,4024,8130,9290,1671,1015,566,902,2013,1810,-0.003467063,-0.012150668,0.032795998,0.037888199,0.059498956,0.054003724,0.094660194,0.02130898,0.031927024
2021-04,1665,22084,7068,54757,6677,9491,7025,3295,12326,14941,1669,13198,15782,8278,1421,942,172,732,213,1101,0,90586,5475,3913,50252,1535,3010,3277,1386,1831,2329,3430,9638,2121,7088,776,5212.856669,-0.088689476,2340.082826,0.052750073,3008.836602,0.457078274,2868.975021,0.239626099,1313.777536,-0.067388195,2853.88372,-0.247628547,1636.832824,-0.079647342,2832.754962,0.189536014,35.48378233,1125,35.16753526,60084.60215,2862149.5,96290.4387,185.1970255,22096.28,456.4830437,3730.00188,169000,5661.355235,12421.4152,874341.6,26258.07812,18.42985286,317,44.2246016,33.833992,153888662,-0.044642866,1847.300049,224542,-0.004526541,12.05000019,7824600,0,19.41399956,13200,0,5058.879883,0,0,6.448400021,0,-0.00201195,735.5,0,0.025945006,52.20000076,1928310,-0.001339194,5146.379883,390600,0,55.88000107,107248,0.008482245,12720,284406,-0.112661318,93.09999847,305455,-0.126641653,19.75,739862561,-0.126106209,6.038461208,397509629,-0.245192349,25.15500069,15400,0,3714.23999,36751000000,-0.033120129,4147,8164,8947,1652,1016,521,896,2006,1452,0.0305666,0.004182042,-0.036921421,-0.011370437,0.000985222,-0.0795053,-0.006651885,-0.003477397,-0.197790055
2021-05,1232,10094,4250,23424,2963,4517,1938,1005,3312,9719,1181,4545,6970,5434,1075,150,18,628,212,27,0,40731,2340,2128,18836,522,1183,1338,1079,1770,1600,2449,5424,971,2985,446,5812.702502,0.115070464,2141.339783,-0.084929918,2697.629412,-0.10343107,2602.159151,-0.093000416,1758.068105,0.338177931,3037.628905,0.064384258,2360.63972,0.442199647,2753.617593,-0.027936539,86.6081715,481,108.9637013,60475.18957,5959002.5,89591.32931,158.6605447,18240.385,386.5163848,3994.509779,168000,6148.403817,12383.87546,636917,25711.6412,13.20113103,134,20.78157761,33.35968399,167498482,-0.014018683,1810.900024,7635,-0.019704446,14.78999996,5305500,0.22738587,19.41399956,13200,0,5058.879883,0,0,6.470699787,0,0.003458186,735.2000122,0,-0.000407869,56.84999847,2110715,0.089080415,5146.379883,390600,0,59.34000015,151437,0.061918379,13410,177287,0.054245283,103,136839,0.10633729,21.5,993115135,0.088607595,5.769229889,370263787,-0.044586081,25.15500069,15400,0,3886.830078,25573900000,0.046467134,3911,7852,8756,1644,1052,507,853,2117,1333,-0.056908609,-0.038216561,-0.021347938,-0.004842615,0.035433071,-0.026871401,-0.047991071,0.055333998,-0.081955923
2021-06,2612,19009,9745,56823,6342,8599,8596,2528,11333,18434,806,5121,21398,9779,1190,592,331,1536,637,1039,0,91919,6462,2804,51219,1318,2028,920,1128,1518,4693,3145,11972,1583,8648,943,6240.504564,0.073597791,3353.305789,0.565984911,2385.086966,-0.115858185,2258.633142,-0.132015756,2280.495964,0.297160194,3473.570224,0.143513685,2668.831994,0.130554558,3020.950479,0.097084246,110.9777171,1124,132.7818989,57978.55532,1607792,91382.95853,174.0471363,28193.91,403.4469032,4562.535579,180700,6673.792042,13008.03642,791686.8,27930.32447,12.48503023,128,19.4924019,33.35968399,167498482,-0.014018683,1821.599976,1842,0.005908637,20.12000084,4208100,0.360378694,19.41399956,13200,0,5058.879883,0,0,6.45690012,0,-0.002132639,725.7999878,0,-0.01278567,59.47000122,2233224,0.046086241,5146.379883,390600,0,62.43000031,143774,0.052072803,12670,244397,-0.055182699,102.8000031,98180,-0.001941718,21.5,993115135,0.088607595,5.892306805,118393862,0.021333335,25.15500069,15400,0,3934.830078,22779770000,0.012349395,3884,7849,8734,1657,1041,509,903,2101,1339,-0.006903605,-0.000382068,-0.002512563,0.007907543,-0.010456274,0.003944773,0.058616647,-0.007557865,0.004501125
2021-07,1397,16099,6203,31461,6248,5042,3118,1947,10351,14723,976,3438,9459,6720,1007,684,214,1427,255,650,0,60011,3894,3428,22305,1375,2376,1076,1601,1917,3800,3464,11978,497,5673,521,4720.093243,-0.24363596,1652.759559,-0.507125308,1519.544234,-0.362897766,1902.950237,-0.157477059,1588.777645,-0.303319247,2546.935704,-0.266767176,1845.277756,-0.308582271,2042.708456,-0.323819285,30.56773003,408,23.18819215,54463.75404,1077623.375,67028.1113,179.4266657,13992.24,456.5277008,2964.483103,226000,5267.530121,12624.08482,888000,30312.88739,14.34422985,179,24.58619793,35.17786407,108060647,0.054502317,1775.800049,2460,-0.025142692,21.77000046,3756500,0.08200793,19.41399956,13200,0,5058.879883,0,0,6.487199783,0,0.004692602,710.5,0,-0.021080171,59.24000168,1172213,-0.003867488,5146.379883,390600,0,62.90999985,210394,0.007688604,12830,182977,0.012628256,124.1999969,269225,0.208171141,25.60000038,764136487,0.190697692,6.938460827,278385852,0.177545749,25.15500069,15400,0,3906.709961,19428610000,-0.007146463,3891,7840,8624,1651,1066,531,870,2122,1698,0.001802266,-0.001146643,-0.012594458,-0.003621002,0.02401537,0.043222004,-0.03654485,0.00999524,0.26811053
2021-08,1651,15090,5152,23673,6609,6266,2184,895,7446,11115,551,4127,10282,5019,594,383,167,1199,234,62,0,50524,2988,2825,12869,1395,1957,1032,1249,1903,3328,3260,11220,1752,6875,859,6452.153179,0.366954602,6199.987356,2.751294205,2291.877998,0.50826672,2100.57631,0.103852465,2168.204801,0.364699968,3434.799583,0.348600822,1869.588928,0.013174804,2851.112955,0.395751286,78.65936697,1125,110.1430102,73268.72504,3005233.75,105203.2669,201.3567794,29398.375,882.8894279,3335.354739,168480,6918.0509,14837.08771,682740,34990.86352,17.29438792,233,32.20424557,37.90513611,173232582,0.077528074,1728.099976,4876,-0.026861174,19.94000053,2606800,-0.084060629,19.41399956,13200,0,5058.879883,0,0,6.453800201,0,-0.005148536,715.5,0,0.007037298,61.5,2549463,0.038149869,5146.379883,390600,0,66.12999725,147956,0.05118419,13240,207066,0.031956352,121.8000031,215494,-0.019323623,29,1255752694,0.132812483,6.630768776,318055742,-0.044345866,25.15500069,15400,0,3811.149902,31300040000,-0.024460495,4006,7934,8650,1651,1067,522,880,2153,1675,0.029555384,0.011989796,0.003014842,0,0.000938086,-0.016949153,0.011494253,0.01460886,-0.013545347
2021-09,926,10121,3587,14840,2767,3511,1491,581,4271,9876,242,2552,4326,3267,242,183,14,605,108,46,0,31315,1990,1517,7991,1138,648,2937,390,1418,898,1357,6455,996,5241,329,6185.739924,-0.041290597,2533.071818,-0.591439196,2942.634831,0.283940434,2206.657933,0.050501199,1375.267236,-0.365711562,2018.666337,-0.41228992,1451.311821,-0.223726778,2254.473101,-0.209265597,34.4244861,760,22.77480408,81396.785,1349464.38,121919.8372,169.1381752,26989.29,437.0440647,2970.006326,188430,6444.450292,14048.0016,732600,31554.9248,17.17651056,171,26.94878725,36.24505997,87070815,-0.043795546,1698,2598,-0.01741796,19.29999924,2176500,-0.032096353,19.41399956,13200,0,5058.879883,0,0,6.468999863,0,0.002355149,731.5999756,0,0.022501713,66.08999634,2653919,0.074634087,5146.379883,390600,0,69.36000061,215810,0.04884324,13450,118014,0.015861027,118.1999969,101419,-0.0295567,26.04999924,793052037,-0.101724164,6.353846073,233638692,-0.041763288,25.15500069,15400,0,3841.939941,30870960000,0.008078937,3917,7714,8599,1612,1148,520,898,2245,1829,-0.022216675,-0.027728762,-0.005895954,-0.023622047,0.075913777,-0.003831418,0.020454545,0.042731073,0.091940299
2021-10,1376,18555,5619,30167,7141,6129,3424,1974,9880,17077,1234,4828,8939,5425,752,683,292,459,79,304,3,61482,3861,4544,21469,2484,3035,1627,1353,1134,2965,3012,12006,1166,5964,723,5425.569312,-0.122890814,2809.15,0.108989481,1798.85871,-0.388691152,2546.127478,0.153838772,1314.516869,-0.0441735,2685.984887,0.330573972,1621.596959,0.117331875,2721.1514,0.20700105,34.60453681,1131,27.92320992,61707.18231,1124764.875,90708.70305,186.2492317,14051.92,463.200068,3174.005747,155000,5458.016749,13711.67315,797400,28865.78458,16.84402166,202.5,31.25802428,37.47035599,112039177,0.033805876,1719.5,2135,0.012661955,25.25,4111200,0.308290207,19.41399956,13200,0,5058.879883,0,0,6.493000031,0,0.003710028,712.7999878,0,-0.025697086,65.61000061,2349205,-0.007262759,5146.379883,390600,0,69.22000122,163582,-0.002018446,14100,143921,0.048327138,126.4000015,126009,0.069373983,29.14999962,944544904,0.119001938,6.223075867,427787177,-0.020581268,25.15500069,15400,0,3943.340088,27021810000,0.026392955,3963,7538,8247,1585,1230,520,902,2233,1960,0.011743681,-0.02281566,-0.040934992,-0.01674938,0.071428571,0,0.004454343,-0.005345212,0.071623838
2021-11,1311,15063,4975,30459,6892,4964,4797,3087,7880,11525,1064,5401,9313,5258,521,465,309,2156,139,510,0,57389,3556,2526,22977,1407,1960,1497,1243,1025,2193,3963,11056,712,5897,933,5546.242386,0.022241551,1995.626667,-0.289597684,2005.424293,0.114831467,2540.487232,-0.002215226,1494.826211,0.137167765,2206.221677,-0.178617241,1726.569038,0.064733767,2621.230891,-0.036719937,32.81364079,1134,20.5682366,68968.16237,9374246,120929.5619,209.362389,17296.585,603.0586203,3548.136594,691614.83,7451.685726,13414.65572,1139652.5,29094.48526,16.00219911,185.5,29.09147924,39.16996002,96126545,0.045358631,1741.400024,1515,0.012736275,28.25,4340500,0.118811881,19.41399956,13200,0,5058.879883,0,0,6.504799843,0,0.001817313,720.0999756,0,0.010241285,61.41999817,1178038,-0.063862253,5007.089844,821900,-0.027065635,64.52999878,211069,-0.067755018,15005,143006,0.064184397,144.8000031,183320,0.145569631,32.59999847,1298942115,0.118353307,7.707692146,392872424,0.238566315,25.15500069,15400,0,3913.100098,26950850000,-0.007668623,3917,7388,7615,1583,1374,519,905,2248,2281,-0.011607368,-0.019899178,-0.076633927,-0.00126183,0.117073171,-0.001923077,0.003325942,0.006717421,0.16377551
2021-12,1351,14592,6019,32331,6309,5264,5027,3474,7681,13741,681,5532,8157,5627,877,710,360,894,460,766,0,59251,3507,2553,27741,899,1488,3371,952,836,2127,2781,10068,875,4481,1079,4828.639315,-0.129385451,1961.6236,-0.017038791,1454.297637,-0.274817982,2458.237574,-0.032375545,1419.51129,-0.05038373,2765.556215,0.253525991,2338.85183,0.354623985,4581.768151,0.747945275,34.82032306,1264,22.56833312,58715.76214,2812429.75,91311.27347,170.6146865,27170.65,442.9416926,3378.531725,195155,6257.597403,13220.40423,962735,29578.79095,14.87303464,230,29.54424244,41.81818008,243782769,0.067608444,1732.199951,131,-0.005283148,26.04000092,6091600,-0.078230056,19.41399956,13200,0,5058.879883,0,0,6.544799805,0,0.006149299,724.7000122,0,0.006388053,60.97000122,2735079,-0.007326554,5037.990234,763600,0.006171327,64.56999969,160553,0.000619881,14495,191125,-0.03398867,129,193202,-0.109116041,34,521066072,0.042944834,7.269229889,424286537,-0.056886322,25.15500069,15400,0,3974.540039,24199790000,0.015701091,3959,7332,7267,1623,1354,544,920,2252,2178,0.010722492,-0.007579859,-0.045699278,0.025268478,-0.014556041,0.048169557,0.016574586,0.001779359,-0.045155633
2021-13,1202,13613,5200,20432,5922,4336,2807,900,6819,8430,757,4577,9616,3797,572,717,230,816,333,460,0,45167,2829,2655,15597,440,1775,629,430,1983,3244,2130,9106,988,5507,683,5770.623102,0.195082657,2664.73125,0.35843148,1650.496707,0.134909846,2368.062515,-0.036682809,1680.215455,0.183657691,3128.51553,0.131242791,2050.050566,-0.123479932,2752.012523,-0.399355787,28.06139798,786,28.89734126,66454.42148,3178900,93305.84169,214.8858035,27007.55,584.3326851,3471.807079,228000,6153.056461,17500.02909,2188514.5,73526.50924,12.62175299,112,19.26678953,44.18972397,212295624,0.056710834,1726.5,162255,-0.003290585,26.47999954,1783100,0.016897028,19.41399956,13200,0,5058.879883,0,0,6.564400196,0,0.002994804,716.5999756,0,-0.011177089,61.45000076,1857277,0.007872717,5161.560059,670600,0.024527603,64.86000061,128085,0.004491264,14735,80549,0.016557434,134.8000031,97179,0.044961264,40.15000153,273675834,0.180882398,8.138461113,299465694,0.119576797,25.15500069,15400,0,4019.870117,17489870000,0.011405113,3959,7317,6995,1627,1337,546,923,2243,2072,0,-0.002045827,-0.037429476,0.002464572,-0.012555391,0.003676471,0.00326087,-0.003996448,-0.048668503
2021-14,1463,18130,6704,43556,6288,5227,4998,3406,8849,14519,1063,9041,16038,7475,1063,355,272,1040,556,776,0,74678,4707,2905,39721,1466,2148,1159,532,1486,3669,3642,10915,905,5563,567,4521.396405,-0.216480383,3073.175536,0.153277853,1998.231632,0.210685016,1963.409108,-0.170879529,2162.613944,0.287105137,3315.459778,0.059754937,1906.410679,-0.070066509,3058.124247,0.111231952,34.22276691,1135,45.41291966,47954.80865,1665338.25,64137.52026,162.2910994,8823.76,319.540034,3365.766641,140000,5224.042297,12704.96293,571900,28679.68567,14.63903533,237,27.9409968,46.00790405,105024237,0.041144862,1743.300049,3504,0.009730697,31.04999924,6233200,0.172583073,19.41399956,13200,0,5058.879883,0,0,6.550000191,0,-0.002193651,707.7000122,0,-0.012419709,59.31999969,2143098,-0.034662344,5035.339844,525800,-0.024453889,62.95000076,185185,-0.029448039,15210,127136,0.032236172,142.5,106885,0.057121638,42.75,434079857,0.06475712,9.661538124,490183964,0.187145578,25.15500069,15400,0,4128.799805,19754600000,0.027097813,3963,7268,7355,1726,1919,676,961,3182,2085,0.001010356,-0.006696734,0.051465332,0.060848187,0.435302917,0.238095238,0.041170098,0.418635756,0.006274131
2021-15,1360,17780,5912,39348,5447,4557,5286,2582,9056,13260,1034,9224,9849,7677,1308,654,386,1626,592,1396,0,68487,3942,2236,33962,1668,1894,2054,1222,1347,1956,3222,9436,964,7465,1061,4636.217562,0.025395065,7266.131818,1.364372531,2467.677987,0.2349309,1690.901708,-0.138792979,2103.003342,-0.027564144,3924.299466,0.183636578,2110.659599,0.107137943,3247.609205,0.06196117,34.37520361,712,21.12687321,62035.56791,1387001.25,107008.6688,177.2141014,16015.95,548.7632688,3436.021312,296000,6526.512277,13484.47017,1349444,37294.2019,14.0008545,245,26.99114304,57.944664,262839850,0.259450201,1779,2437,0.020478374,31.87000084,4648900,0.02640907,19.41399956,13200,0,5058.879883,0,0,6.521299839,0,-0.004381733,698,0,-0.01370639,63.13000107,1510929,0.06422794,4966.180176,626400,-0.013734856,66.76999664,146788,0.060683016,15300,127621,0.00591716,145.3000031,114929,0.019649144,50.59999847,260190385,0.183625695,9.2923069,365644190,-0.038216609,25.15500069,15400,0,4185.470215,19506210000,0.013725638,3944,7423,7672,1734,1963,678,987,3262,2385,-0.004794348,0.021326362,0.043099932,0.004634994,0.022928609,0.00295858,0.027055151,0.02514142,0.143884892
2021-16,1647,21578,7523,44565,8752,5009,6041,2139,11204,15871,1212,9216,16051,10108,1109,634,244,2140,502,938,0,82418,5172,3880,40050,1300,2737,1902,1058,2651,3038,3574,12253,1294,7136,1545,5257.635485,0.13403554,5301.9708,-0.270317284,2373.346619,-0.038226774,2151.17215,0.272204138,1978.144238,-0.059371805,3112.55538,-0.206850698,1732.083654,-0.179363809,2983.414026,-0.081350668,33.31634637,409,17.37959409,64472.05569,3935538.5,101281.0826,193.1068426,44082.52,616.6463511,3698.995756,171180,5894.916248,13102.95995,799133,29180.60279,14.29377071,240,29.69676456,64.82213593,382921894,0.118690341,1777,2349,-0.001124227,32.43999863,4642100,0.017885089,19.41399956,13200,0,5058.879883,0,0,6.490300179,0,-0.004753601,706.2999878,0,0.0118911,62.13999939,1672023,-0.015681953,5135.450195,659200,0.034084551,66.11000061,141817,-0.00988462,15170,115380,-0.008496732,145.1000061,141787,-0.001376441,60.40000153,658734483,0.193675955,10.30769157,312829367,0.109271539,25.15500069,15400,0,4180.169922,19855210000,-0.001266355,3979,7589,7804,1705,1925,678,987,3312,2788,0.008874239,0.022362926,0.017205422,-0.016724337,-0.019358125,0,0,0.01532802,0.168972746
2021-17,1579,18148,6990,40174,8657,4150,10087,3041,9215,11018,1385,6242,15524,8921,1030,473,90,1366,581,846,0,73969,4779,4080,33589,1482,1179,1761,1173,2342,2207,4409,11471,1003,7478,1795,5148.236403,-0.020807658,2449.710488,-0.537962282,2058.119335,-0.132819741,1663.662619,-0.226625066,1976.700859,-0.000729663,3993.224534,0.282940879,1981.695813,0.144110915,4881.965966,0.636368913,32.16808208,446,19.6927075,62745.12921,2063155.125,88778.01231,183.5509329,23328.15,413.4074929,3621.50458,179201.99,5728.590813,12700.66201,1063200,29035.29198,18.21698738,303,42.32655269,74.86165619,204879631,0.154877961,1767.300049,1636,-0.005458611,37.45000076,5114300,0.154439037,19.41399956,13200,0,5058.879883,0,0,6.471199989,0,-0.002942882,708.9000244,0,0.003681207,63.58000183,1901088,0.023173519,5123.490234,696200,-0.002328902,67.25,126577,0.017243978,15370,127175,0.013183916,151.3000031,100756,0.042729129,79.80000305,1347911675,0.32119207,10.69230747,367947679,0.037313485,25.15500069,15400,0,4181.169922,19845940000,0.000239225,3983,7598,7601,1703,1928,678,987,3358,3053,0.001005278,0.001185927,-0.026012301,-0.001173021,0.001558442,0,0,0.013888889,0.095050215
2021-18,1148,10748,3682,26363,4387,3315,6959,1018,5100,7114,602,2095,9880,5070,391,331,118,1771,407,1009,0,45180,2746,894,22166,100,1713,2076,563,1288,2614,2002,6629,822,4000,313,4982.144638,-0.032261876,3504.131667,0.430426854,1729.199084,-0.159815928,2572.934448,0.546548211,2569.796397,0.300043143,6575.290307,0.646611717,2054.769903,0.036874524,3387.825672,-0.306052993,37.33778393,1103,27.08936675,53460.93055,1864124.38,75057.40455,210.075646,14865.7,610.0328486,3487.878408,193619,4847.783519,12589.18511,1384150,27864.18821,16.04237564,248,36.58593707,72.96442413,400391832,-0.025343175,1831.099976,272,0.036100224,39.58000183,8216200,0.056875862,19.41399956,13200,0,5058.879883,0,0,6.463200092,0,-0.001236231,699.7000122,0,-0.01297787,64.90000153,1936874,0.02076124,4996.049805,331100,-0.024873753,68.27999878,131803,0.015315967,15985,166900,0.040013012,158.6000061,184177,0.048248532,91.5,2584209590,0.146616498,12.70769215,588003194,0.188489218,25.15500069,15400,0,4232.600098,21280680000,0.012300427,4368,8424,7543,1782,2164,693,1097,3717,3183,0.096660808,0.108712819,-0.007630575,0.046388726,0.122406639,0.022123894,0.111448835,0.106908874,0.042581068
2021-19,1541,15936,7105,32058,7538,5090,5729,1852,12367,12434,746,5536,10299,4615,883,657,142,1211,602,474,0,62637,3754,3015,23510,680,2721,1213,1125,1717,3192,6009,10119,1029,7135,1172,5930.89294,0.190429699,4583.609935,0.308058706,2223.038794,0.285588695,2005.673634,-0.220472315,2121.518285,-0.174441101,3902.806302,-0.4064435,2080.337361,0.012442979,4373.936691,0.2910749,35.53444125,776,23.49964414,59973.08272,1807479.5,71988.25619,208.7820283,36544.09,574.082028,3704.050124,212850,6138.488885,12484.19916,732600,26460.18966,15.18419908,197.5,29.200054,64.50592804,410576051,-0.115926305,1837.900024,577,0.003713641,38.65000153,7412900,-0.023496722,19.41399956,13200,0,5058.879883,0,0,6.450900078,0,-0.001903084,707.2000122,0,0.010718879,65.37000275,2403245,0.007241929,5110.589844,740600,0.02292612,68.70999908,173807,0.006297603,15505,105992,-0.030028151,135.6000061,288546,-0.14501891,74,2571316596,-0.191256831,12.41538429,521992984,-0.023002434,25.15500069,15400,0,4173.850098,22952900000,-0.013880357,4360,8691,7498,1809,2163,679,1091,3703,2939,-0.001831502,0.031695157,-0.005965796,0.015151515,-0.000462107,-0.02020202,-0.005469462,-0.003766478,-0.076657242
2021-20,1705,19613,6678,42297,6129,4992,4281,2366,10133,12934,1622,7348,18524,9002,513,528,280,782,425,987,0,74717,5222,3416,36610,467,2790,879,1416,1956,1906,1693,11807,1387,9158,1232,5323.636626,-0.102388683,2534.697029,-0.447008566,2321.046605,0.044087315,3010.550379,0.501017079,2096.104236,-0.01197918,4156.582166,0.065023945,1841.263803,-0.114920571,3516.969059,-0.195925934,35.59345091,1138,24.85059058,61724.48856,4233344.5,97536.82842,172.65242,37993.54,539.7282729,3896.321065,132750,6033.950394,12199.76689,508515,25509.25873,11.85339844,197,21.05739686,90.11857605,525274110,0.397058825,1876.699951,454,0.021111011,43.54999924,10701700,0.12677872,19.41399956,13200,0,5058.879883,0,0,6.433899879,0,-0.002635322,720.7000122,0,0.019089366,63.58000183,1592725,-0.027382604,5134.149902,654300,0.004610047,66.44000244,181684,-0.033037355,17100,154112,0.102870042,154.3000031,168823,0.137905576,91.80000305,2464890323,0.240540582,13.23076916,411550331,0.065675363,25.15500069,15400,0,4155.859863,20744780000,-0.004310225,4536,9448,8021,1831,2357,663,1116,3934,2869,0.040366972,0.087101599,0.069751934,0.012161415,0.089690245,-0.023564065,0.022914757,0.062381853,-0.023817625
2021-21,1494,14576,7220,36641,6533,5269,5357,3373,10359,12081,714,6856,10305,4966,1643,492,336,1350,556,1313,0,64970,3651,2185,30679,288,2740,1867,927,1447,2577,3913,10465,1210,5596,1076,5882.532823,0.104983912,3143.861226,0.240330182,1911.562905,-0.176422007,2429.504238,-0.193003294,2243.404386,0.070273295,6461.894019,0.554617174,2427.981654,0.318649533,5984.643456,0.701648026,34.92251466,379,19.19488998,55572.33237,2369754.75,69692.23959,176.0249509,102939.7,665.5964854,4195.754666,220371.085,7217.95501,13138.45452,946490,28759.00043,12.0581279,112,17.92387295,122.1343842,943911876,0.355263138,1902.5,208830,0.013747562,46.40000153,6396300,0.065442074,19.41399956,13200,0,5058.879883,0,0,6.381999969,0,-0.008066633,724.2000122,0,0.00485639,66.31999969,2068251,0.043095278,5321.089844,792400,0.03641108,69.62999725,108695,0.048013165,16865,120019,-0.01374269,158.3999939,93862,0.026571554,108,3189201357,0.176470549,12.47692299,516092297,-0.056976746,25.15500069,15400,0,4204.109863,23343500000,0.011610112,4536,9677,8646,1817,2355,663,1116,3934,2596,0,0.024237934,0.077920459,-0.007646095,-0.000848536,0,0,0,-0.095155106
2021-22,1317,11197,6690,38485,3720,2997,2328,504,5324,11976,1340,5483,18171,9154,793,829,55,227,261,650,0,60092,3753,2239,38380,454,1728,862,501,927,1786,1595,7199,879,3108,434,6150.557178,0.045562747,2087.138864,-0.336122458,2670.795795,0.397179129,3133.688947,0.28984708,2410.673727,0.074560494,4893.935942,-0.242646826,2864.682302,0.179861593,5607.9855,-0.06293741,31.97421054,764,20.1225709,56260.19638,990298.56,97500.55347,195.3222103,22498.525,460.864252,4873.388415,175000,7131.413932,13075.88938,1201632,27531.3781,12.60174891,192,24.06197298,122.9249039,158160691,0.00647254,1889.800049,3295,-0.006675401,39.99000168,9074400,-0.138146544,19.41399956,13200,0,5058.879883,0,0,6.402699947,0,0.003243494,718.5,0,-0.007870771,69.62000275,1581597,0.049758792,5282.279785,712900,-0.00729363,71.88999939,111311,0.032457306,18070,108722,0.071449748,166.3000031,183458,0.049873797,115.5,2268980561,0.069444444,12.27692318,447275755,-0.016029578,25.15500069,15400,0,4229.890137,20636100000,0.00613216,4877,10337,9215,1762,2288,656,1036,4068,2438,0.075176367,0.068202955,0.06581078,-0.030269675,-0.028450106,-0.010558069,-0.071684588,0.034062023,-0.060862866
2021-23,1564,16533,7829,37528,7547,5183,8700,4392,10282,12475,610,6222,11177,4831,1510,940,332,645,992,1146,0,69437,4755,3778,32858,514,1642,1190,1133,1369,2167,3789,14081,909,5072,935,6923.031401,0.125594186,4115.707056,0.971937339,1787.887498,-0.330578736,2857.538508,-0.088123117,2360.164681,-0.020952253,4003.175738,-0.182013049,2815.642441,-0.017118778,3885.885857,-0.307079903,36.85865948,1113,26.72948914,57954.86079,3069060,82443.90494,210.4284325,37898.575,558.4860401,4770.244069,149600,7359.63733,12479.31881,1104167.91,26401.26914,11.97281202,161,21.588164,137.9446564,105287046,0.122186408,1877.400024,1700,-0.006561554,46.54000092,9685400,0.163790922,19.41399956,13200,0,5058.879883,0,0,6.392300129,0,-0.001624286,719.2999878,0,0.001113414,70.91000366,2273782,0.018529171,5224.700195,699900,-0.010900519,72.69000244,155392,0.011128155,18330,83511,0.014388489,180.1000061,128155,0.082982578,116,1887562613,0.004329004,14.73846054,625750493,0.200501162,25.15500069,15400,0,4247.439941,22073020000,0.004148998,4819,10641,9559,1774,2399,650,1045,4107,2857,-0.011892557,0.029408919,0.03733044,0.006810443,0.048513986,-0.009146341,0.008687259,0.009587021,0.171862182
2021-24,1631,17037,8982,51178,5743,6597,6855,4779,10639,13046,1524,9761,14085,7308,2084,745,385,1756,965,2411,0,82940,5011,1973,48034,676,1540,2248,648,1727,3074,3900,11022,1325,6048,725,6509.872445,-0.059678908,4771.3532,0.159303404,2776.660339,0.553039743,2595.634727,-0.091653631,2602.537106,0.102693014,4277.648199,0.06856368,2463.451024,-0.125083857,3822.000901,-0.016440255,36.01391339,981,17.78887405,55089.82096,2425059.25,78040.04271,197.6906191,37898.575,552.4903471,4805.357726,213000,6654.899311,11258.92644,572030,21249.17193,12.78443174,207,24.39295258,179.0513763,488485014,0.29799429,1767.900024,1725,-0.058325343,42.34000015,8288600,-0.090244965,19.41399956,13200,0,5058.879883,0,0,6.447400093,0,0.00861974,738,0,0.025997515,71.63999939,1595813,0.010294679,5102.470215,537100,-0.02339464,73.51000214,168803,0.011280777,17795,127714,-0.029187125,187.6000061,171083,0.04164353,149.5,2306318396,0.288793103,15.57692337,365192081,0.056889444,25.15500069,15400,0,4166.450195,24868180000,-0.019067897,4870,11003,10025,1768,2471,645,1055,4235,3218,0.010583109,0.034019359,0.048749869,-0.003382187,0.030012505,-0.007692308,0.009569378,0.031166301,0.126356318
2021-25,1667,19660,7143,42699,6795,5450,3422,1357,13088,16935,1159,7131,15435,8847,418,440,10,1887,446,272,0,76297,4812,2512,36006,1466,3149,1597,1182,1735,3622,4311,10683,1244,7942,848,6912.354297,0.061826381,4310.356515,-0.096617598,1822.928744,-0.343481549,3690.665035,0.421873809,2372.774084,-0.088284245,4752.483344,0.111003786,2214.604927,-0.10101524,6839.84075,0.789596844,34.37755419,1144,24.72301576,59860.8582,3540313.75,80032.11507,198.159512,38073.84,617.9390605,4768.25402,613638.91,8209.604111,13625.37767,752840.02,28763.85474,13.61455919,145.5,24.70059836,215.8102722,1138543568,0.205298036,1776.599976,388,0.004921065,48.93999863,10452600,0.155880927,19.41399956,13200,0,5058.879883,0,0,6.471000195,0,0.003660406,733.5,0,-0.006097561,74.05000305,1750978,0.033640476,5239.970215,680600,0.026947732,76.18000031,169079,0.036321563,18250,118264,0.02556898,190.8000031,125788,0.017057552,151,1047500551,0.010033445,15,479018097,-0.037037055,25.15500069,15400,0,4280.700195,22845800000,0.027421425,5717,11237,10203,1775,2490,662,1103,4238,3255,0.173921971,0.021266927,0.017755611,0.003959276,0.007689195,0.026356589,0.04549763,0.000708383,0.011497825
2021-26,1418,12233,6426,34347,4844,4244,2571,1636,7154,13570,1080,4693,12867,5835,435,350,162,1186,999,1068,0,57850,3712,2153,32608,296,1861,1089,735,1183,499,2874,8742,993,3867,950,6764.178143,-0.021436423,5523.772692,0.28151179,3493.855568,0.916616641,3969.402222,0.075524921,1820.642074,-0.232694724,7615.436896,0.602412117,2644.718906,0.194217024,4905.35354,-0.282826352,34.61296403,393,20.47576047,54968.82422,1466691.25,75278.39082,192.8728351,13011.66,452.174307,5088.504631,204000,8715.830054,11095.72103,601075,23128.14197,11.67899815,136.5,19.10721682,258.1027527,1271297526,0.195970655,1782.599976,1425,0.003377237,41.61000061,12008300,-0.149775199,19.41399956,13200,0,5058.879883,0,0,6.467599869,0,-0.000525471,740,0,0.008861622,75.16000366,2052984,0.014989879,5081.120117,619800,-0.030315076,76.16999817,148773,-0.000131296,18185,118754,-0.003561644,193.6999969,112208,0.015199129,191,485558507,0.264900662,15.42307568,305622495,0.028205045,25.15500069,15400,0,4352.339844,19135150000,0.016735498,5762,13027,10133,1760,3270,716,1178,5394,3285,0.007871261,0.159295186,-0.006860727,-0.008450704,0.313253012,0.081570997,0.067996374,0.272770175,0.00921659
2021-27,1867,20809,13291,61583,7311,7994,10140,5196,11492,19217,1231,6482,20081,10578,1696,1064,767,1511,1340,4205,0,102994,5640,3898,59208,1803,4176,2843,1058,2725,2505,3381,13321,937,5973,1166,6977.55899,0.031545717,4060.958824,-0.264821518,2872.629279,-0.177805372,3600.944845,-0.092824399,2358.647841,0.295503314,4202.065157,-0.448217454,2873.305173,0.086431215,4737.693979,-0.034178895,36.26332685,769,18.5233246,51407.19585,1776366.5,70727.6301,196.9459138,35527.33,481.9500399,5244.418215,174250,7597.63535,11580.83684,559176,23387.01251,12.63632716,186,21.8420875,217.3912964,1081103205,-0.157733522,1810,942,0.015370821,41.47999954,7355300,-0.003124275,19.41399956,13200,0,5058.879883,0,0,6.489099979,0,0.00332428,752.9000244,0,0.017432465,74.55999756,2273859,-0.00798305,5069.439941,755000,-0.00229874,75.55000305,184178,-0.008139624,18045,152486,-0.007698653,184.3000031,183471,-0.048528622,195.5,2363604684,0.023560209,14.5,634892530,-0.059850298,25.15500069,15400,0,4369.549805,16225570000,0.003954186,5385,12605,9982,1781,3389,696,1178,5392,3300,-0.065428671,-0.032394258,-0.014901806,0.011931818,0.036391437,-0.027932961,0,-0.000370782,0.00456621
2021-28,1523,17978,7904,36012,5760,7701,6800,1762,9335,16130,645,5983,8438,5811,992,896,360,910,731,1160,0,67654,4022,2989,30181,1220,1631,1462,873,2136,2806,2577,11108,1478,7283,1910,7439.396302,0.066188951,3676.416146,-0.094692582,1958.990436,-0.318049687,3965.337043,0.101193496,2398.161841,0.016752819,2335.162509,-0.444282175,2317.392419,-0.193475012,5009.19267,0.057306085,37.44538518,420,19.87012727,65643.4843,2286727,88451.81292,187.5233652,38073.84,493.6163429,5020.887757,238450,8370.497974,12908.64686,891990,26412.82061,13.37351363,98,19.24435751,226.0869598,1078835674,0.040000053,1814.5,1109,0.002486188,37.84999847,7367800,-0.087512081,19.41399956,13200,0,5058.879883,0,0,6.460100174,0,-0.004469003,756.4500122,0,0.004715085,71.80999756,1872974,-0.036883048,5094.77002,912200,0.004996623,73.58999634,189530,-0.025943172,17340,141821,-0.039068994,177.5,128619,-0.036896381,188,2905274327,-0.038363171,13.89999962,397128580,-0.041379337,25.15500069,15400,0,4327.160156,18977190000,-0.009701148,5490,12538,10067,1764,3382,671,1176,5699,3039,0.019498607,-0.005315351,0.008515328,-0.009545199,-0.002065506,-0.03591954,-0.001697793,0.056936202,-0.079090909
2021-29,1750,17064,9521,50670,5236,6662,6669,2258,9281,17008,1438,5295,19006,10226,571,733,338,1051,912,1043,0,82491,6211,2347,43991,1988,3316,1171,1265,2318,2907,3690,11568,1705,5619,606,6788.805778,-0.087452059,2507.003509,-0.318084948,2149.496581,0.097247103,2839.343473,-0.283959108,3597.928596,0.500285984,5954.368019,1.54987308,2647.069727,0.142262184,6357.80225,0.269226933,36.92263853,1140,28.95249074,55050.983,4567141,96382.88675,184.3687932,25315.745,416.266335,5142.034102,627627.49,8422.283718,12158.17575,768110,26495.36661,10.10396491,210,20.13518888,189.7233124,1003082631,-0.160839208,1801.400024,299,-0.007219606,37.81000137,5127900,-0.001056727,19.41399956,13200,0,5058.879883,0,0,6.46969986,0,0.001485996,753.3800049,0,-0.00405844,72.06999969,1857183,0.003620696,5089.22998,852600,-0.001087397,74.09999847,203216,0.006930319,17380,111628,0.002306805,188.8999939,102237,0.064225318,145.5,2266121226,-0.22606383,12.57999992,285343938,-0.094964009,25.15500069,15400,0,4411.790039,21304580000,0.019557835,5855,12757,10109,1766,3396,662,1204,5621,3199,0.066484517,0.017466901,0.004172047,0.001133787,0.004139562,-0.013412817,0.023809524,-0.013686612,0.052648898
2021-30,1605,16444,8358,39690,8890,5513,6666,5900,11016,13008,912,5778,11900,6580,361,545,645,1333,1018,2207,0,73382,4381,2407,32922,1801,2485,950,1501,1665,1851,5184,12929,684,8130,873,7830.154148,0.153391981,4476.534071,0.785611411,2394.662219,0.114057236,2895.316904,0.019713512,3002.498743,-0.165492404,5067.821845,-0.148890054,2335.937663,-0.117538296,5845.414607,-0.080591944,33.45670645,1117,23.8081963,64522.90377,5723662,100079.1617,212.1965664,42911.525,597.1373802,5151.037483,764041.78,9817.160053,11876.1971,888000,26883.2897,14.18380136,213.5,28.54500135,176.6798401,1095133324,-0.068749971,1812.599976,243397,0.006217359,39.13999939,11261500,0.035175826,19.41399956,13200,0,5058.879883,0,0,6.455299854,0,-0.002225761,759.7800293,0,0.008495081,73.94999695,1645939,0.026085712,4811.169922,1013000,-0.054636961,76.33000183,115596,0.030094513,17415,116130,0.002013809,182.1999969,152357,-0.035468487,117,1178841540,-0.195876289,11.69999981,385164945,-0.069952315,25.15500069,15400,0,4395.259766,20734210000,-0.00374684,5808,13170,10574,1763,3464,692,1208,5557,3292,-0.008027327,0.032374383,0.045998615,-0.001698754,0.020023557,0.045317221,0.003322259,-0.011385874,0.029071585
2021-31,1112,11796,6421,29686,4421,3167,2292,1214,7499,10876,738,6264,12721,4952,205,374,209,633,535,645,0,52324,3205,2278,27914,1466,970,1834,608,1361,1164,2692,6041,488,5358,150,6537.575819,-0.165076997,6334.286081,0.414997849,1981.344561,-0.172599565,3375.836254,0.165964337,2220.582972,-0.260421681,6573.162855,0.297039055,2249.023318,-0.037207476,4916.740431,-0.158872251,36.86392926,1148,21.10848582,55892.8802,2074427.875,77429.09587,172.9829111,33674.61,466.9180106,4577.261502,122744.3,6166.126812,11265.59571,997310,23815.80615,17.04431875,146.5,30.24399053,182.6086884,766140202,0.033557016,1760,8982,-0.029019076,42.65000153,5839200,0.089678135,19.41399956,13200,0,5058.879883,0,0,6.460299969,0,0.000774575,777.4899902,0,0.023309327,68.27999878,2494529,-0.076673406,4921.560059,927800,0.022944552,70.69999695,192386,-0.073758742,17365,142435,-0.002871088,202.6000061,150752,0.111964926,131,142262684,0.11965812,13.47999954,326504283,0.152136732,25.15500069,15400,0,4436.52002,19171320000,0.009387444,6590,13646,10609,1687,3553,624,1231,5592,3371,0.134641873,0.036142749,0.003310006,-0.043108338,0.025692841,-0.098265896,0.019039735,0.006298362,0.02399757
2021-32,1663,20547,9598,48789,6523,6075,4833,2913,13981,17058,1062,8470,14888,10989,234,1088,339,2014,654,855,4,85457,5621,3696,40954,1159,3822,2715,1757,1748,2502,6170,10963,1645,7511,815,7388.312408,0.130130283,8192.03809,0.293285145,2833.910073,0.430296441,3437.245813,0.018190917,2813.190892,0.266870424,6692.183722,0.018107092,2906.817038,0.292479724,4416.466433,-0.101749117,39.13524909,1132,25.15168807,64389.08848,5469077.5,89651.26501,198.7312426,15116.225,536.5588198,5035.457065,206894.21,7892.554261,11979.4802,733385,24831.32635,12.33260898,109,17.61277363,169.9604797,741259827,-0.069264002,1775.199951,4701,0.008636336,44.43999863,6884400,0.04196945,19.41399956,13200,0,5058.879883,0,0,6.478300095,0,0.002786268,774.2999878,0,-0.00410295,68.44000244,2188297,0.002343346,4945.97998,858300,0.004961825,70.58999634,157303,-0.001555879,18615,158806,0.071983876,216.1999969,168474,0.067127297,133,853014372,0.015267176,14.93999958,327870155,0.108308612,26.44000053,30200,0.051083276,4468,17260230000,0.007095647,6550,13534,11118,1666,3696,649,1195,5872,3566,-0.006069803,-0.008207533,0.047978132,-0.012448133,0.040247678,0.040064103,-0.029244517,0.050071531,0.057846336
2021-33,1614,19021,9351,52367,6573,4204,4470,2757,10963,17186,2013,9211,20993,10671,670,833,405,2165,289,482,0,87312,5235,3592,46081,2077,2281,2034,1632,2300,3263,3770,11993,973,6012,1304,7631.060532,0.032855693,6036.325932,-0.263147233,4307.137468,0.51985679,3132.726591,-0.088593961,2616.043275,-0.070079716,6780.399238,0.013181873,2531.512588,-0.129111824,5856.479367,0.326055446,37.47158257,776,21.70075501,57715.2363,1471347.88,76027.81139,185.5275583,25858.595,463.7539706,5497.039383,370515.96,10446.42221,11898.92871,825810,25638.41255,11.5223257,105,16.90670675,178.2608643,622990132,0.048837145,1781,1162,0.003267265,46.06999969,20134700,0.036678693,19.41399956,13200,0,5058.879883,0,0,6.493700027,0,0.002377156,786.0100098,0,0.015123366,62.31999969,1144590,-0.089421428,4769.27002,926400,-0.035727998,65.18000031,159884,-0.076639698,17845,113816,-0.041364491,192.6999969,149564,-0.108695654,130.5,1161309271,-0.018796992,13.19999981,265036047,-0.116465851,25.38999939,67200,-0.039712599,4441.669922,19014210000,-0.005893034,7262,13344,11480,1660,3659,650,1201,5824,4092,0.10870229,-0.014038717,0.032559813,-0.003601441,-0.010010823,0.001540832,0.005020921,-0.008174387,0.147504206
2021-34,1522,15472,9578,45030,4871,6048,7636,5758,10271,12026,830,8185,10489,8509,614,498,198,569,571,2749,0,74951,4521,3067,42732,875,1460,1580,1335,1310,2228,2663,9705,1468,6302,226,7474.014739,-0.020579812,8426.6234,0.395985488,2310.413792,-0.46358485,3089.085876,-0.013930585,2702.334894,0.032985547,4913.932631,-0.275273851,3929.586598,0.552268243,4284.42873,-0.268429297,39.97566432,936,20.93879677,56898.81137,1894064.625,86726.27994,193.4181375,13269.94,407.2801237,5461.509802,175500,8442.837233,12806.60561,48646840,243702.9699,11.41462626,134.5,18.73091288,199.2094879,852978073,0.117516673,1816.599976,2146,0.019988757,48.99000168,15457400,0.063381854,19.41399956,13200,0,5058.879883,0,0,6.480500221,0,-0.00203271,786.4099731,0,0.000508853,68.73999786,1757262,0.103016659,4827.040039,935800,0.012112969,72.69999695,138301,0.115372762,18055,98228,0.011768002,198.5,147158,0.030098615,137,919576449,0.049808429,14.5,235708053,0.098484864,27.84000015,47700,0.096494715,4509.370117,17595630000,0.015242059,7185,13321,11536,1660,3692,729,1225,5961,4235,-0.01060314,-0.001723621,0.004878049,0,0.009018858,0.121538462,0.019983347,0.023523352,0.034946237
2021-35,1159,9763,5079,24861,4837,2548,2675,3683,4584,7434,622,5368,9865,4304,254,425,114,1483,344,837,0,44540,2527,804,22267,1005,1757,499,1226,253,3521,2697,6787,659,2250,815,7847.606011,0.049985354,5925.799138,-0.296776555,3033.621698,0.313020944,3205.432746,0.037663851,4040.291298,0.495111249,4464.887903,-0.091381946,4362.600837,0.110193332,5392.235496,0.258565805,36.32962074,1121,25.38008605,62923.69684,3469450.25,111995.9194,260.8665775,62870.165,1312.545753,5831.780894,146802.4,8267.112171,14688.67452,699829.9,28929.63257,11.63195595,99,17.97808851,175.4940643,402342561,-0.119047661,1830.900024,959,0.007871875,54.13999939,11048900,0.105123444,19.41399956,13200,0,5058.879883,0,0,6.45539999,0,-0.003873193,768.8300171,0,-0.022354696,69.29000092,1802547,0.008001208,4843.060059,1317400,0.003318808,72.61000061,121843,-0.001237914,18615,126467,0.031016339,195.6000061,136451,-0.014609541,120.5,610078937,-0.120437956,14.10000038,342000963,-0.027586181,29.10000038,83400,0.045258629,4535.430176,18470230000,0.005779091,7407,13144,11893,1531,3855,711,1228,5490,3944,0.030897704,-0.013287291,0.030946602,-0.077710843,0.044149512,-0.024691358,0.00244898,-0.079013588,-0.068713105
2021-36,1726,17779,12473,58277,7739,8266,10606,5775,9463,17312,1416,6263,19990,9966,556,726,1176,1334,1100,2319,0,96268,5624,3979,53766,2312,1776,2168,1286,2352,2846,3359,13894,1103,6873,554,7576.788211,-0.034509607,5238.093256,-0.116052851,2703.212977,-0.108915598,3639.939496,0.135553226,2902.174545,-0.281691757,5046.695728,0.130307376,3196.83689,-0.267217651,4756.970564,-0.117811051,39.75420726,1112,23.15543345,53259.12331,3143508.25,76358.67882,183.9497742,62870.165,478.9167856,5670.027432,200000,8217.673415,11373.97511,803050,25794.93129,11.2040667,133,16.79604663,183.9130402,399528074,0.047972995,1789.599976,166,-0.022557239,58.61000061,11211300,0.082563747,19.41399956,13200,0,5058.879883,0,0,6.454299927,0,-0.00017041,792.9000244,0,0.03130732,69.72000122,1838559,0.006205806,5013.52002,1294100,0.035196747,72.91999817,128725,0.004269351,19360,110093,0.040021488,209.6000061,141056,0.07157464,125.5,694409790,0.041493776,15.57999992,336621843,0.104964504,30,85000,0.030927822,4458.580078,14932410000,-0.01694439,7254,13489,12371,1536,3789,713,1223,5470,3864,-0.020656136,0.026247718,0.040191709,0.003265839,-0.017120623,0.00281294,-0.004071661,-0.003642987,-0.020283976
2021-37,1566,19161,9409,43812,8060,3842,3606,4851,7869,17902,1754,5296,22398,8092,674,527,151,2023,436,1021,0,80442,5050,5729,39660,1647,2500,2036,1234,1745,1944,4832,11872,411,6373,459,8771.599122,0.157693587,2060.863519,-0.60656227,2077.522309,-0.231461847,2860.691834,-0.214082586,2809.281694,-0.032008017,4047.0348,-0.198082267,2744.900187,-0.14136996,5580.070455,0.173030268,40.37424956,1136,22.09604717,58274.2734,2239858,88075.3424,248.0981814,31435.08,950.2011088,5803.35081,386400,8926.068425,10603.43902,555000,22643.69802,15.04297128,153.5,25.08158417,182.6086884,322848788,-0.00709222,1749.400024,3582,-0.022463093,59.40999985,11272500,0.013649535,19.41399956,13200,0,5058.879883,0,0,6.456600189,0,0.000356392,783.1300049,0,-0.012321881,71.97000122,1642180,0.032271944,4855.939941,1102300,-0.031431026,75.33999634,143531,0.03318703,19590,155443,0.011880165,232.6000061,204242,0.109732821,123,458605267,-0.019920319,14.15999985,267467994,-0.091142496,31.04000092,180700,0.034666697,4432.990234,22890790000,-0.00573946,7819,13728,12569,1560,3794,708,1183,5774,4275,0.077888062,0.017718141,0.016005173,0.015625,0.001319609,-0.007012623,-0.03270646,0.055575868,0.10636646
2021-38,1638,17290,9127,40899,7582,5018,4296,2188,10205,18091,1080,6089,16558,7644,289,517,361,1337,520,705,0,74898,5364,3178,34738,993,3038,2225,1547,1941,5378,3015,10980,537,6716,612,8199.796979,-0.065187902,6615.504141,2.21006417,2405.834658,0.158030721,3728.012187,0.303185524,3411.332522,0.214307746,3121.732672,-0.228637058,3493.378493,0.272679607,7990.116823,0.431902498,40.22647212,1155,72.70169074,64022.27542,4589429,98712.79813,194.1590996,62870.165,772.9119913,5594.485851,306800,10015.37106,12917.76927,891990,30291.88929,14.09850868,182,26.86300303,186.9565277,141002172,0.023809597,1749.699951,415,0.000171445,56.70000076,12257700,-0.045615201,19.41399956,13200,0,5058.879883,0,0,6.457900047,0,0.000201322,784.8900146,0,0.002247404,73.98000336,1604088,0.027928333,4849.430176,627100,-0.001340578,78.08999634,127245,0.036501196,19350,107322,-0.012251149,217.3999939,226706,-0.065348288,126.5,214049437,0.028455285,14.10000038,177513425,-0.00423725,30.62999916,220800,-0.013208819,4455.47998,20058800000,0.005073268,8285,13990,12473,1562,3788,697,1165,5847,4644,0.059598414,0.019085082,-0.007637839,0.001282051,-0.001581444,-0.015536723,-0.015215554,0.012642882,0.086315789
2021-39,1900,19987,11585,51145,9718,4916,5903,2910,12641,17177,1608,7799,20803,14931,648,894,74,1083,514,534,0,92435,6890,3424,44654,1833,4064,2412,1550,1846,3096,6155,12952,543,8567,1339,9124.354506,0.11275371,7822.356292,0.182427843,2779.111297,0.155154735,3409.638099,-0.085400495,3518.057052,0.031285291,4069.494871,0.303601333,3719.364837,0.064689911,5674.413956,-0.289820902,37.76630107,1167,26.19893712,67537.54823,3823311.75,101152.6186,225.3445132,62870.165,907.8747757,6209.499434,235200,8450.729332,11859.56166,660648,22525.90708,16.59687236,230.5,32.93785365,159.5652161,250629397,-0.146511662,1757,26407,0.004172172,49.54999924,15027300,-0.126102318,19.41399956,13200,0,5058.879883,0,0,6.445499897,0,-0.001920152,810.3300171,0,0.032412188,75.87999725,2290350,0.025682533,4866.379883,727200,0.003495196,79.27999878,133547,0.015238859,17275,171532,-0.107235142,193.6000061,228682,-0.109475568,108,436119153,-0.146245059,11.93999958,393901956,-0.153191542,28.44000053,122000,-0.071498488,4357.040039,20646370000,-0.022094127,8593,13836,12469,1496,3737,692,1158,6463,5202,0.037175619,-0.011007863,-0.000320693,-0.042253521,-0.013463569,-0.007173601,-0.006008584,0.105353173,0.120155039
2021-40,1756,19015,11305,46833,7357,4143,3778,3613,9251,18137,2256,3540,22984,14106,467,503,40,1080,361,251,0,84510,5457,3894,45753,2292,918,1206,1549,951,3026,5261,11012,1101,6796,751,8913.707458,-0.023086241,5937.214333,-0.240994131,1916.078291,-0.310542801,3214.418941,-0.057255096,3392.232131,-0.035765458,3646.889311,-0.103847178,2760.177393,-0.25789012,5356.940293,-0.055948273,40.12461966,371,20.97686083,57400.18429,4714688.5,92305.8219,224.6989594,94293.775,1188.671713,6166.048436,487200,9060.022464,11519.18583,781415,23528.10396,13.86428651,113,21.89521453,147.3912964,514769299,-0.07629432,1756.300049,1161,-0.000398379,43.97000122,20254100,-0.112613483,19.41399956,13200,0,5058.879883,0,0,6.445199966,0,-4.65E-05,811.7600098,0,0.001764704,79.34999847,2573696,0.045730118,4929.939941,169000,0.013061056,82.38999939,221673,0.039228061,17430,171554,0.008972504,178.8999939,211551,-0.075929813,96.80000305,781914703,-0.103703675,11.43999958,345029758,-0.041876048,26.77000046,105100,-0.058720114,4391.339844,19344290000,0.007872272,8235,13819,12587,1515,3759,688,1149,6417,5526,-0.041661818,-0.001228679,0.009463469,0.012700535,0.005887075,-0.005780347,-0.007772021,-0.007117438,0.062283737
2021-41,1751,15530,9715,38654,6665,5124,2522,4683,10698,15890,602,5585,14978,6542,545,643,109,1262,778,603,0,70564,5224,3114,32221,349,1872,2663,967,2100,2947,3697,10884,968,8296,486,9866.927898,0.106938717,8573.906316,0.444095806,2208.667134,0.152701925,3714.00495,0.155420317,3517.926125,0.037053477,3109.851929,-0.14725903,3617.619322,0.310647399,3855.698739,-0.280242353,41.29977441,770,22.27695316,67340.7934,4776277,101331.5625,204.0513589,95525.54,1110.076916,6385.517483,241896.34,9248.600346,11553.17625,891990,21343.58618,14.0228477,164.5,22.6413984,140,370724054,-0.050147441,1767.199951,1628,0.006206173,43.90999985,13846400,-0.001364598,19.41399956,13200,0,5058.879883,0,0,6.43900013,0,-0.000961931,825.4199829,0,0.0168276,82.27999878,2416923,0.03692502,4932.109863,725100,0.000440152,84.86000061,203553,0.029979381,16500,145447,-0.053356282,175.1000061,146003,-0.021240849,92.30000305,524111834,-0.046487602,9.890000343,315994916,-0.135489449,26.07999992,52700,-0.025775141,4471.370117,17878150000,0.018224568,8357,14025,12424,1476,3872,689,1185,6468,4854,0.014814815,0.014907012,-0.012949869,-0.025742574,0.030061186,0.001453488,0.031331593,0.007947639,-0.121606949
2021-42,1699,12512,7435,39340,6092,3882,1870,1768,8443,12340,941,3079,21338,8245,420,555,93,1850,521,34,0,65379,4100,2030,31775,1915,1103,1655,963,1443,1923,5670,10554,1033,4562,753,9074.217739,-0.080340119,7363.306327,-0.14119585,3071.673554,0.390736298,3326.859937,-0.104239229,3071.605973,-0.126870246,8577.516454,1.758175196,3304.255619,-0.086621525,7654.232013,0.985173773,43.13082294,1152,33.77756688,56474.43748,3139341.5,80309.20587,217.2432789,62786.83,603.6525149,6265.940807,219120,9628.408869,11585.58256,789408.9,26960.56283,16.95182843,237.5,34.55325902,132.6086884,353944327,-0.052795083,1795.5,1122,0.016014062,49.5,12492400,0.127305857,19.41399956,13200,0,5058.879883,0,0,6.391799927,0,-0.007330362,817.6599731,0,-0.009401287,83.76000214,1780256,0.017987401,4959.72998,710800,0.005600061,85.52999878,218579,0.007895335,18030,125755,0.092727273,176.8999939,138646,0.01027977,85.09999847,484483967,-0.078006548,11.31999969,335215346,0.144590425,27.30999947,113000,0.047162559,4544.899902,18372450000,0.016444576,8158,14014,12906,1477,3719,685,1198,6478,4410,-0.023812373,-0.000784314,0.038795879,0.000677507,-0.039514463,-0.005805515,0.010970464,0.001546073,-0.091470952
2021-43,1865,16933,6787,32465,8852,5632,1835,881,11190,13697,390,5246,18759,4478,242,773,96,1310,383,123,2,65037,4240,2399,19550,430,4847,1861,1495,2781,3506,4963,12342,1351,9070,442,9990.657659,0.100993821,9723.4327,0.320525355,2689.933553,-0.12427753,2597.558697,-0.219216094,2991.573752,-0.026055497,4771.785739,-0.443686787,3518.202716,0.064748954,6437.40028,-0.158975026,41.11266415,760,23.2982667,65549.15491,1874585,86270.30491,198.5882688,37523.715,512.4048543,5689.745071,195220,8984.197589,12502.48194,736069,28846.99421,14.89400045,129,21.62642265,139.1304321,252657896,0.049180366,1783,2077,-0.006961849,51.22000122,9769900,0.034747499,19.41399956,13200,0,5058.879883,0,0,6.390399933,0,-0.00021903,805.3900146,0,-0.015006187,83.56999969,2565287,-0.002268415,4908.77002,746400,-0.010274745,84.37999725,146477,-0.013445593,18595,118473,0.031336661,185.8999939,162002,0.050876203,96.5,474715688,0.133960067,12.07999992,226872426,0.067137831,27.53000069,74500,0.008055702,4605.379883,20648340000,0.013307219,8359,14101,12831,1472,3699,699,1220,6393,3519,0.024638392,0.006208078,-0.005811251,-0.00338524,-0.00537779,0.020437956,0.01836394,-0.013121334,-0.202040816
2021-44,1572,13556,5240,24689,3180,2817,1434,2019,5432,11921,2111,2051,9315,6968,577,509,43,923,455,90,0,46665,4246,2768,23883,1212,932,882,399,889,2316,1679,6305,302,4721,377,8902.51691,-0.108915828,6687.469659,-0.312231609,3114.463112,0.157821578,3216.712085,0.23835973,3921.411213,0.310818833,3450.750065,-0.276843041,3104.20231,-0.117673835,7826.673851,0.21581283,40.95024638,1021,30.89219339,65664.92875,1442794.25,85649.78731,209.4964008,25792.84,534.049582,6382.927607,162500,8168.189479,12061.98061,500240,23117.18029,11.51694882,82,16.06637494,154.782608,356733957,0.112500016,1816.400024,805,0.018732487,50.06999969,11935800,-0.022452196,19.41399956,13200,0,5058.879883,0,0,6.396399975,0,0.000938915,813.6199951,0,0.010218627,81.26999664,2620667,-0.027521875,4842.350098,780200,-0.013530869,82.73999786,242168,-0.019435879,19405,219129,0.043560097,209.3999939,337080,0.126412054,107.5,609291921,0.113989637,11.35999966,263343790,-0.059602671,27.03000069,67800,-0.018162005,4697.529785,21195930000,0.020009186,8641,14008,12794,1388,3972,675,1222,6382,2715,0.033736093,-0.006595277,-0.002883641,-0.057065217,0.073803731,-0.034334764,0.001639344,-0.001720632,-0.228473998
2021-45,2412,15383,9579,48967,7222,4139,1915,1352,7837,17111,1907,5582,28052,10163,374,654,177,1255,629,4,0,81151,5235,3321,44172,1526,2229,1082,689,1925,1862,3572,12097,1305,6316,1055,9210.217367,0.034563311,5661.969535,-0.153346509,2541.734188,-0.183893308,4967.313949,0.544220874,3635.001964,-0.07303729,3566.376184,0.033507532,3668.33652,0.181732424,8247.995966,0.053831567,39.64986761,999,20.23599717,59458.33303,2459651.75,81534.49933,216.2148991,39714.215,526.6521851,6901.775963,2508093.95,14867.84701,12292.09602,2103796.65,27122.25837,14.20170178,183,24.80566143,138.2608643,373330325,-0.106741603,1867.900024,1728,0.028352785,50.20999908,10434800,0.002796073,19.41399956,13200,0,5058.879883,0,0,6.389500141,0,-0.001078706,793.6599731,0,-0.024532364,80.79000092,2319740,-0.005906186,4888.370117,684100,0.009503654,82.16999817,157253,-0.006889047,20080,114187,0.034784849,216.8000031,199542,0.035339109,106.5,837277245,-0.009302326,11.43999958,114273753,0.007042247,27.53300095,42600,0.018608962,4682.850098,20545980000,-0.00312498,8276,13994,12809,1405,3939,676,1176,6486,2807,-0.042240481,-0.000999429,0.001172425,0.012247839,-0.008308157,0.001481481,-0.037643208,0.016295832,0.03388582
2021-46,2856,16468,10029,44163,7473,6468,1898,2373,6834,19878,1682,7719,20324,7542,490,557,176,1378,715,99,0,78133,6186,2877,41223,647,2683,1832,1105,2188,3520,4558,10640,1009,5071,780,9386.549676,0.019145293,7699.090057,0.359790089,3327.571005,0.309173485,3968.636092,-0.201049877,3155.061498,-0.132033069,4126.491588,0.157054493,3769.09215,0.0274663,3900.752274,-0.527066661,42.66756616,780,19.95268002,58019.53818,3133274.25,81508.75544,217.1070191,131149.54,841.6198485,6738.286751,399209.45,9221.988854,12685.27332,891990,27226.4448,12.85623491,214.5,25.99822462,135.6521759,131652374,-0.018867872,1851.199951,120,-0.008940561,57.16999817,28966900,0.13861779,19.41399956,13200,0,5058.879883,0,0,6.385000229,0,-0.000704267,832.1599731,0,0.048509439,76.09999847,1551055,-0.058051769,4890.060059,599300,0.000345707,78.88999939,171279,-0.039917231,19830,113950,-0.012450199,219.6000061,179035,0.012915143,107.5,359216824,0.009389671,11.46000004,156685904,0.001748292,26.42000008,58400,-0.040424248,4697.959961,19909710000,0.003226638,8062,13829,12725,1398,3912,682,1156,6496,2552,-0.025857902,-0.011790767,-0.006557889,-0.004982206,-0.006854532,0.00887574,-0.017006803,0.001541782,-0.090844318
2021-47,2785,13942,8104,39388,6493,5712,2203,3071,5424,14494,1000,4826,16067,10121,483,870,654,891,1659,452,0,67927,5393,2118,34024,1625,2255,2122,1059,2035,2132,3571,12346,781,2999,860,10531.26865,0.121953115,9090.96539,0.180784394,3009.784616,-0.095501009,3466.391962,-0.126553334,3465.135826,0.098278378,5481.577436,0.328386917,4306.076366,0.14247044,5827.032154,0.493822664,41.8174028,847,22.20070397,58625.77153,2003926.625,74415.14853,216.110125,11956.91,581.7383417,7449.595625,311993,10327.40943,12580.50624,729594,25988.6344,12.46367363,256,25.65974373,132.1739197,132895390,-0.025640991,1785.300049,187266,-0.035598479,53.18000031,15684300,-0.069791814,19.41399956,13200,0,5058.879883,0,0,6.386000156,0,0.000156606,818.5,0,-0.016415081,68.15000153,2146233,-0.104467768,4860.129883,666000,-0.006120615,72.72000122,140855,-0.078210143,19210,103784,-0.031265759,205,153693,-0.066484543,108.5,381966681,0.009302326,11.68000031,142607659,0.019197231,26.12199974,28900,-0.011279347,4594.620117,15654820000,-0.021996749,8039,14009,12767,1385,3898,688,1171,6678,2767,-0.00285289,0.013016126,0.003300589,-0.009298999,-0.003578732,0.008797654,0.012975779,0.028017241,0.084247649
2021-48,1515,8121,4667,14984,4719,3532,1351,1394,2742,5967,824,3146,8476,3210,453,224,99,650,373,50,0,32491,1751,1750,10692,498,3129,395,723,807,2328,1849,7788,268,1893,371,9609.31189,-0.087544701,5741.266486,-0.368464597,3130.65219,0.040158214,3770.490863,0.087727788,4098.836841,0.182879127,8226.983257,0.500842294,5345.809067,0.241457097,5736.983468,-0.015453611,40.63018186,164,20.97339048,60695.59441,7289580,102946.6494,214.4077869,8875.25,441.2399611,6705.134128,227462.88,10569.56327,13744.46476,861776,33471.65861,12.93101209,108.5,19.43186778,143.0434723,237400492,0.082236743,1782,35208,-0.001848456,54.34999847,19176700,0.022000718,19.41399956,13200,0,5058.879883,0,0,6.375599861,0,-0.001628609,837.039978,0,0.022651164,66.26000214,3118279,-0.027732932,4901.02002,678500,0.008413384,69.87999725,271866,-0.039053959,20040,156483,0.043206663,227,173622,0.107317073,121,557446210,0.115207373,13.57999992,295636459,0.162671196,27.60000038,133900,0.056580685,4538.430176,26646380000,-0.012229508,6990,14791,12579,1348,3871,688,1169,6484,3171,-0.130488867,0.055821258,-0.014725464,-0.026714801,-0.006926629,0,-0.001707942,-0.029050614,0.146006505
2021-49,3343,20411,10031,48831,6155,6090,3506,1190,9352,22414,1459,5721,18359,12924,894,887,263,1372,786,211,0,85428,7427,3044,48314,2312,1686,2710,741,2167,3344,2871,10573,992,5945,729,10154.29305,0.056713859,5607.384462,-0.023319249,3742.243969,0.195356028,3679.124465,-0.024231964,3375.175161,-0.176552936,4104.605105,-0.501080168,4612.401831,-0.137192935,5478.806356,-0.045002241,41.8052181,418,19.68106579,64392.75688,5531426.5,110068.6014,226.3645079,21861.015,657.3881806,7416.871222,1391250,13364.66434,12083.88084,1711500,25427.13969,12.73872152,140.5,21.99609646,183.0434723,527639339,0.27963527,1782.900024,3072,0.000505064,51.70000076,32998300,-0.048758009,19.41399956,13200,0,5058.879883,0,0,6.37650013,0,0.000141205,824.7659302,0,-0.014663634,71.66999817,2153522,0.081647991,5055.120117,924500,0.031442454,75.15000153,150304,0.075415061,21200,129994,0.057884232,226.1999969,57739,-0.003524243,124,537997197,0.024793388,15.19999981,299257265,0.11929307,28.93000031,63500,0.048188402,4712.02002,21271750000,0.038248874,7518,14397,12679,1326,3901,674,1176,6471,3272,0.075536481,-0.02663782,0.007949758,-0.016320475,0.007749935,-0.020348837,0.005988024,-0.002004935,0.031851151
2021-50,3433,15111,10688,47730,6453,4856,4036,822,5659,14534,2485,4594,27894,11197,460,998,268,435,429,1315,0,79982,7131,3460,47583,757,2460,2201,899,1310,1549,2358,11052,885,4030,1438,9424.047524,-0.071914954,16891.46926,2.012361533,3535.087294,-0.055356272,3828.297565,0.040545815,4097.725621,0.214077914,4889.578675,0.191242166,3857.876362,-0.163586239,7298.620833,0.332155283,41.63854846,785,20.83347704,54347.00327,1895387.125,74902.31421,248.7062438,16045,646.1980488,7504.376709,270500,9420.9013,12255.46857,737280,24763.89222,10.20459971,85,13.36756973,173.9130402,351818007,-0.049881222,1803.800049,1486,0.011722488,50.95999908,27144700,-0.014313378,19.41399956,13200,0,5058.879883,0,0,6.367199898,0,-0.001458517,846.0100098,0,0.025757708,70.86000061,1281061,-0.011301766,4954.759766,814500,-0.019853208,73.51999664,141145,-0.021690018,21890,121555,0.03254717,225.6000061,91725,-0.002652479,123.5,367860569,-0.004032258,14.68000031,204846193,-0.034210494,28.27000046,22500,-0.022813683,4620.640137,26609380000,-0.019392932,8111,14137,12487,1309,3895,672,1185,6532,2379,0.078877361,-0.018059318,-0.01514315,-0.012820513,-0.001538067,-0.002967359,0.007653061,0.009426673,-0.27292176
2021-51,2919,17009,7522,35493,6350,4477,3431,1621,7658,13579,420,5282,15790,9489,807,1147,289,1088,590,706,0,66374,5529,2936,31366,698,2015,1711,1327,1592,1866,4440,9937,1287,6103,1096,10445.92336,0.108432797,6030.9475,-0.642958975,3507.068471,-0.007925921,4546.916655,0.187712443,3637.443699,-0.112326194,5231.713814,0.069972315,4131.954923,0.071043894,16375.03613,1.243579506,41.09409836,720,21.3903325,71136.90203,1677077.5,93624.70629,251.5052586,33541.55,744.9437026,7738.793349,233585,12730.24766,12400.80625,845495.1,25694.86192,13.89256831,151.5,22.83548913,173.0434723,205623554,-0.005000015,1811.199951,1561,0.004102396,53.65999985,9834500,0.052982747,19.41399956,13200,0,5058.879883,0,0,6.368800163,0,0.00025133,858.789978,0,0.015106167,73.79000092,1427928,0.041349143,4921.339844,728600,-0.006745014,76.84999847,120393,0.045293825,22780,77891,0.040657835,258.3999939,91894,0.145390013,122.5,190899799,-0.008097166,14.81999969,193565588,0.009536743,29.34600067,115100,0.038061556,4725.790039,14940780000,0.022756566,8343,14460,12402,1320,3909,657,1186,6532,2217,0.028603132,0.022847846,-0.006807079,0.008403361,0.003594352,-0.022321429,0.000843882,0,-0.068095839
2021-52,2681,13876,6430,32544,7918,3524,4551,2096,4985,16393,1313,5654,13301,6090,448,696,295,391,290,741,0,60768,4582,2659,31080,1195,1161,1267,1257,882,2045,4734,9823,404,3680,581,10380.54326,-0.006258911,8917.862368,0.478683469,2475.461224,-0.294150871,3827.587259,-0.158201579,3816.062141,0.049105486,4693.965012,-0.102786357,4725.938913,0.143753744,7628.873079,-0.534115649,42.49412992,453,20.65896363,68879.18555,8075140.5,115398.96,230.9698522,27141.115,812.0894443,7419.722665,1030608,12467.06662,12201.3906,2398294,25881.39346,19.68115316,247,45.42886757,172.6086884,107594377,-0.002512571,1827.5,1305,0.008999586,58.86000061,13654300,0.096906462,19.41399956,13200,0,5058.879883,0,0,6.372099876,0,0.000518106,851.5,0,-0.008488662,75.20999908,1270056,0.019243775,4940.370117,611100,0.003866889,77.77999878,77555,0.012101501,23450,52725,0.029411765,277,71171,0.071981449,121,198644004,-0.012244898,15.11999989,87174407,0.020242928,29.75399971,90100,0.013903054,4766.180176,14244290000,0.008546748,8506,14471,12403,1320,3917,651,1178,6534,2217,0.019537337,0.000760719,8.06E-05,0,0.002046559,-0.00913242,-0.006745363,0.000306185,0
2022-01,1773,8985,5259,21659,3916,4782,2846,1701,3925,9381,135,3106,8466,3433,204,611,170,718,2,339,0,39819,2639,3188,16327,372,1444,1502,895,938,1137,2774,7101,413,3147,581,9574.492889,-0.077650114,10059,0.127960893,3282.199659,0.325894192,2482.580171,-0.351398152,3264.494269,-0.144538493,5693.207238,0.212878073,3673.349527,-0.222725982,5821.719791,-0.236883386,45.10936432,776,45.40085443,64946.24257,1848387.375,80985.39196,174.4068751,13576.24,383.2786119,6267.009058,349058.09,9917.255379,11677.41014,528395,26648.36128,13.57739804,104.5,20.10992088,163.0434723,152310759,-0.055415612,1797,209,-0.016689466,56.58000183,13001400,-0.038735963,19.41399956,13200,0,5058.879883,0,0,6.381899834,0,0.001537948,837.0999756,0,-0.016911362,78.90000153,1979473,0.049062658,4822.370117,675100,-0.02388485,81.75,164780,0.051041415,24020,112436,0.024307036,280.3999939,94370,0.012274346,113.5,251639080,-0.061983471,14.92000008,253043169,-0.013227501,30.58499908,66900,0.027928997,4677.029785,21878940000,-0.018704788,8020,15142,12264,1274,4037,699,1062,6741,2289,-0.057136139,0.046368599,-0.011206966,-0.034848485,0.030635691,0.073732719,-0.098471986,0.031680441,0.032476319
2022-02,3022,17956,7463,39727,6656,4655,2388,2224,7172,14345,487,5962,22596,8675,495,689,165,1336,169,426,18,71802,5561,1785,32886,1260,2894,1581,1369,3567,2137,4784,10107,863,7138,1431,10332.27502,0.079145929,2878.554688,-0.713832917,3060.820335,-0.067448464,4282.72781,0.725111584,4881.72364,0.495399666,4916.213836,-0.136477273,3504.900238,-0.045857136,5961.148826,0.023949802,64.38119753,770,84.36764816,67881.14215,2452142.25,102524.6985,283.745709,115037,1141.763841,7187.916889,202875,11165.04854,11536.7158,891990,22437.37416,13.65386371,220.5,26.82294428,150.8695679,153391289,-0.074666617,1816.5,3680,0.010851419,63.70000076,21875700,0.125839496,19.41399956,13200,0,5058.879883,0,0,6.358099937,0,-0.003729281,816,0,-0.02520604,83.81999969,2021601,0.06235739,4726.72998,735700,-0.0198326,86.05999756,159344,0.052721683,23700,151765,-0.013322231,266,125416,-0.051355186,107.5,245410907,-0.052863436,15.92000008,168979183,0.067024128,31.3579998,56900,0.025273851,4662.850098,21251840000,-0.003031772,8535,15000,12130,1275,4120,684,1077,6592,1764,0.064214464,-0.009377889,-0.010926288,0.000784929,0.020559822,-0.021459227,0.014124294,-0.022103545,-0.229357798
2022-03,3930,17018,9283,54393,6501,6308,2819,2727,6449,21607,759,7647,25647,10556,226,1113,101,568,122,546,0,87195,7438,2528,50694,952,1587,1194,1454,2164,3541,3173,12108,984,5207,1609,9552.484402,-0.075471338,4719.819375,0.639649021,3783.626232,0.23614777,5232.852504,0.221850357,3493.774294,-0.284315428,4555.661618,-0.073339409,4539.102478,0.295073232,8329.210653,0.397249238,56.07527444,886,74.54957263,56815.96172,2396018.75,86780.73334,238.1003766,20462.405,533.8418502,7436.817534,345000,10159.03151,11810.40986,576900,24463.68376,9.941536853,150,16.90661561,131.7391357,121172265,-0.126801133,1831.800049,943,0.008422818,58.11999893,13928900,-0.087598144,19.41399956,13200,0,5058.879883,0,0,6.33949995,0,-0.0029254,802.2600098,0,-0.016838223,85.13999939,1318101,0.015748028,4779.310059,704100,0.011123986,87.88999939,143448,0.021264256,22660,142184,-0.043881857,258,131961,-0.030075188,99,206403474,-0.079069767,14.18000031,199541167,-0.109296468,28.72599983,99400,-0.083933924,4397.939941,19444410000,-0.056812926,8508,14567,11824,1245,3842,707,1059,6589,1415,-0.003163445,-0.028866667,-0.025226711,-0.023529412,-0.067475728,0.033625731,-0.016713092,-0.000455097,-0.197845805
2022-04,3702,18208,8978,61668,7496,9755,4425,3291,8981,20054,794,9530,24199,11419,1073,919,69,1350,115,376,0,96350,7470,3531,56447,744,2554,1663,953,2129,1189,4907,11453,804,7568,2408,8907.958908,-0.067472028,5395.85,0.143232309,3882.517416,0.026136615,4253.864953,-0.187084874,4278.67262,0.224656277,5108.448048,0.121340538,4156.958847,-0.08418925,8746.363689,0.050083142,42.45434508,533,26.82374617,63209.20323,11464574,135949.6511,258.4305131,20056.07,640.3326692,7095.243189,345000,10521.69531,11272.22767,846483.5,24563.77082,12.40737147,157,19.86484894,128.2608643,84532065,-0.02640272,1784.900024,224631,-0.025603244,65.41000366,20421900,0.125430228,19.23399925,43000,-0.009271676,5058.879883,0,0,6.366899967,0,0.00432211,804.75,0,0.00310372,86.81999969,2342532,0.01973221,4563.77002,603100,-0.045098568,90.02999878,119579,0.024348611,23040,133428,0.016769638,258.6000061,126021,0.002325605,98.59999847,147628238,-0.004040419,13.76000023,186954815,-0.029619187,29.08099937,45900,0.012358127,4431.850098,27889090000,0.007710464,8466,14521,11281,1237,3774,723,1081,6592,1381,-0.00493653,-0.003157822,-0.045923545,-0.006425703,-0.017699115,0.022630835,0.020774315,0.000455304,-0.024028269
2022-05,2758,11078,6521,35124,5938,5761,3080,2795,5247,11707,474,4738,12513,8591,458,855,214,764,296,1168,0,58661,5001,1941,32726,735,618,845,798,950,2235,2752,8931,940,4520,670,8438.095659,-0.052746454,7751.801163,0.436622805,3031.263095,-0.219253188,3612.362139,-0.150804697,4597.374213,0.07448609,4946.205034,-0.031759746,3527.717295,-0.151370647,5231.689076,-0.401844096,82.93378791,1039,109.6224797,70154.06172,2515792,106472.8622,299.2321696,19305.24,907.4463204,6502.672901,311490.76,9135.405686,11829.11101,954700,23472.70553,12.73993397,158.5,21.45017684,128.2608643,84532065,-0.02640272,1806.599976,4685,0.012157516,68.91000366,16970600,0.053508635,19.85400009,261700,0.032234629,5058.879883,0,0,6.359499931,0,-0.001162267,818.1300049,0,0.016626288,92.30999756,2069481,0.063234253,4563.77002,603100,-0.045098568,93.26999664,174500,0.035987981,21930,114474,-0.048177083,230.3999939,174253,-0.109048769,98.59999847,147628238,-0.004040419,14.15999985,14897656,0.029069739,30.12199974,90800,0.035796582,4500.529785,23505280000,0.015496844,8725,14456,10776,1142,4052,728,1090,6828,1423,0.03059296,-0.004476276,-0.044765535,-0.076798707,0.073661897,0.006915629,0.008325624,0.035800971,0.030412744
2022-06,2610,18215,6089,33409,8195,10426,2265,2723,6597,14495,583,5158,12966,6335,381,1101,110,2264,156,348,0,65908,3832,2310,21904,1892,3662,2720,1105,1530,2083,4482,13591,799,8243,1587,8603.484412,0.019600246,5719.928564,-0.262116192,4481.590123,0.478456334,3911.974229,0.082940768,4812.354944,0.046761634,5486.076308,0.109148584,4006.474851,0.13571313,6686.721531,0.278119061,89.92366266,969,113.5575675,65125.24715,1904584.75,81550.43216,198.1693298,22260.25,502.4364532,5934.801619,901100,12413.06698,11836.0186,891990,27212.08004,13.26576146,138.5,19.7721832,149.5652161,240953554,0.166101733,1840.800049,1938,0.018930629,70.23000336,19223900,0.019155415,20.45999908,215700,0.030522766,5058.879883,0,0,6.352600098,0,-0.001084965,804.75,0,-0.016354375,93.09999847,2457272,0.00855813,4601.399902,756600,0.00824535,94.44000244,207343,0.012544289,23430,161180,0.068399453,257,127211,0.115451418,112,374189887,0.135902654,15.57999992,225871089,0.100282492,31.91900063,191900,0.059657423,4418.640137,23778810000,-0.018195557,8608,14159,10712,1135,4070,716,1086,6886,1977,-0.013409742,-0.020545102,-0.005939124,-0.006129597,0.004442251,-0.016483516,-0.003669725,0.008494435,0.389318342
2022-07,2001,10610,4381,22916,5839,3765,2724,1026,3322,13587,223,5112,4715,5927,185,1038,48,1701,52,321,0,43746,2380,1595,14513,772,1274,1059,1392,1122,2069,4847,10423,925,3046,709,9369.345372,0.089017533,3191.888276,-0.441970605,2487.773748,-0.444890389,3347.730782,-0.14423496,4689.678073,-0.025492066,4392.551922,-0.199327229,4124.761228,0.029523804,7920.440897,0.184502878,38.74081189,830,30.11781948,67257.23227,3063382.75,86064.18416,244.4248783,10635.55,662.0096816,6261.322464,345000,9837.66368,12280.85436,650400,24611.87927,17.91993819,205.5,33.39965733,169.1304321,303906180,0.130813946,1898.599976,643,0.031399351,69.86000061,13538100,-0.005268443,21.07999992,36300,0.030303073,5058.879883,0,0,6.335800171,0,-0.002644575,794.75,0,-0.012426219,91.06999969,1674099,-0.021804499,4651.240234,580600,0.010831558,93.54000092,219259,-0.009529876,22940,101465,-0.020913359,262,109287,0.019455253,116.5,275752938,0.040178571,15.53999996,142259605,-0.002567392,32.95000076,240300,0.032300514,4348.870117,22562340000,-0.01578993,8621,14139,10419,1127,4049,730,1104,7106,1964,0.001510223,-0.001412529,-0.027352502,-0.007048458,-0.005159705,0.019553073,0.016574586,0.031948882,-0.00657562
2022-08,3261,20365,7226,43179,10569,7750,4941,3248,5746,21687,813,5589,18794,8222,513,1720,106,1400,90,720,0,81339,4684,5489,33393,1380,2784,3585,1476,2627,3499,4754,14054,537,5135,2626,7934.78084,-0.153112568,11875.98172,2.720675881,4886.251559,0.964106086,3814.578881,0.139452103,4410.481249,-0.059534326,4786.063103,0.089586006,4268.412559,0.034826581,6095.366118,-0.230425907,72.49063279,743,99.83485463,71679.79346,25210582,173814.6692,248.1199557,35836.83,738.788212,6005.505092,1075822.89,11662.91555,11796.09785,2621687.38,29855.90284,21.95313056,306,49.98207186,162.6086884,290679724,-0.038560439,1886.5,3538,-0.006373104,70.09999847,11499100,0.003435412,21.23999977,36300,0.007590126,5058.879883,0,0,6.32679987,0,-0.001420547,816.25,0,0.027052532,91.58999634,2625652,0.005709857,4573.419922,692900,-0.016731089,97.93000031,121801,0.046931787,21490,121763,-0.06320837,262.2000122,159893,0.000763405,115.5,406675554,-0.008583691,14.72000027,119588672,-0.052767033,33.74900055,216800,0.024248855,4384.649902,21848520000,0.008227375,8636,14210,10375,1126,4027,723,1094,7079,2076,0.001739937,0.005021572,-0.004223054,-0.000887311,-0.00543344,-0.009589041,-0.009057971,-0.003799606,0.057026477
2022-09,1608,9738,3534,15460,3112,3049,1558,1595,4970,7403,229,4393,5669,1960,241,354,8,360,12,43,0,31844,1306,1591,9688,499,1022,744,678,727,1705,1945,6699,537,5281,728,8778.456533,0.106326275,7887.981515,-0.335803835,2972.148902,-0.391732319,4131.622872,0.083113759,4493.817739,0.018895101,4450.03116,-0.070210512,4647.864928,0.088897772,4661.659613,-0.235212533,37.47491996,724,31.98284455,75769.52622,4618270.5,121537.1677,214.4360181,20172.08,526.1667525,5951.886173,198016.95,10158.5683,13529.78841,461520,28713.41565,12.42821435,88,16.72218636,166.9565277,221788453,0.026738051,1965.099976,1215,0.041664445,71.87999725,17801200,0.02539228,21.78800011,40800,0.025800393,5058.879883,0,0,6.319200039,0,-0.001201212,795.6300049,0,-0.025261862,115.6800003,2927369,0.263020034,4496.430176,637400,-0.016834174,118.1100006,226346,0.20606556,21150,156435,-0.015821312,253.3999939,166114,-0.033562235,133,574588963,0.151515152,17.12000084,266702541,0.163043514,34.70000076,404100,0.028178619,4328.870117,28092740000,-0.012721605,8736,13652,9650,1104,3903,708,1099,6978,2148,0.011579435,-0.039268121,-0.069879518,-0.019538188,-0.030792153,-0.020746888,0.004570384,-0.014267552,0.034682081
2022-10,2436,17086,5677,25524,7497,3647,2810,753,4906,16438,97,10724,10677,4018,360,759,50,410,64,71,0,55784,3615,3196,18692,2394,1983,855,1045,978,1725,5520,10784,904,6102,1606,8123.24307,-0.0746388,3773.760741,-0.521580935,2250.944243,-0.242654282,5784.069407,0.39995096,3940.576835,-0.123111558,4954.698611,0.113407622,4112.087344,-0.115273914,8939.96797,0.917765069,37.57547687,823,28.51126733,70313.76957,2362385,97427.67911,212.076316,47657.055,884.9300366,5569.35517,2914000,18272.19774,13462.5747,2534944,35315.83173,18.75378433,209,36.6550543,152.1739197,253867588,-0.08854166,1982.699951,6886,0.008956275,78.80999756,34121500,0.096410692,21.44000053,64800,-0.015972075,5058.879883,0,0,6.320799828,0,0.000253163,801.5,0,0.007377795,109.3300018,2560019,-0.054892794,4306.52002,822000,-0.042235762,112.6699982,159835,-0.046058779,21580,158064,0.020330969,278.3999939,250261,0.09865825,125.5,795991493,-0.056390977,15.10000038,271947309,-0.117990675,34.88999939,233500,0.005475465,4204.310059,29765730000,-0.028774266,8832,13276,9420,1104,3983,732,1107,7031,2718,0.010989011,-0.027541752,-0.023834197,0,0.020497054,0.033898305,0.007279345,0.0075953,0.265363128
2022-11,2698,19375,6908,30563,8395,6693,3487,2358,6486,17463,199,6208,13361,5539,939,772,67,1334,258,77,0,65241,3874,2369,21911,1061,1911,3057,1091,3073,3275,3748,12077,917,8977,1774,7926.923405,-0.024167646,4250.104844,0.126225306,3808.648811,0.692022724,3854.768888,-0.333554178,3706.924415,-0.059293964,4827.233538,-0.0257261,3063.698732,-0.254952905,5829.028042,-0.347981104,36.43966264,750,25.73118493,77282.95385,4360402.5,127666.3204,238.6509614,38633.835,1166.600997,5223.605354,232492,8660.787278,11430.0545,709615.2,23543.44617,16.27821376,223,28.62365659,141.7391357,225377039,-0.068571434,1928.199951,387,-0.02748777,84.5,41310600,0.072198993,22.89500046,80100,0.067863801,5058.879883,0,0,6.345499992,0,0.003907759,799.0599976,0,-0.003044295,104.6999969,1324831,-0.042348896,4265.899902,857600,-0.009432237,107.9300003,89525,-0.042069743,22880,184499,0.060240964,349.7999878,419559,0.256465501,130,1079015376,0.035856574,15.02000046,415557821,-0.005298008,36.61000061,244700,0.049297829,4463.120117,30540660000,0.061558271,8507,12852,8375,1102,4074,733,1101,7101,2605,-0.036798007,-0.031937331,-0.110934183,-0.001811594,0.0228471,0.00136612,-0.005420054,0.00995591,-0.041574687
2022-12,2910,20122,8139,35628,7752,7059,4475,2933,6920,18380,471,7160,14464,5803,873,1097,246,975,669,116,0,71641,4371,3537,25591,1211,2483,4511,1715,1158,4341,4475,13418,1165,7178,858,7075.158915,-0.10745209,12686.89933,1.985079143,3439.90725,-0.096816897,4480.656671,0.162367136,4001.756576,0.07953552,9144.734009,0.894404722,4967.125825,0.62128403,9214.541617,0.580802417,33.08295507,401,22.50743729,76057.62686,3194160.25,112593.1862,238.6235855,35965.42,787.4231027,5619.18628,549942.35,9040.484859,13329.13769,699000,25856.83287,15.31088387,171,24.91877173,133.4782562,71744711,-0.058282277,1953.800049,326,0.013276682,68.40000153,43765900,-0.190532526,21.63299942,118600,-0.05512125,5058.879883,0,0,6.366300106,0,0.003277931,788.6099854,0,-0.013077882,113.9000015,1312570,0.087870151,4174.569824,588200,-0.021409335,120.6500015,66932,0.117854176,20430,104797,-0.10708042,342.3999939,149258,-0.021154929,122,304068724,-0.061538462,14.03999996,196062339,-0.065246369,34.97000122,208100,-0.044796486,4543.060059,22611740000,0.017911223,8546,12671,8200,1096,4049,738,1101,7120,2544,0.00458446,-0.014083411,-0.020895522,-0.005444646,-0.006136475,0.006821282,0,0.002675679,-0.023416507
2022-13,2341,12788,4531,28843,4737,3258,3989,3962,5733,10477,436,6162,8514,4847,504,560,66,1902,421,68,0,50899,3272,1334,23257,430,718,659,996,1921,2101,3773,8171,1005,5292,1242,8024.191221,0.134135829,5495.137031,-0.566865245,2988.290637,-0.131287439,3415.982608,-0.237615631,3823.081948,-0.04464905,5960.846046,-0.348166274,4087.056487,-0.177178789,5676.947962,-0.383914231,31.02688611,719,29.10579675,69099.75079,3733438,109760.0037,228.9287041,29606.105,667.502777,5904.588942,1770000,14196.82285,12154.73732,1479018.75,26614.76726,14.32444224,126,18.82722258,139.1304321,101688853,0.042345293,1919.099976,150456,-0.017760299,71.37999725,19914600,0.043567188,21.63999939,68500,0.000323578,5058.879883,0,0,6.338900089,0,-0.004303915,786.2800293,0,-0.00295451,99.26999664,1819617,-0.128446046,4276.160156,624800,0.024335521,104.3899994,66830,-0.134770012,20500,116292,0.003426334,323.7999878,200408,-0.054322449,126.5,221509343,0.036885246,15,297718435,0.068376071,34.93000031,255300,-0.001143864,4545.859863,23169700000,0.000616282,8846,11418,7261,1032,4235,769,1142,8532,2357,0.035104142,-0.098887223,-0.114512195,-0.058394161,0.045937268,0.04200542,0.037238874,0.198314607,-0.073506289
2022-14,2122,13485,5910,25902,3594,4519,3281,5891,3736,9191,341,3187,10262,2690,648,764,220,3668,467,25,1,48891,2410,1636,16542,697,2610,922,1694,1027,2095,5253,8701,492,6520,702,7827.818806,-0.024472549,2694.737805,-0.509614084,3955.543092,0.32368085,3826.668845,0.12022492,3949.109735,0.032964971,5838.825253,-0.020470381,3900.119579,-0.045738763,7475.060407,0.316739286,36.12243915,764,22.61561577,78482.83228,1910621.75,121663.9825,238.9257495,31599.015,659.6371824,5619.510988,309225,10066.11356,11587.41896,498573.03,23606.55533,17.00137073,250,30.13650802,133.9130402,52553844,-0.037500005,1941.599976,1385,0.011724246,57.77999878,35492900,-0.190529546,19.70199966,185900,-0.089556367,5058.879883,0,0,6.359700203,0,0.003281344,805.5499878,0,0.024507755,98.26000214,1611850,-0.010174217,4230.77002,436800,-0.010614695,102.7799988,90543,-0.015422939,18055,177558,-0.119268293,306,141352,-0.054972169,124,140212051,-0.019762846,12.93999958,275941355,-0.137333361,32.22000122,188800,-0.077583712,4488.279785,23239490000,-0.012666488,8611,11364,7545,1011,4174,722,1133,8670,2055,-0.026565679,-0.004729375,0.03911307,-0.020348837,-0.014403778,-0.061118336,-0.007880911,0.016174402,-0.128128978
2022-15,3037,22258,8071,37896,8860,6452,4757,1164,5092,19926,611,6675,20938,5953,1139,1434,106,2281,453,104,0,77085,4478,4470,29843,1579,2199,2102,1338,3043,1230,5603,13405,1283,9553,1437,7457.679058,-0.047285171,5316.500702,0.972919477,3829.051785,-0.03197824,3313.808638,-0.134022626,3829.9231,-0.030180634,5359.293148,-0.082128182,4227.009185,0.083815278,6044.269386,-0.191408623,36.24281677,772,22.34079999,75246.88024,1977145.5,103534.4011,196.2816198,17962.25,473.485775,5478.316546,312861.85,9849.692847,12150.99527,890230,26440.63173,16.47886246,200,27.13518351,134.782608,89470398,0.006493526,1970.900024,714,0.015090672,55.16999817,19490100,-0.045171351,19.88299942,20500,0.009186872,5058.879883,0,0,6.377399921,0,0.002783106,814.9000244,0,0.011607022,106.9499969,1202364,0.088438781,4188.75,667200,-0.009932003,111.6999969,86227,0.086787296,18260,78218,0.011354196,314.6000061,81393,0.028104595,124,225287037,0,12.96000004,152357431,0.00154563,32.54999924,190200,0.010242024,4392.589844,16329620000,-0.021319959,8643,11300,7093,1009,4180,737,1138,8565,2137,0.003716177,-0.00563182,-0.059907223,-0.001978239,0.00143747,0.020775623,0.004413063,-0.012110727,0.039902676
2022-16,3175,19274,7178,43288,7604,6137,4865,4103,4386,16086,617,8901,20757,8009,530,1053,293,1100,474,33,0,77344,5376,2369,38026,853,1687,1967,1357,1695,4846,2674,12993,818,6772,1287,6021.508609,-0.19257606,5026.196967,-0.054604288,3605.421653,-0.058403528,3146.522291,-0.050481595,4096.465487,0.06959471,7542.973547,0.407456793,3400.877241,-0.195441246,6241.388666,0.03261259,35.00154932,783,25.80113357,58422.18924,1942107.38,94176.34749,204.7706619,38842.15,633.1190255,4916.442492,312861.85,7491.167391,11076.41864,4275200,31322.89247,15.25940316,283.5,35.60504034,135.6521759,74239234,0.006451633,1931,1129,-0.02024457,54.52000046,24199900,-0.011781724,19.87000084,28600,-0.000653754,5058.879883,0,0,6.449299812,0,0.01127417,824.3499756,0,0.011596455,102.0699997,965746,-0.045628774,4013.25,599900,-0.041897941,106.6500015,72387,-0.045210345,18975,101153,0.039156627,348.3999939,77623,0.107437976,126.5,206615315,0.02016129,12.64000034,149619671,-0.024691334,32.02000046,213700,-0.016282605,4271.779785,21597890000,-0.02750315,8570,10858,6973,1004,4194,737,1110,8557,2307,-0.008446141,-0.039115044,-0.016918088,-0.004955401,0.003349282,0,-0.024604569,-0.000934034,0.079550772
2022-17,3015,20811,7592,36703,9064,6662,5499,3232,5341,16921,348,5809,19912,6062,643,1198,182,1796,369,196,0,74170,4235,5574,24571,1540,2420,1968,1185,1770,1846,4107,14767,915,12002,1505,6535.741295,0.085399311,6435.941719,0.280479408,4609.722939,0.278553074,3827.086458,0.216290909,4113.914982,0.004259646,8852.718168,0.173637706,3905.797434,0.148467633,8234.28179,0.31930284,32.06834163,787,25.90974526,78123.25157,2517378.25,118800.3143,219.1373613,50347.56,715.7616442,5128.596347,221930.16,8131.176484,12266.85275,1079463,26752.42775,14.06333626,98,18.47851237,126.9565201,89180692,-0.06410259,1909.300049,3481,-0.011237675,55.63000107,23372200,0.020359512,19.86000061,41000,-0.000503283,5058.879883,0,0,6.625299931,0,0.027289803,857.5100098,0,0.040225675,104.6900024,1565234,0.025668686,4016.23999,831300,0.00074503,109.3399963,77947,0.025222642,20680,144633,0.089855072,383,142350,0.099311156,126,253368120,-0.003952569,12.46000004,193943787,-0.01424053,31.80999947,119700,-0.006558432,4131.930176,24637900000,-0.032738019,8626,10756,7093,1001,4088,737,1132,8536,2404,0.006534422,-0.009393995,0.017209236,-0.002988048,-0.025274201,0,0.01981982,-0.002454131,0.042045947
2022-18,1398,7732,3155,14667,3414,2987,1580,714,2079,6998,78,3667,6327,2557,322,253,20,1292,15,79,0,28968,1792,2311,9176,283,1447,427,761,602,1880,1774,6979,401,2429,498,7874.043451,0.204766697,6179.774375,-0.03980262,5375.39067,0.166098427,3636.346801,-0.049839391,3941.164352,-0.041991784,5847.029886,-0.339521515,4066.911351,0.041249942,7759.20521,-0.057694963,35.86279472,828,27.88061261,71443.35765,2245933.25,98493.4959,221.7963548,12209.315,538.9049734,5515.309081,212210.735,8380.777773,11867.63535,390900,21715.45962,14.89371683,94,20.46853731,131.7391357,72540876,0.037671288,1881.199951,1146,-0.014717486,66.16000366,21483200,0.189286399,20.59499931,23500,0.037008997,5058.879883,0,0,6.654600143,0,0.004422473,861.7800293,0,0.004979556,109.7699966,1355247,0.048524158,3908.820068,277200,-0.02674639,112.3899994,118519,0.027894669,21010,127356,0.015957447,399.7999878,118379,0.043864198,130.5,240633645,0.035714286,12.38000011,115014831,-0.00642054,33.43000031,85900,0.050927409,4123.339844,25076170000,-0.002079012,8522,10586,6920,996,4140,735,1127,9006,2718,-0.012056573,-0.015805132,-0.024390244,-0.004995005,0.012720157,-0.002713704,-0.004416961,0.055060918,0.130615641
2022-19,3002,15956,7876,38222,8554,6335,4145,1263,3829,18560,388,7049,16394,9422,749,894,46,1192,299,43,0,70608,5045,2570,34382,1907,2971,1800,1255,1327,3836,3172,11592,1316,3557,923,5749.473215,-0.269819471,6211.947959,0.005206272,5488.866283,0.021110208,5837.018404,0.605187493,4455.82043,0.13058478,6724.613504,0.150090496,4002.320667,-0.015881999,9663.224966,0.245388504,36.96959727,772,25.73998244,61326.31779,3744891.25,90598.20681,189.6077765,14082.66,436.2797064,5488.142489,234344.84,8138.42652,13321.55475,4585750,58772.0383,12.25432958,138,18.97137796,133.4782562,86264393,0.013201244,1807.400024,3224,-0.039230241,63.65000153,20195900,-0.037938362,20.52000046,38700,-0.003641605,5058.879883,0,0,6.785900116,0,0.019730708,865.1599731,0,0.003922049,110.4899979,1705170,0.00655918,3988.600098,618300,0.020410259,111.5500031,137685,-0.007473942,19675,105337,-0.063541171,428,67235,0.0705353,123.5,246390249,-0.053639847,12.18000031,164092239,-0.016155073,33.68700027,83200,0.007687705,4023.889893,29126270000,-0.024118786,8562,10551,6900,1004,4152,740,1135,8959,3104,0.004693734,-0.003306254,-0.002890173,0.008032129,0.002898551,0.006802721,0.007098492,-0.005218743,0.142016188
2022-20,2894,20513,7027,44955,7139,8349,5309,2964,5495,21389,483,7712,16336,7295,607,1111,271,1854,388,71,0,79634,5988,3656,34185,1299,2134,2961,1412,2304,2750,4245,12912,923,9111,1742,6097.896289,0.060600869,10697.51564,0.722087131,4604.842741,-0.161057584,3740.112677,-0.35924261,3669.239879,-0.176528781,10436.85698,0.552038191,3940.992585,-0.01532313,6343.16366,-0.343576944,34.26605294,769,22.36522498,79140.43053,3308071,153563.9634,229.8918147,28691.565,879.6319562,5088.5128,224050,7857.126736,11104.22811,684209,25278.80988,14.57584501,115.5,20.83156258,129.5652161,77051386,-0.029315937,1841.800049,714,0.019032878,64.69999695,33419500,0.016496393,20.87999916,41200,0.017543796,5058.879883,0,0,6.712100029,0,-0.010875504,837.0499878,0,-0.032491084,113.2300034,943867,0.024798675,4077.600098,593600,0.022313593,112.5500031,108382,0.00896459,20700,140973,0.052096569,439,125933,0.025700935,117.5,257649925,-0.048582996,13.10000038,177409009,0.075533666,35.13000107,185500,0.042835538,3901.360107,24603940000,-0.030450581,8307,10291,6721,1005,4214,745,1135,8984,3344,-0.029782761,-0.024642214,-0.025942029,0.000996016,0.014932563,0.006756757,0,0.00279049,0.077319588
2022-21,2803,18118,6252,36208,7228,5881,2823,1163,4893,20419,354,7821,14350,6079,782,994,156,1952,137,2,0,67806,4507,2872,28723,447,2208,2254,943,1451,3301,3036,11792,820,8645,1314,6439.812205,0.056071127,7736.67878,-0.276777988,4647.885873,0.009347362,3919.087766,0.04785286,4050.262351,0.103842344,8557.921868,-0.180028826,4490.099888,0.139332234,11251.25369,0.773760586,38.69850977,786,28.43975161,74450.06766,2304024,108291.5376,225.2481173,34728.925,650.8212756,5470.023908,394339,9787.383167,12376.39647,600167.6,25098.50381,13.43155112,152,20.12594719,139.5652161,187823850,0.077181209,1851.300049,153695,0.005157997,68.02999878,33057400,0.051468346,22.0890007,68800,0.057902375,5058.879883,0,0,6.737800121,0,0.00382892,823.3200073,0,-0.01640282,115.0699997,1083820,0.016250078,4001.300049,622900,-0.018711999,119.4300003,70460,0.061128361,20300,82813,-0.019323671,396.3999939,83535,-0.097038738,128,338349214,0.089361702,13.69999981,197851403,0.045801482,37.61000061,277700,0.070594918,4158.240234,23231370000,0.065843737,8279,10365,6811,1004,4273,768,1105,8997,2681,-0.003370651,0.007190749,0.013390864,-0.000995025,0.014000949,0.030872483,-0.026431718,0.001447017,-0.19826555
2022-22,1749,9063,3065,19307,4359,3727,1618,984,3326,7800,261,3647,7406,4713,261,743,32,930,335,11,0,35794,1554,150,15638,267,908,1224,708,962,2658,2072,6555,501,3553,598,7226.483476,0.122157486,11601.733,0.499575377,3260.871864,-0.298418259,3752.436654,-0.042522934,4218.030785,0.041421622,4979.291899,-0.418165768,4878.746878,0.086556424,6535.976179,-0.419089076,34.3645043,408,22.50665327,66186.93139,3387106,83751.41834,239.1662077,49659.93,943.6687903,5695.321871,182993,7280.807034,11939.05877,847702,25312.07293,17.13263153,185.5,31.77023762,137.8260803,55450804,-0.012461097,1845.400024,6300,-0.003186963,67.69999695,26463100,-0.004850828,21.90999985,34100,-0.008103619,5058.879883,0,0,6.659200191,0,-0.011665518,812.7299805,0,-0.012862589,118.8700027,1299757,0.033023404,4089.570068,475400,0.022060335,119.7200012,95711,0.002428208,21320,201674,0.050246305,360.6000061,45480,-0.090312786,126.5,149048755,-0.01171875,13.97999954,148589353,0.020437937,37.36600113,275900,-0.006487622,4108.540039,19471340000,-0.011952218,7988,10414,7217,982,4144,728,1099,8644,2633,-0.035149173,0.004727448,0.059609455,-0.021912351,-0.030189562,-0.052083333,-0.005429864,-0.039235301,-0.017903767
2022-23,3115,20543,6548,43777,6638,8394,3900,1991,6728,16056,490,8475,19002,7234,696,1108,261,1989,648,534,0,77506,4546,2821,37125,1492,3681,1754,1216,2491,2449,3510,11174,1091,7449,1253,5968.505968,-0.174078791,4909.275563,-0.576849807,6574.559612,1.01619686,3613.430386,-0.037044268,4621.650965,0.095689245,8782.67632,0.763840421,3842.62777,-0.212374024,6274.672168,-0.03997934,35.46365636,593,21.92357913,69573.17166,3195636.25,108867.2055,225.1758301,21826.84,583.7334791,5342.331339,325000,8018.546039,11733.11633,892060,24030.67386,13.87587125,151.5,21.58019531,130.4347839,74532959,-0.053627705,1871.5,3177,0.014143262,52.13000107,41345600,-0.229985178,19.63500023,201700,-0.103833849,5058.879883,0,0,6.69080019,0,0.004745314,826,0,0.01632771,120.6699982,1575311,0.015142554,4238.990234,821500,0.036536889,122.0100021,105833,0.019127973,18470,160373,-0.133677298,293.6000061,143778,-0.185801439,126,260238539,-0.003952569,13.03999996,348870446,-0.067238885,32.86000061,183100,-0.120590922,3900.860107,21764190000,-0.050548353,7987,10325,7460,985,4073,741,1099,8644,2320,-0.000125188,-0.008546188,0.0336705,0.00305499,-0.017133205,0.017857143,0,0,-0.118875807
2022-24,2369,15829,5390,30314,5451,6355,2363,1132,4970,12187,506,8208,13950,4500,250,494,268,1495,224,82,0,56984,3039,1437,21437,1794,1661,1942,1469,996,3286,2344,9473,542,8218,2385,7150.325432,0.198009262,9647.184466,0.96509329,3664.521516,-0.442620992,3359.276098,-0.070336013,3858.464397,-0.165132887,7059.654493,-0.196184143,4364.154674,0.135721422,9116.852843,0.452960824,37.95032571,770,31.65248732,83236.9647,2204286.5,124602.6539,237.961561,44085.73,1033.290894,5429.038218,232492,7586.46824,12218.31561,709833.9,25377.67016,16.95098354,180.5,30.02268807,113.9130402,94827668,-0.126666701,1835.599976,1077,-0.019182487,50.40999985,26469600,-0.03299446,18.36000061,53500,-0.064935045,5058.879883,0,0,6.703400135,0,0.001883175,866.5999756,0,0.049152513,109.5599976,1306165,-0.092069286,4309.040039,939600,0.016525116,113.1200027,122213,-0.072862874,16510,160077,-0.106118029,256.7999878,154839,-0.125340659,119.5,305394097,-0.051587302,12.46000004,269392851,-0.044478522,30.47999954,110600,-0.072428516,3674.840088,30486930000,-0.057941073,7720,10401,8105,959,4121,741,1108,8684,2578,-0.033429323,0.007360775,0.086461126,-0.026395939,0.011784925,0,0.008189263,0.004627487,0.111206897
2022-25,3317,22599,7398,48365,6623,7547,3521,1558,5057,21799,667,8949,21451,9061,745,871,282,2644,516,315,2,84985,6191,4516,40445,2186,2107,3795,920,2351,2940,4721,12643,791,6753,817,6178.51804,-0.135910932,7480.442143,-0.224598413,3146.587889,-0.141337314,4310.221972,0.283080594,3875.383798,0.004385009,6740.374713,-0.045225978,4010.140177,-0.081118687,8691.807107,-0.046621981,33.53027243,583,25.43797958,67203.22585,2215934.75,124176.443,230.3503265,39107.16,632.1965773,5209.983883,312230.68,6990.550617,10886.63211,893750,21674.915,17.61663157,231.5,36.22356324,101.3043442,209808314,-0.110687029,1826.5,401,-0.004957494,46.34999847,16842400,-0.080539603,18.10000038,20600,-0.014161232,5058.879883,0,0,6.697299957,0,-0.000910012,903.5300293,0,0.04261488,107.6200027,1527939,-0.017707145,4394.77002,828900,0.019895378,113.1200027,91217,0,17105,122277,0.036038764,263.6000061,112217,0.026479823,98.30000305,611889003,-0.177405832,10.88000011,249486201,-0.126805772,29.75,97800,-0.023950117,3911.73999,23570150000,0.064465364,7633,10303,8642,968,4141,740,1097,8656,2331,-0.01126943,-0.009422171,0.066255398,0.009384776,0.004853191,-0.001349528,-0.009927798,-0.003224321,-0.095810706
2022-26,2424,13658,6559,28123,4872,5034,3304,1404,4942,8969,416,10064,11745,4092,617,236,212,1634,418,125,0,53212,3370,1667,24288,1038,2294,1510,1390,1211,1040,3314,7400,607,6243,1210,6619.47191,0.071368873,6146.520541,-0.178321224,5281.218191,0.678395258,3576.706373,-0.17018047,4443.589678,0.146619254,9672.785403,0.435051583,4658.590459,0.161702647,7502.263762,-0.136858001,30.61576707,769,26.08722239,72022.80811,2360336.5,101978.5725,253.7171584,25884.705,665.782825,5659.233532,180000,7463.308122,11991.8485,928506.5,26139.42045,12.86819343,96,16.97459288,96.52173615,220283258,-0.047210296,1798.900024,1046,-0.015110854,43.27999878,21130500,-0.066235163,17.55999947,12700,-0.029834304,5058.879883,0,0,6.698200226,0,0.000134423,916.25,0,0.014078083,108.4300003,1579950,0.007526459,4466.720215,841000,0.016371777,111.6299973,64094,-0.013171901,16620,118883,-0.028354282,244.6000061,106182,-0.072078906,77.80000305,589698255,-0.208545263,10.96000004,130841033,0.007352934,27.82999992,88500,-0.064537818,3825.330078,21693690000,-0.022089892,7425,10064,9733,881,4212,734,1190,8448,2214,-0.027250098,-0.023197127,0.126243925,-0.089876033,0.017145617,-0.008108108,0.084776664,-0.024029575,-0.05019305
2022-27,2278,12726,6041,32822,6004,5691,2972,477,1496,14728,803,3942,16800,7241,561,1036,260,1047,473,66,0,57593,3694,4146,27255,549,1661,1777,1171,2122,4250,1865,7794,785,2485,1733,7301.408587,0.103019801,13323.49333,1.167648061,6810.983247,0.2896614,4156.428534,0.162082682,3866.938718,-0.129771424,10717.16379,0.107970801,6198.711055,0.33059798,5134.750829,-0.31557314,36.77598504,781,36.49366184,65540.66108,2916770.25,92042.90177,217.4843917,39900.8,591.9850448,6238.23666,139252.5,8562.943716,12160.18681,697000,23767.92975,17.08292389,137.5,26.77590862,104.782608,156617003,0.085585612,1740.599976,4032,-0.032408721,44.54999924,13799100,0.029343819,18.0739994,10400,0.029271068,5058.879883,0,0,6.700500011,0,0.000343344,951.2800293,0,0.038231956,104.7900009,1745643,-0.033570039,4428.779785,707000,-0.008494024,107.0199966,115623,-0.041297149,17710,117706,0.065583634,281.3999939,140584,0.15044966,86.5,397663691,0.111825149,11.57999992,265856291,0.056569332,27.90500069,90700,0.002694961,3899.379883,17073700000,0.019357756,7360,10191,9761,851,4111,751,1162,8569,2067,-0.008754209,0.012619237,0.002876811,-0.034052213,-0.023979107,0.023160763,-0.023529412,0.014322917,-0.066395664
2022-28,2995,20474,6338,42076,7243,6529,4008,1640,3687,15363,622,10428,20566,6163,947,1094,538,1924,1203,1417,2,76131,4453,4038,33062,971,1935,1862,983,2103,2228,4373,11482,681,9741,2672,7946.262658,0.088319132,7765.089,-0.41718821,3019.110093,-0.556729185,4695.715547,0.129747693,4352.947491,0.125683081,7386.389055,-0.310788824,4104.957005,-0.337772487,6535.036972,0.272707711,35.0818936,808,23.41260886,70666.95601,3778686.75,108752.5061,250.6442078,26470.9,1066.760558,5984.279068,181900,8322.872664,10827.03545,546016,21949.19298,15.04892345,155,22.48255829,101.7391281,101963883,-0.029045659,1702.400024,2904,-0.021946428,46.43999863,14857100,0.042424229,17.85400009,10800,-0.012172143,5058.879883,0,0,6.755199909,0,0.008163555,1008.840027,0,0.060507943,97.58999634,1722605,-0.068708889,4248.529785,691200,-0.040699698,101.1600037,109537,-0.054756056,17555,90061,-0.008752117,265.6000061,65518,-0.05614779,86,293384762,-0.005780347,11.27999973,117808301,-0.025906752,28.06999969,45900,0.005912883,3863.159912,19693570000,-0.009288649,6941,10076,10368,846,4073,766,1155,8561,2150,-0.056929348,-0.011284467,0.062186251,-0.005875441,-0.009243493,0.019973369,-0.006024096,-0.000933598,0.040154814
2022-29,2992,22352,7493,41125,6437,7489,4330,2824,6160,15421,1200,11561,13396,7320,582,796,712,2528,1110,1978,0,77407,5104,1741,35717,1228,2589,1929,1469,1423,3264,3851,12459,768,9637,1332,7616.048541,-0.041555903,8322.991324,0.071847512,2713.42903,-0.10124873,3508.565509,-0.252815578,3989.21094,-0.083560978,8055.360965,0.090568193,4728.398796,0.151875352,5704.138431,-0.127145194,34.65262449,760,21.22387228,80947.78298,15559698,169883.4255,209.7575164,31704.94,550.5732032,5816.752013,865962.575,9193.090592,10766.88723,871880,20381.72374,15.08102331,175,23.24448944,106.5,137351547,0.046794896,1727.099976,2322,0.0145089,45.38999939,14701300,-0.022609803,19.09000015,94600,0.069228187,5058.879883,0,0,6.765600204,0,0.001539598,928.3200073,0,-0.079814458,94.69999695,1089917,-0.029613685,4238.22998,541900,-0.002424322,103.1999969,110290,0.020166006,18195,108490,0.03645685,283.3999939,59291,0.067018025,89.5,248699068,0.040697674,12.10000038,150499627,0.072695095,30.45000076,145100,0.084788069,3961.629883,20385270000,0.025489489,6888,10093,11191,844,4132,767,1131,8538,2146,-0.007635787,0.001687177,0.079378858,-0.002364066,0.014485637,0.001305483,-0.020779221,-0.002686602,-0.001860465
2022-30,2755,19635,7024,38221,8004,8665,5854,2176,5817,16692,740,10753,10094,5211,1033,820,565,1686,1053,1725,0,72884,4118,4387,30485,1539,2218,2127,916,2065,2333,4000,13477,1033,7185,1119,7405.96234,-0.027584672,9422,0.132044914,3515.914226,0.295745784,3534.94625,0.007518954,3651.130461,-0.08474871,9317.694293,0.156707233,4538.927708,-0.040070877,6510.334912,0.141335364,31.77516301,755,20.38681501,65220.26777,3662674.25,106004.7965,196.2022315,66151.04,836.0727096,5626.181978,2762410,15851.37305,10645.46032,1528940,22805.22153,13.92174424,183,23.46072183,107,86500431,0.004694836,1762.900024,185654,0.020728417,49.81999969,11829800,0.097598598,19.81999969,66700,0.038239892,5058.879883,0,0,6.745800018,0,-0.002926597,908.4500122,0,-0.021404252,98.62000275,1578721,0.041393938,4170.100098,470000,-0.016075079,110.0100021,77572,0.065988424,19790,106859,0.087661445,335,108423,0.182074831,89.59999847,215260632,0.001117301,11.73999977,132589553,-0.029752116,32.13000107,189400,0.055172422,4130.290039,20488830000,0.042573426,6673,10111,11015,841,4119,813,1206,8545,1895,-0.031213705,0.001783414,-0.015726923,-0.003554502,-0.003146176,0.059973924,0.066312997,0.000819864,-0.116961789
2022-31,1568,8133,2151,19786,3076,4004,1532,965,1962,8613,268,2740,7560,3315,344,229,6,1000,553,55,0,33146,2373,1353,16948,479,1219,193,621,782,1201,1132,4249,457,4124,388,6938.099227,-0.063173844,5309.367586,-0.436492508,5258.364713,0.495589589,5184.198861,0.466556631,4692.594276,0.285244207,11798.45026,0.266241399,3674.651142,-0.190414261,6779.310658,0.041315194,38.26345533,207,15.72239081,67497.66499,1467591.75,108448.9517,201.2894521,29847.92,686.7388032,5895.969548,166366.39,8854.74319,11335.44564,644600,22224.21194,11.81157158,95,16.2454303,107.5,61654271,0.004672897,1772.900024,3112,0.005672471,49.93999863,11365000,0.00240865,19.95000076,33500,0.006559085,5058.879883,0,0,6.747799873,0,0.000296459,901.9000244,0,-0.00721007,89.01000214,1773877,-0.097444741,4156.910156,558700,-0.00316298,94.91999817,102877,-0.137169382,20950,189416,0.058615462,343,102626,0.023880597,90.5,195553282,0.01004466,11.31999969,121077824,-0.035775135,32.52500153,80400,0.01229382,4145.189941,21651540000,0.003607471,6149,9421,11095,847,3962,796,1184,8631,1560,-0.078525401,-0.068242508,0.007262823,0.007134364,-0.038116048,-0.020910209,-0.018242123,0.010064365,-0.176781003
2022-32,2582,17307,7009,32689,6913,7355,3243,1276,3719,17788,770,8247,12427,4386,532,1036,207,2159,365,408,0,63918,4004,3251,25972,889,2340,3107,1092,2279,2073,4352,10840,769,5590,1364,7059.857149,0.017549176,5328.261,0.003558506,4215.641495,-0.198298002,3808.971423,-0.265272895,3600.593842,-0.232707191,7240.55018,-0.386313455,4086.631552,0.112114155,6272.641151,-0.074737615,34.55263977,824,24.26320294,66794.80824,2595170.5,100438.1151,219.529494,51903.41,1045.059752,5285.586964,975000,10795.57258,11083.23081,542000,22102.0634,14.56624204,112,21.55070778,104.5,60259341,-0.027906977,1798.599976,2399,0.014495996,51.86000061,15821400,0.038446176,20.0510006,8900,0.005062648,5058.879883,0,0,6.743599892,0,-0.000622422,884.4099731,0,-0.01939245,92.08999634,1677155,0.034602788,4191.149902,488100,0.008236826,98.15000153,108414,0.034028692,20030,93100,-0.043914081,311.7999878,99173,-0.090962135,91.09999847,218429719,0.006629817,11.76000023,116771392,0.038869306,33.29999924,54900,0.023827753,4280.149902,21098400000,0.032558209,6061,9363,11111,874,4063,785,1235,8616,1477,-0.01431127,-0.006156459,0.001442091,0.031877214,0.025492176,-0.013819095,0.043074324,-0.001737921,-0.053205128
2022-33,2867,17093,7123,37762,5650,7742,3536,2078,3394,17409,686,6679,14201,5106,828,633,338,2044,1069,1885,0,67628,4194,3132,30443,2329,2378,2007,1131,1878,1020,3257,10487,1028,6242,2296,7112.073845,0.007396282,6403.9625,0.201886037,3501.134806,-0.169489434,3244.219728,-0.148268819,4090.104294,0.135952699,9877.836329,0.364238364,4030.776634,-0.013667716,4900.101152,-0.218813729,35.61707057,751,25.27615874,71193.89052,7236319,153700.7009,392.9307636,49182.95,1897.315955,5516.558854,690000,14747.00034,11340.60469,702000,26337.20641,17.89062583,207,33.16262136,100.5,58081666,-0.038277512,1747.599976,765,-0.028355388,49.11999893,31277300,-0.052834586,19.13999939,8700,-0.045434202,5058.879883,0,0,6.784599781,0,0.006079822,929.2000122,0,0.050643978,90.76999664,949898,-0.014333801,4151.069824,531200,-0.009563027,96.72000122,107813,-0.014569539,19665,127493,-0.018222666,296.6000061,85855,-0.048749141,86.40000153,192190826,-0.051591625,11.60000038,140770065,-0.013605429,31.68899918,50800,-0.048378381,4228.47998,19013350000,-0.012071989,5905,8964,10374,853,3986,787,1190,8648,1279,-0.025738327,-0.042614547,-0.066330663,-0.02402746,-0.018951514,0.002547771,-0.036437247,0.00371402,-0.134055518
2022-34,2295,15716,4993,27742,7252,7112,3772,1347,4431,12794,607,5074,10447,5095,502,966,314,852,982,1408,0,55703,3390,2722,21066,490,1236,1845,630,880,4619,2508,9928,1379,7514,886,6506.721039,-0.085116215,5728.709464,-0.105443003,2968.58683,-0.152107247,3223.449128,-0.00640234,3569.482334,-0.127288187,6654.158756,-0.326354625,3642.349589,-0.096365311,5777.969628,0.179153134,34.80882876,797,23.3529015,62300.48061,3379487,88078.56983,176.8804041,26060.14,577.6095939,4824.591143,137345.87,6487.962814,10733.39822,554000,20626.67756,13.81659601,160,21.21786933,93.09999847,55671827,-0.073631856,1736.099976,1417,-0.006580453,41.04999924,34699800,-0.164291528,18.36599922,5600,-0.040438882,5058.879883,0,0,6.84829998,0,0.00938894,898,0,-0.033577283,93.05999756,1526929,0.025228611,4107.549805,545000,-0.010484049,100.9899979,109033,0.044148021,18375,131333,-0.06559878,272,106514,-0.082940005,83.40000153,114265983,-0.034722222,11.47999954,113706866,-0.0103449,30.70000076,69600,-0.031209519,4057.659912,18714200000,-0.040397511,5738,8878,10001,853,3977,765,1140,8614,1082,-0.028281118,-0.009593931,-0.035955273,0,-0.002257903,-0.027954257,-0.042016807,-0.003931545,-0.154026583
2022-35,1992,8440,3473,21866,2861,3617,1467,520,1634,5883,708,6813,9679,2866,168,506,413,1272,828,266,0,36640,2555,1392,19559,645,1856,196,569,956,388,1421,6272,208,2717,461,5772.893502,-0.112779929,10215,0.783124116,3862.577065,0.301150105,3614.582898,0.12134014,4517.929512,0.265710008,7207.698559,0.083187045,4805.988584,0.319474824,6228.763227,0.078019378,29.94133255,738,30.86926625,55911.57269,22635444,183336.6924,240.5797,33334.58,917.1256499,5223.272113,1363227.065,11914.00664,10912.23003,1229545,23521.71247,8.459414308,82,10.25926853,78,97161446,-0.162191179,1709.800049,4333,-0.015148855,34.33000183,30013000,-0.163702741,16.92900085,13300,-0.078242319,5058.879883,0,0,6.905499935,0,0.008352431,896.5700073,0,-0.001592419,86.87000275,1596521,-0.066516172,4023.610107,504400,-0.020435467,93.01999664,83575,-0.078918719,17155,168146,-0.066394558,227.8000031,123206,-0.162499989,71.09999847,263510581,-0.147482048,10.64000034,483065740,-0.073170665,28.73900032,111700,-0.063876234,3924.26001,19592960000,-0.032876068,5127,8107,8991,744,3891,691,1116,8316,1086,-0.106483095,-0.086843884,-0.100989901,-0.127784291,-0.02162434,-0.096732026,-0.021052632,-0.034594846,0.003696858
2022-36,2398,20427,5226,28111,7776,6646,4676,1575,7428,14843,446,5182,9746,4486,676,605,529,3004,944,684,70,61540,3573,3431,21063,1522,1785,1558,1233,1109,3490,3966,11597,1106,8785,895,6229.293721,0.079059179,2546.24,-0.750735193,4674.098785,0.210098519,2651.2373,-0.266516394,4247.791153,-0.059792513,9351.760759,0.29746835,4128.064481,-0.141058201,6064.71397,-0.026337372,31.54917084,524,23.81415485,69354.05455,2450829.75,101962.4048,272.3996553,51198.7,1402.606455,4813.581636,319670.72,9259.838867,11276.74144,534173,26840.47837,16.25855113,110.5,21.52268353,74.09999847,76948556,-0.05000002,1716.199951,3176,0.003743071,32.06000137,29939600,-0.066122934,16.82699966,8300,-0.006025234,5058.879883,0,0,6.956500053,0,0.007385435,881.75,0,-0.016529671,86.79000092,1448987,-0.000920937,4093.790039,534300,0.017442031,92.83999634,107733,-0.001935071,16230,139884,-0.05392014,218.8000031,93484,-0.03950834,67.80000305,210497343,-0.046413439,10.19999981,214884004,-0.041353432,28.88999939,38900,0.005254152,4067.360107,15886450000,0.036465499,4567,7790,8751,749,3898,728,1115,8159,1213,-0.109225668,-0.039102011,-0.02669336,0.00672043,0.001799023,0.053545586,-0.000896057,-0.018879269,0.11694291
2022-37,2548,13638,5847,28702,6840,5171,3753,1196,3231,14148,629,3633,14140,3783,552,500,373,1824,549,1545,0,55027,3778,3338,26408,1155,1136,2086,766,1555,1432,2816,8513,443,4667,712,5200.235928,-0.165196544,6807.814,1.673673338,4171.195318,-0.107593675,3444.054257,0.299036588,3764.765655,-0.113712158,8588.853015,-0.081579048,4392.505052,0.064059215,4708.518551,-0.223620673,35.15265401,457,19.12150924,61394.38572,2570673.75,113188.4817,250.3587487,44503.85,915.6439741,4596.072291,254165.775,8938.689725,11262.69062,548300,22654.62419,12.76025119,108,16.81681028,80.69999695,105780422,0.089068807,1671.699951,2621,-0.02592938,29.53000069,28146400,-0.078914553,16.00499916,6400,-0.048850093,5058.879883,0,0,6.993000031,0,0.005246888,923.25,0,0.047065495,85.11000061,1281670,-0.019357072,3932.679932,463800,-0.039354756,91.34999847,131535,-0.016049094,14635,209435,-0.0982748,190.6000061,111599,-0.128884811,73.5,247347782,0.084070748,9.899999619,107904353,-0.029411784,27.95000076,81400,-0.032537163,3873.330078,24728470000,-0.047704168,3866,7176,7693,771,3777,693,1126,8027,1553,-0.153492446,-0.078818999,-0.120900469,0.029372497,-0.03104156,-0.048076923,0.009865471,-0.016178453,0.280296785
2022-38,3383,19027,6549,45127,5370,6698,4452,2732,4584,14815,1372,6955,19730,7040,753,509,687,2251,1093,2402,0,76073,4216,2784,41358,1316,1630,566,1186,667,1791,2496,11405,951,7972,1951,4355.389174,-0.162463159,6573.918333,-0.034356941,3379.656384,-0.189763095,3282.433207,-0.046927556,4873.882668,0.294604529,8123.396368,-0.054193109,3289.943512,-0.251009738,5544.657305,0.177580006,33.8975972,772,24.86562358,64472.07429,27858304,174819.9916,310.0204705,21623.42,985.6956158,4145.972107,1481470.83,10568.00539,11268.89918,1545805,25077.31689,12.85603301,130,18.99833934,74.90000153,121965398,-0.071871074,1645.300049,7944,-0.015792249,24.87000084,29150800,-0.157805613,14.66300011,8500,-0.083848743,5058.879883,0,0,7.076600075,0,0.011954818,944.3800049,0,0.022886547,78.73999786,1316885,-0.074844351,3856.02002,444200,-0.019493046,86.15000153,111262,-0.056923887,13835,147172,-0.054663478,165.5,107046,-0.13168943,67.40000153,305948399,-0.082993177,9.170000076,164486008,-0.07373733,25.99799919,55400,-0.069839053,3693.22998,21332100000,-0.046497483,3532,6905,7074,795,3699,702,1160,8044,1816,-0.086394206,-0.037764771,-0.080462758,0.031128405,-0.020651311,0.012987013,0.030195382,0.002117852,0.169349646
2022-39,2738,19898,6653,30160,9186,6449,2741,1633,3268,20302,927,7384,12190,5227,664,576,354,1970,1159,1053,0,65897,4142,4619,22507,693,2238,3251,1296,2171,2449,4143,12153,843,7328,2206,4012.363568,-0.078758888,4433.571429,-0.325581608,3339.20645,-0.011968653,3030.208364,-0.076840815,4141.601796,-0.150245897,4983.625421,-0.386509633,2847.695312,-0.134424253,6529.145829,0.177556244,33.09003074,798,21.88575865,69889.89079,3765777.5,112091.2684,192.649539,62446.61,852.1315863,3726.707544,218500,5526.500932,10783.61355,995491,27033.76536,21.52029809,252,40.77242393,66.80000305,104510403,-0.10814417,1662.400024,26980,0.010393226,23.5,23872700,-0.055086481,14.10099983,7200,-0.038327782,5058.879883,0,0,7.123899937,0,0.006683981,963.25,0,0.019981358,79.48999786,1428499,0.009525019,3804.889893,444300,-0.013259819,87.95999908,74461,0.021009838,13865,182243,0.002168413,174.6999969,112607,0.055589105,61.5,349247233,-0.087537113,9.210000038,209362913,0.004362046,23.88999939,34100,-0.081083155,3585.620117,24475900000,-0.02913706,3314,6555,6736,797,3793,701,1149,8036,1760,-0.061721404,-0.050687907,-0.047780605,0.002515723,0.025412274,-0.001424501,-0.009482759,-0.00099453,-0.030837004
2022-40,2768,16379,7169,29826,7165,7717,4848,3573,3516,16161,496,4666,8635,4310,830,405,269,1986,1216,1911,0,60539,3783,1722,26728,1169,2050,3134,1309,1632,1385,2838,10237,711,6556,1068,3258.746406,-0.187823747,8189.857143,0.84723699,3840.996689,0.150272302,2904.409796,-0.041514825,3549.578446,-0.142945503,7369.548311,0.478752452,3455.206474,0.213334327,4632.602343,-0.290473446,34.31248879,431,20.3260727,63990.59772,7213740,120995.9855,211.6662354,23731,653.2203626,3388.931111,935000,10890.75402,10823.48807,838695,23598.21462,13.75209243,155,22.01084411,73.19999695,107808595,0.095808287,1700.5,1431,0.022918657,24,17873300,0.021276596,14.38000011,7600,0.019785851,5058.879883,0,0,7.114999771,0,-0.001249339,943.5800171,0,-0.020420434,92.63999939,1583965,0.165429637,3804.889893,444300,-0.013259819,97.91999817,179856,0.113233279,14050,165519,0.01334295,175,107069,0.001717247,65.09999847,276781959,0.058536561,9.260000229,62005876,0.005428902,24.73999977,45400,0.035579757,3639.659912,22948200000,0.015071255,2632,5558,5794,711,3461,704,1116,7757,1961,-0.205793603,-0.152097635,-0.139845606,-0.107904642,-0.08752966,0.004279601,-0.028720627,-0.034718766,0.114204545
2022-41,2482,14711,5343,25203,7145,6586,3398,1287,1834,10203,772,5325,12137,6891,521,494,201,1908,440,405,0,52402,3473,1569,20075,1812,2322,1076,1066,1169,2336,3001,9009,584,6535,1848,3013.150443,-0.075365166,5366.65,-0.34471995,3065.297875,-0.201952482,3583.969885,0.233975278,4099.02405,0.154791791,4526.59332,-0.385770589,3728.881809,0.079206652,5567.898596,0.201894353,37.0689013,688,23.44604221,62652.78891,3282666.25,93232.64002,190.2368849,21744.74,493.7251316,3507.869553,287500,5393.49123,11509.45993,1708260,27177.52949,14.81352632,127,21.73477035,68.80000305,78464155,-0.060109209,1641.699951,1322,-0.034578094,25.68000031,22984200,0.070000013,14.32999992,23400,-0.003477065,5058.879883,0,0,7.169499874,0,0.007659888,937.5100098,0,-0.006432955,85.61000061,1489995,-0.075885134,3842.469971,509800,0.009876785,91.62999725,148121,-0.064236122,15155,156335,0.078647687,181.1999969,86844,0.035428554,62.79999924,201579420,-0.03533025,9.130000114,145956616,-0.014038889,25.37999916,31100,0.025869014,3583.070068,21864890000,-0.015548113,2434,5308,5549,706,3465,709,1114,7811,1838,-0.075227964,-0.044980209,-0.042285123,-0.007032349,0.001155735,0.007102273,-0.001792115,0.006961454,-0.0627231
2022-42,2408,13179,5684,26035,7557,5066,3092,770,2542,17050,242,9691,6763,3437,544,688,70,1925,326,249,0,52455,3598,2854,18466,608,1471,3163,743,2179,3174,3244,10419,938,4217,979,4386.797816,0.455884098,4248.121563,-0.208422095,2943.963731,-0.039583149,3365.377261,-0.060991758,3166.609443,-0.227472344,10007.26876,1.21077266,4152.598457,0.113631021,6056.035096,0.08766979,32.91762966,383,18.82682425,68468.86567,2934270.5,103991.4461,185.2937345,17014.49,433.8299575,3956.276581,231095,6476.60568,11090.37771,886400,23911.22472,17.08513895,180.5,27.93436078,66.5,80738810,-0.033430275,1651,1620,0.00566489,23.59000015,18883300,-0.081386298,14.49499989,2400,0.011514303,5058.879883,0,0,7.215799809,0,0.006457903,978,0,0.043188862,85.05000305,951780,-0.006541263,3742.889893,463200,-0.025915643,93.5,175697,0.020408194,15745,129452,0.038931046,190.1000061,114460,0.049117049,61,290077896,-0.028662409,9.159999847,159118064,0.003285841,26.19000053,16800,0.031914949,3752.75,22634960000,0.047356018,2124,4924,6187,708,3598,694,1111,7776,1819,-0.127362366,-0.072343632,0.114975671,0.002832861,0.038383838,-0.021156559,-0.002692998,-0.00448086,-0.010337323
2022-43,2756,15920,4954,30753,7624,6774,3750,854,3793,12827,1062,9537,10898,5043,287,515,419,2430,371,691,0,59251,3281,1911,25226,1536,1931,1369,679,1348,2386,3439,9720,651,7851,1204,3491.736593,-0.204035212,2815.575833,-0.337218629,2525.443674,-0.142162097,2855.066471,-0.151635538,3625.783436,0.145004934,2871.571984,-0.713051378,3820.8084,-0.079899384,5366.373226,-0.113880098,33.84384877,756,19.87014013,66943.58126,4159487.25,106136.6933,221.0532949,18239.345,647.5667783,3445.099589,523736.72,5388.421623,10602.40214,816060,23387.43675,14.77891746,190,24.18413084,68.5,76573431,0.030075188,1639.599976,3922,-0.006904921,23.07999992,17067300,-0.02161934,14.29300022,9900,-0.013935817,5058.879883,0,0,7.227900028,0,0.001676906,943.25,0,-0.035531697,87.90000153,1334309,0.033509681,3541.330078,599200,-0.053851388,95.76999664,93076,0.024278039,15225,111094,-0.033026358,179.1000061,99315,-0.05786428,60.59999847,202461131,-0.006557402,8.789999962,175443753,-0.040393001,25.49900055,22400,-0.026384115,3901.060059,23555090000,0.039520367,2012,4784,5771,720,3655,693,1064,7761,1534,-0.052730697,-0.028432169,-0.067237757,0.016949153,0.015842135,-0.001440922,-0.04230423,-0.001929012,-0.156679494
2022-44,1724,7959,2341,17649,3336,2597,2505,654,3475,6941,412,5024,4727,2559,279,161,52,1256,268,375,0,31285,2289,1368,14940,736,1006,127,493,416,863,1482,4970,384,4051,449,3109.708598,-0.109409168,1832.562,-0.349134206,4337.141709,0.71737812,3317.403316,0.16193558,4099.197812,0.130568851,3297.330766,0.148266798,3482.450178,-0.08855671,6884.6213,0.282918837,33.84145783,745,19.60428703,65839.5949,2435707.75,122100.7544,188.9037438,10062.86,443.8679677,3424.599536,357044.9,6055.046699,10767.48323,974380,22873.69766,13.78850555,119.5,20.16099512,66.59999847,77522523,-0.027737249,1672.5,3705,0.020065885,23.17000008,19870600,0.003899487,14.35000038,3100,0.003987977,5058.879883,0,0,7.300799847,0,0.010085892,944.1599731,0,0.000964721,92.61000061,1434500,0.053583606,3767.169922,689700,0.063772605,98.56999969,125688,0.029236746,14585,179789,-0.042036125,165.8999939,242838,-0.073701908,61.20000076,212793220,0.009901028,8.779999733,292569357,-0.001137682,26.72999954,10400,0.048276362,3770.550049,24226300000,-0.033455012,1960,3903,4677,634,3291,693,1064,7748,1323,-0.02584493,-0.184155518,-0.189568532,-0.119444444,-0.099589603,0,0,-0.001675042,-0.137548892
2022-45,2574,13228,5172,31118,6613,5758,4479,1264,2479,13802,669,10387,7767,3516,1094,811,237,1203,784,1881,0,56131,3921,3348,28189,568,1741,1275,768,1620,2761,2042,9094,708,3422,595,3413.964099,0.097840518,3981.072647,1.172408162,3292.181375,-0.240932947,3170.560878,-0.044264271,3782.523203,-0.077252825,3610.161892,0.094874051,3677.975315,0.056145853,5880.363044,-0.145869789,34.46028794,760,17.86767523,57878.62345,31076420,195510.5333,195.3861457,15619.98,496.6383128,3544.496775,1449580.44,10888.36501,10955.67224,4705258,36038.29391,12.75194793,119,18.00869488,73.5,118239050,0.103603629,1766,1144,0.055904335,27.07999992,20163200,0.16875269,16.24900055,12600,0.132334503,5058.879883,0,0,7.185900211,0,-0.015737952,893.9500122,0,-0.053179506,88.95999908,1696614,-0.039412607,3788.439941,611400,0.005646153,95.98999786,133313,-0.026174311,15450,153077,0.059307508,185.8000031,198599,0.119951838,65.19999695,268910002,0.065359414,9.710000038,193059987,0.105922589,28.36700058,20400,0.06124209,3992.929932,24968840000,0.058978101,1835,3612,3866,625,3427,696,1059,7750,1355,-0.06377551,-0.074558032,-0.173401753,-0.014195584,0.041324825,0.004329004,-0.004699248,0.000258131,0.024187453
2022-46,2488,12128,5769,24991,6133,4366,2152,1085,1878,13448,999,6650,8482,4745,839,1022,437,1261,653,990,14,49021,3410,2367,20131,982,1410,2007,696,1633,3138,2068,8384,504,3819,1882,3116.81646,-0.087038888,8656.04,1.174298428,3690.009363,0.12084024,4034.126999,0.272370144,4102.439122,0.084577385,7870.529208,1.180104229,3842.010612,0.044599347,6663.06158,0.133103778,34.47911825,763,22.78013113,63986.56353,2555280.75,100455.8709,302.9099956,51105.61,1339.74308,3725.671292,292000,6181.007444,12232.06254,999520,27468.95264,15.8785045,160,24.82792737,71.80000305,69238561,-0.02312921,1751.900024,1150,-0.007984131,24.78000069,30928600,-0.084933502,15.69099998,8100,-0.034340608,5058.879883,0,0,7.156199932,0,-0.004133133,921.2000122,0,0.030482689,80.08000183,1107886,-0.099820114,3801.570068,662800,0.00346584,87.62000275,139865,-0.087196534,15020,95905,-0.027831715,187,141264,0.006458541,63,172906268,-0.033742286,9.300000191,167948278,-0.042224495,27.92499924,29000,-0.015581533,3965.340088,21831700000,-0.006909674,1708,2756,3204,622,3473,710,1061,7350,1189,-0.069209809,-0.236987818,-0.17123642,-0.0048,0.013422819,0.020114943,0.001888574,-0.051612903,-0.122509225
2022-47,2758,15528,6358,31146,8510,5895,4766,1571,3761,21116,556,6246,6536,4411,737,309,480,2144,1530,1484,0,61542,3486,4310,26457,839,1555,3307,773,1361,2495,3531,10156,764,5153,841,2689.550143,-0.137084209,4269.98,-0.506705145,3168.289305,-0.141387191,3045.195771,-0.245141323,3300.121408,-0.195570901,3724.31159,-0.526802901,3955.114163,0.029438636,4660.754391,-0.300508582,33.82860465,421,18.15578987,59924.68247,2795231.25,97803.83499,180.1396154,9198.31,429.6999682,3172.928432,146475,4893.807673,10810.83487,1119000,26749.25655,16.8846657,171.5,28.56389744,74.90000153,79321469,0.043175464,1753.300049,814,0.000799146,25.67000008,15319800,0.035916036,16.40500069,7900,0.045503837,5058.879883,0,0,7.150300026,0,-0.000824447,909.8499756,0,-0.012320925,76.27999878,1390315,-0.047452584,3775.780029,628900,-0.006784049,83.62999725,102709,-0.04553761,15495,85088,0.031624501,194.6999969,74121,0.041176454,64.90000153,158900479,0.030158754,7.889999866,258686882,-0.151612935,28.64999962,11500,0.025962414,4026.120117,12724860000,0.015327823,1638,2446,2409,622,3491,715,1055,7299,1324,-0.040983607,-0.112481858,-0.248127341,0,0.005182839,0.007042254,-0.005655042,-0.006938776,0.113540791
2022-48,1546,5838,2046,12646,2598,2298,2005,1549,1471,5062,303,3070,3334,1932,210,471,79,364,404,576,0,23128,1324,828,10708,522,815,562,583,820,939,934,3595,271,2122,429,2744.470922,0.020420061,3326.908889,-0.220860779,2287.119334,-0.278121688,3816.740867,0.253364695,3887.256446,0.177913163,6571.049773,0.764366276,2659.367286,-0.327613015,5694.950738,0.221894625,36.81054087,675,23.13122929,61266.72515,3081065.5,91826.39192,197.4282322,17786.2,640.7370464,3203.678561,329238,7743.086389,11924.50244,892530,26527.78861,10.59849416,74,14.22391117,74.5,74784076,-0.005340474,1795.900024,158300,0.024297025,19.39999962,30213800,-0.24425401,16.65800095,17900,0.015422143,5058.879883,0,0,7.043700218,0,-0.014908438,879.1099854,0,-0.033785779,79.98000336,1676103,0.048505567,3870.949951,750800,0.025205367,85.56999969,95160,0.023197447,15025,133743,-0.030332365,194.3000031,102848,-0.002054411,64.80000305,196147162,-0.001540809,8.109999657,237316207,0.027883371,28.95000076,28700,0.010471244,4071.699951,22280580000,0.011321032,1622,2212,2445,592,3540,721,1055,7087,1324,-0.00976801,-0.095666394,0.01494396,-0.048231511,0.014036093,0.008391608,0,-0.029045075,0
2022-49,2579,14574,4964,26722,6475,4915,3286,1492,2469,16509,523,6861,7677,3879,803,446,280,1787,726,1082,0,52735,3456,2637,21694,821,2390,1691,976,2490,2864,2888,8880,886,3660,858,2427.903095,-0.115347488,1449.364677,-0.564350956,3061.392644,0.338536471,3417.525369,-0.104595914,3250.106954,-0.163907244,7295.347677,0.1102256,3752.970261,0.411226753,5146.434417,-0.096316254,33.84393635,403,21.25535378,54422.58951,1966117.88,67398.68061,184.8636372,23853.73,536.9158622,3112.477046,325279.73,4884.868719,11053.29474,893390,25100.63189,15.7717995,139,24.11906663,70.09999847,58014847,-0.059060423,1798.099976,3078,0.001224985,18.56999969,23593900,-0.042783502,16.22500038,14200,-0.025993549,5058.879883,0,0,6.966300011,0,-0.010988572,863.5,0,-0.017756578,71.01999664,1950672,-0.112028086,3998.23999,768800,0.032883411,76.09999847,136248,-0.110669642,14920,110076,-0.006988353,190.3000031,85498,-0.020586721,62.79999924,164951767,-0.030864255,8.31000042,177484483,0.024661008,28.29999924,23400,-0.022452556,3934.379883,20662410000,-0.033725488,1506,2089,2305,633,3588,720,1044,7188,1386,-0.071516646,-0.055605787,-0.057259714,0.069256757,0.013559322,-0.001386963,-0.01042654,0.014251446,0.046827795
2022-50,2791,13504,5508,30338,5841,5616,4359,1526,2630,13155,435,9487,8916,4733,526,549,266,1275,719,999,0,55191,2694,2754,26306,1072,1078,1405,820,1643,2430,3097,7695,915,4780,1196,2753.498077,0.134105427,6164.9775,3.253572338,2791.552238,-0.088143024,3045.039059,-0.10899299,3566.395446,0.097316334,6110.738807,-0.162378672,3477.5011,-0.073400305,5197.610298,0.009943949,33.91471264,584,18.36444569,62870.87304,6962098.5,103875.8612,235.1281951,88116.14,952.3354771,3114.199976,167760,5739.28803,11648.59439,821400,27189.83727,14.19376435,216,23.69762101,78.80000305,108023353,0.124108485,1790,1991,-0.004504742,17.54999924,17313600,-0.054927328,16.6779995,16300,0.027919822,5058.879883,0,0,6.972199917,0,0.000846921,878.0499878,0,0.016850015,74.29000092,1292767,0.04604343,3954.22998,507500,-0.011007346,79.04000092,131311,0.03863341,14760,153358,-0.010723861,185.1000061,73939,-0.027325259,65.30000305,284885978,0.039808978,8.350000381,164899035,0.004813473,29.04999924,31500,0.026501767,3852.360107,25443390000,-0.020846938,1526,2077,1992,630,3632,702,1031,7120,1560,0.013280212,-0.005744375,-0.135791757,-0.004739336,0.012263099,-0.025,-0.012452107,-0.009460211,0.125541126
2022-51,2425,13828,3611,23997,5731,4549,2824,753,2491,13557,360,8229,7939,3039,306,702,211,1183,405,619,0,47167,3453,2304,20969,1223,1416,1140,712,1656,1904,1926,7388,619,4979,931,2107.943531,-0.234448882,10961.71333,0.77806218,3463.538888,0.240721503,3704.555629,0.216587228,3889.842831,0.090693079,6199.034509,0.014449268,3115.990703,-0.103956947,4746.837933,-0.086726849,35.40033892,460,18.1302716,63888.26323,3121620,110714.1465,200.1520326,25343,576.6496613,2974.571456,219075,5165.845078,11061.74219,601400,24282.10734,13.76241762,267,29.44678858,86.19999695,269880517,0.093908548,1795.900024,625,0.003296103,17.51000023,16760000,-0.002279146,14.13000011,17100,-0.15277608,5058.879883,0,0,6.982999802,0,0.001548992,870.8599854,0,-0.008188603,79.55999756,1015617,0.070938169,3828.219971,403800,-0.031867142,83.91999817,81824,0.061740855,15895,110713,0.076897019,192.8000031,55242,0.041599118,67.30000305,495168621,0.03062787,8.149999619,79342447,-0.023952186,29.20000076,29800,0.005163564,3844.820068,18506410000,-0.001957252,1497,1989,1847,636,3635,699,1031,7091,1515,-0.019003932,-0.042368801,-0.072791165,0.00952381,0.000825991,-0.004273504,0,-0.004073034,-0.028846154
2022-52,2746,13875,5099,28756,5846,4782,4470,1268,2215,11086,654,6168,10047,6040,945,713,309,1432,2041,1406,0,53576,3185,2381,23142,1114,1074,926,827,2104,2087,2880,10033,812,4472,1724,2191.559804,0.039667226,1492.150769,-0.863876137,3457.342869,-0.001788927,3480.561346,-0.060464548,3637.308337,-0.064921516,9521.635357,0.535986829,4003.351678,0.284776516,6365.836066,0.341068761,35.35895826,410,17.26426972,65819.33856,9802970,113758.2516,225.2463883,49697.4,815.6992225,3059.048409,455294.4,6531.702487,11611.46269,610000,24465.67295,15.16490399,162,25.39319104,80.09999847,137738947,-0.070765646,1819.699951,875,0.013252367,17.19000053,14477800,-0.018275254,13.85400009,17800,-0.01953291,5058.879883,0,0,6.963099957,0,-0.002849756,856,0,-0.017063576,80.26000214,813085,0.008798449,3871.629883,393100,0.011339451,85.91000366,52870,0.023713126,15620,67137,-0.017301038,177.6000061,51999,-0.078838157,65.5,167787500,-0.026745958,7.960000038,52467402,-0.023312833,27.79000092,38000,-0.048287665,3839.5,12097370000,-0.001383698,1524,2011,1760,644,3654,698,1025,7091,1515,0.018036072,0.011060835,-0.047103411,0.012578616,0.00522696,-0.001430615,-0.005819593,0,0
2023-01,1805,7743,3901,20824,2991,4464,1641,666,616,8930,208,4992,6549,3342,747,156,181,1559,424,978,6,35459,2225,1029,19007,891,1262,2070,282,305,1132,1351,4342,572,2403,813,1728.677276,-0.211211452,1387.5,-0.070134179,3574.401458,0.033857964,3445.511973,-0.010070035,3194.79824,-0.121658671,7365.74935,-0.22641972,3124.839442,-0.219444182,9775.052368,0.535548868,39.58332075,633,47.0418317,66041.83459,3713178,115793.2481,443.0331685,21195.075,2142.681893,2691.465177,121508.8,4819.295624,11830.22383,628020,26915.90044,19.67955106,236,38.85805605,77.80000305,72735950,-0.028714051,1864.199951,104,0.024454581,17.12999916,13958000,-0.003490481,13.92500019,6200,0.005124881,5058.879883,0,0,6.881499767,0,-0.011718946,851.5,0,-0.005257009,73.76999664,1249813,-0.080862264,3980.889893,453300,0.028220675,78.56999969,104149,-0.085438292,15655,105439,0.002240717,176.3000031,105925,-0.007319837,63.59999847,103659012,-0.029007657,7.809999943,80683758,-0.018844233,26.99699974,48800,-0.028535486,3895.080078,16190230000,0.014475864,1463,1916,1474,571,3325,661,1010,6411,1130,-0.040026247,-0.047240179,-0.1625,-0.113354037,-0.090038314,-0.053008596,-0.014634146,-0.095896206,-0.254125413
2023-02,3326,18823,5545,41822,3526,5981,5109,2505,2543,13533,598,15538,10250,6311,891,422,490,1673,1386,2008,478,69716,3986,1828,38613,867,1463,1819,1279,1046,1687,2466,8608,694,7932,1414,1785.452176,0.032842972,1886.517432,0.359652204,3424.048786,-0.042063734,1990.823291,-0.422198121,3362.536141,0.052503441,6438.833376,-0.125841368,3184.031563,0.018942452,6263.525659,-0.359233544,94.81415884,526,118.3455935,58700.28157,11017143,108656.3841,187.001185,29829.71,559.2336845,2357.545221,224871.28,4518.196141,11011.38217,891151,28491.02592,14.2397197,158,22.52422138,74.5,72883102,-0.04241649,1918.400024,1970,0.029074174,17.01000023,19678000,-0.007005192,14.14999962,6600,0.016157948,5058.879883,0,0,6.737800121,0,-0.020882024,818,0,-0.039342337,79.86000061,1578855,0.082553941,4074.379883,505400,0.023484696,85.27999878,128738,0.085401541,14655,127602,-0.063877355,191.3000031,102730,0.085082245,61.90000153,120694800,-0.026729512,7.949999809,87415657,0.017925719,27.88500023,19800,0.032892562,3999.090088,20846120000,0.026702919,1453,1856,1383,584,3324,664,1041,6365,946,-0.00683527,-0.03131524,-0.061736771,0.022767075,-0.000300752,0.004538578,0.030693069,-0.007175168,-0.162831858
2023-03,3429,19124,5999,45796,5664,6414,4240,2033,2638,18104,948,13228,14207,7995,524,958,360,2134,1242,1219,339,76583,4727,2849,40587,719,1337,1261,951,1190,2415,3016,10852,634,8682,2090,1766.724326,-0.010489136,2190.136528,0.16094158,2914.022934,-0.148954026,3364.764655,0.690137276,3695.123681,0.098909729,5501.331052,-0.145601271,2549.246783,-0.199365103,4527.428903,-0.277175644,78.8895118,666,104.3511421,70749.91081,6944492,120907.3895,228.8932433,120364.03,936.6416794,2408.855645,120000,4294.415659,10946.06399,1510320,28347.18033,14.78935996,182.5,24.29925661,73.59999847,26537818,-0.012080557,1926.400024,3450,0.004170142,18.39999962,16997700,0.0817166,14.3210001,11000,0.01208484,5058.879883,0,0,6.775800228,0,0.005639839,823.25,0,0.006418093,81.30999756,763832,0.018156736,4181.529785,549300,0.026298457,87.62999725,116315,0.027556268,14865,98144,0.01432958,210.1999969,179112,0.098797666,62,43725971,0.001615484,8.100000381,85528018,0.018867997,28.48999977,27300,0.021696236,3972.610107,16539130000,-0.006621501,1581,1778,1348,606,3249,634,1040,6109,763,0.088093599,-0.042025862,-0.025307303,0.037671233,-0.022563177,-0.045180723,-0.000960615,-0.040219953,-0.193446089
2023-04,2432,15781,6444,24805,5336,5970,4788,1412,1681,16030,392,4599,7104,5696,350,651,306,1338,744,1229,76,52366,3807,4053,19818,1575,1990,3110,882,993,2615,2443,8277,757,5248,605,2238.871873,0.267244606,8200.02375,2.744069671,2623.871945,-0.099570592,2766.392088,-0.177834894,3073.263153,-0.168292209,6997.156377,0.271902438,2872.368442,0.126751816,4539.205323,0.002601127,36.74309695,636,41.8325339,69714.48261,1816086.25,89048.89871,202.2984173,66622.045,661.3761292,2730.403658,224714.47,4651.076769,10971.81675,893190,24602.302,17.96334361,216,32.60699572,73.59999847,26537818,-0.012080557,1928.599976,151459,0.001142001,18.61000061,17101000,0.011413098,14.34500027,41400,0.001675872,5058.879883,0,0,6.78249979,0,0.000988748,801.7800293,0,-0.026079527,79.68000031,1541165,-0.020046702,4181.529785,549300,0.026298457,86.66000366,91958,-0.011069196,14440,114532,-0.028590649,197.6000061,104530,-0.059942869,62,43725971,0.001615484,7.929999828,29016353,-0.020987722,28,43900,-0.017199009,4070.560059,18707010000,0.024656321,1565,1785,1345,637,3164,634,1021,6086,676,-0.010120177,0.003937008,-0.002225519,0.051155116,-0.026161896,0,-0.018269231,-0.003764937,-0.114023591
2023-05,1855,8677,2359,16686,3577,4150,1258,490,1469,6333,644,6410,5247,3170,44,610,85,329,620,385,55,31299,2201,1448,13350,320,1726,731,831,856,294,1031,7219,862,2450,181,2244.56289,0.002541913,1501.960849,-0.816834573,1922.432588,-0.267329874,3382.488708,0.222707628,2725.572235,-0.113134119,4859.22496,-0.305542895,3578.432422,0.24581247,4325.394288,-0.047103187,94.22046852,646,123.2045645,61484.47418,2808739.5,105278.8631,180.4175926,22611.665,517.7083798,2721.627247,76930,4236.080114,11103.18492,4155700,38662.69508,15.51240516,202,28.16845591,79.5,75926106,0.080163066,1862.900024,33160,-0.034066137,22.85000038,27022100,0.227834478,14.98200035,31500,0.044405721,5058.879883,0,0,6.731500149,0,-0.007519299,779.5,0,-0.027788207,73.38999939,1754188,-0.078940774,4141.629883,681000,-0.009541939,79.94000244,113816,-0.077544437,15960,134146,0.105263158,217.8000031,117582,0.102226702,63.59999847,154250032,0.025806427,8.479999542,181059778,0.069356838,28.99799919,28600,0.035642828,4136.47998,23657120000,0.016194313,1384,1688,1577,577,3006,660,1014,5487,621,-0.115654952,-0.054341737,0.172490706,-0.094191523,-0.049936789,0.041009464,-0.006856024,-0.098422609,-0.081360947
2023-06,2344,19188,4971,21606,6433,7771,3014,997,2649,14908,545,6862,6167,4221,481,455,171,1833,714,980,430,52198,2877,3251,14847,2364,3019,1957,1132,1264,2151,3274,9573,1216,7152,998,1966.980299,-0.123668885,961.9939286,-0.359507986,2428.078238,0.263023865,2281.377896,-0.325532738,3124.536952,0.146378332,5515.647241,0.135087856,2330.82969,-0.348645045,3795.651708,-0.122472668,80.66553319,676,114.1014202,71004.41675,4660422,105800.2399,210.1082862,29061.045,623.0051806,2451.302506,96000,3121.650382,11125.74827,1027026,24839.41019,14.26928047,151,20.6806379,75.5,47169849,-0.050314465,1862.800049,1201,-5.37E-05,22.45999908,20070400,-0.01706789,14.68900013,5300,-0.019556816,5058.879883,0,0,6.779699802,0,0.007160314,799.7999878,0,0.026042319,79.72000122,1821993,0.086251559,4106.310059,485400,-0.008528001,86.38999939,147052,0.080685473,15300,222525,-0.041353383,265.3999939,259325,0.218549083,60.59999847,88110629,-0.047169812,8.579999924,90808666,0.011792498,29.81999969,54800,0.028346801,4090.459961,20661640000,-0.011125406,1342,1667,2001,573,3020,677,1039,5293,602,-0.030346821,-0.012440758,0.268864933,-0.006932409,0.004657352,0.025757576,0.024654832,-0.035356297,-0.030595813
2023-07,2126,13633,3906,19691,7298,4790,1743,714,3521,11874,410,8338,6286,3303,203,688,84,1660,624,288,2,44528,3283,3498,13465,569,1767,1136,837,1504,3171,3047,9320,931,4619,664,2935.812635,0.492548063,3169.583333,2.294805964,2631.753901,0.083883484,3032.129391,0.329078097,2965.622362,-0.050860205,3076.351497,-0.442250136,2920.494048,0.252984746,4131.667808,0.088526589,34.29818576,595,30.68749427,68938.36493,3240000,115822.0092,251.9614261,18212.59,1081.209032,2997.23318,614250,6353.057738,12182.28257,1498500,30703.5594,13.81676969,108,18.09273916,73.30000305,34726118,-0.029139032,1840.400024,1850,-0.012024922,22.15999985,17914400,-0.013357046,14.52600002,9100,-0.011096746,5058.879883,0,0,6.859700203,0,0.011799992,791.1199951,0,-0.010852704,76.33999634,1076590,-0.042398455,4034.51001,628500,-0.017485296,83,107452,-0.039240646,15590,157452,0.018954248,269,125913,0.013564454,59.79999924,86068592,-0.013201308,8.31000042,67744949,-0.031468474,30.2670002,48800,0.014989957,4079.090088,19642940000,-0.002779607,1331,1562,2038,566,3010,680,1036,5253,538,-0.008196721,-0.062987403,0.018490755,-0.012216405,-0.003311258,0.004431315,-0.002887392,-0.007557151,-0.106312292
2023-08,2984,21230,6249,32119,6334,8541,3582,1158,2921,15468,354,13703,9809,4147,857,790,156,2708,965,759,14,65932,4172,3817,24030,1744,2075,2467,781,1895,3113,3548,11630,795,8684,1353,2184.038638,-0.256070155,2441,-0.229867228,3023.212957,0.148744553,2169.267241,-0.284572998,2865.453741,-0.033776594,4582.138243,0.489471618,2713.094999,-0.071015056,3194.062429,-0.226931453,78.23764063,680,107.9354059,76912.20018,3907323.5,123304.936,193.716005,43032,540.9867743,2491.728507,187395.83,3826.754054,11598.56512,1042876.56,27600.06532,22.88219386,338,50.61372652,79.59999847,91777265,0.085948092,1808.800049,1835,-0.017170167,23.97999954,16202700,0.082129951,14.83899975,13700,0.021547551,5058.879883,0,0,6.907000065,0,0.006895325,803.7999878,0,0.016027901,76.31999969,1397461,-0.000261942,4061.050049,616500,0.006578256,83.16000366,80084,0.001927755,15960,135267,0.023733162,266.2000122,110943,-0.010408877,64.59999847,190846433,0.080267547,8.31000042,84659960,0,31.15600014,41700,0.029371921,3970.040039,16031550000,-0.026733915,1312,1585,2052,564,2980,674,1033,5143,883,-0.014274981,0.014724712,0.00686948,-0.003533569,-0.009966777,-0.008823529,-0.002895753,-0.020940415,0.641263941
2023-09,1397,5556,2737,11121,2103,2408,2372,1888,687,4349,38,3221,3164,707,286,362,89,275,485,1182,4,21517,1423,1494,9588,149,1536,921,491,350,206,427,3616,734,1541,464,1721.414782,-0.211820363,1037.095,-0.57513519,3388.222836,0.120735748,2470.524143,0.138874961,78168.80052,26.27972866,4889.548625,0.067088849,3395.753,0.251615959,3467.771224,0.085693001,36.2432169,401,20.40978717,95257.73543,6368846,398136.5409,287.8249192,29169.05,1047.735027,15534.27704,1669514.03,145942.542,26299.37388,1650021.78,146713.3821,13.06112916,95,19.30640004,81.09999847,47181641,0.018844221,1847.699951,1873,0.021505916,22.40999985,28917400,-0.065471215,15.36699963,11400,0.035581905,5058.879883,0,0,6.913799763,0,0.000984465,812.3800049,0,0.010674319,79.68000031,1542837,0.044025165,4130.549805,668600,0.01711374,85.83000183,102887,0.032106759,16965,142579,0.062969925,290,112239,0.089406411,67.09999847,149102380,0.038699691,8.920000076,147897363,0.07340549,32.24200058,58600,0.034856863,4045.639893,21459460000,0.019042592,1259,1488,1847,593,3045,636,1035,4800,1211,-0.040396341,-0.061198738,-0.099902534,0.05141844,0.021812081,-0.056379822,0.001936108,-0.066692592,0.371460929
2023-10,2996,15476,6380,33771,6649,7756,3371,1879,2211,13222,672,12659,8906,5048,688,807,589,1752,1158,1419,139,62276,4671,2289,29457,1102,1855,2165,884,1710,4006,2428,9570,1096,4404,1310,1723.022506,0.000933955,1237.16,0.192909039,2236.696381,-0.339861488,2217.340162,-0.102481889,2905.818354,-0.962826366,5491.363216,0.12308183,2817.031998,-0.17042494,3568.627052,0.029083761,33.7714408,537,21.82533593,60678.13308,10154374,108922.1437,205.3009977,29666.715,578.5410321,2206.336601,887640,5695.405454,11408.90127,1854940,27452.07639,12.57295292,129.5,18.63969305,79.09999847,74418646,-0.024660913,1862,1110,0.007739378,19.56999969,18623900,-0.126729146,14.63899994,26600,-0.047374224,5058.879883,0,0,6.963600159,0,0.007203043,795.9500122,0,-0.020224516,76.68000031,1748316,-0.037650602,3967.139893,717200,-0.039561298,82.77999878,126111,-0.035535395,15855,124156,-0.065428824,303,114817,0.044827586,68.69999695,403880918,0.023844985,8.539999962,86566921,-0.042600909,30.81699944,60500,-0.044197045,3861.590088,21422390000,-0.045493373,1232,1459,1742,588,3055,634,1032,4523,1424,-0.021445592,-0.019489247,-0.056848944,-0.008431703,0.003284072,-0.003144654,-0.002898551,-0.057708333,0.175887696
2023-11,2733,15847,5264,28409,5295,6536,2542,2157,2917,11505,258,11788,6693,3727,499,777,907,2504,901,1086,18,54815,3835,2950,23577,1162,1907,1681,839,1369,1091,3219,8687,682,6795,856,1787.298348,0.037304122,1069.611111,-0.135430251,2812.159549,0.257282648,2103.707139,-0.051247447,2990.153472,0.029022846,4494.734752,-0.181490174,2834.315109,0.00613522,4231.996885,0.185889369,34.21238416,542,15.91442099,61405.56552,3054124.5,93113.85646,226.0384842,31968.25,808.6641665,2330.070255,151209.59,3565.60562,10647.39995,1027026,24976.4089,14.45554864,152,21.65559651,69,144539841,-0.127686456,1969.800049,1650,0.057894763,23.97999954,44615200,0.225344911,14.69200039,63700,0.003620497,5058.879883,0,0,6.897500038,0,-0.009492234,824.8300171,0,0.036283692,66.73999786,1924820,-0.129629661,3958.820068,766000,-0.002097184,72.97000122,182598,-0.118506858,16035,152457,0.011352886,302,188502,-0.00330033,65.40000153,344851034,-0.04803487,8.920000076,144423904,0.044496501,30.01799965,33800,-0.025927241,3916.639893,33867970000,0.014255735,1224,1460,1682,578,3031,621,999,4351,1535,-0.006493506,0.000685401,-0.034443169,-0.017006803,-0.007855974,-0.020504732,-0.031976744,-0.038027858,0.077949438
2023-12,3260,20108,7089,35117,6181,8857,3314,2400,6085,13429,553,10974,11037,4889,707,741,310,2697,787,1550,165,68495,3805,1808,30832,1329,2332,1380,705,2040,2703,2782,11297,1070,9678,539,2006.041721,0.122387722,1652.171538,0.544646948,2293.635473,-0.184386436,2165.128392,0.029196675,3118.071671,0.042779811,4670.100276,0.039015767,3035.70126,0.071052845,5163.57902,0.220128266,30.91822106,532,22.64765765,67559.54678,5509926,125920.6719,234.8313154,20682.71,685.4412718,2456.349148,78400,3758.55379,12168.8722,12360000,68558.68882,16.12680183,200,26.02440479,70.5,40246039,0.02173913,1982.099976,538,0.006244251,23.15999985,25285500,-0.034195151,14.84200001,30300,0.010209612,5058.879883,0,0,6.818399906,0,-0.011467942,806.7999878,0,-0.021859085,69.26000214,1540100,0.037758531,4027.050049,817900,0.017234928,74.98999786,98528,0.027682563,15785,139994,-0.015590895,292,118594,-0.033112583,64.19999695,99657016,-0.018348693,9.199999809,158708934,0.031390104,30.56999969,27300,0.018388968,3970.98999,24375960000,0.013876716,1197,1464,1581,582,3061,622,981,3975,1489,-0.022058824,0.002739726,-0.060047562,0.006920415,0.009897724,0.001610306,-0.018018018,-0.086416916,-0.029967427
2023-13,2842,20527,5120,29840,7113,9202,3500,1602,4616,16223,251,10668,6963,4073,488,454,352,1780,975,1345,108,62600,3401,3122,24199,1319,2192,1837,824,2017,3393,2996,11814,579,7412,896,1913.676669,-0.046043435,1788.245,0.082360371,10227.40354,3.459036173,2374.158166,0.096543823,3231.216113,0.036286671,2924.289758,-0.373827202,2687.193443,-0.114803068,3350.464376,-0.351135256,30.65526151,510,21.14524612,67995.06173,4350962,102992.9463,257.8023363,24124.44,884.3922735,2736.158654,1318800,19855.50321,11865.12421,1547090,31080.35048,16.35805554,160,24.99492717,68.5,23379966,-0.028368794,1969,100537,-0.00660914,23.57999992,15320900,0.018134718,15.02900028,11500,0.012599399,5058.879883,0,0,6.870399952,0,0.007626429,788.8200073,0,-0.022285549,75.66999817,1568843,0.092549752,4050.929932,722800,0.00592987,79.76999664,87978,0.063741818,12445,342849,-0.211593285,302,103761,0.034246575,64.30000305,89229387,0.001557728,8.829999924,202796870,-0.04021738,30.43400002,25100,-0.004448796,4109.310059,20849370000,0.034832641,1180,1436,1636,583,3088,639,977,3949,1389,-0.014202172,-0.019125683,0.034788109,0.001718213,0.008820647,0.02733119,-0.004077472,-0.006540881,-0.067159167
2023-14,2173,9812,4645,21884,3203,4850,2119,1241,1527,6260,344,9226,5650,2422,79,700,418,1753,1048,1013,894,39544,3015,993,18733,1120,1105,1741,530,1423,1547,1807,6393,637,3069,446,1682.890245,-0.120598441,3197.411765,0.788016611,2210.269531,-0.783887521,1735.653778,-0.26893928,2746.456907,-0.150023765,6912.464977,1.363809864,3050.372021,0.135151632,3324.608164,-0.007717203,34.76386688,479,22.11313508,63142.27067,3454841.25,96590.53469,260.4353994,20678.55,924.7792257,2172.835277,106540,3035.93817,11526.83333,1100000,26078.53544,14.90076975,121,22.63505602,69.40000153,16943598,0.013138708,2011.900024,2073,0.021787722,17.38999939,38384300,-0.262510626,14.72999954,19600,-0.019894919,5058.879883,0,0,6.874899864,0,0.000654971,819.4000244,0,0.038766787,80.69999695,1145670,0.066472828,4123.279785,658600,0.01786006,85.12000275,98936,0.067067899,11470,129380,-0.078344717,289.6000061,102331,-0.041059582,65.59999847,58719453,0.020217657,8.609999657,93552041,-0.024915093,29.49200058,36200,-0.030952206,4105.02002,15917210000,-0.00104398,1157,1396,2041,540,2700,595,923,3329,1560,-0.019491525,-0.027855153,0.247555012,-0.073756432,-0.125647668,-0.06885759,-0.055271238,-0.157001773,0.123110151
2023-15,3150,13561,5748,30565,6366,7865,3662,1252,2036,11839,596,10093,8115,4626,619,677,341,1598,984,1447,490,56240,4201,2072,29179,937,1765,2078,923,767,2535,1678,8327,1015,4105,859,1796.152809,0.067302407,1947.614118,-0.390877916,2195.117975,-0.006855072,2231.903909,0.285915393,3053.080118,0.11164319,4054.120093,-0.413505876,2392.756632,-0.215585307,3273.94003,-0.015240333,33.08523015,600,22.9888657,59140.00731,2823084.75,100460.5248,182.8783811,29019,497.6375748,2183.828088,190500,3881.896737,12030.31141,642674,25589.3135,12.587696,94.5,18.41068732,69.90000153,36235948,0.007204611,2002.199951,2653,-0.00482135,21.64999962,32703700,0.244968394,15.66399956,18800,0.063408014,5058.879883,0,0,6.867800236,0,-0.001032688,793.7000122,0,-0.031364427,82.51999664,1467081,0.022552661,4092,779500,-0.007586142,86.30999756,133491,0.013980202,13375,189316,0.16608544,326,152564,0.125690584,66.80000305,112627255,0.018292753,9.380000114,180406642,0.089430951,31.69400024,16700,0.074664303,4137.640137,17894880000,0.007946397,1150,1414,2372,546,2721,591,927,3213,1435,-0.00605013,0.012893983,0.162175404,0.011111111,0.007777778,-0.006722689,0.004333694,-0.034845299,-0.080128205
2023-16,2863,19542,5091,28990,7069,8506,3799,1642,5946,11689,497,9212,7720,4045,554,566,500,3341,1136,1528,11,60692,3205,2076,24170,807,1793,2367,892,1406,1151,3025,10855,814,9417,1919,2498.704539,0.391142516,1800.71,-0.075427733,1912.674866,-0.128668761,1901.022342,-0.148250812,2576.891514,-0.155969901,4494.836671,0.108708318,2662.390973,0.112687742,3056.233909,-0.066496673,32.82433605,409,17.47991542,71799.54115,4820000,143365.7734,294.98129,129646.4,3587.835616,2424.823957,417195,8305.620024,11605.62921,521664,27158.96992,18.30315917,207.5,31.31889666,65,49255265,-0.070100163,1979.5,983,-0.011337505,19.25,18410100,-0.110854488,15.57999992,25700,-0.005362592,5058.879883,0,0,6.872099876,0,0.000626058,792.2299805,0,-0.001852125,77.87000275,1044175,-0.056349904,4032.570068,865100,-0.014523444,81.66000366,132163,-0.053875496,12815,188543,-0.041869159,310,216888,-0.049079755,64.90000153,122483654,-0.028443135,9.550000191,198148598,0.018123675,31.28000069,21000,-0.013062395,4133.52002,18104210000,-0.000995765,1630,1427,2557,516,2720,604,921,3104,1504,0.417391304,0.009193777,0.077993255,-0.054945055,-0.000367512,0.021996616,-0.006472492,-0.033924681,0.048083624
2023-17,3113,16707,6520,37305,7332,8751,2971,1632,4135,16419,569,10730,9738,6740,558,1023,293,2443,626,1189,47,67864,4531,2999,33527,1084,1635,1810,984,1136,2313,3687,10359,1107,6555,668,2029.305599,-0.18785692,1548.023333,-0.140326131,2550.565192,0.333506932,2204.604728,0.159694276,2313.34198,-0.102274206,5278.209742,0.174282878,2356.054899,-0.115060514,3888.16737,0.272208701,33.60028683,522,18.30016899,59725.34881,2050238.125,103643.7828,186.0441918,27353.12,538.4593318,2251.375269,335280,5945.734467,11374.38234,1513512,26055.4843,13.24479791,119,18.02354225,65,43903063,0,1990.099976,1573,0.005354875,17.06999969,23729700,-0.113246769,15.05599976,16100,-0.033632874,5058.879883,0,0,6.922299862,0,0.007304898,802.8599854,0,0.013417827,76.77999878,1840423,-0.013997739,4029.090088,838700,-0.000862968,79.54000092,84968,-0.025961335,12195,123959,-0.048380804,281.2000122,187557,-0.092903186,63.09999847,108039738,-0.027735023,9.079999924,132041437,-0.049214687,30.19199944,23700,-0.034782648,4169.47998,18944960000,0.008699598,1565,1399,2471,516,2634,590,909,3041,1576,-0.039877301,-0.019621584,-0.033633164,0,-0.031617647,-0.023178808,-0.013029316,-0.020296392,0.04787234
2023-18,1949,12915,3318,19703,5931,7151,2627,1372,2588,7425,136,7057,5198,3343,294,173,362,2910,643,442,146,41867,2465,2654,13505,1294,1300,1589,738,681,1565,3036,7475,728,5511,1791,2390.482268,0.177980423,1616.69,0.044357643,1904.000529,-0.253498583,2396.109022,0.086865591,2733.043214,0.181426368,6855.596236,0.298848771,2469.445256,0.048127213,2359.258554,-0.393220937,25.44479482,556,23.38904373,65098.3549,2789562.75,92355.84439,203.0370245,21557.42,560.8489211,2447.214111,183919.39,3742.237659,11212.28921,1043328,32147.96791,15.49997898,126,20.84820061,59.5,37725101,-0.084615385,2017.400024,4444,0.013717928,17.46999931,15192500,0.023432901,14.81799984,23200,-0.015807646,5058.879883,0,0,6.905700207,0,-0.002397997,798.1300049,0,-0.005891414,71.33999634,1866440,-0.070851817,4016.879883,434200,-0.003030512,75.30000305,133624,-0.053306485,11820,89071,-0.030750308,197.8000031,197204,-0.296586079,61.20000076,91317861,-0.030110899,9.020000458,120553641,-0.006607871,28.67900085,53200,-0.050112567,4136.25,21160370000,-0.007969814,1461,1381,2329,478,2381,581,864,2698,1558,-0.066453674,-0.012866333,-0.057466613,-0.073643411,-0.096051632,-0.015254237,-0.04950495,-0.112791845,-0.01142132
2023-19,2903,15564,6638,38270,7581,12318,3141,2028,3748,16245,383,9071,9147,4107,319,1081,726,2962,925,1729,123,68053,4683,2694,31643,1479,2159,2799,978,1569,2716,4417,10844,925,5086,744,1918.188311,-0.197572667,1629.644756,0.008013136,2584.464966,0.357386684,2171.465178,-0.093753599,2506.347021,-0.082946436,4238.612786,-0.381729518,2257.701802,-0.085745353,2598.012461,0.101198704,32.82588241,472,18.10558832,59598.36779,3205275,102303.2373,169.3199135,27122.295,491.4712949,2175.328205,327990,3722.92851,10810.56608,529663.2,23128.94978,15.45612237,160,23.52169437,59.20000076,38001400,-0.005042004,2014.5,697,-0.001437506,17.10000038,10214500,-0.021179104,14.6789999,5300,-0.009380479,5058.879883,0,0,6.947700024,0,0.006081906,794.5,0,-0.004548137,70.04000092,1600402,-0.018222533,3937.76001,1031700,-0.019696848,74.16999817,131025,-0.015006704,12110,115198,0.024534687,189.1999969,128364,-0.043478291,60.20000076,82341463,-0.016339869,9.68999958,194399030,0.074279278,28.72999954,41300,0.001778259,4124.080078,18795580000,-0.00294226,1454,1368,2472,478,2340,574,856,2481,1558,-0.004791239,-0.009413469,0.061399742,0,-0.017219656,-0.012048193,-0.009259259,-0.080429948,0
2023-20,3367,20786,6730,46215,6917,12965,4307,2934,4063,16215,816,10771,13885,8527,221,536,363,2542,781,1638,84,80648,4734,2700,39207,1884,2854,2760,875,1936,3198,5447,9961,941,6816,2069,2098.316285,0.093905261,1677.857143,0.029584599,2085.457582,-0.19307957,2276.181124,0.048223636,2735.548275,0.091448332,6881.129086,0.623438949,2302.013816,0.019627045,2658.01735,0.023096459,31.30714885,507,19.51849395,64549.30324,3366509.5,105558.175,224.2310544,40782.47,707.4851391,2239.32922,109700,3351.994761,10735.50208,937520,22795.15634,19.03071047,160.5,30.35680769,60.29999924,36371016,0.018581055,1978.699951,194,-0.017771183,17.51000023,12661900,0.023976599,14.68900013,6700,0.000681261,5058.879883,0,0,7.035099983,0,0.012579697,795.6400146,0,0.001434883,71.55000305,915862,0.021559139,3944.540039,688200,0.001721799,75.58000183,121207,0.019010431,11860,70412,-0.020644096,184.3000031,99249,-0.025898488,61.29999924,70089156,0.0182724,9.409999847,95885371,-0.028895743,28.38500023,33500,-0.01200833,4191.97998,19277850000,0.016464254,1351,1376,2476,479,2316,560,862,2415,1384,-0.070839065,0.005847953,0.001618123,0.00209205,-0.01025641,-0.024390244,0.007009346,-0.026602177,-0.111681643
2023-21,3003,18107,6274,34837,6048,9373,3271,2835,3926,11359,509,11637,9892,5880,382,463,362,2486,692,1777,422,65266,4864,2093,32408,1701,1888,890,755,1721,2106,2885,9475,938,6527,1879,2045.734052,-0.02505925,978.9277778,-0.416560711,2162.908979,0.037138802,2107.671429,-0.07403176,2671.768902,-0.023315024,4468.142219,-0.350667287,2502.33982,0.087022069,2799.605231,0.053268231,34.95812612,526,17.11526356,67788.10992,3975193.5,124336.7963,224.2747037,240065.52,2242.109446,2243.341317,198671.66,3820.014387,11287.55075,798693,23880.66546,14.40743234,115.5,20.92740387,58.90000153,28923542,-0.023217209,1944.099976,166235,-0.017486216,13.77999973,40309000,-0.213021156,14.31000042,27500,-0.0258016,5058.879883,0,0,7.077400208,0,0.00601274,808.0999756,0,0.0156603,72.66999817,1652309,0.01565332,3850.949951,589600,-0.02372649,76.94999695,139120,0.018126423,11670,126595,-0.016020236,186.8000031,70607,0.01356484,61.29999924,56804881,0,9.010000229,133805934,-0.04250793,27.62999916,21300,-0.026598593,4205.450195,15747060000,0.00321333,1308,1359,2608,477,2301,563,860,2259,1172,-0.031828275,-0.012354651,0.053311793,-0.004175365,-0.006476684,0.005357143,-0.002320186,-0.064596273,-0.153179191
2023-22,2570,10391,3705,28210,3675,7810,2248,2980,1106,6747,300,9347,5907,4003,536,264,220,1505,717,2172,119,45981,2880,1124,26743,578,2225,513,718,1937,1340,517,7233,879,1768,406,1945.658662,-0.048919062,2592.166667,1.647965177,3086.768587,0.427137534,2126.240929,0.008810434,3184.574949,0.191935031,2376.252438,-0.468178871,2530.880589,0.011405633,4573.599438,0.633658698,28.92907147,514,19.63094822,60899.8368,10750947,131747.327,214.8407985,36062.39,813.8595774,2311.70363,163900,3496.85266,11572.35308,1265520,28035.77018,12.79450342,133,21.11136037,58.09999847,42330652,-0.013582394,1952.400024,44903,0.004269353,14.18999958,18626900,0.029753255,14.35999966,9800,0.003494007,5058.879883,0,0,7.092999935,0,0.002204161,801,0,-0.008786011,71.73999786,1603638,-0.012797583,3861.830078,655500,0.00282531,76.12999725,105869,-0.010656267,12270,158276,0.051413882,185.5,52025,-0.006959331,61.5,85601891,0.003262655,7.090000153,275584747,-0.213096562,27.82999992,24200,0.007238537,4282.370117,19055240000,0.018290532,1502,1348,2769,462,2079,545,862,2075,919,0.148318043,-0.008094187,0.061733129,-0.031446541,-0.096479791,-0.031971581,0.002325581,-0.08145197,-0.215870307
2023-23,3190,19597,7430,42967,8452,12649,2661,2411,4864,15923,757,11267,11263,8698,470,696,525,2753,1103,2090,316,78446,5656,3459,36569,2224,2447,2411,875,2258,3777,3358,11141,1454,7117,1356,1860.716188,-0.043657439,7337.130357,1.830501006,1754.364603,-0.431650105,1890.304914,-0.110963914,2817.36749,-0.115308154,4246.052815,0.786869419,2423.709357,-0.042345432,3357.678291,-0.265856502,32.38453291,548,16.94492682,62190.75801,8052611,108736.4743,205.6983635,25802.61,659.9495166,2171.103187,90258.82,3547.912769,11138.37732,1274020,24415.6309,15.35137447,136.5,21.54377308,61.79999924,53378067,0.063683319,1962.199951,1498,0.005019426,12.92000008,15869900,-0.089499615,14.47000027,18100,0.00766021,5058.879883,0,0,7.111199856,0,0.002565899,788.3800049,0,-0.0157553,70.16999817,1784152,-0.02188458,3836.699951,593900,-0.00650731,74.79000092,169001,-0.017601424,12315,125597,0.003667482,185.1999969,58731,-0.001617267,62.90000153,107433147,0.022764252,7.289999962,142794488,0.028208717,28.39999962,44300,0.020481484,4298.859863,19960900000,0.003850612,1464,1343,2684,462,2083,550,876,2020,1055,-0.025299601,-0.003709199,-0.030697003,0,0.001924002,0.009174312,0.016241299,-0.026506024,0.147986942
2023-24,2838,16647,4382,30543,6385,10924,2792,2588,4528,7688,242,10155,6936,5258,444,805,420,1878,946,1343,1010,57957,3791,3022,25306,1302,1998,947,1142,1813,3098,1573,9319,1220,6275,942,1986.192034,0.067434167,1102.915,-0.849680332,2638.875104,0.504177124,1778.121105,-0.059346938,2296.276395,-0.184956736,2531.91631,-0.403701174,2895.559779,0.194681108,3126.014038,-0.068995369,34.90702746,549,18.11787125,59733.79153,8052632,95856.76927,222.7644181,25276.08,727.1486693,2197.649225,172422.1,3823.666369,11615.56838,611938,23921.41099,12.98287671,96,16.06774922,62.59999847,39977968,0.012944972,1958.400024,1205,-0.001936564,13,15235800,0.006191945,14.73600006,20900,0.018382847,5058.879883,0,0,7.119900227,0,0.001223474,793.039978,0,0.005910821,71.77999878,1290370,0.022944287,3963.350098,630900,0.033010178,76.61000061,129616,0.0243348,12185,167604,-0.010556232,187.8999939,72085,0.014578817,64.80000305,122499367,0.030206701,7.179999828,134345372,-0.015089182,28.81200027,28900,0.014507066,4409.589844,23498470000,0.025757988,1271,1267,2885,468,2046,532,839,2059,1076,-0.131830601,-0.056589724,0.074888227,0.012987013,-0.017762842,-0.032727273,-0.042237443,0.019306931,0.019905213
2023-25,3569,21946,7765,47172,5574,11697,3028,2504,5873,16417,858,11659,15237,7495,646,452,345,2680,795,1276,1495,82457,6162,3769,44013,1529,2407,2110,1218,1271,2178,2380,11065,1417,8304,796,1803.902819,-0.091778243,2228.802105,1.020828536,1806.228513,-0.315530883,1787.300774,0.005162567,2764.83516,0.204051553,3428.553316,0.354133745,2355.134314,-0.186639374,2728.619443,-0.12712502,33.94177232,412,20.86168842,64658.80004,8052632,109502.6501,220.6998389,67132.62,662.9438125,2034.494831,193619.2,2946.59563,11319.1069,1459458,24104.97951,14.61765405,114,19.1180799,60.20000076,19021653,-0.038338623,1919.099976,1092,-0.020067427,12.18000031,9600700,-0.0630769,14.09000015,43700,-0.043838213,5058.879883,0,0,7.178500175,0,0.008230445,804.1900024,0,0.014059852,69.16000366,1438971,-0.036500351,3864.030029,375700,-0.025059625,73.84999847,103666,-0.036026656,11805,116762,-0.031185884,184.1999969,37848,-0.01969131,61.5,87522525,-0.050925971,6.869999886,69784784,-0.043175481,27.79000092,21800,-0.035471309,4348.330078,17329740000,-0.013892395,1230,1226,2909,460,2043,533,839,2032,1240,-0.032258065,-0.032359905,0.008318891,-0.017094017,-0.001466276,0.001879699,0,-0.013113162,0.152416357
2023-26,3098,14578,5509,34165,4561,10089,2465,2847,1625,10117,215,12000,7866,4430,507,571,915,1475,859,1478,1354,58813,4554,1628,31260,1281,2052,733,989,2226,1203,1355,11031,1296,3256,503,1951.725463,0.081946013,1499.8075,-0.327079108,2333.438852,0.291884628,2101.795869,0.175960923,2995.481399,0.083421335,3873.818634,0.129869737,2912.693731,0.236742089,2524.246764,-0.074899664,32.32618356,502,17.64037387,57034.58306,8052590,103094.3627,228.7857839,26427.625,577.7523045,2305.362195,726137.24,5532.192275,12792.61465,1087800,30415.7375,16.0169017,320,36.81283655,59,45918141,-0.019933567,1921.099976,1482,0.001042155,12.39000034,10525800,0.017241382,14.59700012,51100,0.035982964,5058.879883,0,0,7.25180006,0,0.010211031,802.8499756,0,-0.001666306,70.63999939,1625901,0.02139959,3842.449951,557600,-0.005584863,74.90000153,84086,0.014218051,11975,113758,0.014400678,185.8999939,64715,0.009229082,63,231819948,0.024390244,7.059999943,79779947,0.027656486,26.10000038,53100,-0.060813259,4450.379883,18347970000,0.023468735,1228,1214,2900,460,2030,534,828,1949,1091,-0.001626016,-0.009787928,-0.003093847,0,-0.006363191,0.001876173,-0.013110846,-0.040846457,-0.12016129
2023-27,2428,13244,4644,31472,4794,7166,2309,1123,2414,10951,363,10644,9597,4632,419,368,136,1775,523,1087,647,54154,4165,2854,28768,1305,1324,2167,466,1604,1873,1606,5735,481,4520,1451,1600.674572,-0.179866942,749.9836538,-0.499946724,1469.590689,-0.3702039,1853.06663,-0.118341292,2366.028297,-0.210134205,3109.759333,-0.197236725,2755.356318,-0.054017836,2571.13318,0.018574419,33.41888475,477,17.57922603,58406.29701,16957050,132784.1134,239.1561545,22878.655,840.1882018,1922.671994,921465.61,6222.221889,9914.074928,2283200,25545.46646,16.33321134,182,28.61149328,56.70000076,148280629,-0.038983038,1926.199951,376,0.002654716,12.71000004,8997700,0.025827255,15.06499958,18800,0.032061345,5058.879883,0,0,7.249199867,0,-0.000358558,803.7999878,0,0.0011833,73.86000061,1518301,0.045583257,3825.699951,541300,-0.004359198,78.47000122,115955,0.047663546,12485,123184,0.042588727,197.8000031,75823,0.064012962,50.59999847,756981189,-0.196825421,7.809999943,159464259,0.106232295,26.88699913,18100,0.030153208,4398.950195,12829400000,-0.011556247,1447,1202,3047,381,1673,541,837,1589,1009,0.178338762,-0.009884679,0.050689655,-0.17173913,-0.175862069,0.013108614,0.010869565,-0.184710108,-0.075160403
2023-28,3289,18274,7026,39476,7536,12314,2703,1495,3632,12429,472,13645,13603,5848,424,630,367,2098,897,935,820,72312,4672,2640,33746,956,2361,3044,1706,1700,3395,2528,11520,942,5935,1839,1746.720695,0.091240359,4066.584,4.422230177,2242.954619,0.52624444,2129.481055,0.149165939,2243.857612,-0.051635344,5051.442975,0.624383894,2340.32571,-0.150626837,2409.65554,-0.062804075,34.21804474,405,16.48195385,63897.13269,8053124.5,114608.3461,235.1078899,21375.965,906.7691909,2026.00258,92904,2662.637823,12076.49075,1513512,30613.63564,14.70020071,173.5,25.92388629,50.40000153,56770012,-0.111111096,1960.099976,758,0.017599432,12.73999977,16603300,0.002360325,15.33699989,52600,0.018055116,5058.879883,0,0,7.150000095,0,-0.013684237,809.460022,0,0.007041595,75.41999817,1660088,0.021121007,3899.100098,532700,0.01918607,79.87000275,121265,0.017841232,13555,132942,0.085702843,230.6000061,129969,0.165824078,44.59999847,316168951,-0.118577079,7.869999886,56769675,0.007682451,27.54999924,23400,0.024658762,4505.419922,18461090000,0.02420344,1448,1212,3155,414,1713,563,839,1617,1090,0.000691085,0.008319468,0.0354447,0.086614173,0.023909145,0.040665434,0.002389486,0.017621145,0.080277502
2023-29,3501,18412,7362,43890,6442,13451,4104,2292,2609,12102,469,13175,13206,8193,726,597,191,2018,725,996,1252,76106,5319,4417,39999,1369,1812,2354,734,1699,2376,2170,10881,1461,5320,1514,1717.467795,-0.016747326,3268.82575,-0.196174049,2165.243948,-0.034646564,2120.90535,-0.004027134,2244.522422,0.00029628,3022.678655,-0.401620751,1809.918052,-0.226638393,2321.403331,-0.036624409,31.81269008,412,16.53133196,57683.99152,5666634.5,98430.95583,181.3553494,21040.31,567.77395,1909.538026,103325,2643.136116,10821.94037,1324323,25714.58058,12.87559492,144.5,20.93578804,50.90000153,34698443,0.009920635,1964.300049,835,0.002142785,13.77000046,17909600,0.080847779,15.35000038,18900,0.000847655,5058.879883,0,0,7.176499844,0,0.003706258,816.5,0,0.008697129,77.06999969,1111865,0.021877507,3821.909912,440800,-0.019796923,81.06999969,141258,0.015024376,13675,119084,0.008852822,204,83208,-0.115351281,47.34999847,212116426,0.061659195,8.109999657,63289499,0.030495524,27.39999962,42900,-0.005444632,4536.339844,19075880000,0.006862828,1796,1187,3120,396,1685,510,887,1664,978,0.240331492,-0.020627063,-0.011093502,-0.043478261,-0.016345593,-0.094138544,0.057210965,0.029066172,-0.102752294
2023-30,3039,17485,5698,36451,5352,10426,3229,1918,3304,11219,581,9461,12060,6267,598,515,356,1891,1127,944,1090,64986,4360,2803,31927,839,1772,1367,1074,1115,2538,2541,10888,1012,5843,1267,1848.880004,0.076515094,2471.0675,-0.244050406,1730.880743,-0.200607052,2006.493887,-0.053944634,2210.532166,-0.015143647,3031.271016,0.002842632,2229.735786,0.231954001,2336.031539,0.006301451,34.82952023,408,17.29549138,63657.63114,10737519,115253.8761,200.296317,25199.99,487.028958,1983.152709,670752.29,4869.117341,11279.57226,1297296,27240.09199,14.66760282,152,21.69438969,51.79999924,28473979,0.017681683,1960.400024,217480,-0.001985452,15.22000027,14598000,0.105301362,15.79199982,20500,0.028794751,5058.879883,0,0,7.173099995,0,-0.000473748,827.3900146,0,0.013337434,80.58000183,1713821,0.045543041,3992.73999,636900,0.044697568,84.98999786,99018,0.048353253,13740,86010,0.004753199,204.1999969,49879,0.000980377,47.75,138765631,0.008447762,8.210000038,74423480,0.012330504,28.61000061,31000,0.044160621,4582.22998,20193230000,0.010116115,1830,1187,3056,388,1674,493,853,1659,1110,0.018930958,0,-0.020512821,-0.02020202,-0.00652819,-0.033333333,-0.038331454,-0.003004808,0.134969325
2023-31,2512,12207,3855,26790,4565,7751,1892,1037,3163,8292,200,9291,6827,4321,509,512,83,1750,592,504,693,47417,3113,1409,23221,931,2225,861,933,1465,930,1930,6404,1431,4899,778,1823.722658,-0.013606803,767.7466667,-0.689305668,1984.579716,0.146572185,1986.386945,-0.010020933,1770.366244,-0.199122152,3428.855772,0.131161072,2018.497803,-0.094736777,2075.685495,-0.111448001,28.80598645,374,19.92046315,58898.23351,8053124.5,104294.8306,173.6557602,15419.45,397.7039868,1918.211237,116130,2776.07332,11570.22182,753150,27208.96279,10.98541039,77.5,14.40609148,51.59999847,19823387,-0.003861019,1939.599976,3428,-0.010610104,15.03999996,11481300,-0.011826564,15.52799988,33900,-0.016717322,5058.879883,0,0,7.162799835,0,-0.001435943,850.8499756,0,0.028354175,82.81999969,1743468,0.027798434,4020.580078,775100,0.006972677,86.23999786,135334,0.014707613,12855,148359,-0.06441048,199.5,40172,-0.023016636,47.15000153,87853250,-0.012565413,7.960000038,61261515,-0.03045067,28.81599998,39000,0.007200258,4478.029785,21109110000,-0.022740062,1959,1743,3144,383,1421,467,844,1577,1136,0.070491803,0.468407751,0.028795812,-0.012886598,-0.151135006,-0.052738337,-0.010550996,-0.049427366,0.023423423
2023-32,3414,17900,7294,46164,8783,14360,2212,2343,2872,14480,589,14578,13333,8350,492,1153,201,1897,987,645,1649,80141,5821,4405,41129,978,3188,2544,1205,2261,2536,1949,12199,804,5436,1507,1683.547215,-0.076862259,2353.35,2.065268926,2167.416735,0.092128836,1946.330073,-0.020165694,2247.048577,0.269256339,2939.37876,-0.142752289,2141.397489,0.060886708,2189.600205,0.054880525,33.98318602,428,15.5876559,55565.09107,6562214.5,108854.7676,199.8055141,32159.055,616.6551711,1917.818428,71832.21,2773.466695,10513.81564,868000,23073.50969,14.30814559,132,21.54771097,50.59999847,22072739,-0.019379846,1912.900024,1617,-0.0137657,14.26000023,8676100,-0.051861685,15.36699963,27800,-0.010368383,5058.879883,0,0,7.214700222,0,0.007245824,845.9500122,0,-0.005758904,83.19000244,1889163,0.004467553,3884.25,549100,-0.033908062,86.80999756,137047,0.006609459,13230,100269,0.029171529,180,57015,-0.097744361,45.29999924,86122643,-0.039236527,7.889999866,58230035,-0.008793991,28.76300049,15800,-0.001839238,4464.049805,19439590000,-0.003121904,2032,1684,3000,377,1418,486,803,1533,1129,0.03726391,-0.033849684,-0.045801527,-0.015665796,-0.002111189,0.040685225,-0.048578199,-0.027901078,-0.006161972
2023-33,3203,17704,6284,43078,5875,9598,2347,3431,4597,13167,702,12550,14426,6032,508,686,278,1912,876,747,1084,72941,5187,3136,39166,982,2381,1770,958,2219,2577,1678,8945,1031,6851,1247,1829.126756,0.086471909,3791.738571,0.611208945,1703.71935,-0.213940115,1520.310203,-0.21888367,6365.979418,1.833040408,2563.113158,-0.128008546,1988.160492,-0.071559343,2218.511246,0.013203799,34.81025654,408,15.70425159,57303.91965,4993165,107702.8201,192.2648899,24582.2,733.652326,2373.928779,611716.48,13315.21025,11581.71249,8076220,79600.50739,12.44051161,108,17.36564394,50.5,37998077,-0.001976254,1886.099976,405,-0.014010167,12.39999962,20128100,-0.130434823,15.06900024,16500,-0.019392164,5058.879883,0,0,7.280399799,0,0.009106349,864.4899902,0,0.021916163,81.25,1269633,-0.023320139,3784,507700,-0.025809358,84.80000305,146687,-0.023153952,13355,84528,0.009448224,184,44198,0.022222222,43.90000153,142679467,-0.030905027,7.510000229,63932927,-0.048162186,28.3390007,24800,-0.014741153,4369.709961,19366670000,-0.021133242,2141,1615,2832,398,1482,477,821,1498,1237,0.053641732,-0.040973872,-0.056,0.055702918,0.045133992,-0.018518519,0.02241594,-0.02283105,0.095659876
2023-34,3313,17291,6695,40677,5977,13346,2810,2610,2387,11284,599,10620,13301,6124,467,787,673,2274,1326,1136,896,70640,5252,2461,36378,1354,1457,2790,1176,1074,1408,2019,12440,1407,5707,969,1944.298951,0.062965672,954.1025641,-0.748373326,2355.334496,0.382466247,2015.339165,0.325610498,1987.266988,-0.687830127,3268.391523,0.27516474,2305.33404,0.159531159,2270.988419,0.023654229,34.9518538,440,18.49448648,63182.54556,6480226.5,105324.7006,227.1064043,17677.015,695.4521976,2050.699185,135797.12,3062.379033,11890.37676,7604660,45451.64188,16.10702362,277,36.35713062,45.90000153,35162735,-0.091089079,1911.099976,2001,0.013254865,11.85999966,10210600,-0.043548385,14.88000011,19800,-0.012542314,5058.879883,0,0,7.276500225,0,-0.000535626,849.710022,0,-0.017096749,79.83000183,1542148,-0.017476901,3730.790039,513600,-0.014061829,84.48000336,138854,-0.003773581,12960,91534,-0.029576937,179.1000061,43511,-0.026630402,42.04999924,74810859,-0.042141281,7.480000019,77448828,-0.003994702,27.86499977,23800,-0.016726099,4405.709961,18106530000,0.008238533,2140,1564,2571,393,1415,476,779,1393,1080,-0.000467071,-0.031578947,-0.092161017,-0.012562814,-0.045209177,-0.002096436,-0.051157125,-0.070093458,-0.126919968
2023-35,2256,16401,4893,27282,4358,9872,2898,2234,3422,8190,344,8124,7771,3820,489,296,328,2407,1402,361,976,52934,3130,2129,22708,1025,1210,2180,915,946,4324,2059,8327,615,5804,692,1839.356306,-0.053974542,1000,0.048105348,1763.160067,-0.251418399,1499.606202,-0.255903806,1729.575548,-0.129671273,2753.304226,-0.157596571,2019.868784,-0.123828153,2109.095558,-0.0712874,27.99904596,458,21.73207816,63810.10218,4210916.5,106613.6243,177.7319556,17677.145,521.0902847,1790.338079,147080.99,3000.257424,11194.41343,1530045,26473.49119,18.25106477,199.5,30.55713015,44.90000153,24727824,-0.021786492,1939.800049,2827,0.015017568,12.23999977,9606000,0.032040483,15.15299988,33500,0.018346758,5058.879883,0,0,7.256899834,0,-0.002693656,851.75,0,0.002400793,85.55000305,1619479,0.071652275,3791.48999,704500,0.016269999,88.55000305,108249,0.048177078,12715,136719,-0.018904321,186.3999939,65793,0.040759283,42.09999847,54226127,0.001189043,8.050000191,105949358,0.076203231,28.33699989,18500,0.016938817,4515.77002,16568780000,0.024981231,2177,1412,2430,373,1337,489,797,1373,1065,0.01728972,-0.097186701,-0.054842474,-0.050890585,-0.055123675,0.027310924,0.023106547,-0.014357502,-0.013888889
2023-36,2330,13813,4661,26804,5022,7872,1425,1110,2728,9813,519,8528,7227,6742,121,533,481,1642,554,429,576,50300,3641,1963,22983,1950,967,1618,960,817,2074,2057,7689,730,5647,845,1904.705387,0.035528234,1916,0.916,2725.49204,0.545799551,1618.140406,0.079043554,1919.766935,0.109964197,2735.009986,-0.006644467,1760.943839,-0.128188993,1887.256001,-0.105182317,35.23309235,404,18.8851329,63418.51716,3417912.5,94794.7583,190.4329992,20053.78,502.8207184,1893.435094,100000,2936.386438,11316.13501,880373,25316.63211,16.70641761,149,26.62758164,46.29999924,30387519,0.031180349,1918.400024,283,-0.011032077,11.43999958,7836200,-0.065359494,14.89999962,6200,-0.016696381,5058.879883,0,0,7.327799797,0,0.009770007,882.7800293,0,0.036430912,87.51000214,1325196,0.022910567,3739.98999,506600,-0.01358305,90.65000153,121739,0.023715397,12300,97303,-0.032638616,184.3000031,33431,-0.011266046,42.65000153,57940726,0.013064206,8.039999962,86627560,-0.001242264,27.87599945,13600,-0.016268499,4457.490234,13968150000,-0.012905836,2090,1339,2319,370,1266,478,787,1371,1186,-0.039963252,-0.051699717,-0.045679012,-0.008042895,-0.053103964,-0.022494888,-0.012547051,-0.001456664,0.113615023
2023-37,3581,17441,6234,49355,6776,10555,4336,2534,2158,14589,785,10631,16520,10297,543,1019,201,2513,997,376,1752,79806,6526,2372,46392,1404,1715,2145,875,1519,2639,2153,10378,1101,5849,1264,1668.205267,-0.124166247,1028.271053,-0.463324085,2215.315832,-0.187186827,1734.937113,0.072179588,2141.394382,0.115444975,2177.34328,-0.203899331,1986.218499,0.127928361,2011.021245,0.065579468,35.25239226,443,16.20078475,54237.54076,7677473.5,94999.74274,223.2519587,28879.135,735.0580937,1808.895247,142242.28,2578.065209,11622.34106,1243242,28250.87593,12.80945139,183.5,21.61237176,50.59999847,70427317,0.092872555,1923.699951,607,0.002762681,11,11141700,-0.038461503,15.14299965,13300,0.016308727,5058.879883,0,0,7.275899887,0,-0.007082605,888.7399902,0,0.006751355,90.76999664,1619770,0.037252822,3708.780029,476200,-0.008344932,93.93000031,164635,0.036183108,12570,99086,0.02195122,182.1999969,54482,-0.011394498,46.45000076,192619611,0.089097283,8.270000458,80386097,0.028607027,28.19499969,19700,0.011443545,4450.319824,20916040000,-0.00160862,2016,1189,2205,366,1217,486,775,1345,1381,-0.035406699,-0.112023898,-0.04915912,-0.010810811,-0.038704581,0.016736402,-0.015247776,-0.01896426,0.164418212
2023-38,3241,19090,5979,38491,7639,10537,3305,2733,2315,13909,574,12722,12823,7080,961,580,343,1138,813,231,1135,71199,4852,2332,35798,1397,2294,1941,1057,1357,2290,3085,11148,817,6724,959,1649.495558,-0.011215472,981.1088889,-0.045865498,1975.557035,-0.108227817,1537.202096,-0.113972441,2001.673032,-0.065247836,5225.818417,1.400089349,2358.473118,0.187418766,2003.21237,-0.00388304,34.33604593,425,18.07508115,62089.40323,23511122,153571.2116,183.4982399,21240.335,484.8905331,1837.972607,175226.12,2781.821438,11654.40263,1335053,29693.73853,14.78436096,205,22.81348045,49.5,39265691,-0.021739101,1925.400024,154,0.000883752,11.42000008,13342900,0.038181825,15.26000023,8000,0.007726381,5058.879883,0,0,7.306499958,0,0.004205675,889.2199707,0,0.000540068,90.02999878,1424828,-0.00815245,3738.929932,438500,0.008129332,93.26999664,191269,-0.007026548,12620,86918,0.003977725,171.8000031,57032,-0.057080099,45.79999924,118978851,-0.013993574,8.18999958,82754672,-0.009673624,28.81800079,31300,0.022096156,4320.060059,17096470000,-0.029269754,1965,1129,2147,371,1201,491,784,1361,1593,-0.025297619,-0.050462574,-0.026303855,0.013661202,-0.013147083,0.010288066,0.011612903,0.011895911,0.153511948
2023-39,3755,18436,7647,47993,9427,12904,4213,1795,1373,15139,980,12235,17448,11494,465,1121,173,1623,1223,312,1005,83503,6340,3159,45224,1410,2554,2612,1261,1840,2297,3368,11729,1550,5350,1149,1637.024867,-0.007560306,1857.87,0.893643021,2014.973517,0.019952085,1828.848891,0.189725733,2057.060843,0.027670759,3107.348252,-0.405385338,1736.387671,-0.263766181,2300.813297,0.148561846,31.037749,419,18.20360849,57835.33934,11755461,109015.3742,201.5242337,57559.41,571.2879239,1786.897271,242840,3328.386572,11760.47213,1459458,30191.89759,13.25156847,193,21.62588388,48.29999924,15566590,-0.02424244,1848.099976,18785,-0.040147527,10.44999981,11767400,-0.084938727,15.00800037,18300,-0.016513752,5058.879883,0,0,7.299900055,0,-0.000903292,904.9000244,0,0.017633493,90.79000092,1913506,0.008441654,3689.52002,347400,-0.013214987,95.30999756,117658,0.021871995,12735,93246,0.00911252,172.1999969,45245,0.002328253,45.45000076,42834391,-0.007641888,8.029999733,83265932,-0.019536002,27.97299957,32600,-0.029321993,4288.049805,18256060000,-0.007409678,1883,1097,2122,369,1174,492,786,1360,1701,-0.04173028,-0.028343667,-0.011644155,-0.005390836,-0.022481266,0.00203666,0.00255102,-0.000734754,0.06779661
2023-40,2580,15350,4346,26978,6162,6243,1799,1600,337,11310,389,12970,9056,5667,233,310,230,340,701,296,1355,52836,3721,2024,21572,1750,1617,774,922,1615,2998,2162,10051,875,5325,1151,1387.410782,-0.152480326,1200.105862,-0.354042069,2055.96667,0.020344264,1492.710844,-0.183797606,2313.890156,0.12485256,3384.073561,0.089055132,1959.56871,0.128531804,2380.679539,0.034712178,33.81184246,395,16.35807184,64440.39905,3725513.25,97416.30392,205.2738716,57020,1146.007671,1736.879963,92946.64,2496.449996,11349.72758,1272982,27507.38678,12.34003237,108.5,16.04207565,46.95000076,24635922,-0.027950279,1830.199951,3759,-0.009685636,9.770000458,11130600,-0.065071709,14.94499969,16800,-0.004197806,5058.879883,0,0,7.197700024,0,-0.014000196,913.9000244,0,0.00994585,82.79000092,2072283,-0.08811543,3689.52002,347400,-0.013214987,84.58000183,223581,-0.11257996,13200,87289,0.036513545,174.1000061,38358,0.011033735,45,57719980,-0.009901007,7.849999905,27884618,-0.02241592,27.81299973,35300,-0.005719796,4308.5,19153590000,0.004769113,1797,990,2048,357,865,455,805,1330,1929,-0.0456718,-0.097538742,-0.034872762,-0.032520325,-0.263202726,-0.075203252,0.024173028,-0.022058824,0.134038801
2023-41,2476,11687,5918,25991,4994,7094,1988,2430,79,7872,339,12080,10320,3932,299,402,158,128,853,148,468,48590,3037,1506,18817,1559,2696,2638,1140,1722,855,1635,9263,870,4910,979,1713.20817,0.234824028,1747.936628,0.456485368,2202.041725,0.07104933,2010.717499,0.347024112,1694.462696,-0.267699596,2665.244485,-0.212415322,1764.551009,-0.099520726,1808.911387,-0.240170146,35.99284443,436,19.87928662,63419.14881,9618103,104547.2776,235.2377856,24115.17,862.3351655,1799.781153,116000,2600.365979,11612.19818,2026700,28858.74281,16.5656351,177,27.79571801,44.25,20116512,-0.057508003,1927.400024,622,0.053108991,9.760000229,13329800,-0.001023565,14.7869997,23500,-0.010572097,5058.879883,0,0,7.301499844,0,0.014421248,936.1799927,0,0.024379,87.69000244,1928441,0.05918591,3663.409912,516100,-0.00707683,90.88999939,189645,0.074603895,12825,126038,-0.028409091,166.3999939,67510,-0.044227524,42.54999924,46606266,-0.054444461,7.659999847,92690448,-0.024203829,27.87299919,15300,0.002157245,4327.779785,17576230000,0.004474825,1777,967,2051,367,861,481,781,1318,1945,-0.011129661,-0.023232323,0.001464844,0.028011204,-0.004624277,0.057142857,-0.029813665,-0.009022556,0.008294453
2023-42,3065,17198,5700,38974,6250,12116,2417,1641,11,12138,538,19121,9479,7024,463,657,153,30,1191,275,868,68122,4951,3345,36817,1315,919,2498,647,1515,2181,1919,10075,691,5292,908,1623.672958,-0.052261724,1216.580556,-0.303990467,1872.155981,-0.149809034,1478.407131,-0.264736527,1943.417552,0.146922595,3586.714773,0.345735745,1752.888415,-0.006609383,2019.525457,0.116431392,35.27730431,410,16.65422488,54015.34397,3483452,82285.81645,167.5365115,10415.83,383.051646,1710.56883,151933.16,2452.255631,10765.37885,3480750,30333.98312,13.71874918,134,20.10174088,44.90000153,23445724,0.0146893,1982.5,2725,0.028587722,8.470000267,9775200,-0.132172124,14.47500038,12500,-0.021099569,5058.879883,0,0,7.311200142,0,0.001328535,941.210022,0,0.00537293,88.75,909676,0.012088009,3510.590088,487300,-0.041715186,92.16000366,156282,0.013972981,11430,107941,-0.10877193,156.1999969,55587,-0.061298061,42.34999847,57867119,-0.004700371,7.699999809,75873134,0.005221927,27.31299973,10000,-0.020091109,4224.160156,18864600000,-0.023942907,1763,964,2321,347,822,473,769,1334,2046,-0.007878447,-0.003102378,0.131643101,-0.054495913,-0.045296167,-0.016632017,-0.015364917,0.012139605,0.051928021
2023-43,2801,15905,4648,34335,6577,7920,2472,1693,3,11592,727,15696,10526,6169,813,446,358,20,1134,468,1428,61465,4193,2691,27780,871,2500,617,1342,1777,1796,1936,10266,982,7177,1730,1841.591442,0.134213287,792.0741176,-0.348934097,2117.19296,0.130884916,1440.479201,-0.025654591,2224.133876,0.144444679,2500.840137,-0.302749091,1815.36875,0.035644217,1965.303504,-0.026848859,35.36133131,422,16.54602805,65562.72745,10177468,117050.0083,214.6893498,27888.185,642.0875269,1844.645142,199452.2,3773.04492,11139.56,1531800,28248.91456,14.71879919,184,22.41835805,45.5,12256319,0.013362995,1988.599976,1127,0.003076911,8.140000343,12930700,-0.038961029,14.62300014,10200,0.010224508,5058.879883,0,0,7.314899921,0,0.000506043,929.3400269,0,-0.01261142,85.54000092,1791119,-0.036169004,3562.389893,565400,0.014755299,90.48000336,170011,-0.018229169,11860,112317,0.037620297,147.1000061,51224,-0.058258585,43,30235849,0.015348325,7.940000057,65681767,0.031168864,27.98500061,309400,0.024603701,4117.370117,19764430000,-0.025280774,1782,958,2660,351,828,468,748,1327,1563,0.010777085,-0.006224066,0.146057734,0.011527378,0.00729927,-0.010570825,-0.027308192,-0.005247376,-0.236070381
2023-44,1981,10859,4575,19482,4685,9045,1872,1576,2,8699,515,7880,5188,2408,210,222,339,2,732,86,825,39601,2558,1493,18026,736,1851,2896,407,328,1766,1414,6908,638,2492,646,1980.442829,0.075397498,1018.390333,0.285726059,2179.514397,0.02943588,1741.362011,0.208876887,1650.311287,-0.257998224,2598.551909,0.039071578,2183.414074,0.202738603,2075.242286,0.055939849,36.21623204,416,18.10160952,66974.86472,13569954,132245.2528,167.9104484,13377.4,448.5025523,1938.389744,185625,4006.707419,11872.36424,756756,25208.41214,19.10309418,169,31.52364588,47.70000076,26492789,0.048351665,1991.5,333,0.001458325,7.889999866,13253500,-0.030712588,15.03199959,17400,0.027969599,5058.879883,0,0,7.314099789,0,-0.000109384,886.6599731,0,-0.045925122,80.51000214,1788930,-0.058802884,3584.139893,542100,0.006105452,84.88999939,155005,-0.061781651,10130,226659,-0.145868465,122.5999985,117179,-0.16655341,43.25,36917267,0.005813953,8.039999962,74181931,0.012594446,28.3920002,224500,0.01454349,4358.339844,21626250000,0.058525156,2059,1337,2982,332,832,454,744,1274,1462,0.155443322,0.395615866,0.121052632,-0.054131054,0.004830918,-0.02991453,-0.005347594,-0.039939714,-0.064619322
2023-45,2580,16180,4624,31633,7151,9022,2555,2767,0,11649,600,11542,13342,5007,144,653,329,2,561,160,1255,59588,3933,2644,25921,1175,2332,1295,807,2230,2483,1529,9323,1217,6532,2100,1779.950979,-0.101235869,1109.469286,0.089434227,1744.248528,-0.199707729,1789.415889,0.02759557,1902.899348,0.153054798,3571.115274,0.374271286,1646.278692,-0.246007108,1586.884189,-0.235325822,35.20942628,409,17.19340437,64639.0101,3814004,94057.48943,205.9583507,27888.25,514.7560126,1788.523073,170133.46,4225.977935,11694.80858,1043744,28478.62327,13.37756019,125,17.17125488,45,20609470,-0.056603789,1932.599976,578,-0.029575709,7.389999866,11118100,-0.063371357,14.70100021,15000,-0.02201965,5058.879883,0,0,7.282299995,0,-0.004347738,910.75,0,0.027169408,77.16999817,1667495,-0.041485578,3586.48999,587900,0.000655694,81.43000031,153913,-0.040758618,9988,193669,-0.014017769,122,232460,-0.004893952,41.29999924,49167692,-0.045086723,7.78000021,126813007,-0.032338278,27.59700012,127400,-0.028000848,4415.240234,18742940000,0.013055519,1955,1315,3085,341,820,459,743,1293,1643,-0.050509956,-0.016454749,0.034540577,0.027108434,-0.014423077,0.011013216,-0.001344086,0.014913658,0.12380301
2023-46,2878,14718,5296,33824,5503,8446,3369,1554,9,9113,422,18319,9026,3465,471,1024,344,10,913,482,2374,59341,3824,2584,28361,1128,1988,1743,717,1154,1947,2182,9951,745,6193,648,1860.712074,0.045372651,19411.24889,16.49597681,2220.318439,0.272936972,1751.979546,-0.020920985,1727.138507,-0.092364759,3879.149149,0.086257052,1775.02528,0.078204613,1770.448714,0.11567607,34.78037369,377,15.30683254,55054.79316,5088733,105877.0337,198.9006321,24078.29,665.1763493,1868.260329,376133.145,7223.474039,11615.86381,1146400,27594.32658,11.52620914,106.5,14.78825766,47.25,40291070,0.05,1981.599976,270,0.025354445,7.619999886,29900700,0.031123143,15.01099968,15700,0.021086964,5058.879883,0,0,7.241000175,0,-0.00567126,880.8400269,0,-0.032841036,75.88999939,1034855,-0.016586741,3568.070068,477300,-0.005135919,80.61000061,153123,-0.010069995,10310,128891,0.032238686,120.3000031,83595,-0.013934401,41.79999924,87722525,0.012106538,7.78000021,107531768,0,27.95000076,75200,0.012791269,4514.02002,20115520000,0.02237246,1847,1256,3291,369,816,471,766,1255,1820,-0.055242967,-0.04486692,0.066774716,0.082111437,-0.004878049,0.026143791,0.030955585,-0.029389018,0.107729763
2023-47,2729,16178,4773,30346,5909,8350,3138,2759,2,9556,742,14419,8643,4487,346,1029,374,0,1019,319,2023,57206,4807,2188,26830,1851,1460,509,947,1517,1338,1773,9961,955,7104,773,1645.358824,-0.115737009,868.062,-0.955280466,2193.890871,-0.011902602,1236.18528,-0.294406557,1862.839012,0.078569555,2508.192652,-0.353416805,1869.731905,0.053355085,1955.631657,0.104596615,34.37843137,157,14.61407459,59678.83453,1768015.875,76112.46009,188.5686515,15427.76,496.7744081,1712.006509,352500,3346.138705,11820.60354,916015,27019.60106,13.63158701,141,20.35806713,45.5,21365717,-0.037037037,2002.199951,12411,0.010395628,6.900000095,13362600,-0.094488163,15.35000038,11000,0.022583486,5058.879883,0,0,7.085800171,0,-0.021433504,872.9299927,0,-0.008980103,75.54000092,1569064,-0.004611918,3538.01001,454300,-0.008424739,80.58000183,147478,-0.000372147,10560,115068,0.024248303,118.3000031,36918,-0.016625103,41.75,40889095,-0.001196154,7.25,122704909,-0.068123418,28.82900047,29900,0.031449005,4559.339844,11838180000,0.010039792,1727,1244,3287,366,818,463,755,1256,2102,-0.064970222,-0.00955414,-0.001215436,-0.008130081,0.00245098,-0.016985138,-0.014360313,0.000796813,0.154945055
2023-48,2593,11285,4767,34125,3950,7991,2898,2072,7,8954,696,8431,12455,6133,699,975,169,68,673,250,1656,54127,3795,868,33016,347,1797,2031,854,960,1743,1704,7110,516,1915,1266,1603.428916,-0.025483747,1215.535217,0.400286175,1757.390901,-0.198961569,1775.11213,0.435959607,1952.096551,0.047914789,3888.717188,0.5504061,1769.273363,-0.053728848,1810.19444,-0.07436841,37.30559046,394,14.7966733,55552.57183,5088733,96943.17868,212.125518,12936.76,515.8533654,1711.848055,101500,3116.294927,11181.18652,1772160,26552.04301,13.1820203,112,19.46192205,48.65000153,35555500,0.069230803,2071,193303,0.034362227,7.619999886,21733400,0.104347794,15.39999962,15200,0.003257279,5058.879883,0,0,7.075399876,0,-0.001467766,870.2000122,0,-0.003127376,74.06999969,1816495,-0.019459905,3482.879883,497100,-0.015582242,78.87999725,127172,-0.021097103,10925,149497,0.034564394,114.4000015,52522,-0.032967045,43.29999924,93621136,0.03712573,7.230000019,97999550,-0.002758618,28.82999992,135200,3.47E-05,4594.629883,21205410000,0.007740164,1655,1415,3125,344,799,459,732,1283,3192,-0.041690793,0.137459807,-0.049285062,-0.06010929,-0.023227384,-0.008639309,-0.030463576,0.021496815,0.518553758
2023-49,2459,16650,4696,30933,4402,9220,2416,2822,4,9468,347,15659,8968,4401,410,318,584,0,1289,667,108,56681,4421,2789,26701,785,2173,1144,739,2246,2564,917,8429,727,6388,1079,1710.147036,0.06655619,6953.279444,4.720343882,2170.848206,0.235267694,1323.361262,-0.254491455,2071.243503,0.061035379,1990.312149,-0.48818285,1617.228456,-0.085936357,2105.229067,0.162985047,34.84566113,389,17.03961187,63202.91994,4315801.5,101237.1223,213.7916892,38441.48,730.1874827,1741.554025,93800,2621.855986,11585.01693,1027026,26675.01708,17.68912612,179,28.90806332,51.09999847,80340270,0.050359648,1998.300049,2293,-0.035103791,7.360000134,17813500,-0.034120703,15.06999969,16200,-0.021428567,5058.879883,0,0,7.148799896,0,0.010373975,872.1599731,0,0.002252311,71.23000336,1825588,-0.03834206,3399.459961,530700,-0.023951421,75.83999634,145614,-0.038539567,10500,145091,-0.038901602,110.5,65657,-0.034090922,44,145827575,0.0161663,6.980000019,81899746,-0.034578147,27.7140007,94600,-0.038709651,4604.370117,20051430000,0.002119917,1597,1477,2943,356,768,466,742,1307,2483,-0.035045317,0.043816254,-0.05824,0.034883721,-0.038798498,0.015250545,0.013661202,0.018706157,-0.222117794
2023-50,2308,15253,4685,27216,6359,8655,2657,3504,0,11609,470,11905,8136,3699,474,390,296,6,727,207,778,53513,2984,3063,21657,993,1693,2472,791,1500,2442,1688,10141,561,5481,1031,1995.04578,0.166593128,1589.665882,-0.771378974,1952.783088,-0.100451574,1459.870268,0.103153243,1901.661448,-0.081874514,3571.338804,0.794361154,1954.628861,0.208628783,2244.243689,0.066033015,35.50720235,299,16.05257556,76077.68105,10177466,148511.0269,225.2668225,25443.7,580.2214361,1944.753355,367806.68,5315.753421,13183.50902,2603900,34045.67722,16.32036583,163,25.95659897,50.59999847,96332275,-0.009784736,2021.099976,3495,0.011409661,9.640000343,29571600,0.309782632,15.65100002,28800,0.03855344,5058.879883,0,0,7.066999912,0,-0.011442478,865.1199951,0,-0.008071888,71.43000031,1277141,0.002807763,3341.550049,522000,-0.017035033,76.55000305,125520,0.009361903,11820,243759,0.125714286,125.8000031,139566,0.138461566,44.25,140330756,0.005681818,7.179999828,80584958,0.028653268,28.96999931,150500,0.045320004,4719.189941,27228260000,0.02493714,1689,1560,2792,354,721,466,746,1313,2348,0.057608015,0.05619499,-0.051308189,-0.005617978,-0.061197917,0,0.005390836,0.004590666,-0.054369714
2023-51,2824,15473,5895,35076,6250,10051,5216,3106,18,10517,879,10732,11946,5849,627,1155,370,10,1055,252,911,62694,3575,2783,31822,1110,2017,1136,1282,2583,2321,2271,9572,596,4479,722,1655.450853,-0.170219115,1288.807917,-0.189258617,2159.250214,0.105729678,1802.216535,0.234504582,2297.732911,0.208276538,2463.643354,-0.310162522,1869.410422,-0.043598271,1830.383745,-0.184409539,36.30800464,251,15.42271667,59122.23396,2541419.75,84936.17084,264.6726552,28699.43,770.0864885,1815.003374,408529.33,3373.114482,12206.14092,1001600,27943.14075,13.06761684,125,17.46230603,60.09999847,331178946,0.187747041,2057.100098,1286,0.017812143,11.57999992,50743900,0.201244763,15.52999973,118300,-0.007731154,5058.879883,0,0,7.138500214,0,0.01011749,878.6799927,0,0.015674123,73.55999756,1051929,0.029819365,3337.22998,474400,-0.001292834,79.06999969,117477,0.032919615,12785,209201,0.081641286,147.5,188017,0.172495997,57.5,1370895035,0.299435028,8.06000042,191157450,0.122562759,32.03900146,280400,0.105937253,4754.629883,18766580000,0.007509751,1744,1689,2622,355,727,467,747,1318,2094,0.032563647,0.082692308,-0.060888252,0.002824859,0.008321775,0.002145923,0.001340483,0.003808073,-0.108177172
2023-52,2883,13191,5031,36522,5055,9759,2902,2849,0,10808,964,10969,11540,5386,541,391,587,0,1436,769,898,59799,3865,1183,31312,1650,2190,1854,790,1283,1814,1738,10607,814,3637,927,1595.64321,-0.036127707,1126.099667,-0.126247091,1776.939085,-0.177057354,1900.655427,0.054621013,1857.423718,-0.191627665,2913.269883,0.182504716,1832.642148,-0.01966838,2057.711017,0.12419651,35.29787048,349,16.30638138,54555.89611,3879114.5,83732.12502,214.1245853,17685.695,594.5416619,1738.70096,227536.45,3251.9886,12166.41493,955053,29931.30729,12.09191016,168,20.84495116,55,122646733,-0.084858546,2062.399902,1035,0.002576347,9.869999886,36286100,-0.147668398,15.06700039,90700,-0.029813223,5058.879883,0,0,7.106999874,0,-0.004412739,884.6400146,0,0.006782927,71.65000153,939272,-0.025965145,3431.110107,506600,0.028131153,77.04000092,62945,-0.025673439,12140,87985,-0.050449746,135,67073,-0.084745763,51.29999924,641906096,-0.1078261,7.849999905,56965474,-0.026054653,29.92000008,193400,-0.066138184,4769.830078,11087280000,0.003196925,1748,1778,2649,367,726,462,750,1343,2094,0.002293578,0.052693902,0.010297483,0.033802817,-0.001375516,-0.010706638,0.004016064,0.018968134,0
2024-00,1469,8184,2764,16138,2444,6230,1717,1836,2,3500,185,7546,3792,1572,281,677,340,0,565,85,1202,29530,1496,963,14845,362,623,345,334,992,363,1859,4315,255,4045,229,1832.167544,0.148231342,3462.173333,2.074482158,1984.269207,0.116678238,1306.966037,-0.312360348,1704.114403,-0.082538687,5394.237381,0.851609222,2231.568489,0.217678252,2024.605539,-0.016088497,35.94654537,261,15.1892561,70822.3541,4660422,141707.9208,211.3873195,13939.49,640.1869767,1817.717988,62820,2737.020188,11305.56966,812236.5,25043.5683,11.62382566,72,14.34174358,57.90000153,141592863,0.0527273,2042.400024,215,-0.009697381,14.59000015,65926200,0.478216851,15.76500034,181600,0.046326404,5058.879883,0,0,7.110000134,0,0.000422156,886.9799805,0,0.002645105,73.80999756,1335845,0.03014649,3329.110107,454900,-0.029727988,78.76000214,124911,0.02232608,13975,211728,0.151153213,170,180376,0.259259259,58,790449062,0.130604305,8.270000458,120046819,0.053503256,32.24700165,330900,0.077774117,4697.240234,15253660000,-0.015218539,2383,3307,3278,433,670,449,768,1451,2110,0.363272311,0.859955006,0.237448094,0.179836512,-0.077134986,-0.028138528,0.024,0.080416977,0.007640879
2024-01,3119,16857,5071,43769,6882,9179,2480,2591,4,11827,914,20421,11520,6296,759,1513,738,1,1290,316,2730,72579,4318,1962,42298,840,1168,1470,1117,756,1556,2209,9584,961,7428,1230,1973.661015,0.077227365,2405.038571,-0.305338485,1968.90641,-0.007742295,1288.028479,-0.01448971,1670.690642,-0.019613566,2600.731173,-0.517868609,2147.395021,-0.037719419,2685.005569,0.326187011,59.01633263,355,79.68729128,51894.46976,3794875,87783.28147,178.0905672,35258.38,548.8285241,1913.020349,91507.5,2874.870662,10961.42102,1027026,24589.63801,11.32394247,95,13.82843722,52.5,98060968,-0.093264273,2046.699951,1062,0.00210533,13.46000004,65379100,-0.077450315,15.59300041,204600,-0.01091024,5058.879883,0,0,7.103099823,0,-0.000970508,913.4699707,0,0.029865376,72.68000031,1885747,-0.015309542,3284.169922,526600,-0.013499159,78.29000092,162237,-0.005967512,13045,193035,-0.066547406,156.3999939,188992,-0.080000036,51.79999924,648268897,-0.106896565,7.869999886,137785252,-0.04836766,31.43000031,391800,-0.02533573,4783.830078,18017190000,0.018434195,2517,3767,3547,611,697,466,733,1458,1460,0.056231641,0.139098881,0.082062233,0.41108545,0.040298507,0.037861915,-0.045572917,0.004824259,-0.308056872
2024-02,3129,15454,7362,49986,7431,15864,2785,2570,1,15659,554,15725,12780,6787,775,1431,616,16,1398,501,2771,80233,4630,4049,46527,759,2163,2857,1075,1332,1783,2072,11314,632,3960,1710,2099.111018,0.063562082,3411.952375,0.418668464,2168.29329,0.10126783,1794.617272,0.393305584,2215.1383,0.32588179,3111.507892,0.196397353,1784.429646,-0.1690259,2300.121478,-0.143345733,33.78606814,333,18.15704647,59707.17553,4272053.5,93049.31308,198.8779292,27772.965,533.7943771,2063.228521,189499.51,3580.792416,12019.10765,1027026,27207.88944,16.49583559,169,28.16671484,51.20000076,50873828,-0.02476189,2026.5,2334,-0.009869522,12.86999989,35416100,-0.043833592,15.56000042,39100,-0.002116334,5058.879883,0,0,7.114999771,0,0.001675318,919.5900269,0,0.006699789,73.41000366,910996,0.010044075,3269.780029,604400,-0.004381592,78.55999756,134558,0.003448673,12895,141849,-0.011498658,151.8999939,111158,-0.02877238,50.90000153,309800966,-0.017374473,7.849999905,111633554,-0.002541294,31.6060009,165900,0.005599764,4839.810059,16495350000,0.011701917,3590,4817,3555,735,690,473,711,1427,1503,0.426301152,0.278736395,0.002255427,0.20294599,-0.010043042,0.015021459,-0.030013643,-0.021262003,0.029452055
2024-03,3117,17112,5476,44206,7234,11375,3084,4493,0,13127,1144,16701,11437,4484,907,1740,1019,5,1356,456,2700,74028,3958,1947,40735,1411,1532,1129,1306,1160,2150,1901,11401,1256,6365,1735,1983.920038,-0.054876078,1890.577065,-0.445895822,2063.200709,-0.048467881,1546.343962,-0.138343319,1924.82627,-0.131058196,3457.258255,0.111119874,1768.75981,-0.008781425,2946.530998,0.281032774,58.50365405,345,74.46524622,56526.7822,7998584,101992.665,218.0551807,67130,842.7115119,1961.439945,92393,2933.182269,11978.25397,1091720,28317.15299,13.96415771,162,21.02815677,49.75,30842937,-0.028320327,2016.800049,877,-0.004786554,13.43999958,36038400,0.044289021,15.85200024,62400,0.018766055,5058.879883,0,0,7.081099987,0,-0.004764552,909.3699951,0,-0.011113683,78.01000214,1687703,0.062661739,3333.820068,802600,0.019585427,83.55000305,118637,0.063518402,12680,138991,-0.016673129,151.3999939,96191,-0.003291639,48.90000153,164134937,-0.03929273,8.399999619,136002823,0.070063659,31.87199974,146400,0.008416087,4890.970215,19914270000,0.010570695,3950,4765,3342,764,678,474,707,1432,1518,0.100278552,-0.010795101,-0.059915612,0.039455782,-0.017391304,0.002114165,-0.005625879,0.003503854,0.00998004
2024-04,2415,17179,4467,26649,5560,12119,2724,1870,0,10280,683,12901,6157,3608,288,292,377,0,1124,506,926,53855,2914,2228,21399,1553,2320,2831,991,1367,2035,1427,9008,1761,5496,1439,2314.369562,0.166563933,4069.624407,1.152583188,1507.015388,-0.269574026,1404.454431,-0.091758066,2432.287224,0.263639873,4247.608127,0.228605968,1982.641481,0.120921829,1855.877433,-0.370148342,72.087517,335,100.8387931,70992.30287,6960246,111918.5273,200.965973,15075.88,570.6852566,2074.484472,206560,5520.223995,12288.41716,1093160,31412.05911,17.16967351,140,25.7287579,48.20000076,24377335,-0.031155764,2036.099976,181457,0.009569579,13.18999958,67540500,-0.018601191,15.31700039,53900,-0.033749674,5058.879883,0,0,7.088500023,0,0.00104504,931.5700073,0,0.024412519,72.27999878,2069364,-0.073452163,3179.629883,800200,-0.046250302,77.33000183,134896,-0.074446451,12185,162290,-0.039037855,135,149874,-0.108322289,47.75,128498396,-0.023517413,8.149999619,104264419,-0.029761906,30.81999969,263100,-0.03300703,4958.609863,20417850000,0.013829495,4504,4671,2973,1023,657,465,694,1996,1407,0.140253165,-0.019727177,-0.110412926,0.339005236,-0.030973451,-0.018987342,-0.018387553,0.393854749,-0.07312253
2024-05,3733,21519,6975,57446,6899,11394,3959,3432,40,15269,1395,18260,19860,8758,605,2256,1105,0,1086,1353,4067,92839,6598,3808,55314,1181,2064,844,1277,1882,1663,3435,11425,1317,7756,873,1779.446068,-0.231131408,2197.123182,-0.460116472,2882.884003,0.912975823,1204.616237,-0.142288841,2260.761719,-0.070520251,4354.484542,0.025161553,2026.423852,0.022082848,2847.960059,0.534562578,37.40890138,303,19.60134634,61769.41423,12837002,131221.1452,230.9937955,17623.15,536.6187066,1900.457596,99820,3261.363225,11317.43524,1281780,27006.85121,14.9604352,212.5,27.50888519,47.75,3513005,-0.009336115,2023.300049,1135,-0.006286492,11.89000034,35647400,-0.09855946,15.01500034,37300,-0.019716657,5058.879883,0,0,7.106999874,0,0.00260984,965.4199829,0,0.036336481,76.83999634,1637271,0.063087958,3364.929932,812300,0.058277238,82.19000244,135101,0.062847543,10905,301444,-0.105047189,128.3000031,160695,-0.049629607,47.29999924,23275388,-0.0094241,7.710000038,88271796,-0.053987681,30.5,442400,-0.010382858,5026.609863,21614960000,0.013713521,4680,4573,2916,991,662,480,698,2112,1545,0.039076377,-0.020980518,-0.019172553,-0.031280547,0.00761035,0.032258065,0.005763689,0.058116232,0.098081023
2024-06,2679,15363,6480,29214,7055,13175,3005,1571,0,11645,579,9470,9614,6203,489,232,271,0,604,500,754,58112,3310,3831,22681,1611,2026,4715,1155,1229,1891,1932,11014,609,4216,1202,2773.770162,0.558782934,1221.437692,-0.444074095,2111.196586,-0.267678969,2038.002954,0.691827565,1839.304499,-0.186422663,3640.272054,-0.164017688,1634.267108,-0.193521579,2185.951359,-0.232450135,67.49125568,324,89.25164704,74069.64127,29099190,265890.0666,197.4949252,35498.52,641.0940724,2251.6081,4769664.93,36858.02013,11550.07797,3908710,40385.25614,17.07421539,192,28.1127422,47.29999924,11583712,-0.0094241,2011.5,2749,-0.005832081,12.60999966,20895600,0.060555029,15.28499985,26400,0.017981985,5058.879883,0,0,7.163899899,0,0.008006195,967.1900024,0,0.001833419,79.19000244,1118926,0.030583111,3364.929932,812300,0.058277238,83.47000122,145881,0.015573655,10535,121576,-0.03392939,129.6999969,50670,0.010911877,46.90000153,61794632,-0.008456611,8.329999924,30551749,0.08041503,31.21999931,121200,0.023606535,5005.569824,19924770000,-0.004185731,4772,4352,2880,932,659,475,706,2149,1610,0.01965812,-0.048327138,-0.012345679,-0.059535822,-0.004531722,-0.010416667,0.011461318,0.017518939,0.042071197
2024-07,2227,18745,5314,22968,7473,9755,2682,2184,13,9482,252,15366,7696,3610,567,356,501,0,631,248,1157,54500,3974,4269,15518,1546,1832,1854,928,1578,3785,2449,10921,1343,7872,605,1889.819196,-0.318682124,2174.548289,0.780318639,2241.206234,0.061581024,1523.076286,-0.252662376,1776.320061,-0.034243616,3618.98559,-0.005847493,2048.375678,0.253390996,2751.454914,0.258699057,36.33190974,314,44.36903608,70651.26945,7816430.5,139715.7264,225.5537108,110219.34,1878.992257,1893.553733,73700,2817.155044,12190.18539,754800,28834.83746,16.03910632,272,30.05406921,49.65000153,31192279,0.049682924,2038.599976,2327,0.013472521,12.31999969,13814300,-0.022997619,15.40499973,8500,0.007850827,5058.879883,0,0,7.19329977,0,0.004103892,978.4699707,0,0.011662619,76.48999786,1442426,-0.034095271,3489.73999,798700,0.037091429,81.62000275,104931,-0.022163633,10145,127856,-0.037019459,135.6000061,65978,0.045489663,49.09999847,229820751,0.046908249,8.789999962,124357131,0.055222094,31.55900002,74800,0.010858447,5088.799805,15547770000,0.016627474,4690,4288,2974,930,662,489,718,2087,1866,-0.017183571,-0.014705882,0.032638889,-0.002145923,0.004552352,0.029473684,0.016997167,-0.028850628,0.159006211
2024-08,1556,12541,3893,14848,4570,6995,1159,1186,12,6180,305,8692,6898,2621,136,558,201,0,259,107,543,35852,2386,1314,9287,944,2088,2793,1002,2085,1729,1981,6705,1138,4251,535,4740.500347,1.508441208,4480.88122,1.060603226,2177.468116,-0.028439203,1448.836981,-0.048742999,1715.920967,-0.034002371,2133.924648,-0.41035282,1679.483663,-0.180090019,1786.201879,-0.350815502,32.63768255,176,18.41996273,76270.43882,7378664,219459.6922,180.8059971,10951.07,489.0375603,2640.626728,931790.96,24267.05611,12397.00564,1109270,37567.6608,17.74606177,135.5,25.22952906,49.90000153,48565686,0.005035247,2086.899902,3604,0.023692695,12.01000023,21099800,-0.025162295,15.24600029,20200,-0.010321288,5058.879883,0,0,7.187200069,0,-0.00084797,966.2800293,0,-0.012458166,79.97000122,1555345,0.045496188,3537.800049,799100,0.013771816,83.55000305,90803,0.023646168,9622,218206,-0.051552489,135,64524,-0.004424824,49.15000153,126713619,0.001018392,8.449999809,97233555,-0.038680336,31.47400093,83900,-0.002693339,5137.080078,21367100000,0.009487556,4430,4004,3005,883,620,478,722,2044,2203,-0.0554371,-0.066231343,0.010423672,-0.050537634,-0.063444109,-0.022494888,0.005571031,-0.020603737,0.180600214
2024-09,1953,14604,3752,19110,6326,7144,1714,1376,0,10320,97,11080,6868,2195,381,335,232,0,341,173,1536,43792,3208,3294,12233,1361,2303,1499,1038,1824,2391,2250,10020,775,4037,767,2058.465661,-0.565770381,2082.429828,-0.535263328,2184.05814,0.003026462,1622.100183,0.119587783,1879.099026,0.095096489,3475.107122,0.628505076,2273.322295,0.353584048,3054.591467,0.710104274,33.51314816,295,17.09913073,84404.28889,7391855,310548.3098,265.0173743,34338.65,985.8737286,2042.806436,83360,2823.450767,11972.27287,1363540,25766.02404,22.52232265,292,46.30950876,48.65000153,34492252,-0.025050099,2178.600098,2946,0.043940869,10.98999977,23843400,-0.084929262,15.17000008,36000,-0.004984928,5058.879883,0,0,7.192299843,0,0.000709563,980.539978,0,0.014757574,78.01000214,1935240,-0.024509179,3544.909912,746600,0.002009685,82.08000183,158063,-0.017594269,9478,145249,-0.014965704,133.8999939,50921,-0.008148193,47.54999924,171039500,-0.032553453,8.680000305,65603509,0.027218994,31.21899986,109900,-0.008101959,5123.689941,22082750000,-0.002606566,4260,3825,2947,864,652,470,755,2019,2345,-0.038374718,-0.044705295,-0.019301165,-0.021517554,0.051612903,-0.016736402,0.045706371,-0.01223092,0.064457558
2024-10,2527,18926,4811,27379,7247,7086,4103,3217,10,10275,253,14697,9546,3548,720,867,395,0,787,334,2525,58363,4168,3163,21377,1637,2693,722,1236,1054,2541,3239,12326,1068,6072,1235,2070.203998,0.005702469,2120.200962,0.01813801,2013.232412,-0.078214826,1496.533453,-0.077409972,1839.51803,-0.021063816,3172.40672,-0.087105344,1814.984781,-0.201615721,2717.479676,-0.110362317,32.94933278,281,17.85178455,61262.94817,12837015,129104.8103,205.7605183,39746.16,678.7993458,1939.05143,82060,3182.830181,12609.69151,994820,30385.0929,13.87899142,157.5,20.47456587,46.45000076,58049478,-0.04522098,2157.300049,1923,-0.009776943,9.449999809,50007300,-0.140127388,15.18900013,16900,0.001252475,5058.879883,0,0,7.192200184,0,-1.39E-05,941.3200073,0,-0.039998339,81.04000092,1438713,0.038841157,3569.98999,752800,0.007074955,85.33999634,150486,0.039717281,9056,191196,-0.044524161,124.1999969,174380,-0.072442101,46.5,167736810,-0.022082003,8.529999733,97803245,-0.017281171,30.95000076,99800,-0.008616519,5117.089844,24701470000,-0.001288153,3960,3600,2951,856,641,469,739,2002,2374,-0.070422535,-0.058823529,0.001357313,-0.009259259,-0.016871166,-0.00212766,-0.021192053,-0.00842001,0.012366738
2024-11,2727,18291,5600,31747,6959,9935,3032,4366,0,12474,447,11492,12119,3836,637,328,435,0,1082,714,1700,62597,4419,2073,24690,1788,2784,2842,1115,1740,2850,2445,10909,1219,6591,1551,1979.812003,-0.043663327,2326.79197,0.097439352,1907.258074,-0.052638899,1774.032635,0.185427985,1736.577521,-0.055960587,3173.643051,0.000389714,1737.964009,-0.042436043,2504.780233,-0.07827085,32.01862382,245,15.57216223,63504.95447,12837011,139564.0838,219.0100551,19808.92,645.4935364,1907.33273,109548.47,2963.265197,12091.21255,1363460,27309.83137,14.26911139,166,23.22810758,45.29999924,37686791,-0.024757837,2158.100098,132,0.000370857,9.579999924,15644600,0.013756626,14.92599964,12200,-0.017315194,5058.879883,0,0,7.198200226,0,0.000834243,968.6300049,0,0.029012448,80.62999725,1010654,-0.005059275,3545,705400,-0.007000017,85.43000031,137643,0.001054652,9130,124624,0.008171378,125.5,55952,0.010467014,45.15000153,126925965,-0.029032225,8.020000458,110492402,-0.059788897,30.12000084,80100,-0.026817444,5234.180176,19715260000,0.022882211,3722,3453,2942,865,627,455,721,2048,2196,-0.06010101,-0.040833333,-0.003049814,0.010514019,-0.021840874,-0.029850746,-0.02435724,0.022977023,-0.074978939
2024-12,3025,19938,5796,36607,6841,8657,3639,3473,0,11508,946,14544,13124,7688,616,418,606,8,921,507,2527,69182,4339,3343,30085,1387,1575,1396,1351,1938,3688,2087,11603,1626,7896,1207,1920.12296,-0.030148844,3080.296667,0.323838447,1748.555545,-0.083209782,1606.339698,-0.094526411,1905.20013,0.097100536,3558.364643,0.121223964,1660.8277,-0.044383145,2101.78089,-0.160892097,32.57066288,276,20.16134186,66762.78688,12837014,173483.985,233.3599076,136072.98,1010.522231,1850.516724,158988.395,3671.787754,11757.89802,1201200,27115.7493,13.18496497,131,18.16315369,44.25,19696409,-0.023178791,2217.399902,235692,0.027477782,10.11999989,9751700,0.056367429,15.09399986,13700,0.011255542,5058.879883,0,0,7.226500034,0,0.003931512,980.460022,0,0.012213143,83.16999817,1079943,0.031501935,3537.47998,663700,-0.002121303,87.48000336,73120,0.02399629,8994,147836,-0.014895947,139.6999969,63847,0.113147386,44.40000153,86418410,-0.016611295,8.229999542,78042779,0.026184423,30,77500,-0.003984091,5254.350098,15051920000,0.003853502,3573,3307,2934,858,644,454,731,2007,1821,-0.040032241,-0.042282074,-0.002719239,-0.008092486,0.027113238,-0.002197802,0.013869626,-0.020019531,-0.170765027
2024-13,1543,11042,2107,16134,3215,4961,1463,1656,2,5807,165,8473,3485,1997,473,203,240,0,526,227,2820,32498,1453,1162,13493,885,1151,818,505,875,1025,1332,5498,658,4457,639,2370.353807,0.234480216,2843.735,-0.076798339,2826.263602,0.616341905,1510.824532,-0.059461375,2168.98408,0.13845472,3601.606985,0.012152308,1543.851344,-0.070432565,2561.056189,0.218517212,36.03739949,236,16.28581503,77726.25391,8534365,177013.0325,241.0543665,45781.38,1260.12606,2102.369451,78520,3876.928498,12566.83486,1060500,30445.88874,15.46249471,96.5,18.89488447,43.65000153,12768461,-0.013559288,2325.699951,1715,0.048841009,11.15999985,19723900,0.102766796,15.25,19800,0.010335242,5058.879883,0,0,7.23390007,0,0.001024014,940.2999878,0,-0.040960399,86.91000366,1700388,0.044968205,3567.800049,439700,0.008571093,91.16999817,181645,0.042181009,9634,130928,0.07115855,139.6999969,67993,0,43.79999924,39189307,-0.013513565,8.5,70550220,0.032806862,30.50099945,129200,0.016699982,5204.339844,18378230000,-0.009517876,3472,3344,3335,831,572,432,757,1924,1628,-0.028267562,0.011188388,0.136673483,-0.031468531,-0.111801242,-0.04845815,0.035567715,-0.041355257,-0.105985722
2024-14,2780,18234,6287,39717,8411,10407,2171,2465,0,12439,271,18488,11489,8154,473,716,291,0,1130,420,3735,72649,4265,3927,32193,932,2669,2964,1322,1606,3890,2597,12388,834,5413,1914,2115.248766,-0.107623191,1371.187321,-0.517821695,4044.055389,0.430884008,1778.405914,0.177109503,1866.668543,-0.139381169,2912.877772,-0.191228309,2726.962905,0.766337747,1920.10486,-0.250268359,36.30331253,264,17.4283535,78040.9167,8554032,202039.8686,227.7715708,58592.75,833.5250217,2258.981235,83506.49,3656.470247,12447.89589,1243242,26090.85761,18.21158185,213,30.45681539,45,27444534,0.030927799,2356.199951,1657,0.013114331,10.10000038,14107000,-0.094982032,15.18700027,21700,-0.00413113,5058.879883,0,0,7.235899925,0,0.000276456,954.8599854,0,0.015484417,85.66000366,1840753,-0.014382694,3475.840088,669200,-0.025774976,90.44999695,215168,-0.007897348,9646,142392,0.001245589,148.1000061,79693,0.060128914,45.20000076,91866133,0.031963506,8.699999809,109916399,0.023529389,30.37000084,76200,-0.004294896,5123.410156,17997390000,-0.015550423,3433,3262,3673,884,575,428,765,1990,1729,-0.011232719,-0.024521531,0.101349325,0.06377858,0.005244755,-0.009259259,0.010568032,0.034303534,0.062039312
2024-15,3179,18220,6125,42700,7818,7369,2971,2321,0,13516,663,18239,15489,6058,703,828,283,0,1296,176,4951,74863,4062,2274,40226,778,2220,2772,1079,1482,2053,3536,9360,1313,6139,1631,2287.213524,0.081297652,3908.08411,1.850146037,2053.167814,-0.492299779,1803.925643,0.014349777,1671.30142,-0.104660854,3316.279157,0.13848895,1831.030641,-0.32854582,2941.184874,0.531783464,33.3722927,256,16.14877223,62003.02676,5354384,131625.8819,213.5169092,21276.165,570.4175365,2111.216936,125250,3451.81508,11370.39708,1281780,26703.39235,13.05131067,115,17.22761204,43.25,39512453,-0.038888889,2398.399902,2167,0.017910174,10.17000008,12399500,0.006930663,15.19499969,20500,0.000526728,5058.879883,0,0,7.236700058,0,0.000110578,965.6900024,0,0.011341995,83.13999939,1006146,-0.02941868,3541.659912,854500,0.018936379,87.29000092,199602,-0.034936386,9568,82298,-0.008086253,152.3000031,45195,0.028359195,45.15000153,135297899,-0.001106178,8.899999619,115229676,0.022988484,30.60000038,48100,0.007573248,4967.22998,19051050000,-0.030483637,3318,3205,4354,866,576,439,776,2060,1919,-0.033498398,-0.017473942,0.185407024,-0.020361991,0.00173913,0.025700935,0.014379085,0.035175879,0.10989011
2024-16,3123,19289,6227,41610,6795,11112,3042,2363,0,11438,871,13560,15331,6567,907,632,630,0,1176,484,5808,73921,4273,3200,37454,2246,2711,1279,1057,1581,2352,1758,11760,1132,5727,1664,2537.820361,0.109568623,3121.055,-0.201384895,1807.432652,-0.119685863,1788.0589,-0.008795674,1830.306424,0.095138436,2483.382958,-0.251153826,1653.391516,-0.097015922,3924.119581,0.334196846,35.48475453,220,15.19691369,61979.13536,3689954.5,128003.8088,243.6913758,49317.52,922.3327872,2215.896348,95558.53,3512.888161,11658.42055,763215,28475.43573,12.98008066,158,20.07240329,48.34999847,64022419,0.11791904,2334.800049,2060,-0.026517618,13.22000027,26531200,0.299901688,15.7869997,18600,0.038960186,5058.879883,0,0,7.238599777,0,0.000262512,948,0,-0.01831851,83.84999847,1557011,0.008539801,3584.27002,727800,0.012031112,89.5,134501,0.025317895,9940.003906,138044,0.038880007,167.8000031,127784,0.101772815,51.79999924,355396788,0.147286766,9.5,209829099,0.067415776,32.08200073,81800,0.048431383,5099.959961,18790580000,0.026721126,3300,3192,4583,868,583,438,770,2011,1721,-0.005424955,-0.004056162,0.052595315,0.002309469,0.012152778,-0.002277904,-0.007731959,-0.023786408,-0.103178739
2024-17,2028,9605,3146,23192,4914,4469,2242,2672,0,6682,626,9184,6573,2483,737,295,925,2,1204,535,2228,40857,2924,515,19059,733,1095,1367,754,1151,916,2928,7124,1065,2633,1517,2706.957235,0.066646512,2805.245,-0.101186938,2171.619098,0.201493785,1808.096367,0.011206268,2894.843928,0.581617094,3156.084243,0.27088101,1864.792457,0.127858973,1851.470846,-0.528181849,33.46329568,214,19.35837447,74565.91558,7411217.5,137858.0854,227.2053862,148224.35,1145.258243,2455.937783,189442,3948.834822,12388.24947,1232220,33041.87309,27.00571095,436,68.52471143,49.40000153,91579092,0.021716713,2299,810,-0.01533324,12.88000011,16462200,-0.025718619,16.25900078,16000,0.029898086,5058.879883,0,0,7.238399982,0,-2.76E-05,947.1500244,0,-0.000896599,78.11000061,1863732,-0.068455551,3604.389893,414000,0.005613381,82.95999908,174536,-0.073072636,9562,195855,-0.038028547,147.8999939,76985,-0.118593616,50.40000153,415358532,-0.027026983,10.46000004,162776273,0.101052636,33.27000046,51200,0.037030101,5127.790039,20380740000,0.005456921,3738,3729,5408,803,579,458,787,1971,1876,0.132727273,0.168233083,0.180013092,-0.074884793,-0.006861063,0.0456621,0.022077922,-0.019890602,0.090063916
2024-18,3369,16274,7534,50655,7674,9726,4599,2579,88,14741,897,20070,16168,6815,1193,398,485,0,1295,238,2845,82137,5007,3318,45758,1100,1878,1545,1100,1383,1983,2276,13385,1376,5481,1554,3058.860121,0.129999426,42070.74097,13.99717172,2047.07284,-0.057351798,2145.034083,0.186349424,2314.51434,-0.200470078,2344.62487,-0.257109542,1888.04544,0.012469475,2500.640323,0.350623656,35.60154604,231,16.40544191,66692.23174,5631450,151839.1318,215.8680738,19754.51,732.8212583,2674.271162,391255,6484.072893,11831.73145,931935,28340.95695,18.43012259,364,42.8744431,63.79999924,221407367,0.29149792,2367.300049,169,0.02970859,17.59000015,40518800,0.36568323,17.15999985,29800,0.055415402,5058.879883,0,0,7.218699932,0,-0.002721603,924.0499878,0,-0.024388994,78.26000214,1534292,0.001920388,3666.280029,800100,0.017170766,82.79000092,142372,-0.002049158,10435,84136,0.091298891,166.6000061,117376,0.126436869,60.59999847,783255361,0.202380886,11.69999981,214122775,0.118546823,35.84000015,125300,0.077246759,5222.680176,18858510000,0.018505075,3956,3767,5627,800,582,450,737,1944,2129,0.058319957,0.0101904,0.040495562,-0.00373599,0.005181347,-0.017467249,-0.063532402,-0.01369863,0.134861407
2024-19,3042,17772,5885,44106,6761,7167,2395,581,22,15746,1293,14049,17586,8094,524,340,683,0,622,365,5057,74524,4100,2007,39547,1349,2813,1248,1229,2382,3234,2285,10286,1046,5751,1347,3374.140557,0.103071217,2805.499474,-0.933314712,1835.347885,-0.103428149,2423.622824,0.129876137,1668.332871,-0.279186635,3221.321425,0.373917622,1587.538341,-0.159163064,2095.376003,-0.162064219,36.40158033,222,14.44372838,56532.70909,5562214,99564.95885,195.4859983,17024.12,481.3401993,2719.249214,116868.21,4157.50277,11597.74072,927880,24943.09338,14.87044137,196.5,24.9918287,70,577921579,0.097178697,2412.199951,269,0.018966714,18.72999954,31437600,0.064809516,17.79599953,29500,0.037062919,5058.879883,0,0,7.217000008,0,-0.000235489,898.0300293,0,-0.028158605,80.05999756,1240807,0.023000196,3677.969971,733400,0.003188502,83.98000336,155247,0.014373746,11430,214061,0.09535218,160.1000061,70619,-0.039015605,71,1353198033,0.171617191,12.68000031,230918143,0.083760728,36.74000168,116700,0.02511165,5303.27002,20775690000,0.015430745,4642,4515,6459,783,588,465,718,1941,1844,0.173407482,0.198566499,0.147858539,-0.02125,0.010309278,0.033333333,-0.02578019,-0.00154321,-0.133865665
2024-20,3063,20413,5251,38739,8341,7701,2876,2692,18,13384,424,18812,14755,5419,272,428,821,0,1292,273,3577,72744,3917,2788,36069,1357,2034,2541,1307,1679,2138,3058,10773,1268,6394,1338,3766.574189,0.116306249,4849.189783,0.728458632,1943.983754,0.059190887,1475.396827,-0.39124322,1469.012876,-0.119472558,3042.736916,-0.055438277,1535.787431,-0.032598211,2149.757866,0.025953272,33.75445036,183,17.1157099,62571.49994,7222764.5,135761.1752,184.522464,42832.885,535.7011352,2704.730287,289090.7,4852.814779,11281.6776,874270,25699.20528,14.08648817,205,24.53085573,74.90000153,52076961,0.070000022,2332.5,616,-0.033040359,21.04000092,38550100,0.12333163,17.79999924,27500,0.000224753,5058.879883,0,0,7.241499901,0,0.003394748,909.1099854,0,0.012338069,77.72000122,1400237,-0.029228034,3601.47998,734600,-0.020796796,82.12000275,129114,-0.022148137,12100,104835,0.058617673,164.1999969,43767,0.025608936,73.5,132831849,0.035211268,12.56000042,132133660,-0.009463713,37.38999939,153500,0.017691826,5304.720215,17804500000,0.000273453,4874,4760,6920,779,608,463,703,1937,1797,0.049978458,0.054263566,0.071373278,-0.005108557,0.034013605,-0.004301075,-0.020891365,-0.002060793,-0.025488069
2024-21,3577,21649,7425,49175,7719,11620,4971,2818,22,16470,694,12947,21174,6601,2005,620,415,0,1146,504,3961,85968,4379,4237,48780,1117,2557,2462,1676,1596,1559,2667,11011,1513,5579,1214,3818.161672,0.013696128,1622.075667,-0.665495528,1588.529095,-0.182848575,2269.342196,0.538123273,1785.693859,0.215574001,2534.540157,-0.167019618,1848.116799,0.203367577,2499.277563,0.162585611,31.58670736,186,17.29111601,79347.73344,8766290,327016.1858,243.2273151,175325.79,1079.703378,3018.287015,192820.735,4368.753346,11359.73805,917140,22662.79887,14.64535789,137,21.06101704,79.69999695,122532433,0.064085385,2322.899902,152871,-0.004115797,22.54000092,25165600,0.071292773,18.32900047,28700,0.029719172,5058.879883,0,0,7.233500004,0,-0.001104729,916.8400269,0,0.008502867,76.98999786,1312567,-0.009392735,3579.919922,605800,-0.005986444,81.62000275,82098,-0.006088651,12465,178275,0.030165289,174.1000061,84788,0.060292383,71.5,501631812,-0.027210884,13.06000042,227141253,0.039808916,38.31000137,106300,0.024605563,5277.509766,16560200000,-0.005129479,4960,4774,7289,773,591,466,691,1917,1815,0.017644645,0.002941176,0.053323699,-0.007702182,-0.027960526,0.006479482,-0.017069701,-0.010325245,0.010016694
2024-22,2578,15444,4312,32513,6008,6147,2548,1779,2,11047,870,11133,14136,6067,634,334,859,0,815,511,1395,58277,3181,2460,31694,1014,1956,489,665,1755,2013,1534,7974,578,4652,1493,4630.612925,0.212785975,2285.472286,0.40898007,1839.842084,0.158204838,1414.311413,-0.376774726,1341.929378,-0.248510952,2252.553267,-0.111257614,2517.147206,0.362006561,2117.857159,-0.152612263,38.3730528,182,15.79290493,67579.3029,3878070.25,118874.4349,203.3008455,16244.9,553.9874361,3413.718583,88620,4953.029435,11915.73185,866990,24651.3348,15.42566858,131.5,24.52070304,96.19999695,479520721,0.207026357,2305.199951,2414,-0.007619765,19.54000092,53278800,-0.133096712,18.5510006,29000,0.01211196,5058.879883,0,0,7.244100094,0,0.001465416,908.0499878,0,-0.00958732,75.52999878,1731028,-0.01896349,3574.110107,645500,-0.00162289,79.62000275,183576,-0.024503797,12175,156249,-0.023265142,180.8000031,91448,0.038483611,82.90000153,1078465697,0.159440581,15.03999996,242583516,0.151607923,37.88000107,231800,-0.011224231,5346.990234,18649030000,0.013165389,5913,5821,7812,613,575,457,698,1904,1881,0.192137097,0.219312945,0.071751955,-0.20698577,-0.027072758,-0.019313305,0.010130246,-0.006781429,0.036363636
2024-23,3180,18645,5335,43254,10696,9477,3776,3266,0,13187,1011,20016,11716,6597,801,368,1199,2,1705,1073,3736,77930,4285,2887,36572,1896,1346,2054,1830,1682,2218,4477,14149,1026,6389,1404,4725.981004,0.020595131,1923.137059,-0.158538447,2754.011645,0.496873927,1891.268266,0.337236091,1564.213424,0.165645115,2533.979392,0.124936502,1451.94794,-0.423177184,2108.282464,-0.004520935,36.51966441,199,16.88849021,60127.36995,7079823,106307.7591,201.0890365,141596.46,803.1039796,3279.925268,273478.77,5255.001058,11429.87943,1043328,27008.85874,17.90434246,190,30.47520923,92.80000305,324922406,-0.035342973,2331.399902,2318,0.011365587,18.53000069,30650900,-0.051688853,17.17000008,66800,-0.074443452,5058.879883,0,0,7.251599789,0,0.001035283,917.7000122,0,0.010627195,78.44999695,1507655,0.038660111,3541.530029,552000,-0.009115578,82.62000275,190930,0.037678974,11400,146037,-0.063655031,164.6000061,63554,-0.089601752,75.40000153,879658069,-0.090470445,13.52000046,282050576,-0.101063797,35.34000015,144300,-0.067053877,5431.600098,18122180000,0.01582383,6005,5899,8091,630,570,468,684,1884,1948,0.015558938,0.013399759,0.035714286,0.027732463,-0.008695652,0.024070022,-0.020057307,-0.010504202,0.035619351
2024-24,3548,19720,5766,47607,11078,10729,3983,4201,0,16515,998,18646,15022,7782,964,721,930,0,1152,354,2174,84171,4031,2948,43407,825,2696,3867,823,2842,2497,3845,10662,1772,6718,1269,4760.682395,0.007342685,1703.358529,-0.114281262,2111.295674,-0.233374456,1848.745325,-0.022483823,1634.610802,0.04500497,2832.249155,0.117708046,2684.243198,0.848718624,2113.247164,0.002354855,34.82503412,159,16.42147871,60171.75231,3755745.5,104735.8202,208.3015549,42511.99,683.8517049,3383.466887,612600,9492.384403,11435.07977,1380090,31407.84768,19.4189069,302,40.25010145,92.30000305,405825473,-0.005387931,2316.399902,412,-0.006433903,19.64999962,14801700,0.060442466,17.86400032,14200,0.04041935,5058.879883,0,0,7.25909996,0,0.001034278,931.9799805,0,0.015560606,80.73000336,978441,0.02906318,3495.620117,588500,-0.012963299,85.23999786,156266,0.03171139,11420,154768,0.001754386,174.1999969,50618,0.05832315,75.90000153,484169117,0.0066313,14.10000038,205363458,0.042899401,37.06000137,71600,0.048670097,5464.620117,17613030000,0.006079243,6934,6891,8586,627,575,462,680,1889,1997,0.154704413,0.168164096,0.061179088,-0.004761905,0.00877193,-0.012820513,-0.005847953,0.002653928,0.025154004
2024-25,3211,17975,6193,39942,8362,11625,4155,3544,6,11864,1072,15582,9212,5758,1204,1611,1074,0,1367,664,3734,72472,4162,3516,37459,998,2645,2032,1224,2298,1394,1838,11163,1612,4485,1808,5445.000561,0.143743714,1483.58,-0.129026582,1614.449239,-0.235327738,3235.232611,0.749961212,1536.117,-0.060255201,2576.469724,-0.090309651,3341.096809,0.24470719,1946.183068,-0.079055635,38.25497309,179,16.29324804,65019.94987,7722876,138524.3914,237.818861,111482.1,856.5133199,3902.72374,396038,7390.984674,11839.39891,903759,23903.68322,14.57041611,136,22.26733439,88.59999847,226069774,-0.040086722,2327.699951,2814,0.004878281,22.17000008,16868800,0.128244301,17.99500084,35200,0.007333213,5058.879883,0,0,7.267199993,0,0.001115845,954.1300049,0,0.023766631,81.54000092,1432787,0.010033414,3461.659912,592600,-0.009715073,86.41000366,122877,0.013726019,12105,90357,0.059982487,173.3000031,35640,-0.00516644,74.59999847,264629100,-0.01712784,13.65999985,144360463,-0.031205711,36.56999969,171800,-0.013221847,5460.47998,21641380000,-0.000757626,7038,6915,8751,627,578,469,674,1893,2050,0.014998558,0.003482804,0.019217331,0,0.005217391,0.015151515,-0.008823529,0.002117522,0.02653981
2024-26,2381,13595,4157,33693,4517,5158,4479,1632,0,8273,461,12500,12154,4906,129,183,259,0,640,239,4949,55962,3058,703,33442,1475,1243,1721,813,626,1208,1274,6403,1052,5147,855,5240.098426,-0.037631242,12730.54375,7.580962098,1834.102678,0.13605472,1273.198697,-0.606458376,1656.789253,0.078556681,2233.195135,-0.133234474,2426.291033,-0.273804032,1547.158937,-0.205029083,35.65341778,150,18.20533596,59795.2847,2834192.75,97514.51787,275.2200432,16957.04,893.9728338,3889.722702,151800,5496.370649,10611.0442,644629,19652.42688,13.7779459,113.5,19.19409966,83.69999695,189241414,-0.055304759,2388.5,398,0.026120226,22.11000061,15402100,-0.002706336,17.92000008,21000,-0.004167867,5058.879883,0,0,7.265799999,0,-0.000192646,936.9000244,0,-0.018058315,83.16000366,1364609,0.019867583,3431.060059,568400,-0.008839648,86.54000092,198256,0.001504424,12315,172743,0.017348203,162.1999969,69293,-0.064050813,72.30000305,259832521,-0.030831038,13.46000004,104451232,-0.014641275,36.61000061,66200,0.001093818,5567.189941,12251260000,0.019542231,7897,8024,9334,496,546,527,747,1799,1966,0.122051719,0.160375994,0.066620958,-0.208931419,-0.055363322,0.123667377,0.108308605,-0.04965663,-0.04097561
2024-27,3364,18998,7643,53369,7250,12514,5011,3111,0,16922,618,16421,15279,6159,788,648,1381,0,1662,576,6170,87260,5447,2889,46185,1547,3456,3695,1546,2514,2515,3313,11692,1984,4260,1664,5010.975992,-0.043724834,23977.5075,0.883462951,2304.128871,0.256270382,1931.45822,0.517012407,1369.931912,-0.173140513,2968.469589,0.329247741,1957.148701,-0.193357815,4205.246499,1.718044279,36.6615634,170,16.70633416,62702.08036,7722876,119344.3705,201.8217486,114603.85,745.6709628,3658.702059,200200,5842.499671,11130.45888,818040,22669.38126,17.37451969,181,30.15173542,76.40000153,174324084,-0.087216197,2414,519,0.010676157,17.04999924,40349000,-0.228855777,17.2310009,23600,-0.038448615,5058.879883,0,0,7.254799843,0,-0.001513964,913.8099976,0,-0.024645134,82.20999908,1577711,-0.011423816,3472.399902,651100,0.012048709,85.02999878,228682,-0.017448603,10890,193395,-0.115712546,149,96917,-0.081380994,64,270702494,-0.114799484,11.5,299731123,-0.145616644,34,235100,-0.071292012,5615.350098,17475920000,0.008650712,7874,8083,9599,493,551,542,731,1790,1997,-0.002912498,0.007352941,0.028390829,-0.006048387,0.009157509,0.028462998,-0.021419009,-0.005002779,0.015768057
2024-28,3088,18979,6921,45769,10271,10991,4827,2978,0,14282,732,18406,13065,6498,1206,518,514,0,1798,93,6032,81940,4748,3369,38096,741,1871,2989,2065,1394,2985,2398,17097,1697,5582,1656,5067.183479,0.011216874,14177.74363,-0.408706529,1811.775553,-0.213683065,1952.06322,0.010668105,1397.616174,0.020208495,2148.3109,-0.276290076,2245.776275,0.147473502,2987.358521,-0.289611555,35.25106726,166,19.57131756,62672.62222,7722876,115507.2076,196.9489521,37784.62,597.4630406,3507.403453,237066,5910.061912,11702.86607,983200,25176.4356,13.46937323,152,20.23113087,71.09999847,124988449,-0.069371766,2395.5,660,-0.007663629,16.93000031,20634800,-0.007038061,16.87999916,30700,-0.020370363,5058.879883,0,0,7.258900166,0,0.000565188,932.7800293,0,0.020759274,80.12999725,1041642,-0.025301081,3539.02002,627200,0.019185612,82.62999725,218011,-0.028225351,10605,99914,-0.026170799,149.3000031,49014,0.002013443,60.20000076,185781613,-0.059374988,10.61999989,157726431,-0.076521749,33.09999847,111600,-0.026470633,5505,19676760000,-0.019651508,7604,8449,9120,489,549,564,715,1786,1902,-0.034290069,0.045280218,-0.049901031,-0.00811359,-0.003629764,0.040590406,-0.021887825,-0.002234637,-0.047571357
2024-29,2920,14436,5720,37227,8239,7371,5802,1653,2,12277,760,13559,12486,6089,1236,517,1090,0,1061,744,975,65622,3616,2888,34878,588,2049,2096,1052,1588,2437,1552,10540,1251,3500,1203,4635.906661,-0.085111743,3831.076923,-0.729782325,2215.105613,0.222615908,2101.844075,0.076729511,1259.291062,-0.098972175,3860.703827,0.797088041,2168.318079,-0.034490611,3016.257894,0.009673888,38.13459036,147,16.51199034,56572.44046,7722876,105924.7516,191.29907,19049.65,625.9068034,3386.764178,213744.47,6201.217834,11156.50296,981680,26000.72947,13.4770814,231,24.89487096,73.90000153,70107970,0.039381197,2380,191,-0.006470465,17.03000069,17243300,0.005906697,16.95100021,17400,0.004206224,5058.879883,0,0,7.230100155,0,-0.003967545,946.6400146,0,0.014858793,77.16000366,1941556,-0.037064691,3409.290039,643200,-0.036657035,81.12999725,208464,-0.018153214,10480,86337,-0.011786893,149.5,30287,0.001339564,60.29999924,129615550,0.001661104,10.73999977,89535199,0.011299424,32.95000076,66500,-0.004531653,5459.100098,19051830000,-0.008337857,6999,8502,8820,484,548,549,691,1818,1808,-0.079563388,0.006272932,-0.032894737,-0.010224949,-0.001821494,-0.026595745,-0.033566434,0.017917133,-0.049421661
2024-30,2309,14823,3140,30320,8226,5859,2989,1941,0,12257,187,12456,8377,3266,550,266,831,0,1261,1311,4958,56509,2948,3164,28067,782,2375,704,767,1764,493,2642,9216,362,5148,1025,4770.887972,0.029116486,5089.149518,0.328386148,1825.848454,-0.175728487,1832.080166,-0.1283463,1847.69986,0.467254009,3525.878973,-0.086726377,1995.465333,-0.079717431,3250.396948,0.077625675,32.5214187,135,17.89817889,64705.88939,7652796,125875.6893,213.147909,17481.175,536.9632683,3340.351793,187256.17,5929.022966,10378.88144,515160,22358.39124,16.92356825,138.5,24.92482726,79.69999695,122895473,0.078484375,2425.699951,154906,0.01920166,18.98999977,22532600,0.115090957,16.54000092,74400,-0.024246315,5058.879883,0,0,7.242800236,0,0.001756557,948.0800171,0,0.001521172,73.51999664,2093228,-0.047174791,3384.389893,639700,-0.007303616,76.80999756,195298,-0.053247872,10835,141466,0.033874046,157.5,64788,0.053511706,64.09999847,204691565,0.06301823,11.14000034,114791020,0.037244002,32.75,63600,-0.006069826,5346.560059,21564690000,-0.020615126,6623,8397,8435,488,516,563,677,1757,1675,-0.05372196,-0.012350035,-0.043650794,0.008264463,-0.058394161,0.025500911,-0.020260492,-0.033553355,-0.073561947
2024-31,3188,22807,6440,54374,8809,11732,4401,4460,4,16987,515,25798,12264,6569,921,392,1316,0,1072,1146,4853,92430,4479,3459,47707,1611,3490,2676,1523,2107,2166,3441,13744,979,8052,1475,3835.206524,-0.196123123,3881.159231,-0.237365847,1939.571292,0.062284927,1773.717138,-0.031856154,1294.837316,-0.29921664,1838.035843,-0.47870138,1749.301806,-0.123361465,2090.16353,-0.356951301,36.78859003,131,19.81711195,64288.62891,4179624.25,100908.0548,161.7461582,38438.89,476.1290233,2652.797824,128539.13,3805.976777,9890.73068,801920,18606.58028,18.09218015,155,28.9001606,77.19999695,281056869,-0.03136763,2432.100098,1439,0.002638474,18.31999969,14021100,-0.035281732,16.42000008,17900,-0.007255189,5058.879883,0,0,7.173699856,0,-0.009540561,935.1799927,0,-0.013606472,76.83999634,1870704,0.045157778,3331.629883,541200,-0.015589223,79.66000366,227099,0.037104624,10560,157850,-0.025380711,153.8999939,43890,-0.022857182,60.79999924,285425245,-0.051482049,10.39999962,113658705,-0.066427352,32.20999908,71500,-0.016488578,5344.160156,22114930000,-0.000448868,6415,8301,8521,493,506,554,660,1758,1670,-0.031405707,-0.011432655,0.010195614,0.010245902,-0.019379845,-0.01598579,-0.025110783,0.000569152,-0.002985075
2024-32,3260,17363,6931,52494,6175,5440,5046,4120,0,12335,927,17565,19355,9868,532,294,599,0,1072,541,5269,82963,5176,1781,51605,1536,1988,1019,1263,1246,1892,2409,9250,1157,6970,847,3329.821539,-0.131775168,2260.956111,-0.417453401,2156.148719,0.111662525,1417.535608,-0.200810785,1824.557616,0.409101818,4539.666148,1.469846366,2189.966961,0.251909164,2977.396648,0.424480241,39.60167733,141,17.56070103,56722.48776,3639518.25,110175.2677,210.9260875,12738.21,550.8799599,2796.302763,169118.7,4062.52185,10671.17089,828980,22293.30815,13.24043131,184,22.63894815,80.80000305,202056562,0.046632205,2498.600098,1832,0.027342625,19.05999947,14615000,0.040393001,17.12599945,24800,0.042996308,5058.879883,0,0,7.173399925,0,-4.18E-05,932.2000122,0,-0.003186531,76.65000153,1401078,-0.002472603,3345.629883,444400,0.004202147,79.68000031,212964,0.000251025,10530,83589,-0.002840909,146.8999939,46005,-0.045484082,63.79999924,277501315,0.049342106,11.02000046,61789279,0.059615467,33.61999893,69200,0.043775222,5554.25,17470190000,0.039312041,6584,8027,8457,496,509,562,685,1795,1691,0.026344505,-0.033008071,-0.007510856,0.006085193,0.005928854,0.014440433,0.037878788,0.021046644,0.01257485
2024-33,3036,17241,6692,46969,6620,11483,5890,3381,0,13843,657,16171,10819,7709,1453,637,984,0,1001,250,3244,77522,4293,3122,38775,2479,1403,1184,1451,3118,3666,1744,13556,1621,4234,1169,3829.856121,0.150168583,2991.706024,0.323203936,2014.045409,-0.06590608,2374.294153,0.674944982,1422.591606,-0.220308752,2738.051343,-0.396860638,1956.060361,-0.106808278,2639.908629,-0.113350037,37.55465853,126,21.70697296,66440.17115,11431191,139766.3187,177.4560296,228623.81,1201.408447,2918.636091,113814,4670.394746,12400.21916,661560,26359.84138,15.43263229,149,24.93106342,79.5,70851200,-0.016089146,2508.399902,675,0.003922118,20.17000008,55325900,0.05823718,17.23900032,17200,0.006598206,5058.879883,0,0,7.14440012,0,-0.004042686,919.0100098,0,-0.014149327,74.83000183,1485856,-0.023744288,3327.189941,487200,-0.00551165,79.01999664,183193,-0.008283178,10570,116088,0.00379867,152,27599,0.034717538,63.59999847,110810465,-0.003134808,10.47999954,77171434,-0.049001896,33.68999863,41300,0.002082085,5634.609863,15609610000,0.014468175,6718,7745,8104,493,527,552,659,1785,1762,0.020352369,-0.035131431,-0.04174057,-0.006048387,0.035363458,-0.017793594,-0.037956204,-0.005571031,0.04198699
2024-34,3732,21514,9118,56744,10171,9354,10013,4442,0,19651,458,17928,14419,7301,1070,479,901,2,1991,1814,7724,97547,5822,4668,56400,639,1991,4600,1535,1602,2520,1654,14679,1791,4521,947,3458.578655,-0.096942928,3722.455938,0.244258596,2096.68911,0.041033683,1863.176025,-0.215271611,1185.808479,-0.166444906,2233.387717,-0.184314888,1980.615708,0.012553471,5965.482627,1.25973072,37.62818015,123,21.12614012,62849.25888,8623105,173246.619,213.5027799,172462.1,1041.495616,2771.318854,169933.75,4180.96378,11490.20418,1247500,25012.8513,16.80369709,266.5,33.43263338,82.90000153,104165048,0.042767315,2493.800049,6917,-0.005820385,18.27000046,30365500,-0.094199287,17.37800026,8600,0.008063109,5058.879883,0,0,7.095499992,0,-0.006844539,914.5800171,0,-0.004820397,73.55000305,1913618,-0.017105422,3321.429932,601900,-0.001731194,78.80000305,123764,-0.002784024,10065,108947,-0.047776727,146.3999939,40472,-0.036842145,64.5,128549784,0.014150968,10.69999981,89814705,0.020992393,33.65999985,35600,-0.000890436,5648.399902,16042500000,0.002447381,6586,7476,7900,487,524,554,659,1788,1814,-0.019648705,-0.034732085,-0.025172754,-0.012170385,-0.0056926,0.003623188,0,0.001680672,0.029511918
2024-35,1948,8143,3702,25419,3887,3178,4430,2414,0,6663,321,9862,5720,3990,632,295,489,0,730,1105,1322,41151,2337,1374,23142,1300,974,411,781,919,1501,791,5297,838,2708,1115,3462.9281,0.001257582,5403.905833,0.451704446,2609.113774,0.244397065,1684.32987,-0.09598994,1349.788147,0.13828512,3415.001509,0.529067919,1703.93881,-0.139692367,3962.072273,-0.335833742,41.22454065,116,19.67859765,57789.19589,4613664.5,107823.5577,188.0027757,11067.37,419.3010123,2872.724608,107000,3705.556047,11704.91965,728530,24438.63917,18.09499472,312,40.31735111,78.19999695,72505700,-0.056694867,2493.5,826,-0.000120318,16.18000031,20396900,-0.114395189,16.60300064,7300,-0.044596594,5058.879883,0,0,7.091300011,0,-0.000591922,942.1599731,0,0.03015587,67.66999817,1785312,-0.079945678,3231.350098,560800,-0.027120799,71.05999756,211539,-0.098223416,9698,103597,-0.036462991,137,41353,-0.064207611,62.09999847,112720291,-0.037209326,10.11999989,81338009,-0.054205601,31.71199989,32700,-0.057872845,5408.419922,14688940000,-0.042486365,6353,6651,7943,478,602,575,695,2210,1941,-0.035378075,-0.11035313,0.005443038,-0.018480493,0.148854962,0.037906137,0.054628225,0.236017897,0.070011025
2024-36,3050,23337,5802,45957,7001,10299,5301,3806,2,15125,217,22663,11225,4968,1369,315,474,0,1092,356,4885,82097,4743,3843,40354,1938,2620,2116,1622,1601,1163,2642,12265,1163,10063,707,3757.123285,0.084955615,2084.38697,-0.614281404,1655.819063,-0.365371077,1460.196251,-0.133069907,1516.707846,0.123663627,3886.329957,0.138017054,1793.079531,0.052314508,2631.85954,-0.335736615,38.1788548,114,18.99871562,72394.33241,3673775.5,145493.0378,224.2876046,37589.21,1042.452167,2651.298362,136500,4204.35685,10122.9717,912975,20649.22394,16.527641,222,26.53602532,79.19999695,70872073,0.012787724,2581.300049,354,0.03521157,18.29999924,22151400,0.131025889,16.99099922,19700,0.023369184,5058.879883,0,0,7.116600037,0,0.003567756,933.7299805,0,-0.008947517,68.65000153,1848199,0.014482095,3159.25,489700,-0.022312685,71.61000061,203924,0.007739981,10200,108195,0.05176325,139.8999939,38309,0.021167839,62.40000153,103388887,0.004830967,10.26000023,161697137,0.013834026,32.72800064,34400,0.032038369,5626.02002,18669430000,0.04023358,6283,6267,7915,465,595,550,655,2247,1890,-0.011018416,-0.057735679,-0.003525116,-0.027196653,-0.011627907,-0.043478261,-0.057553957,0.016742081,-0.026275116
2024-37,2763,18594,6304,37403,7595,8031,3665,1803,400,11265,257,24566,9389,5190,1023,438,821,0,881,717,1450,69896,4295,2494,30090,918,2472,2797,1234,1626,2628,2471,12457,1069,8330,1310,4215.949999,0.122121815,3555.9465,0.705991523,1813.191393,0.095041984,1500.456761,0.027571985,1482.677725,-0.022436833,4976.630339,0.280547559,1409.549742,-0.213894466,3969.804986,0.508365065,37.0691857,104,20.33305498,68591.59988,35978012,214137.3545,185.9882955,54475.21,646.7846164,2776.789486,1458528.625,11355.18319,10998.30833,2709597.65,29563.84398,18.37359776,168.5,27.82416098,81.09999847,48459985,0.023989919,2619.899902,191,0.014953648,20.05999947,20453000,0.09617488,17.34499931,18600,0.020834566,5058.879883,0,0,7.066999912,0,-0.006969638,930.3599854,0,-0.003609175,71.91999817,1043339,0.047632871,3201.050049,328200,0.013231004,74.48999786,174159,0.040217808,10720,188370,0.050980392,151.5,59350,0.082916416,63.59999847,80404082,0.01923072,11.23999977,95837814,0.095516522,34.29999924,60500,0.048032222,5702.549805,22463850000,0.013602828,6119,5050,7665,468,598,558,648,2339,1977,-0.02610218,-0.194191798,-0.031585597,0.006451613,0.005042017,0.014545455,-0.010687023,0.04094348,0.046031746
2024-38,3667,18273,7146,56342,9532,10554,6383,6119,0,16333,449,15234,15224,8652,1117,830,691,0,1162,1481,7064,91293,6739,5453,54102,1086,3490,1390,1317,1012,2355,2000,12189,930,4354,1615,3395.174846,-0.194683322,4803.869459,0.350939745,2022.739973,0.115568925,2140.392389,0.426493882,1513.145203,0.020548955,4475.364172,-0.100724011,1897.711841,0.346324847,3743.144023,-0.057096246,40.63260602,100,18.30724306,54693.83394,4592274.5,88338.46774,208.3608224,56582.42,627.9868415,2734.127986,203380,4460.761301,10907.00186,946225,24492.33836,18.84160841,230.5,33.49854459,107.5,490437341,0.325524069,2644.300049,21663,0.009313389,24.23999977,38657400,0.208374896,18.04800034,19200,0.040530473,5058.879883,0,0,7.008999825,0,-0.008207173,905.4000244,0,-0.026828283,68.18000031,1952222,-0.052002196,3703.679932,1049600,0.157020314,71.98000336,118134,-0.033695725,10825,107480,0.009794776,163.1999969,72025,0.077227703,72.90000153,636005594,0.146226467,12.84000015,233138838,0.142348791,35.5929985,59300,0.037696772,5738.169922,19316880000,0.006246349,5814,4514,7487,467,593,572,646,2354,2110,-0.049844746,-0.106138614,-0.02322244,-0.002136752,-0.008361204,0.025089606,-0.00308642,0.006412997,0.067273647
2024-39,3365,21398,6901,40879,8574,11256,6349,4321,2,10079,236,23333,10859,4361,897,970,528,0,1253,689,2619,77752,4818,3728,37812,2110,1860,3398,1054,2696,1479,1285,13189,1015,6870,1256,3279.322346,-0.03412269,6861.844318,0.428399413,2487.913028,0.229971752,1476.816595,-0.3100253,1554.821262,0.02754267,3109.372929,-0.305224601,1932.072706,0.018106471,2482.062732,-0.336904293,37.13268586,92,19.63269935,65543.86619,11754722,123392.4991,184.3648249,235094.44,1253.397097,2559.41262,204103.19,4657.82172,11053.87388,1000100,23954.76144,20.46808244,278,39.89166806,89.30000305,200236204,-0.169302297,2645.800049,1666,0.000567258,18.95000076,51043600,-0.218234285,18.02799988,12400,-0.001108181,5058.879883,0,0,7.045100212,0,0.005150576,920.3900146,0,0.016556207,74.37999725,2336925,0.090935713,4017.850098,510200,0.084826489,78.05000305,312428,0.084328972,9740,216166,-0.100230947,138.6999969,168532,-0.150122552,64.09999847,252696739,-0.120713345,12.18000031,257055877,-0.051401857,34.40000153,74400,-0.033517743,5751.069824,19356810000,0.002248087,5564,3818,7025,339,589,589,704,3076,1928,-0.042999656,-0.154186974,-0.061706959,-0.274089936,-0.006745363,0.02972028,0.089783282,0.30671198,-0.086255924
2024-40,2534,10933,4095,37027,4269,4118,2442,832,2,11050,504,11690,8574,4952,170,565,468,0,1014,1014,8929,56324,3989,920,32262,1356,1547,988,1249,1633,1498,987,9912,1146,1801,1025,2944.276372,-0.102169271,3064.315,-0.553426913,2669.109336,0.072830644,2137.161853,0.447141005,2116.664897,0.361355771,3156.962435,0.015305178,1373.299627,-0.289209136,2423.018259,-0.02378847,40.64970088,86,18.45645524,68179.3301,4592860.5,139483.9923,198.3964739,18657.725,573.2730712,2541.080058,184845,3813.505095,12522.2764,756148,25520.07499,13.99769071,106,20.6303464,83,124588969,-0.070548744,2657.600098,1455,0.004459917,19.79999924,24556900,0.044854799,17.7329998,52700,-0.016363439,5058.879883,0,0,7.08010006,0,0.00496797,929.5900269,0,0.009995776,75.55999756,1953692,0.015864484,3887.169922,1741400,-0.032524901,79.04000092,256068,0.012684149,10105,114047,0.037474333,142,82732,0.02379238,62.79999924,130670542,-0.0202808,11.84000015,405885378,-0.027914626,33.90299988,44500,-0.014447722,5815.029785,17099040000,0.011121402,5514,3505,6724,391,574,569,701,2988,1809,-0.008986341,-0.081980094,-0.042846975,0.15339233,-0.025466893,-0.033955857,-0.004261364,-0.028608583,-0.061721992
2024-41,3096,17050,5975,42239,7355,9066,4353,2085,317,12187,380,17652,13009,7275,984,515,496,14,790,678,2818,72619,4588,4388,38293,463,3023,2949,728,1732,2302,1885,11007,760,4280,809,2887.77287,-0.019190964,3052.55875,-0.003836502,2086.61707,-0.218234697,1747.943693,-0.182119178,1384.57394,-0.345870033,3837.607344,0.215601206,1949.971796,0.419917225,2230.25579,-0.079554691,40.28350265,79,16.44850036,54242.09748,4592860.5,77124.10577,180.1910588,24496.88,443.6550401,2365.93805,205350,4120.165124,10888.99418,671910,23389.22643,19.44846401,251,37.80857165,85.30000305,121230792,0.02771088,2713.699951,144,0.021109216,22.87000084,27337700,0.155050592,17.32900047,85600,-0.022782346,5058.879883,0,0,7.123000145,0,0.006059248,945.9099731,0,0.017556069,69.22000122,1108559,-0.083906783,3925.22998,1294300,0.0097912,73.05999756,195360,-0.075657936,10525,105149,0.041563582,158.6000061,86085,0.116901451,65.90000153,122207805,0.049363094,11.69999981,216053088,-0.011824353,33.52399826,70800,-0.011178999,5864.669922,17209100000,0.008536523,5321,3262,6675,385,569,561,697,3025,1576,-0.035001814,-0.069329529,-0.007287329,-0.015345269,-0.008710801,-0.014059754,-0.005706134,0.012382865,-0.128800442
2024-42,3147,17061,5835,45495,6098,8945,5172,2967,0,7292,246,20554,11262,7239,1426,416,1210,0,1477,1911,4372,74489,4087,415,43523,1800,2682,644,728,1690,1424,1339,9503,1558,7705,1478,3047.816873,0.055421257,5700,0.867285929,2012.235863,-0.035646793,1385.319791,-0.207457427,1531.467517,0.106092981,4406.201911,0.148163821,1287.293171,-0.339840108,2832.779939,0.270159213,38.03085703,72,15.86906682,60143.87396,59825436,311234.5972,212.2920924,139178.99,1034.782906,2478.640624,2310912.99,11849.0684,11149.71688,4445915,31061.99038,14.32469747,170,22.3040795,86.90000153,110224831,0.018757309,2740.899902,219,0.010023198,22.79999924,25509200,-0.003060848,16.76099968,40800,-0.03277747,5058.879883,0,0,7.118700027,0,-0.000603695,946.460022,0,0.000581502,71.77999878,1290635,0.036983495,3956.419922,1145900,0.007946016,76.05000305,138387,0.040925343,10640,129864,0.010926366,171.5,161496,0.081336654,67.80000305,164282147,0.028831585,11.92000008,170689720,0.018803442,32.47600174,76100,-0.031261084,5808.120117,17326050000,-0.009642453,5195,3232,6643,385,568,558,699,2909,1410,-0.023679759,-0.009196812,-0.004794007,0,-0.001757469,-0.005347594,0.00286944,-0.038347107,-0.105329949
2024-43,2424,14805,4889,30058,6530,7427,4328,2901,0,10417,119,11872,6783,4044,1216,214,505,0,515,508,5433,56282,2859,2966,27084,459,1103,3438,69,976,2359,2592,7193,1112,5968,963,2916.693245,-0.043022148,1815,-0.681578947,1659.240142,-0.175424625,1217.895932,-0.120855748,1632.803761,0.066169372,3849.702027,-0.126299224,2023.079646,0.571576461,2870.096663,0.013173181,35.06734152,65,13.60146831,64252.54973,4592860.5,95427.87562,217.4959935,26058.14,498.2608283,2286.333554,64000,3073.386048,10793.69081,659710,21668.42964,20.10061107,207,35.08098142,94.19999695,136006048,0.084004549,2738.600098,2093,-0.000839069,24.29999924,21688000,0.065789476,16.37400055,41900,-0.023089263,5058.879883,0,0,7.118500233,0,-2.81E-05,960.9400024,0,0.015299094,69.48999786,1627974,-0.03190305,3890.02002,1261500,-0.016782825,73.09999847,124644,-0.038790328,11235,155424,0.055921053,166.3000031,52605,-0.030320682,70,151447854,0.032448331,12.46000004,167628621,0.04530201,32.40200043,46900,-0.002278646,5728.799805,19643610000,-0.013656796,5140,4160,6822,337,577,576,702,2863,1378,-0.010587103,0.287128713,0.026945657,-0.124675325,0.01584507,0.032258065,0.004291845,-0.015812994,-0.022695035
2024-44,2096,11866,4407,22201,4239,6895,2531,2175,0,4760,43,10673,5138,2336,739,278,740,0,556,1105,4744,42713,3286,953,18639,1982,2442,1275,36,2013,1663,1071,6211,947,4930,551,2820.260338,-0.03306241,1815,0,1337.212739,-0.194081251,2476.93986,1.033786134,1579.850446,-0.032430912,3787.312799,-0.016206248,1569.660063,-0.224123446,2796.446043,-0.025661373,30.61576635,57,12.74466536,69390.90223,4592486,136812.5419,208.7072946,11583.33,567.4398481,2270.521631,141970,5025.920643,12145.35808,810810,25121.55346,15.89889766,148,24.92014579,93.69999695,334317595,-0.005307856,2687.5,2180,-0.018659204,24.77000046,24245100,0.019341615,16.18499947,16000,-0.011542755,5058.879883,0,0,7.141200066,0,0.00318885,957.1799927,0,-0.003912846,70.37999725,1638156,0.01280759,4104.049805,1555700,0.055020227,73.87000275,206638,0.010533574,11215,138019,-0.001780151,159.1000061,87549,-0.04329523,71.5,305010506,0.021428571,12.22000027,151528709,-0.019261619,32.26200104,69100,-0.004320702,5995.540039,23292380000,0.046561277,5130,4067,6498,355,565,582,699,2801,1495,-0.001945525,-0.022355769,-0.047493404,0.053412463,-0.020797227,0.010416667,-0.004273504,-0.021655606,0.08490566
2024-45,2609,18391,4547,33133,5769,9056,5087,3984,0,8301,95,19763,4588,2797,1026,404,1039,0,640,916,4144,61840,3400,4346,30513,643,1412,949,38,1890,2771,1846,6417,1085,9780,150,2798.449791,-0.007733523,1815,0,1978.499798,0.479569959,1295.759012,-0.476871024,1345.751666,-0.148177811,3818.516525,0.008239015,1639.007254,0.044179751,2765.913318,-0.010918403,30.71933174,51,10.33889507,66391.93867,4592486,110774.9674,194.8659961,25091.94,575.3180922,2086.23343,87000,3233.659509,10989.30631,810810,22065.73563,21.07644251,221,32.36357278,90.5,194159057,-0.034151516,2565.699951,238,-0.045320948,26.10000038,25363300,0.053693981,15.97299957,22600,-0.013098542,5058.879883,0,0,7.229199886,0,0.012322834,975.0800171,0,0.018700792,67.01999664,1474964,-0.047740846,3968.830078,1305500,-0.032947877,71.04000092,178292,-0.038310569,11840,134101,0.055728934,168.6000061,60759,0.059710871,72.19999695,329739325,0.009790167,11.81999969,155220128,-0.03273327,32.36000061,49600,0.003037616,5870.620117,21572110000,-0.020835475,4972,4125,6037,352,550,582,708,2850,1785,-0.03079922,0.014261126,-0.070944906,-0.008450704,-0.026548673,0,0.012875536,0.017493752,0.193979933
