,week,n_companies,estimated_containers_mean,estimated_containers_max,estimated_containers_std,cost_per_container_mean,cost_per_container_max,cost_per_container_std,US$ FOB ITEM_mean,US$ FOB ITEM_max,US$ FOB ITEM_std,US$ FLETE ITEM_mean,US$ FLETE ITEM_max,US$ FLETE ITEM_std,US$ SEGURO ITEM_mean,US$ SEGURO ITEM_max,US$ SEGURO ITEM_std,US$ CIF ITEM_mean,US$ CIF ITEM_max,US$ CIF ITEM_std,US$ FOB UNIT_mean,US$ FOB UNIT_max,US$ FOB UNIT_std,America_container_cost,Far East_container_cost,India_container_cost,Middle East_container_cost,Northern Europe_container_cost,Others_container_cost,Southern Europe_container_cost
0,2018-01-02,862,0.6314563924097608,80.986,1.6535536942701623,586.9146591266672,296885.6,3945.874007098716,11257.574132903408,1557608.0,46293.14204271645,240.10338847609702,29688.56,1061.6959569663666,25.501493060423382,3105.0,118.47179049906703,11523.179014439927,1557608.0,46529.86305348482,1059.2696789569607,751500.0,13737.446542361435,405.8480918123179,1051.4890502637736,507.4997426703353,376.19716255891944,210.17256614640576,1025.9885046940494,261.33727700439204
1,2018-01-09,899,0.517832864774878,88.44294117647058,1.6814231298915454,409.2891302402444,45710.0,1505.383521853787,7292.631086839557,2425000.0,40037.15540390004,149.85118583880342,21600.0,652.63548191078,16.147685354567955,2872.11,73.64038621540142,7458.629958032929,2425000.0,40216.46311588569,4222.886588830303,15999999.24,235204.79651709317,159.81701820816005,903.7406359494515,636.455357088429,415.0690928081367,146.23491457609836,834.3832306887824,370.6883975114857
2,2018-01-16,904,0.8107916290190895,1473.0358823529411,16.595441887774737,428.68732215689056,37722.5,1601.7712009236777,9014.096164353383,4255669.0,77928.05248259587,158.82706322978632,30570.83,724.4069474030919,18.217443269442608,3422.11,75.18556520546196,9191.140670852612,4255669.0,78030.75021758767,660.3175985899978,300406.33,7123.354613488002,268.43512318267466,674.1585857282223,1154.2172256919266,618.1713374139301,153.08314663404,1148.4807220408734,270.482753409652
3,2018-01-23,927,0.6441578575754555,129.46588235294118,3.1820296806671786,545.2776589907078,30061.08026249369,1754.9387922012893,10879.363710413138,4372374.0,70068.35702437934,211.98024501498762,52457.93,1180.9597542349036,21.160960510882312,7692.3,120.23329343797104,11112.504915939007,4372374.0,70303.93910912791,1999.7739371823277,4372374.0,52201.07797860705,249.47500534224747,853.1245443282286,313.11877074706933,502.19818575921727,448.0282538912267,1106.0805435026048,278.0733340221996
4,2018-01-30,856,0.963944614685023,377.0570588235294,8.535935993985062,558.5910296713228,41384.98746867167,1800.9903671668746,11479.095326241135,3193784.75,64030.82508477582,233.2983134751773,194827.91,2476.1989406462135,24.457659574468085,6117.76,130.77041733974286,11736.85129929078,3193784.75,64421.01739975167,779.9631617021276,268682.66,6994.053358688933,218.7912314312641,856.0189808725453,1040.5847200221117,934.809171352962,270.70065796268244,2645.5334060931386,316.87528378933035
5,2018-02-06,713,0.8284116152053457,546.8211764705883,8.72254250607682,468.8055844320425,52361.18686593214,1677.9322936438036,8893.338795002466,2552849.93,48337.87418027428,199.1753131678448,18600.0,852.0483783799572,20.313134966299522,4546.8,107.76844097444234,9112.82724313661,2555430.75,48570.65181720232,916.8177083675818,449963.0,10571.75377275219,168.38752056697814,803.66842942035,813.9799401655762,305.97651828643995,195.5489465911593,621.1311426811594,324.96819435673063
6,2018-02-13,747,0.7747177180795618,421.15,5.52307547355345,470.3973200275556,28092.600000000002,1547.295919661567,8998.000876752181,2931499.88,46976.56582696155,214.08874636339593,24200.0,859.0130204084057,20.596155778894474,3573.0,96.80112915198004,9232.685778894473,2934463.5,47228.46727581948,2786.5398637926473,15999999.24,184193.95550686473,178.4346612040739,839.6595785870204,269.1512233893322,432.176965950969,193.5938065940201,285.5917600674705,256.578234665596
7,2018-02-20,929,0.7008295805317903,205.48235294117646,4.423801768962282,561.7349613154506,40807.61742191875,1811.04253117632,9883.197199758599,1259478.88,37929.01603415337,265.1727254073627,90000.0,1924.471642600939,24.94971997585999,2518.63,102.97828636416533,10173.319645141823,1259478.88,38707.25404193646,2734.406736270368,15999999.24,175926.66542640325,316.0049763206081,907.0402955825089,308.1931905578892,141.3702999589312,180.30356580358458,788.5712744461166,272.6398926805692
8,2018-02-27,879,0.5743294843306914,30.08823529411765,1.3294052251508122,497.7618505181266,28163.284356093343,1589.7821197872283,8720.233892459826,1586100.0,38014.33297186376,178.07591470951792,33275.0,909.7491577905789,21.1105673671199,6092.8,110.79521145421295,8919.420374536465,1586100.0,38343.7245340789,2975.198817058096,15999999.24,178349.89367206322,205.62555941730008,860.3016551323561,590.8635926456121,284.9341486166114,268.02472249004626,537.2650353095378,211.29870001597035
9,2018-03-06,861,0.704035934986471,804.9394117647059,10.197741097974493,512.6857333544984,98800.0,1949.6172995874413,9711.984344045368,2956325.75,62299.1129042256,283.3183742911153,347287.5,5728.5841886058215,32.68542407057341,30759.75,530.5798294026674,10027.988142407057,3334373.0,66966.22183024244,5383.249720226843,15999999.24,255321.40809615242,340.61647031463616,756.4785455090004,925.8886588376954,717.3726025710621,246.23306036370113,1303.649193201051,300.4424689079896
10,2018-03-13,859,0.5094456505307791,61.68235294117647,1.2695633179311185,412.6223524970625,42800.799999999996,1528.664351917101,8967.24019717942,3196908.0,56246.81574124686,139.11657612953775,20750.0,619.8200215885448,19.425049621311047,3971.55,88.92244462262451,9125.78182293027,3196908.0,56379.76701269084,2879.393750326456,15999999.24,183040.33374017378,163.8764021930143,811.8269563889893,459.81984112331855,627.8940964911469,165.99469980652228,608.3921195162138,310.1495136646052
11,2018-03-20,840,0.6478909628935006,58.888823529411766,1.9394475874228003,612.6481251375588,34300.0,1762.753531526114,9890.541892133493,1661612.0,40606.24668204177,254.75306912991658,27912.5,1056.1218952583565,24.66845798569726,3427.2,97.30312700989494,10169.963419249107,1661612.0,40992.888157422174,795.5664928486293,205900.0,6502.222678791066,252.3446881894341,937.4189228578936,669.9613157228825,682.2476504400441,191.10158322250595,1412.2816140580424,408.6147458842222
12,2018-03-27,547,0.7061034271451699,60.088235294117645,2.2007569785640047,510.52513922619175,27508.699999999997,1577.0066989372476,12527.349348623855,1529504.98,60084.65751317069,238.26930504587156,33825.0,1182.8186499927149,27.740807339449542,5272.8,150.57381200205455,12793.359461009175,1566579.38,60780.045390596875,1196.784268348624,801293.25,16840.886975381618,340.2654409553774,794.3746325260031,370.26739551856144,291.0567698571508,200.34942510829416,233.00307845192702,284.81706274520985
13,2018-04-03,918,0.6494303006669607,283.47,3.2691539389683855,497.646056950211,32980.0,1584.7457390365014,9714.864321745059,1480800.0,41219.08730368117,195.73407634628495,26400.0,865.6056245960382,19.721401954101342,1505.17,72.52347526540771,9930.319800045443,1480800.0,41548.8098683062,956.8360827084753,635123.81,11969.336190004848,248.79624583331136,928.7116776297531,721.3510526782693,390.9613801002249,208.19102580986453,833.2312443221462,218.95772812495835
14,2018-04-10,800,0.9382322595552132,2038.235294117647,24.64165283052637,451.6459146799239,30963.899999999998,1464.2887983680932,9144.778095627777,5474700.0,75446.46109727559,167.15779284545243,39216.42,866.9199827311301,20.1970189385083,17477.2,212.32863971447816,9332.132907411737,5474700.0,75654.90279074096,1038.864574468085,470362.59,10248.178711888435,275.79297583793124,962.789037517076,497.9933606095395,332.47717870573024,167.5977540402732,1659.7021376970015,254.05505424752204
15,2018-04-17,624,0.540112551334193,40.15164705882353,1.3078043745184706,412.2891640116206,25306.60888407367,1383.9136440198627,9657.620614577478,2692635.25,52797.80085628829,135.96268502904252,22690.52,620.8523019188858,19.09438261195428,3452.9,86.81437344115467,9812.677682218475,2692635.25,52955.53400430351,3851.9269421023046,15999999.24,219163.7590247563,213.40398336956667,637.6375393231476,416.11449896111293,316.87841245841656,231.01736982745672,1382.4809404467092,359.38457354848777
16,2018-04-24,917,0.7234783219876069,812.2342352941176,8.270551806102949,380.8111318547678,29980.841384863124,1340.5766368695836,10482.39721417873,9542735.0,106971.52131381833,139.5775646530205,23100.02,690.0605255959734,23.5770963554668,24032.62,269.48931346151414,10645.551875187219,9542735.0,107149.87051779432,1313.6028267598604,1249448.0,18464.430290548436,257.02753439697216,720.45576628568,413.0885608259624,544.7195719266113,174.34638373231078,756.0157963111868,330.24712371625037
17,2018-05-01,716,0.6102461629838695,156.05882352941177,3.6394101343400362,427.88958571376605,21791.999999999996,1414.9464597094388,9105.675914060128,5461289.94,79892.9373882908,149.56038111144852,35325.0,828.7295772136546,21.690464621925294,9844.56,157.09008552435765,9276.926759793501,5471134.5,80152.3039907466,1541.4915608867293,5461289.94,67623.97409114818,274.5864323210301,713.9688174794411,606.8600852270469,138.204124579702,206.08412981924639,1245.3875333653245,321.9932935473523
18,2018-05-08,859,1.2166444916847432,701.474705882353,18.242107216857594,481.2300616211529,29556.96396072029,1529.7233559007207,15602.300409255242,33501652.0,407360.973354192,382.83070860448305,283500.0,6181.20866530965,27.96396384671005,21656.25,327.01541070925657,16013.095081706435,33501652.0,407724.6279659199,1615.022410701374,3350165.2,42152.147926092395,206.4447951353805,796.6055220188819,485.1889295058088,534.2909821576279,176.6853408048361,1575.3920609386635,327.38335712391984
19,2018-05-15,725,0.5905419640913513,58.830588235294115,1.7874249477652133,380.45646155560485,22644.6,1265.8950696143047,8846.06060422466,1151150.0,38186.67333536639,135.19704765023744,25939.28,686.9483188215479,18.80500573112821,4553.1,102.61531653062877,9000.062657606026,1151150.0,38407.49865152442,5988.888902898314,15999999.24,289693.81834561826,259.8050439482589,594.7301720773295,551.322990158434,111.25063790725947,227.01385849328474,1463.0224310796775,245.08030826242623
20,2018-05-22,888,0.9644057016950616,652.0117647058823,7.9064368659932684,436.4173382908468,24450.0,1324.6916419809272,11798.575069716242,1585852.5,50450.824968151945,251.83578644814088,495000.0,5538.207813813226,27.378187377690804,10281.6,167.27979489211555,12077.789043542074,1585852.5,51302.23440540767,994.2043847847358,596523.96,11670.692183383162,291.5392049779993,749.2188562453865,517.8061862519515,676.7325237972235,144.329803724311,694.7627362198447,247.47635572998917
21,2018-05-29,890,0.5616346086513495,164.0740588235294,3.110240000454008,333.55583024859936,50322.399999999994,1311.4297376777643,7399.792967755401,1898134.01,42840.63374479991,121.85461755191486,26000.0,656.0655927682844,18.308248982573307,17136.0,198.97969897456753,7539.955834289889,1926325.62,43206.496314116535,855.0451622665137,1056036.94,14066.181240728898,178.45312872450396,593.4360049853512,218.25130142125124,248.1965834570425,219.15979347275888,432.8376984126984,290.60536913131136
22,2018-06-05,695,1.188189042909555,1471.8823529411766,20.778425005613585,423.358815762873,33499.799999999996,1367.9443480418397,10724.76588929654,1991579.5,61674.21314103466,136.14422714946562,13888.0,529.1518652510719,19.238843515712233,4955.8,113.93821252184541,10880.148959961716,1991579.5,61790.83755300662,1617.666004147392,1388679.63,28730.19546777113,241.15467955790865,577.904765782169,447.52588920851423,389.3697490641416,225.1742198472572,1575.5064434288677,415.4303945162163
23,2018-06-12,765,0.6584695657645838,258.8235294117647,4.220186447236372,338.74193659419586,34299.899999999994,1347.2396080056553,7588.84476530083,2287281.63,42101.41010613915,132.77417531120332,35100.0,776.5186400329715,18.02403137966805,6145.62,111.7428994318472,7739.642971991701,2293427.25,42342.60042525756,856.3441390041494,2287281.63,26710.881087769347,159.83748017507074,588.0220731150978,435.4374161300358,258.6228770092739,178.3020192677044,1104.140897483508,255.43224823250804
24,2018-06-19,735,0.6392499778680393,22.166470588235295,1.228868353394269,357.5239352565323,24757.28155339806,1227.6334054558872,8076.938813608188,603312.31,28929.11463218269,148.6300908173562,16356.75,645.50972780112,17.893412137811737,1793.6,74.13238906975118,8243.462316563357,603312.31,29178.557587057665,3018.212101773101,15999999.24,192274.592762561,236.05114410660045,472.90071733071284,364.36819381768333,618.8108153926779,135.60944911114387,1564.2609023166312,397.249828491595
25,2018-06-26,886,0.7033747671776566,661.6311764705882,7.9192565508306805,361.20665065894383,143728.4,1932.6645420875725,7929.335670226569,1926606.25,46565.02985242166,130.38318993911568,29214.5,713.9658640848486,17.77942808663539,4639.0,107.63172275692592,8077.49828825232,1926606.25,46807.42741471198,582.7634793891606,393428.42,5714.316484984791,293.9020532980263,459.1048319636583,524.6778486579911,234.26681269913027,206.39459198249125,429.26283408948234,338.17792976290156
26,2018-07-03,844,0.6027139809514966,293.6364705882353,3.674748462057456,337.99247823415595,32690.0,1224.5786856335092,7889.271269590709,1460000.0,38541.121256432656,125.72961438719133,18672.88,559.6690583013136,19.75308151990078,6324.0,113.27174529726541,8034.753965497802,1466324.0,38770.05153419207,4101.228604126733,15999999.24,240304.39957796058,246.36622829123127,415.35672885598837,415.38062727341145,324.4304829107763,264.81753730941847,1907.6686275680681,211.30454081965624
27,2018-07-10,921,0.7150426922164066,588.2352941176471,7.095660910720515,334.63496075189545,22854.699999999997,1201.2729114684014,8696.842137396476,1680000.0,44780.726552643006,136.2165151836908,26600.0,711.6830641035442,19.930937566362285,10552.17,146.74966639363603,8852.989590146528,1680000.0,45051.547740138856,741.4270673179019,493000.0,10742.715333957445,165.73639415678628,513.6059071459283,614.6258585670735,255.40915231303643,181.18299821163518,900.3400721120714,272.5320265332031
28,2018-07-17,781,0.6726638748020948,206.23764705882354,3.755373016100184,417.72711586776586,23810.0,1370.9774655595897,8571.784175293305,1758415.25,40587.542433560106,161.16516770186334,31367.0,822.9779879921084,18.95833954451346,2755.25,92.80211290972119,8751.907682539682,1758415.25,40819.95970622308,566.4206142167012,160000.0,5254.594807394563,281.220463665025,556.64995514055,401.88115904280437,557.8685047526911,242.29130517081944,257.2271339277399,375.55660818485086
29,2018-07-24,996,0.7045830216841367,411.9570588235294,6.269311852625427,421.0553279136285,43610.200000000004,1497.33235859537,9277.078060060689,2274427.33,49424.63037912942,162.24607303547137,75600.0,1051.0843374914975,23.329301035889923,7635.18,162.34403547376348,9462.653434132051,2280657.75,49812.39947243938,1415.1074877053468,2274427.33,29545.888702100983,201.01825789910507,676.3608018249874,923.6743947185985,550.7667772424069,130.70457860314184,2326.8321456899585,350.70704634344605
30,2018-07-31,918,0.5654584027374806,294.41764705882355,4.532189287770858,368.44496838484025,21682.1,1210.0855705710774,7737.036229024712,1710422.12,36987.368394955556,131.9412132614665,23800.0,682.1500950334541,16.306757856198516,2765.0,75.88699563558191,7885.284200142379,1710422.12,37212.81771169204,2159.8977514492017,15999999.24,161691.77855514933,311.8035184500425,543.2102225807118,571.4176802794957,431.3396184751649,133.7384733567812,507.99194075685955,230.6559247901813
31,2018-08-07,832,0.9048591535792833,485.47470588235296,11.170382799909037,407.4335516279113,22145.14652014652,1317.3530908280716,9304.606103212216,2424784.9,53186.716755041,177.7763493944181,50400.0,1035.351711721782,20.619914428646656,4618.88,103.52085376963174,9503.002367035282,2427236.25,53458.02106789369,3068.110186940495,15999999.24,184058.1047419157,186.68633100547717,553.5280876076578,443.4180699087751,904.7054491872051,177.89778613930284,1249.10903733721,338.62845661644724
32,2018-08-14,864,0.874571615282769,1153.2729411764706,13.343921022795179,367.6693660852462,59925.9,1417.2461913083175,10806.89421665373,8288032.0,100986.03492963007,143.5107284621355,25300.0,746.1634487505767,22.422421554496065,6854.4,137.91644193130657,10972.827366670363,8288032.0,101094.33789130652,3264.1725856525113,15999999.24,189818.00192456384,238.15372183014608,515.9501430797579,397.91198803948043,154.5561874877183,231.35466607923968,80.74304075703932,412.91570019234837
33,2018-08-21,914,1.0105199023648426,1914.7994117647058,21.907993529399086,429.1477436118875,23500.0,1347.5800261576826,11243.904809541651,3634245.8,64440.710730882485,164.96820532034468,21045.4,691.2186977048922,25.749792681403772,36342.45,415.2307559741654,11434.6228075434,3670588.25,64819.46216651633,983.8924478581241,431700.0,10132.163781045161,256.42668832156,748.3663170758567,397.3888020307047,204.48850436468956,227.1827296221658,737.5956989402973,507.6172080413068
34,2018-08-28,973,0.6376549254073153,294.21176470588233,5.209632293838876,361.1650316643754,37254.340044742734,1232.4580524171317,8315.64174916574,1790000.0,42561.104435045236,135.71512421208752,29600.0,671.1917983964362,20.292599184278828,13841.17,180.4487918025338,8471.649472562107,1797753.0,42802.96519364276,2330.3944373377826,15999999.24,154558.35051479834,188.43587888768775,597.3263216486666,328.58890695792593,389.01554848322763,228.70687128297882,95.6985939332718,244.26794307122765
35,2018-09-04,839,0.7411808472003344,588.2352941176471,6.470548070827525,373.75194831888274,34811.5,1349.700678991915,8200.703797703663,1680000.0,37587.966300854474,146.85416949152543,26106.0,750.3920532467598,19.217063969382174,4325.23,105.77933582585445,8366.77503116457,1680000.0,37877.17962804752,675.8106396938217,505578.76,7740.969706260195,241.53696629836247,580.0970595135025,361.19084593293405,540.0643323089621,181.37159420237919,143.93697031917094,370.745290585774
36,2018-09-11,863,0.8851664674941391,882.744705882353,13.842943077202197,337.8830525619938,30590.9,1181.1500083902,8196.174377908153,2525874.95,46260.283608202786,125.56247117135344,17566.32,581.7462252269971,19.251972486344325,3742.15,103.45081663609244,8340.98882156585,2528428.5,46416.50912740308,654.5983663766943,340003.22,7525.5095122725825,225.8357432520508,497.8238552017105,406.05133448231976,438.7834244243121,210.94273005344442,214.19981708647364,296.9169208684726
37,2018-09-18,816,0.6594129994387578,675.3529411764706,7.552361725248747,369.5636870924176,36910.73262581308,1426.0730058843824,8855.328122444344,3667607.71,51725.76827751826,131.26183552930485,26965.2,691.6741902999282,18.90215015901863,4520.0,110.71073816808726,9005.492108132667,3671315.5,51950.26311432252,1091.4131621990005,452000.01,12083.06918969265,265.69008036874396,571.2494854859037,402.3235916355714,530.4563834397317,179.49907205146232,458.1705794492909,336.07572951011355
38,2018-09-25,857,0.7209832490945733,258.6894117647059,5.142694274295762,391.8601734266299,38172.6,1339.436365713487,8901.987101539225,1394800.0,39211.64837435598,151.31350173783517,14240.0,599.0295884052956,23.043340367428,6657.6,165.85058434124645,9076.34394364449,1400841.0,39521.50711575747,801.2007882323734,556156.63,9218.305251018217,249.88429730629687,520.6194449344106,405.8439311431267,384.6045014332652,306.3470129844747,292.21056874897255,285.5966881698049
39,2018-10-02,910,1.013572872929812,471.03411764705885,13.140934549998608,351.416050887263,33352.899999999994,1311.5379645981125,8260.252390823103,2697381.0,48429.7116263912,241.4261420809016,258400.0,4281.82024504015,22.883239082310325,9363.6,167.23046826344702,8524.561771986315,2697381.0,49069.58947441798,688.3986677399879,923558.47,12982.260114954737,236.39457583292,491.54405320922865,311.2978962110439,432.41521376538407,199.6226728871443,173.44281829629887,367.0655506968906
40,2018-10-09,714,0.9232252284524661,1888.215294117647,24.158575401031147,343.9950603422788,25290.0,1193.015241422039,8138.142552229498,2370829.5,45168.76403492807,132.87958216401623,36591.49,766.3983192186769,21.060442781415652,13035.0,211.55727167835897,8292.08257717493,2375562.5,45463.383915398466,728.3497942001871,472964.31,9313.92678667023,162.75146689287715,522.6035210906467,406.31188628017196,376.716651330939,276.0820971965635,31.15555555555555,192.066563005735
41,2018-10-16,1052,0.6580420968241286,588.2352941176471,5.7744004060905985,340.6922913942977,48117.5,1285.1289542199402,8567.792708828523,2973110.75,47661.99285369581,135.28685483870967,76150.34,928.0034767330034,17.835927843803056,5568.52,100.97091971081768,8720.915491511036,2973110.75,47878.17326248064,2243.972394736842,15999999.24,150115.07997698215,284.80381195000143,471.44262468983084,272.3792161441254,533.1448176191942,152.7346117041053,372.3958688428186,258.6440210017163
42,2018-10-23,994,0.7361351894011218,1438.0576470588235,14.85561594963486,366.34357249660826,32410.0,1219.1884283892612,7937.5548736612245,1341809.0,35251.647222810556,128.39433295206405,27000.0,664.2416082354559,19.18110325465322,8312.7,135.34832335928027,8085.130309867942,1341809.0,35529.02987271283,4167.603038369554,15999999.24,230851.8503311538,290.0469183250119,496.1009233148144,233.4984930453819,312.7011290314675,204.82687414755316,274.9987794020274,351.4375576758792
43,2018-10-30,885,0.7721009136388941,557.5576470588235,7.421458088189329,383.9389530483581,34254.93616299634,1315.8052280518275,9292.272818927446,1568021.0,42329.89261634788,139.04114321766562,20350.0,626.3698607308093,20.645916719242905,3937.0,106.44269317701189,9451.959878864354,1568021.0,42560.51255605885,989.4492820189274,463544.0,13047.059408421093,166.85374592172715,558.7978028492943,267.2880120750219,558.3068463440168,274.2225429563268,852.7760259909235,358.14048481825904
44,2018-11-06,940,0.5505466617450395,144.24176470588236,2.0817890576828426,318.08802841054296,26287.5,1089.2729274144654,6919.850352844358,1357200.0,34220.712084658495,107.93420224256762,45821.05,668.9041375829883,16.47169941364057,3414.85,69.81979737411683,7044.256254500566,1357200.0,34440.14588995923,564.8797870589445,188860.0,4526.49078808688,175.80408497410093,482.40619927280244,336.23520213734287,132.41122911579345,253.00398735668014,310.31969479643874,297.29728923595104
45,2018-11-13,911,0.5334865330598391,59.03941176470588,1.198497929939249,317.9488519344365,35115.021052631586,1142.6307569126623,7280.9086846887785,1342385.25,35685.141560715965,100.4114538845979,21500.0,535.8087167471451,15.407963425715582,3589.37,76.7887336233093,7396.728101999091,1342385.25,35831.36048847041,1050.346912766924,1180357.5,17019.802791041133,247.2177192521826,411.42746145330466,456.13403958743703,586.4594895446539,168.9992006127714,313.8770328746566,502.6038278139682
46,2018-11-20,977,0.6652071929347374,588.2352941176471,5.868740510786485,316.2184004486917,61771.64324746292,1219.4156105859206,6960.236190431254,1667000.0,30776.14652776381,129.05867132207229,65305.59,1023.0059392509808,16.771044635274134,2458.54,75.5457154852237,7106.0659063886005,1667000.0,31134.192195190473,779.8783561385299,326792.01,7151.060666555697,231.8944269791561,437.8247100989197,358.8974879451285,370.9778065394764,180.9941985977175,488.62643551492545,306.5583691092854
47,2018-11-27,1068,0.5556621855827403,60.0,1.7250497892863665,305.54702626702806,29188.3,1055.370211074186,7432.393105387266,1713600.0,33253.8280168568,97.77407037910393,13588.89,445.7725875440188,19.774234536549972,17136.0,212.02276325448443,7549.94141030292,1730736.0,33540.38197744512,852.3455033557046,397893.31,9414.344449736243,191.55449943961716,413.5809523001513,548.5726251227975,473.12489047507944,223.4867877725008,186.11693500305742,265.1786568592767
48,2018-12-04,891,0.5824402932173237,129.49529411764706,2.6039612222356543,362.3501743925244,30243.3,1216.3928847193831,8500.715928737602,1407420.0,38802.943189509904,141.21817313579038,34837.6,826.2533684514617,21.524906330353865,6854.4,132.62895219995707,8663.459008203747,1407420.0,39169.8907740226,2666.570533855761,15999999.24,177171.73335696908,302.98538859190353,457.9132358896234,405.33149898283136,361.89128350543865,254.08301015651642,392.9983136297855,229.07302686434542
49,2018-12-11,948,0.7418138259825069,787.8364705882353,11.224156637384281,300.1104043542002,29130.0,1146.9842320934547,7783.361170549325,3231200.0,53539.52961527866,109.98744511552104,33672.29,711.1706257684704,14.604734924743552,3684.24,80.5519322620195,7907.95335058959,3231200.0,53757.560799033796,817.3114332278785,1524100.0,16543.114709761903,207.845611316607,427.93728601814894,334.79352916316856,260.31889480710896,204.6839903269706,178.54620106692627,271.1716711695232
50,2018-12-18,893,0.6863166566162248,588.4117647058823,8.383040496641279,300.93779147244317,32686.399999999998,1012.7902179968148,7700.724679776489,1812273.5,47200.61623911722,94.29358585858586,11058.96,382.7498469313869,17.634896840747906,11358.86,188.4779971427928,7812.653162475822,1812273.5,47353.74084844465,796.7027390930582,523373.0,8923.992158343113,181.8479228618102,413.89029452469384,316.46185640271983,477.9846406724853,168.43473055920413,731.541248859171,340.3690606345078
51,2018-12-25,669,0.8325239444731303,600.3058823529411,11.824074503103361,307.27752944482916,41870.68621064061,1132.8061647970023,8303.761433153275,2300000.0,48680.9993381859,97.23585415259959,13240.0,475.88285261284324,19.122557393652936,9962.0,159.63285722574057,8420.119844699528,2309962.0,48842.96291401422,851.5358558406482,320719.81,8028.5220346386495,260.79242169921224,358.9041014476315,370.90936580335404,429.9373978638027,218.0458857415088,113.21537839102889,352.46118846599506
52,2019-01-01,724,0.8713556061291372,121.69,3.2447854288007667,259.8248433232402,28773.199486401307,896.0738478653393,9303.490493727237,3464042.5,65909.82015004082,122.0381357075408,25973.9,603.7554350490545,18.475302846351006,5150.97,116.89912888471399,9444.003932281128,3464042.5,66071.9333433772,2758.6470578713074,15999999.24,185942.2801858533,173.17884592635886,352.3407037727903,810.8572940653457,367.86653170292374,145.16480734224467,168.09672280638446,214.7006676876134
53,2019-01-08,914,1.0761564981157479,204.80423529411766,3.379002298943371,176.58912604137032,52176.2,843.88294522338,7250.118721773782,1044333.02,33466.88231658047,101.27044855420456,43528.55,691.8186030724369,17.044884029835497,6896.29,122.38435879046241,7368.434054357822,1059818.0,33753.58785332965,2353.0150597731686,15999999.24,161964.42662354416,154.9639581495138,222.7201554279057,213.33466900574683,151.63545696836854,87.43352515208157,208.1889098702555,258.5539085419999
54,2019-01-15,867,1.1264358617574406,118.89529411764705,2.790511430335102,182.31145109490004,22993.662306087397,741.1960296870961,7130.84572118999,2005172.76,37537.10912975808,107.58605627752121,54439.0,802.2346399026677,15.761449897970142,3611.86,80.22891543704665,7254.193227365482,2063223.62,38018.72270657549,903.9062861131994,1230819.95,15442.849592798171,139.96623326916188,233.61411449245108,223.98618009353132,188.69823568868227,116.43016166833233,142.81026443578054,260.33235814221246
55,2019-01-22,814,1.292011635658614,2200.0,25.501235699601395,206.51181104827575,123317.08449396472,1577.1384924704905,8428.159547791694,1701536.5,46844.75189913406,111.48051680949241,125000.0,1511.0231982285557,19.616804218852998,10157.13,161.8307024681382,8559.256868820039,1701536.5,47049.67612592494,3421.5715847066576,15999999.24,184573.1501283864,200.21116824652853,246.10459224458302,177.4308982889795,248.25701659683799,154.37084472505057,116.81076566361514,201.69028105569893
56,2019-01-29,807,1.3724930280162713,823.5294117647059,12.91697546769651,189.7743677695504,21406.53528930303,722.999326945563,9255.659595102268,3173940.03,57900.802449706,103.8750800055656,13240.0,485.6444499067673,20.88570057047447,3958.41,113.04319357448729,9380.420375678308,3177148.75,58016.6497593821,817.771480450814,533129.31,8181.909009028002,121.05451421408075,249.09051603007833,183.8830631888744,195.50776117205646,166.0874036234549,934.7859417381582,168.93478979341265
57,2019-02-05,828,0.6600545102972893,90.56,2.368765076838945,279.7916854865173,52982.5,1243.2181895146443,8397.127245387011,3655561.0,56961.45804060179,89.63471004073809,13240.0,422.58178412437275,18.761277258566977,7311.0,134.86343748929906,8505.523232686317,3655561.0,57061.510366412185,732.6722657560507,333780.13,7741.511819917458,199.117870875282,355.25100472067265,693.5812523185625,461.20808598437145,165.6821980738888,120.87523975336302,358.74686195023946
58,2019-02-12,820,0.6381549762357039,176.47058823529412,3.213024943721351,290.3819142024777,21479.253112033195,1064.0613974501923,8830.882417258475,2308224.61,45423.845961791274,125.99135602304703,240285.93,2819.31070042303,20.240611014337397,7059.97,135.16736188599398,8977.114384295859,2555570.51,47331.137564078745,1022.8287096341954,2308224.61,27735.4611031012,201.87802720011643,390.41693800882905,337.4507845207091,382.83617435914636,176.84528570442578,205.98237675585628,334.2826969263762
59,2019-02-19,789,0.5269443544272446,45.28,1.2995244688856284,358.0843628507886,31850.0,1226.3024626202464,9065.560098245614,1015296.0,38772.869270306255,122.76375017543859,16034.0,595.1345046987866,20.330425263157895,4375.36,103.93442458283442,9208.654273684211,1015296.0,38946.70847345004,3101.5953754385964,15999999.24,189659.47890408017,302.77452068350925,484.6820254821707,331.7898258868264,305.5553840768094,217.01515706513266,249.17441320816053,382.27522192753355
60,2019-02-26,704,0.5383646894893196,32.545,1.3049748247389799,328.4280774735435,21256.891880637086,1148.8766307289889,8185.897794596123,1402723.5,35196.21976108331,116.90723864761635,20900.0,567.9563264072457,20.230830386193237,5568.52,150.24086056423636,8323.035863629933,1402723.5,35440.642179825765,744.9414952609986,346811.19,6368.301678997412,243.91711101883027,445.7607202267594,190.82197015036195,478.43349000732786,202.46702479436448,855.5103800634349,346.5238683918726
61,2019-03-05,713,0.6253041178265356,146.71764705882353,3.3003450437252098,326.99670330357435,19806.199999999997,1119.3367604848054,9851.685516399695,5194630.5,76688.57722258294,124.09467124332569,16930.0,571.1717688647498,21.091289092295955,4779.07,112.46052629745377,9996.871476735318,5194630.5,76760.58340046092,630.4009122807017,322758.26,6186.383305176218,254.28281610312806,405.40803224381534,186.7819489056661,507.42192853696264,302.495976987595,8.126436044366748,266.6219142699475
62,2019-03-12,916,0.5885713811444155,232.94117647058823,4.249762481816568,316.0290067101192,22600.0,1076.404166731101,7405.697240166996,965250.0,31411.831256599504,107.74028565150516,20680.0,551.5926843449841,17.735342781806196,4447.16,107.41367153516616,7531.172868600308,965250.0,31676.259929999145,736.7879334212262,1600000.04,17578.107845058534,203.26130998592262,446.1472545601319,269.64688990426447,375.98338821489267,198.7908416062111,331.48847536388956,308.03791245938856
63,2019-03-19,843,0.568046359104609,376.47058823529414,7.056639904598768,335.2589024454617,25957.699999999997,1162.3614383177173,7137.629500287852,882000.0,29092.90814429501,157.7102440990213,217600.0,2913.7408288518936,15.965119170984456,1764.0,67.64481021200633,7311.304863557859,882000.0,29596.093110952992,922.2564133563616,377819.19,9118.950008414024,235.87215245465532,518.5381406165757,515.4744539204383,347.9549177677813,187.0066270371876,329.69594264075596,214.73209375584221
64,2019-03-26,811,0.7275082872011364,529.4117647058823,11.29228522364163,312.8365113949146,115690.0,1616.3396015621902,7779.882735274204,871683.52,30727.050310870407,161.28379711126158,183600.0,3323.132073382268,17.984125479575717,4974.43,120.72338177132654,7959.1506578650415,874089.37,31289.621687058705,1106.048900925299,480708.48,10487.269922042035,182.92447038012955,472.72324002548845,358.54910348436255,764.0300690193792,324.9383960492474,331.7839434946906,274.1346891357909
65,2019-04-02,703,1.4806607635559195,1529.4388235294118,20.392637722029036,218.77893352342485,19743.65549823942,844.9680322002913,10291.00388667992,3510000.0,60089.12468586867,152.81593439363817,20130.0,727.6973596166049,23.01412359178264,15203.0,221.67444282887092,10466.83394466534,3525203.0,60428.95230523879,1286.3329191517562,954139.88,18015.63748164183,160.40334438117958,319.94726957418754,211.69180734500256,532.3937477601603,143.19069154684314,645.9589778888503,213.65263921761715
66,2019-04-09,750,1.1636315208220385,405.92117647058825,6.36562148950448,216.73418239447378,50960.253841015365,1067.3949694858206,8195.850548675115,1433400.02,39641.5393258005,131.33337701612902,32000.0,784.6729491542852,18.278803283410138,3740.91,95.70351916536791,8345.462728974653,1435639.0,39897.16580159049,2966.678958813364,7327999.71,115211.68207586822,138.0148384979771,330.65458374981074,271.3172605334688,153.06028326039262,280.4504383584437,184.17303090875302,188.07975507969343
67,2019-04-16,196,2.503424754113864,540.28,16.466846774790007,281.9847530898739,15169.6,848.6286473580044,14075.614019292605,1176956.0,56012.6740301883,159.83577974276525,15265.71,708.3585542994385,21.663094855305467,1007.14,81.50471778903551,14257.112893890677,1176956.0,56140.85453724608,1856.3070016077172,388978.25,22122.420607987304,191.76293564013682,443.69217602295316,271.15777633463455,,218.64894177459428,249.0329968538199,91.5559381430059
68,2019-04-23,1007,1.5376277410802528,3613.919294117647,34.34864619602978,211.10524067326955,59824.56140350877,1107.264975641654,9492.307997155302,2133727.25,49682.998091689275,125.74596408569651,21728.0,635.2025639944598,18.07753933682994,4260.0,102.20445506826461,9636.131500577829,2137987.25,49863.822386124884,950.281008089608,414000.0,11483.127987425387,177.53214822765943,270.77557193088336,310.57471509606984,403.0667876141627,129.07577300494532,399.15243067859836,213.30378562931332
69,2019-04-30,775,1.0603746979428226,1467.6723529411765,21.845161026441808,243.74084667648856,24863.19806763285,992.2719526284574,7279.762934269725,2228399.75,45871.00972348643,97.67819488642598,13240.0,477.505530657218,14.821137934818392,4885.9,80.9414955661713,7392.2622670909695,2228399.75,45963.93111831175,712.2860858114781,372000.0,7335.564182008962,145.87186817710582,423.89320202081177,267.6427644734306,283.6735334199625,185.81890005852378,181.31894172276557,249.28743635785082
70,2019-05-07,897,1.1196998558211753,471.42058823529413,6.308387625965305,210.0120783013408,22989.481936368982,764.1664911818079,8845.044548108503,1660000.0,43482.69960265851,136.23721931638485,35000.0,749.0292198813657,19.708933219802944,7190.0,127.50002108780116,9000.99070064469,1667190.0,43873.41646156013,832.915629485464,878788.98,12914.126642102496,173.38439575333217,267.2715025515049,238.1345936382092,258.22835514258827,164.60100298946116,151.0295180900748,164.23221232819466
71,2019-05-14,825,1.1942632914550833,353.1770588235294,5.64365427796932,173.11287012316637,12571.4,609.0517860386585,7985.687166282694,912145.0,35617.63385477008,115.32622171025884,29280.0,661.0536396002335,18.369574468085105,7980.0,138.5383581296294,8119.382962461038,912145.0,35829.207872441795,1043.6145412657543,860025.0,14972.89504922776,107.85364759956717,211.9759930666188,437.5388787944716,74.30614334582339,147.12441910522682,200.34824441044543,233.73658583311249
72,2019-05-21,723,1.819971103125704,941.515294117647,16.84139348126564,179.3764615198819,51952.26636161953,970.7877610255367,9660.249009377889,3144000.0,66026.89547269583,120.30407740060758,44079.97,891.9737037607175,23.119342226918505,13617.0,223.02607272136768,9803.672429005415,3157617.0,66390.29232781085,1054.6731818782196,1349500.0,16964.252496262987,102.21919476732104,226.89410313281363,104.99595131420186,121.23376642888672,228.16786276725963,211.58937587179543,289.6872534982541
73,2019-05-28,932,1.021280534332992,388.2352941176471,4.871007438526118,210.5856639178044,17604.301482709918,749.1440064953721,8334.648513194836,1116225.04,37345.72534696718,125.94490623245366,24107.45,615.6321997566909,18.656449185850644,3745.15,94.68513529644179,8479.249868613138,1117353.5,37579.273919707426,1042.2031330713082,480000.0,11529.112949688544,172.44914052240583,234.23663833017636,101.28914103411877,341.92957140803173,246.537947144819,159.83289485883674,212.3099196722788
74,2019-06-04,807,1.517524411652175,588.2464705882353,11.123184364193587,200.86208216812145,19546.657521563815,757.8960065279146,8359.773178166051,2065000.0,42948.682169219384,139.41054074735365,44175.0,807.4622883776233,21.385950771585257,8944.0,161.4632323701451,8520.56966968499,2073944.0,43227.314967604376,667.9756599923479,386008.13,7835.551128207327,147.30214463007692,269.9702164537108,178.70778334621676,249.84779964161459,144.1397419422969,348.93547820934793,128.83246871900013
75,2019-06-11,924,1.5069796657145407,3630.925176470588,38.22746153083647,176.51695048518542,18041.199999999997,659.4989398374141,7766.666629091696,1100000.0,38155.02059857975,108.7283340559289,29280.0,611.8302493976527,17.510497507045308,10749.2,144.8475585416664,7892.9054606546715,1104764.0,38369.578151583315,720.7394016908736,386475.56,8431.234552334274,115.61883997114826,225.26087378947076,133.72006351998238,972.639362223211,125.89607388409925,233.70414371555347,227.50664526760372
76,2019-06-18,740,1.1110058427299436,107.54,2.308278453193389,202.66316767446494,13248.399999999998,656.1395764267543,10404.32881014205,1940796.75,57053.59007911399,137.95397586680923,40260.0,783.4366430317859,19.297134565449824,3300.78,93.45474252265775,10561.579920574308,1940796.75,57399.207821883865,1251.7374293569574,716553.31,18367.865584066658,161.17228681614887,226.71103217165995,147.73978067097744,322.17460298965204,169.06689882857577,453.3639388184417,259.08220819544897
77,2019-06-25,849,1.1734174198584355,517.8294117647059,7.01646398684034,216.72510468136542,36429.33029949382,874.0008728914459,9011.938651120845,1509731.62,43460.22664608602,113.99295800051533,15387.48,523.8566929267688,17.26922185003865,2674.44,77.73612824629822,9143.200830971398,1511557.75,43616.57936094897,3007.0932710641587,15999999.24,182118.25670279574,148.9715488308198,277.00435001887035,305.6629389599658,91.55578784558004,190.74984435965575,278.27902776670294,210.40570680628161
78,2019-07-02,738,0.6117580157415079,294.43,4.104091641854801,322.9636073644406,42328.5,1219.5165429460412,7642.285531914894,1470000.0,34719.08963007171,106.65070272700031,23020.8,561.8314403012305,17.59075816601738,6367.0,111.42842329035007,7766.5269928079115,1476367.0,34924.794433538795,923.9006128258916,370072.84,11281.144967473636,203.21646013904032,413.3033596840725,430.0988054773192,247.4203279321281,422.38104844128463,176.80726330223652,245.01047399579627
79,2019-07-09,833,1.1426911405019586,168.3541176470588,3.9608584926729447,217.36929514670587,16763.9,832.1337749764306,9533.634760996867,1239427.25,46046.794808483246,112.25685142312408,19291.25,525.5800733826244,18.7854092332834,3107.44,102.94493258835243,9664.677021653275,1239427.25,46234.35710223176,1186.2032180307776,1049587.02,17270.297340185316,176.78862426571513,229.63943007121318,214.42455576470087,486.51286515293947,273.9712450292104,161.93414158971768,177.18725665306778
80,2019-07-16,765,1.4368921642496846,588.2352941176471,11.322717512949573,194.37804776006715,13217.672717420754,662.729106954596,10912.751771752837,2405338.5,62135.28842496424,124.07769546027743,39421.25,724.9530904022859,21.968805170239598,6410.0,148.28792016108827,11058.798272383354,2405338.5,62464.112009778975,753.1284489281211,417687.11,10359.563276525401,196.07144194752354,196.87004323061345,116.70432922423946,307.45971194041664,160.5868014968623,254.93987120844662,250.0985759241734
81,2019-07-23,880,1.5063315523819907,2352.9411764705883,27.075049517061835,183.03372199484252,14600.0,661.7159342664216,7922.625282895454,1843020.02,45405.78482067573,101.22144772702497,24861.42,500.8410087971574,16.429656600893928,16881.7,197.2512676487376,8040.276387223373,1844883.25,45607.521511545536,854.3017562411425,1408262.0,15501.756184612343,139.1736328736268,257.6080855052718,185.29250680294322,271.8450263724033,136.12509285520568,56.6490393382616,170.95719368751276
82,2019-07-30,866,1.3810180872334334,3737.8823529411766,41.40358920156672,262.42377974728055,23163.576022991652,959.3002467914928,7691.965239659367,2160496.0,34643.06148649037,115.83951703163017,13720.0,480.0165811310297,17.438103406326032,2900.0,84.43734491543685,7825.2428600973235,2160496.0,34771.16163171159,952.9463783454987,351675.78,9350.077719420797,148.18037715838472,350.5298735326704,266.33263918654455,665.712961043726,214.03920640772608,820.7746851378904,280.8974221442106
83,2019-08-06,906,1.6543131767189199,3621.1689411764705,37.97144587106599,194.47760528978404,23000.0,739.6745986766236,7591.720387335093,2138007.5,43636.114662697575,132.50757255936676,39421.25,909.1526130036397,16.553283377308706,4269.0,99.82571167931329,7740.781243271768,2142276.5,44098.53339136338,2441.771446062909,15999999.24,164737.2928022179,137.28656430726818,245.81843809148543,253.96718875464168,115.28441164057685,106.2071173626302,302.56410892950515,287.31221699095255
84,2019-08-13,862,1.6684509856603589,1176.7382352941177,25.548888874455454,204.7798030850392,44170.1,877.1656513233518,7252.429304536529,965427.62,31854.326364047924,228.89133615790018,238000.0,4264.463416553881,16.28897385553374,5610.0,98.62528968427408,7497.609614549963,966935.62,32684.340287617022,692.3186326994626,279825.37,7491.731119056772,189.84294757341104,238.64606637715102,229.46422374761175,475.35156437355823,118.96440788382822,443.7914704139721,218.9160270041754
85,2019-08-20,894,1.3910503294337087,388.2352941176471,6.300233913319818,239.01356419529301,76814.57396958975,1100.9034430865368,9904.294736535323,1649305.16,46210.558656674075,203.86422242947074,283500.0,3173.034314345347,19.870474469573328,4778.54,104.27893190027171,10128.029433434367,1691597.25,47020.26282233336,2969.423057822336,15999999.24,173367.37039507265,162.37762579119251,316.3663509757139,715.8763268505537,252.72953546976714,156.23524276805622,175.80033485134072,151.75532117709454
86,2019-08-27,961,1.1004291181375272,358.8235294117647,5.993454969713158,234.98889125171513,17605.0,827.6699815993521,8662.170374652584,2152699.25,44457.08047140096,128.42847915508614,25095.06,602.1795508217506,17.204090050027794,3765.0,98.04526541328111,8807.8029438577,2152699.25,44607.08937322504,1249.3295508615897,2152699.25,27626.143335671222,143.12658767501517,328.8378366423142,236.99828078363146,585.5827302833811,146.52443904781836,92.85640380504384,237.13827081552952
87,2019-09-03,883,0.7678899832301341,194.13529411764705,3.91031101425819,301.2512579455389,38000.0,1155.080802251239,7565.454018379282,1237765.0,33576.8995226931,130.576276106934,23274.52,585.7378500546585,15.658626775271513,5692.5,87.18763971123958,7711.688921261487,1237765.0,33744.65863839278,622.7404114452798,282000.0,6601.126930353702,136.69946452726828,427.2458075229484,531.9165959618323,90.71582844460191,239.57089308649583,583.4377759915964,281.83008646682225
88,2019-09-10,745,1.4145114673104182,589.1164705882353,12.508810174738068,235.40286625449042,16194.2,771.2858497114444,9777.851671686747,1785000.0,53015.69034743192,132.92931927710845,36905.0,739.0109461609511,23.192248493975903,14484.44,236.50078129856587,9933.973239457831,1796488.88,53460.6016662231,3657.725219879518,15999999.24,197801.39198237282,176.5201321460216,351.822918443023,71.31712207970152,496.93247506945863,175.9819695565368,205.88856098492082,143.0370430902738
89,2019-09-17,902,1.8667518069308608,588.2352941176471,16.442591712721114,215.09801214899497,20788.771844660198,745.8467877373117,10510.759541421823,2349128.0,63585.82654876074,163.49369973499253,66000.0,1118.5445181991606,26.240995506394746,11137.5,236.67417162495354,10700.494236663211,2349128.0,64075.174926738735,4971.392056688559,15999999.24,244643.19579044808,134.87929324867497,276.7086277599602,203.42554203477462,355.62751871746957,183.43064404863563,482.31413081991144,192.22354502660315
90,2019-09-24,852,1.1598903543632417,87.7395294117647,3.131906303290565,201.96541171045186,36203.0,795.8555236670194,8370.169142981596,2692381.81,46247.13309339809,137.09867145812916,40260.0,771.6052489753462,16.730441032342373,6602.35,115.14965927817185,8523.998255472068,2712005.99,46671.08395547108,1129.1456223456387,2692381.81,28987.683414246338,108.93269682035263,261.5032953552591,278.6962231759684,418.3980713104498,139.78045278880737,160.35826428765571,191.912746552846
91,2019-10-01,830,0.9248351042123559,117.54529411764706,3.266897192509234,316.7691398977141,35576.99208382774,1164.706951594907,10794.115364540183,1485775.25,49694.45774914257,156.53988539077605,25390.38,780.379706353932,23.95239298536316,10351.04,183.12743819899583,10974.60764291632,1485775.25,49928.704221788226,1253.32442004971,1232438.71,21051.826304726415,213.95278590311125,443.3720373688648,503.42520954818445,458.251112193656,222.07232988659388,570.2139277349311,190.77040635139215
92,2019-10-08,916,1.2344310439595887,235.33588235294118,3.9207463787990546,205.31499393845743,23003.899999999998,720.4641994485794,8765.996810704102,1684396.83,43744.04683364584,132.74077867953497,40260.0,845.6061619636487,19.052115595525336,3206.34,108.51017635760694,8917.789704979163,1727588.75,44259.64069646182,628.934953937267,384472.31,6654.372794660508,138.80579795773585,282.097509862058,151.24811820261942,370.7182599365831,103.10962410505688,715.1137171217055,180.31575714452902
93,2019-10-15,930,1.2310937388505692,941.1794117647058,13.652156941175916,208.63625466974847,42500.0,856.381365713156,7614.2533682497715,2365000.0,43189.71130499819,130.59929828129765,25390.38,644.2038182471586,15.376864639479303,3733.49,82.0797423814282,7760.229531170548,2365000.0,43351.46177264802,638.098216210719,1553096.0,16091.688039900184,147.57386399583996,265.5981156553048,79.35322990872233,584.9838067685057,161.17676317607493,340.70719082748326,147.3471505491215
94,2019-10-22,990,1.1473319287499923,61.42352588235294,2.4814497376989335,211.4780406235535,29700.0,797.0669596301891,7948.677230896495,2038627.96,40223.971174838305,151.41838175990074,37800.0,788.9733671800054,18.30860924413194,7299.44,121.78169674210119,8118.404221900528,2052015.62,40538.608601528314,1312.202137317754,2038627.96,27160.925553431305,182.4130223470573,263.1951178638793,195.9989351377362,108.71316286830265,164.32011311881075,89.47606448942989,186.05379091809968
95,2019-10-29,993,0.8548228896106048,87.7395294117647,1.976011829323194,292.83753519471855,68200.0,1499.7346650334823,8248.232264788732,2062696.0,42214.24634469287,141.15510760563382,17500.0,652.9405958179096,17.228463098591547,3045.72,84.52320639382765,8406.61583549296,2062696.0,42428.97672379821,966.5962129577465,718508.83,11344.804421636703,184.04747686191448,344.0755349517207,141.21986442940513,348.6506902963168,405.9477898245234,268.50684376736945,255.61618714753453
96,2019-11-05,894,0.89158293942441,60.00858823529412,2.1305176856489574,296.2425451387003,40552.7,1206.9312854103212,7538.373580678581,863865.0,28051.460818057625,134.35443926443926,17113.47,612.3669512349595,17.97156954156954,3237.31,81.89800127171084,7690.699589484589,863865.0,28268.146435462968,2759.543912198912,15999999.24,182205.76274070324,178.97927717130761,473.20681397899307,339.8374321589417,304.4133908716233,231.05917671842636,400.977035132484,205.1011156703828
97,2019-11-12,985,1.160659550853133,388.15294117647056,5.993260193065232,180.47637870971292,18105.381165919283,694.7678627513258,7127.810852388829,1500000.0,35238.283806735526,115.95140702539652,22014.89,550.734457605859,15.132203950569233,6900.0,99.53864131936214,7258.894463364796,1500000.0,35400.016989304844,5450.308565729299,15999999.24,274528.1982390272,106.85932632864814,271.08229596804097,246.71501412723163,362.9035692943027,121.85222197413157,178.74102002166651,160.89745539492688
98,2019-11-19,889,1.4489707007411752,2117.6470588235293,24.14105494097815,194.8193806423834,18469.691295546556,727.5980751224059,7237.876871450099,1458000.02,31649.91977512302,139.45812333371973,57750.0,938.5027645826585,14.595963834473165,2943.12,70.16447404177293,7391.930958618292,1459474.0,31956.956887285265,2740.9233858815346,15999999.24,172597.15825746584,153.09133107630348,261.49733558306554,236.83444010210297,274.5723888117091,123.06950684944832,209.04839782397676,177.98585957705393
99,2019-11-26,909,0.855514064171123,85.81717647058824,2.4174633155879905,255.78057267424066,35855.9,1026.4632789372947,7966.074078153988,1614213.61,35301.50028216268,134.19767393320964,38582.5,753.4779817149763,16.9058383580705,7449.67,117.33105247823799,8117.17759044527,1655605.87,35697.73405971708,820.7499686920222,247128.42,6264.733797807602,174.4249336523377,336.783720691716,301.1190899453414,437.40918458304566,237.75853601836914,321.99310334187027,178.4231251902581
100,2019-12-03,936,0.8766540383997231,149.38541176470588,3.563141750156236,267.07743357161047,49990.5,1091.436724595179,7553.101199033208,1439100.0,36347.50335465851,133.19867381252627,34793.47,746.8946544855794,16.05369062631358,3183.81,88.7928333975355,7702.353563472047,1439100.0,36636.231183448064,665.0573665405633,391091.16,6724.720087597782,192.41874955013503,372.79212712883486,290.2738763901285,179.63672083180154,149.84707721137914,80.48569905270121,285.626482562225
101,2019-12-10,982,1.1978225756605907,588.2352941176471,7.002350525423479,201.01287241227874,27240.14893617021,732.206895182352,6793.693199430489,1390000.0,32553.985801532108,131.44831384114715,21592.52,639.1117076656235,15.89924234719821,6020.0,94.3536617998594,6941.040755618835,1396020.0,32833.503365204575,2265.771190887827,15999999.24,161575.0228784981,142.15364043939218,250.12483746917874,160.61059146375155,486.1421283968822,150.34166688616403,135.067852872538,158.0730402152421
102,2019-12-17,1026,1.1693172807948078,640.0,11.131361143935555,217.52557837439855,15778.836987607247,765.6661116187902,6843.55712235796,1684396.83,31662.66884956758,166.70721446577468,168640.0,2173.800081627414,15.055246267209618,2931.92,73.28058047612298,7025.319583090945,1727588.75,32230.172488027576,849.3889402753538,1600000.04,16932.154516530125,102.88930727675931,330.87929154432555,154.91637089650956,347.12521016258717,200.9166433755048,67.62919549866123,182.57560102777376
103,2019-12-24,821,1.6916556243678633,1176.4705882352941,21.32318855607293,229.55869852849872,16500.0,822.5199418488997,7999.987729877897,1242540.0,29557.850986419326,216.99944306005483,155000.0,2853.519571142485,16.05112384749564,3140.78,69.65373591675086,8233.038296785448,1242540.0,30092.40845445343,671.9496997258908,339727.0,5593.2877617777785,134.67921603983055,322.0246249047149,192.46438313669364,359.50578682812977,135.0324329628976,126.81480032574846,167.08103610183764
104,2019-12-31,420,0.6303079648052226,40.871941176470585,1.4003690174398467,309.3075347032793,25229.399999999998,1171.462628886272,7814.676226779252,1586100.0,47748.47184149753,140.42687334137514,39768.7,930.5752729449787,16.515821471652593,10570.75,179.61615156117674,7971.61892159228,1586100.0,48102.20877494322,882.69287092883,1321401.0,21543.46556797789,178.35705566213647,471.84716009867526,169.97378908629372,487.0327038369732,167.16576454271606,2704.683683657885,234.09950708368868
105,2020-01-07,978,1.4659251133403568,3835.470117647059,38.34228236435092,208.84567034452587,21120.334039856774,770.7175619543763,7285.792863609526,2736587.87,40554.70812982184,134.80311159220625,28969.0,666.6032154210092,19.51730564849439,28049.88,308.2953317160365,7440.113280850226,2764637.75,40956.60894014802,588.4135839401692,397566.99,7848.534221293804,128.676409548184,267.18894332118,164.88311814672824,165.75972359816882,180.00902884221026,184.663115913936,245.96870746821563
106,2020-01-14,927,1.22310094120138,1941.1764705882354,20.300912967686056,202.12939897264187,31334.29715302491,770.526885411941,6504.681675841626,1235850.0,27444.7796007736,123.82020749523608,20271.0,568.8274572129453,14.986813466017361,12358.5,141.36911122521138,6643.4886968028795,1248208.5,27709.282211674512,719.909016514927,389600.0,7492.513653040905,181.69423802893186,232.59115797301882,325.583182674281,308.4518025159406,119.17369543166198,593.5554181051649,204.50352360318038
107,2020-01-21,891,1.1385810983258309,470.53705882352943,7.234357581712591,189.9598399663145,23483.3,712.9776659994993,8188.242201203783,1966576.62,41993.22815192841,127.17641766981941,75123.0,951.7001874678531,16.34407566638005,5579.0,104.53460960254549,8331.762694539982,1966576.62,42224.70615547073,1050.5824473344799,532254.25,11452.077495309515,102.72068821531794,302.58586574354155,322.18875749537995,80.35791856555558,107.98690173639363,112.21124732413591,188.8230327694083
108,2020-01-28,854,1.079291702805747,259.2464117647059,7.100042925791778,249.75101244102595,22795.356674780003,918.0858323410922,7714.58394019019,1242540.0,33726.763089373206,128.7316529029029,14416.0,536.6423568618912,16.330238988988988,3006.79,78.19984313622544,7859.645832082082,1242540.0,33877.30719402606,2831.862731481481,15999999.24,179136.68886462285,161.2235137767126,316.80653416897565,287.7266221246116,206.63817058355093,177.16462136490233,607.5392236457428,189.17038060300212
109,2020-02-04,735,1.112600283437871,42.476470588235294,2.2769130950026004,234.56975078479798,20249.8,837.8812117830618,6957.410971181556,881496.0,27851.265961766865,138.74330691642652,23682.72,723.5567100502891,16.25827377521614,4045.41,91.66729436527608,7112.412551873199,905316.31,28277.82686387256,5569.720770893372,15999999.24,271859.46253599535,122.25492705633886,328.8900374185218,190.3630691252396,428.2188339094924,194.92496015575875,65.44920058933614,236.5512010437825
110,2020-02-11,827,1.33001061008488,494.6023529411765,7.493356207453595,207.2518641350498,37260.0,842.8757542009903,8709.589491312012,5512320.0,71644.89817178906,134.75449383026944,14416.0,576.1282295044214,15.891411483253588,3358.77,83.12634342718938,8860.235396625534,5512320.0,71722.28556935153,727.4014958448753,287513.01,6648.787294196526,133.9946960409785,266.3634689774548,222.44277364648983,345.2392225290942,189.52690637735373,96.2286819737154,146.74282316536616
111,2020-02-18,653,1.960784718393902,3105.8823529411766,41.58749747948491,226.71862364160242,17493.592162554425,757.7931492343295,9618.03377290576,2639401.75,55270.6385647093,153.69083115183247,65046.1,1066.1952556536849,21.271274541884818,9380.0,189.19427388857613,9792.995878599477,2639401.75,55650.1373631011,1241.0473494764399,938000.02,18004.729367330976,119.45897847715916,334.0033238414381,188.71467051702908,248.3615306864013,151.18752173419284,409.34076498662733,240.88456422457756
112,2020-02-25,826,1.091721934641934,117.6470588235294,2.2844954254390832,258.36034674276044,20560.0,921.0245849102014,8347.070487962863,3674880.0,49410.22569511648,162.50227680017275,30000.01,802.6550757257877,18.49182230378927,3719.36,107.023998817121,8528.064587066825,3674880.0,49626.1524652417,919.2745309295045,429713.61,11208.610768292427,229.92599661296532,322.18249796308163,278.62034515072367,240.9967374185593,137.73759285938542,120.39841293346738,274.6377471085259
113,2020-03-03,877,0.7247009457849173,737.8292352941177,8.311462369399806,374.4760491045593,21250.0,1255.04458805244,9772.57286737549,15596088.0,169538.26112089734,152.74057750419698,35000.0,807.3378216704434,17.010606603245662,5160.0,101.61532798345726,9942.324051482932,15596088.0,169591.1679804399,984.9435635142697,432097.0,10533.525669854038,156.30631444243554,630.3152385541857,481.87771315890734,254.12518543762678,282.99053269880056,260.1989476372346,213.81276142329702
114,2020-03-10,837,0.8827538293457415,294.11764705882354,5.873608858618178,345.1448880709527,39829.7,1306.6456423208363,8716.588404596472,1890000.0,39986.89000039463,153.2788268305719,16808.89,632.5805912165434,15.476858631747728,2261.37,66.21030508991589,8885.344090058792,1890000.0,40135.06557826783,5014.016815873864,15999999.24,261602.03092503306,142.87988421585126,538.4309665247209,353.8049057311578,295.2529365547581,275.27336561749814,201.8693183759287,267.90268738008393
115,2020-03-17,586,1.1973504912102773,766.9570588235295,10.930318526725266,187.63318443707772,18917.781597038604,760.3178666636803,8993.357118773945,2994114.5,66500.13955813824,113.57226819923372,21230.0,640.1233591898683,18.026429118773947,4387.58,103.79963485975458,9124.955816091953,2994114.5,66647.94575993106,728.8379597701149,437162.0,7487.266394038492,190.68150566933278,306.8703648807253,202.23002913094055,498.21251235533464,112.1000422701982,81.77135495245166,192.49220719953897
116,2020-03-24,558,1.447487873549871,749.7710588235294,12.180473559434343,209.62835906505157,18300.0,783.9689623105384,11327.929447264523,7099373.0,114716.68476254902,190.3961515322429,167604.0,2609.818019516741,18.569270539575108,10734.29,182.64768339026855,11536.894869336342,7268000.0,116842.93898158973,7126.814145516074,15999999.24,310419.30900358676,182.6641838788273,270.1801164446971,278.7660823519254,65.05210600076373,106.67609115373327,142.0348321404206,343.3261751977022
117,2020-03-31,415,2.27318125737781,2941.6470588235293,50.050443381897466,173.68382362851239,17128.858583575155,737.1390478340493,10647.938207440811,1675268.0,59749.41098033451,102.5066770011274,8716.0,492.8821284964409,17.832570462232244,5969.04,161.69245874616817,10768.277454904173,1675268.0,59837.31597107907,1048.9068940248028,336250.0,11848.885833092922,146.65439389342637,205.55958827922373,504.94475191499765,252.16287548629464,150.45919952015296,52.111715032188016,209.3495075229948
118,2020-04-07,385,1.3813723460848775,258.55176470588236,5.845910826499247,265.8699022272398,23336.148491879347,1131.1605771632499,10438.745155409444,1280974.5,45784.46562947909,147.3799671249253,17848.87,668.201589623607,22.55851464435146,3418.46,117.40169621023237,10608.683637178721,1280974.5,45956.50872780107,513.1310430364614,400636.7,8214.899035263423,226.89399909076104,389.09930062560744,208.9326856264193,257.9049040547626,181.99359760046167,143.4851891492706,538.4020152612447
119,2020-04-14,680,0.8174031356583066,294.3694117647059,5.458517324843423,267.4636896439469,23336.148491879347,1133.0696460209208,8125.470596658712,1115863.39,45297.59434219622,100.84846693808788,31052.81,678.3226211212316,18.051865786887547,7087.43,158.8075876295764,8244.370929383687,1116924.5,45655.13370966571,779.9185975010529,527874.38,10699.20829421164,189.3459694650354,453.5343951580577,223.05511939328878,470.17980567889873,179.54511368847054,234.5528975325545,323.81711005729017
120,2020-04-21,694,0.704105707883925,428.3,8.739966407036455,268.9622601947859,23721.83259326887,1098.4522733184785,8708.90731918997,2742136.25,68659.01747309399,94.98896817743491,11600.0,443.8929040041494,15.472797906047663,8238.55,126.05792816574817,8819.369085273453,2742136.25,68727.94817072703,821.2745364375257,1118543.75,17319.858892526983,171.90851775027673,436.38527783232513,367.8720026348219,501.46741207301324,149.66022648255097,1557.163631098386,265.39757073518933
121,2020-04-28,622,1.0898003005836248,500.01529411764704,15.002207674892226,350.84613432381764,19266.415094339623,1084.677823633017,8799.77808449627,2003173.12,44926.29321977489,264.47754731408907,195750.0,4375.560928750349,16.390172051233034,4833.36,96.13368437145638,9080.645803861595,2003173.12,45568.80211872896,3942.467316000765,15999999.24,221429.27350063447,305.3148691560332,503.6122583597212,439.55493297217885,241.83035913827757,260.2886172731275,188.46326747472105,206.14924246141027
122,2020-05-05,771,0.8578737933336438,411.8911764705882,8.773897205774597,308.17647631384256,35406.99999999999,1259.9596621271737,8796.126821060965,1204076.38,45941.475250014,106.2920163631565,19356.57,501.376868823189,21.483525996305094,11952.8,233.71488363493538,8923.902363420428,1207232.75,46173.337643357896,842.0638110319345,583999.98,10862.477408363418,189.53924642002693,526.4343754941701,533.5389397182341,240.10529209529236,197.6954525396561,228.79164482975415,211.47700397548599
123,2020-05-12,659,0.7080505251706954,264.8594117647059,4.33008802615916,317.63143793681724,16020.086936515785,1030.9360938229534,7955.958943241861,1135331.94,34230.24878369011,121.06320265893984,19525.0,536.9177664680916,17.905914436679733,11353.31,167.68457196790715,8094.928060337481,1146685.25,34432.548056308,594.8482546446224,132174.5,4616.166310394605,192.00765834617147,448.2598071276933,268.18183875639113,408.7229892284261,156.6726271950233,548.9499098557764,276.1874287240126
124,2020-05-19,858,0.8552152615674319,737.8292352941177,11.677136555075382,420.5753160541086,40298.1,1443.6585934971736,12458.93236890244,15596088.0,206008.39126097388,136.83700457317073,12200.0,507.18247622638927,21.484451219512195,5544.0,110.54627133658693,12617.253824695123,15596088.0,206029.0698283347,747.2431890243903,414535.32,7960.294657678393,344.06633102580844,500.2413391421784,566.9785709861615,418.3385872895407,323.0181243930855,904.9869236893064,275.9953941058998
125,2020-05-26,834,1.0393772055512223,882.3529411764706,14.080895701913935,272.76515220153806,55956.73103448276,1144.3319015327227,7801.015974480861,3788270.0,56829.2999091458,89.77271953965474,52500.0,694.4972472137313,18.54960720540405,12408.0,185.1963073245836,7909.33830122592,3788270.0,56962.3257867943,630.948108581436,406000.0,6590.8891918440195,165.61659806997244,337.17393148442346,44.17719996527259,318.0218500243564,208.7705606728,164.37078439216654,497.28660285864896
126,2020-06-02,724,1.885238537135864,778.0287058823529,19.367345035118923,198.06629800004842,16781.60604937135,653.4758633647775,9649.365833901773,2213486.75,49162.26848021183,140.01618178717598,77000.0,1320.9040611755433,22.52799624829468,5262.0,138.72274730032385,9811.910011937245,2213486.75,49566.80232874066,3671.9225238744884,15999999.24,209360.54792013828,170.62469510167773,258.9719219920898,168.00097435786776,340.47987142881374,103.08970759380333,245.74046851068246,188.13412506443183
127,2020-06-09,595,2.1602676604148354,3135.6117647058823,50.39321040043846,206.93046154267495,16180.632361264723,783.0314528602571,8990.060265864544,2344831.5,65121.12616213394,88.20110615175625,23574.09,494.8894114380236,16.055600620997478,5241.0,117.34023735594542,9094.316972637298,2344831.5,65316.08955400053,2484.311441878517,2999999.86,56476.8318019961,158.95154117068898,345.8987556935325,0.0,140.31739816438636,156.27952144823044,72.97550742635045,200.2741859015022
128,2020-06-16,638,1.222291088596729,242.35294117647058,4.551468655317472,223.29544786091623,34113.413863887574,933.076051184117,8601.543298771121,1006740.0,32387.972535851946,136.22879224270355,55620.0,1205.050981318446,16.864662058371735,2820.0,85.52813453975273,8754.636753072196,1006740.0,32654.320304641962,3832.8060426267284,15999999.24,221790.5535391049,175.5582045994499,229.78096264237408,562.7527516699041,241.0948605048999,240.75195716732046,345.7121302842562,268.2851991379102
129,2020-06-23,895,1.455223353132569,3077.723294117647,32.83482880628548,176.67102171396797,32737.699999999997,772.105339010292,7859.519677998429,2040000.0,43384.2797972826,94.80965219342534,25000.0,441.59419331315866,17.962620890833612,16612.01,196.61156507519303,7972.291951082688,2040000.0,43560.53883094286,627.5564882755526,412405.0,6031.845693428304,109.03940103762793,191.09736423485245,898.4870918468528,467.8927111052442,169.7006576164828,314.10759423364755,245.40633578991842
130,2020-06-30,832,1.375068194261027,906.3929411764706,17.720369067654556,268.73708629378456,20433.697916666668,997.4151613736848,10105.734570237331,1592420.88,51745.5906709769,106.071701411161,21063.9,460.72744663989937,21.766002245028865,12650.0,183.64346077013045,10233.572273893522,1592420.88,51931.92163987269,855.3937508017959,1067569.4,14567.831962373992,219.51366797363724,313.3600399550832,412.29366377533876,304.88041202757483,220.11356834880658,153.76569011640822,213.34321556218492
131,2020-07-07,729,1.2599503844999906,294.11764705882354,5.839135248985369,166.7281712605151,17669.5,632.1077027486824,7937.0522298374235,1146191.12,33976.1945608808,107.42999203060249,67500.0,943.8048815118929,17.173777494421422,2500.0,79.23116614528135,8061.655999362449,1154045.87,34233.250749465216,1735.390317182021,5730955.5,72628.66912800854,126.91359369170952,202.15620944969064,174.16592549519797,222.09023332477992,126.55725276293562,20.426487846310543,195.99185732130204
132,2020-07-14,846,1.323237753120778,453.2741176470588,8.547370933733724,185.40261598502067,32905.6,796.449933533791,7889.232054738,943250.0,30752.400904777653,108.6520011002613,38500.0,702.7800609921784,16.729544766882135,9432.5,129.95967757238046,8014.613600605144,952682.5,31054.751747455757,727.8121798927245,577654.35,8755.493201665893,168.58257377386903,227.90369171998358,350.1583319255053,203.33836162598413,76.91378667289065,83.14671698725364,233.17404948031756
133,2020-07-21,901,1.7564310324308894,823.5294117647059,21.05601043019569,188.97832023635712,18695.366843408698,752.8978219769897,9152.96919995023,2047263.75,46443.87648238793,192.71775040437976,203000.0,3882.6887428025425,18.923337066069426,5636.8,127.97873513051775,9364.610287420679,2047263.75,47040.6096552849,1471.962943884534,4765783.56,54029.94790425584,162.160373327549,175.51039817798744,225.73081936136458,178.80998954210182,241.8397385662684,522.1003091719352,257.7995854396597
134,2020-07-28,899,1.3558749065583284,1197.7082352941177,16.21318965867313,190.8135319102076,20550.0,753.0709600791284,8752.228473592571,1101127.38,40478.620178682984,120.01050261172374,105600.0,1483.3917312680976,20.149332559489263,10230.0,176.58345357155284,8892.388308763784,1138830.0,41110.383578818255,1617.8208311085316,5505636.84,61125.11432458591,117.14658064826763,250.63433348630082,235.7894695509249,209.55443317527315,172.23021702916034,81.86828990943931,177.38463056951477
135,2020-08-04,868,1.0192102962074303,770.5365882352941,14.0943367363181,262.92444210297947,17573.699999999997,917.565374257219,10604.570660526315,15597047.0,183283.75818010347,103.93373157894737,67500.0,883.8143091837119,18.906673684210528,7546.0,143.2282644663172,10727.411065789473,15597047.0,183335.43731077318,840.6505684210526,217239.47,7261.412930747924,207.03040298325814,289.16465811443175,319.7923017813425,191.74932928103698,242.56773888575705,183.28230825416364,351.73828287553556
136,2020-08-11,882,1.1933324623658876,246.04823529411766,4.4597420126566485,155.03602152373884,11520.899999999998,574.9119807322876,8342.468537813158,3776159.97,62389.2745551082,129.36640950597052,147698.7,2265.1361834524228,18.020426129712014,7872.71,128.0577033001343,8489.85537344884,3819587.75,63199.6001471881,3071.0914118473424,15999999.24,178260.66917417708,134.95214116301545,189.61001564132317,107.94409363420878,171.33166353021699,93.27758384824149,20.015161369361056,206.63723296389873
137,2020-08-18,806,1.2552944008599614,497.88235294117646,7.397927780372218,182.45622578337458,17982.5,706.7121046543801,7676.9695922944975,1015680.03,32292.845935330217,98.05223380393191,47206.5,665.7416818515359,16.770257289879932,3487.93,86.09076041676438,7791.79208338831,1016909.0,32477.219638088838,808.8998100013195,348510.0,7183.151414965992,157.79173370928274,216.55527692675088,204.3537346064133,182.6824361054609,134.59480833747094,451.31476005300186,179.55922949658944
138,2020-08-25,761,1.761698013665083,588.2352941176471,15.58161179148502,141.86138447267967,40051.7,721.5200008396827,8866.956099084096,1350558.38,48274.50489308083,83.47723702470164,31500.0,647.6453832905438,22.91830280321954,9261.0,207.8206258519247,8973.351638912018,1350558.38,48521.28646296275,784.4331126838745,288925.0,6159.726096936674,150.67487723045562,143.46884116132662,75.18502426799141,165.41292879820656,93.5062458466858,1155.7685570151787,187.60992140905495
139,2020-09-01,919,0.8216775438596492,470.35411764705884,5.7777523453473085,240.1819668556058,18438.6,898.1798587788385,8667.840085929109,1808386.29,38443.07981491338,91.28852488363768,12394.71,376.09943524869396,18.190526315789477,3084.57,90.26825375127318,8777.319137128536,1810190.63,38569.509779200904,892.3683088674065,340378.43,8272.192017061852,265.61574708371126,209.719391483384,379.43792774592316,374.8982264989888,238.18354376298822,337.3043186633085,285.0853709157598
140,2020-09-08,901,1.4713222162212558,705.7158823529412,11.263290521551736,164.68223316142632,18440.699999999997,626.0789737353526,8590.320424544323,2866825.5,46607.95484953878,102.30920638514661,54000.0,724.426951122649,19.243242386505152,3690.0,97.21005648332932,8711.872873315975,2866825.5,46775.06238866127,881.7922234801313,754701.88,9980.584095593033,138.5513514844959,187.60345014289172,208.1858926433614,256.39943274198697,130.58865343554672,505.9277037580754,159.0135991086662
141,2020-09-15,842,1.2257160402835359,352.9794117647059,8.117846474684443,164.66123191667486,30091.781970649896,677.3978314627366,7866.316943075407,2556600.0,46993.060396519846,87.77937161163135,67769.0,1108.0976692130607,15.608060620995564,5145.0,99.1082631923786,7969.704375308033,2556600.0,47179.91337953087,813.5072498767865,1499999.99,17948.25297871699,127.8721637744617,201.72455565393346,144.5106490449544,247.13012068638693,186.62260979243285,83.07172802960284,145.52487753860373
142,2020-09-22,985,1.220101648548884,294.11764705882354,5.406481548089511,154.51923707088815,34113.413863887574,673.2396578088341,7900.916902705814,2944548.25,46147.19705481892,112.52630685089234,101666.0,1434.3676828040745,17.59287372865093,7826.95,130.52938005668344,8031.0360832853585,2986953.75,46666.75793883793,1057.9734935712916,2944548.25,32733.608660691174,125.92284183825713,164.61149948034898,308.791127757597,97.05370497518541,98.03433401213684,366.17722361934943,363.53051973519865
143,2020-09-29,959,1.0211497863086363,352.94117647058823,6.637247265528194,247.38689610089233,30599.724807770133,1018.3692886645565,7728.409053848849,909541.25,32307.710839857493,107.27161429739517,69119.0,839.7055999059138,16.11465599813106,7200.0,112.69392466915777,7851.795324144375,909541.25,32570.89802628485,805.3610646254529,770000.0,11415.401486752708,199.71838367216074,253.49839494357846,284.4277227238265,470.82017565765653,190.23074666257315,1631.81300264299,211.31159174350216
144,2020-10-06,720,1.3686648044132397,1148.235294117647,22.402621571579733,342.0685212641244,17390.999999999996,1150.2197752457844,9770.217952189903,1740000.0,49651.02306960318,143.7061467736543,70469.0,1323.5044715064953,24.250606820461385,8030.89,201.00025917831627,9938.174705784018,1747536.0,50082.84543352078,608.5872417251755,235342.87,6099.728758255476,223.1382039953307,428.0246745745482,388.6463251382483,373.9974832958036,306.0182440996735,35.025977204812385,322.77194725880025
145,2020-10-13,869,0.589508714072234,147.05882352941177,1.9785711356457343,316.19193646140184,22500.0,1060.0759745478113,7743.236800835808,687500.02,30657.253410283945,128.16203123281647,43920.48,748.704874134685,16.283763334433083,2977.85,75.2559916344394,7887.682595403057,690477.87,30905.98006484159,746.1664962058727,473000.0,7642.212994691084,235.2740716995922,452.0029400265065,307.00192111728364,152.9632418543988,158.12539279748194,138.26376778094618,295.28512315557487
146,2020-10-20,920,0.7292926370852364,485.29411764705884,7.15149279010367,910.6408173611132,147190.9,3709.527078340119,7387.155816183349,2449878.25,38368.974073770645,375.55092259120676,70469.0,2063.9446992930416,37.15380144995323,5219.05,196.85581648025817,7799.860540224509,2449878.25,39558.350297308825,766.1263447790928,583999.98,9556.27569168776,894.4320679242859,904.2215909641588,943.559044261184,973.077777567196,974.3884098675173,857.4541727923356,852.6362224181405
147,2020-10-27,853,1.1619010620692027,941.5870588235294,14.332574684963605,1324.07232561775,377555.5,6511.314987574131,7142.328166309222,3556522.32,46140.46343367274,714.2327432248002,355652.23,4614.046289671093,71.42329498927667,35565.22,461.40460662528744,7927.984204523299,3947739.77,51215.91432995931,453.14427345426174,208593.68,4011.2733111264292,1194.6890103489427,1345.4740119468897,1123.5998180818162,953.0295211659002,1494.7518461675932,1169.3257981180373,1452.9683670051033
148,2020-11-03,930,1.1829278342676923,1864.8823529411766,21.469973625619186,1885.343689428035,748687.5,10193.064550116464,8362.729847426668,2080784.7,38457.496900803926,836.2729665842913,208078.47,3845.7496552319885,83.62729021166864,20807.85,384.5749622190888,9282.630104222628,2309671.02,42687.82151824311,1125.9096010752687,697482.0,14680.36997442289,2564.3885477112867,1486.8616339962841,1868.6851886050445,1118.8913871917061,3047.110122297325,987.1220872009186,1847.4019308232319
149,2020-11-10,1039,0.7269515849373828,264.7611764705882,5.263697282081912,1792.7129153511335,490889.3,9136.259996228544,7436.553234701356,2124940.75,39130.18396022647,743.6553032246244,212494.08,3913.0184422135735,74.36544613411506,21249.41,391.3018472732785,8254.573984060095,2358684.24,43434.50424970189,1099.9653385249655,2124940.75,22790.381065313057,1760.176176838021,1778.5141006358758,1008.1199002622415,1119.0082874830737,2148.1439268244244,660.2942184364207,2080.498760081221
150,2020-11-17,941,0.914515250986005,615.4994705882353,11.199361786557914,1795.210637047598,250603.44827586206,6290.080736541587,8138.262359352638,2030933.76,48005.73701894556,813.8262072002643,203093.38,4800.5736851589545,81.38261807772761,20309.34,480.0573553129712,9033.471184630629,2254336.48,53286.368059408305,571.6973207796499,257196.28,5570.433833069356,2066.9894190901887,1611.3809995775343,1853.9875684877047,1947.8526062797896,2302.978557568877,1112.457533069871,2033.8611092682122
151,2020-11-24,957,0.9582539402306414,489.6411764705882,7.207849704075963,1541.0409887080232,85454.37291240523,4224.94357059893,8058.037021871567,3320973.13,47888.63497292189,805.8036632377908,332097.31,4788.863476038285,80.58032557675023,33209.73,478.8863515159017,8944.421010686108,3686280.17,53156.38480046656,1131.7956462245306,1131689.7,20831.731803240713,1895.2187358575309,1290.1076786567887,1397.8812807603786,1285.428703624028,1878.1487796584283,2810.0322152387216,2159.1823590146255
152,2020-12-01,836,1.1283477573807217,630.6176470588235,14.838846872917243,1928.1164143093558,112839.69999999998,5175.99849835496,10442.088659513374,3412506.13,83821.04133727345,1044.208778902826,341250.61,8382.104125602626,104.42085083874868,34125.06,838.2103920329951,11590.71828925495,3787881.8,93041.35585490378,900.9040175332526,416463.16,9954.673254374187,2901.5931307107644,1586.3262121695293,1482.0018500683525,1368.2180200599837,2539.836337984424,1812.5257878324294,2213.055457436916
153,2020-12-08,1099,0.8745138738043233,625.2858823529411,13.094529723068861,1568.6101561602147,141441.56380401313,4691.392163166407,7429.6720038412295,3135563.87,62975.112394979944,742.9671614916774,313556.39,6297.511245032548,74.29667493597951,31355.64,629.7511453634758,8246.935840268887,3480475.9,69902.37478536888,773.6938000320205,1710924.92,22132.28234047028,1934.9543029960976,1342.516709320033,1756.5932254078705,1026.865369195659,1678.6669048543608,1695.6761083928045,2082.316155261546
154,2020-12-15,903,1.5837374393724533,916.1416470588235,19.442401361812834,1655.761037124321,374584.4,6595.766832278679,7862.283311972332,3135563.87,64971.414149859535,786.2282717933068,313556.39,6497.141428075324,78.6228125317872,31355.64,649.7141569027966,8727.134396297426,3480475.9,72118.2697348307,910.8534012012624,726315.91,10308.630182924997,1986.897386060828,1352.1429742083158,1723.3387351857727,1238.569988676712,2168.5569830473937,1509.3329352530086,2138.464146650854
155,2020-12-22,662,0.9095696405919662,461.95770588235297,9.0512415159996,1764.0545768611976,96013.5,4798.538699267904,9516.824174514702,3499463.81,72493.93347476074,951.6823909283105,349946.38,7249.393330682163,95.16822025754372,34994.64,724.939357967836,10563.674785700558,3884404.83,80468.26616340461,1255.4794846153848,1013995.65,22657.194795309246,3641.001024558674,1426.6281191451733,1935.768273059165,987.3600425827409,2503.527823867825,1988.3990929845252,1982.507366728569
156,2020-12-29,711,1.3640193704378898,317.71235294117645,7.880789280374585,1111.9399792912973,56871.0,3106.4059733315084,7507.279583899247,1750865.4,36845.30719196669,750.7279046795901,175086.54,3684.5307501158322,75.0727694777133,17508.65,368.4530898801169,8333.08025805655,1943460.59,40898.29103195036,797.7653932584269,1750865.4,20576.6611170557,1464.068756305509,1016.824212912139,1017.54214920144,927.7954484218931,875.1863982987247,1294.7946733087317,1571.6969231853554
157,2021-01-05,824,1.0307709132798686,485.4924705882353,8.9848352468543,1514.1521818984309,175410.51760939168,4900.312211628016,9054.050858176375,3228903.0,58365.83095008992,905.4050218286142,322890.3,5836.5831250728825,90.54049519770489,32289.03,583.6583096965074,10049.996375202694,3584082.33,64786.07238485155,790.7195009980039,511428.7,8894.847264434959,1498.4575640408484,1248.7431919271658,1285.6581225963246,1080.299304772444,1720.244772421317,1570.2166585336042,2685.189499971552
158,2021-01-12,805,1.0435726546718123,517.7088235294118,14.162399834974632,1886.9363228481404,145892.99999999997,5118.872079160206,9356.901900307534,3563901.0,80208.76880809336,935.6901294208097,356390.1,8020.876865733265,93.5689992311635,35639.01,802.087667338192,10386.161028959508,3955930.11,89031.73334115946,3065.114705203794,5541347.5,100638.85695134517,2108.9194784302945,1555.0617183167387,1618.2276964212251,1235.4423326389385,2452.4662533229366,2719.4862241324236,2825.762595300289
159,2021-01-19,911,1.0286364783482127,496.6425294117647,8.134249373021364,1806.2667728793867,175084.97464762526,5370.44285591408,10162.050557267909,3563901.0,63298.191067895066,1016.2049623967451,356390.1,6329.8190971720105,101.62046849956849,35639.01,632.9818654402588,11279.875988164222,3955930.11,70260.99203050032,1280.5969427617752,652203.57,16436.223271110644,2156.6298955227794,1520.991154750362,3480.1904835862542,1295.5483167597367,2531.740077826626,1879.3556497713655,2112.2064426245474
160,2021-01-26,820,1.006280889160031,487.4145882352941,5.677005137119126,1611.7904531513072,364433.4046433005,6927.871189968063,7391.173516375546,3563901.0,47700.54833620497,739.117327510917,356390.1,4770.054888112647,73.91171615720523,35639.01,477.00549255568455,8204.202560043668,3955930.11,52947.60871686388,963.5020306513411,276510.58,7863.445984794319,1532.7046846692822,1255.227804640411,1054.0465205369485,1467.9039884420438,2255.1815632845205,798.5895426245802,2239.095722868924
161,2021-02-02,872,1.428700242525479,2839.4482352941177,44.23075094900314,1859.6789727027453,439308.19999999995,6822.136814932008,8724.997447879225,2087576.06,42724.98522869895,872.4997232207046,208757.61,4272.498533551817,87.2499544692068,20875.76,427.24984712916785,9684.747125569136,2317209.43,47424.73360936958,682.9526072329688,141667.73,5346.456579476574,1995.8028182392632,1565.9861753917137,1452.1036264326624,1428.1666991253721,2611.601435492676,1499.664131333458,2557.1734861903606
162,2021-02-09,679,1.8954500229587499,1058.840588235294,29.27878840869808,1658.5751102807317,177830.9782647036,5402.303374129254,7974.999421779634,805051.55,37029.00794138011,797.4998586572439,80505.15,3702.9007894968927,79.75002569868293,8050.52,370.2901083823524,8852.24930613556,893607.22,41102.198839247176,819.0389213952741,429916.66,9636.971921053222,1456.3138282253487,1814.4912243986055,2142.2465855261457,973.7379217792951,1664.666291581522,1241.7300236511578,1513.7262772846598
163,2021-02-16,719,1.0882402729568248,209.7754117647059,9.377795615652243,3353.5545503112935,5626662.1,79297.42844384097,11683.525293228537,5626662.12,105106.70078014756,1168.3524833736396,562666.21,10510.670050197812,116.83526904474003,56266.62,1051.067038707237,12968.713045646917,6245594.95,116668.43786904862,834.3249463340891,417591.9,8126.618435061901,1837.5831268976963,4342.734683086872,1569.5162202260897,1055.6282101510976,2316.3420368363486,2004.6913955718414,1710.6501344296885
164,2021-02-23,925,0.8746343789011668,44.497764705882354,2.128119922908131,1550.6865012685053,262157.4,5471.8576626919885,8459.768111173602,3487424.78,46945.54296435675,845.9767332208473,348742.48,4694.5543043415655,84.59774465691788,34874.25,469.45547515993366,9390.342589051368,3871041.51,52109.55274384863,1067.0465284682489,650471.98,13685.585221461513,2054.870731606453,1294.8733006169568,1819.6154212770637,1488.5678330172614,2198.30700854676,1658.6827532472312,1764.0266577887144
165,2021-03-02,804,0.7759613341086434,517.6470588235294,6.596446824789004,1927.930517946234,138916.73420164012,5657.33913820285,8840.982700255103,1281600.0,40401.358250407226,884.0982538265306,128160.0,4040.1358402667793,88.40983163265305,12816.0,404.0135710182035,9813.490785714286,1422576.0,44845.507661681,797.9626838610827,359300.45,7273.781458437474,2678.0546511781317,1775.7977941738836,740.4772269219245,1444.7391304223859,2290.221381943235,2313.0835650668037,2246.128912735623
166,2021-03-09,803,0.8489578964739305,200.00764705882352,6.214834709473042,2004.5111590771169,145667.0,5564.929227805673,9027.172382102273,953020.05,37888.03637629691,902.7172315340908,95302.01,3788.8036114480274,90.27168607954546,9530.2,378.88035481668373,10020.161299715908,1057852.26,42055.72034254973,902.3642435004972,267830.28,8237.674226283747,2183.718422262056,1889.0183148919286,2209.2518076280285,1444.3365665091333,2151.490806755632,1452.3354278163615,2640.5397786166054
167,2021-03-16,855,0.7015934543615261,176.47058823529412,3.5941501093765496,1804.6252874733755,136437.05185193324,5448.200484479811,8554.706925400882,1562672.86,38451.02132254727,855.470663490588,156267.29,3845.1022158463716,85.54702997908436,15626.73,384.5102085613756,9495.724618870554,1734566.88,42680.633746943255,858.6280020920502,391500.0,7343.246504115095,2256.6105198437726,1676.378703135094,1312.1960402630677,1556.1679317184337,1887.767007900897,1829.2557660767968,2037.4851167714048
168,2021-03-23,956,0.9499128270283573,259.1764705882353,7.352645274164024,2120.788430566479,629574.192564168,9187.630520511548,10950.864162614498,2508685.87,61031.974274135355,1095.0863179916319,250868.59,6103.19743287722,109.50860793848241,25086.86,610.3197088690424,12155.459088544612,2784641.32,67745.49141587438,1246.386736449021,2508685.87,34398.46999953659,2241.9238349186617,2025.5156236873324,2241.624369106602,1352.657155023689,2334.118424844826,1469.6041567015475,2311.151975451828
169,2021-03-30,582,1.5074309643141335,1840.379411764706,31.002313431958367,2247.456191133823,292849.1443167305,8351.86870783422,11877.051169614984,4838730.77,83890.71021760882,1187.7050738813734,483873.08,8389.07104324031,118.77047242455775,48387.31,838.9070981197956,13183.526715920914,5370991.16,93118.68835896334,993.6469462947543,566277.83,12081.581908041942,2391.552185532993,1871.613933168673,2334.9869736467112,1167.4069664767499,3315.110894515415,2256.508682039861,2679.1532829800735
170,2021-04-06,780,0.886565950290618,615.4288235294117,10.406514856090409,1993.6084610546416,166682.92682926828,5987.080364613818,9794.563735126745,3609888.34,63815.52302888366,979.456303673047,360988.83,6381.552265148358,97.94562209001553,36098.88,638.155209570843,10871.965660889808,4006976.05,70835.23050359583,1321.142811691671,603000.0,14349.819979879452,2351.1475213118247,1801.5368389244793,1471.6434445192276,2089.6546244748474,2421.567759483299,847.2524386689244,2082.2390257870857
171,2021-04-13,743,1.1090201934649235,1853.1764705882354,24.850453633117883,2084.4972000203475,164560.51917203935,7128.077427233989,9821.302534155282,1864782.0,54985.97846432333,982.130208263912,186478.2,5498.597750370996,98.213053982006,18647.82,549.859864017834,10901.645796401199,2069908.02,61034.436078703875,1062.4030939686772,858792.32,17794.80355043865,1865.685839699595,1839.2419249378659,2100.711436018077,1106.4983116385752,2956.8689414715823,2447.5103933660193,2257.9968571331624
172,2021-04-20,795,0.6794077996461743,39.32331764705882,2.198471591259474,2059.443702663469,121701.78571428571,5738.015650741872,9370.349569757727,1420402.26,40451.08433155977,937.0348705096075,142040.23,4045.1084965273744,93.70341409078252,14204.02,404.5108679546851,10401.087854358117,1576646.51,44900.703696030716,1221.7431276980922,382637.95,9842.980493085111,2332.2360177817022,1879.6639425096107,1997.384496392786,1709.9227091416637,1856.567426435983,3041.9953883989315,2564.469680614909
173,2021-04-27,627,0.7573886960001016,482.44829411764704,7.433392484340511,2534.926528345485,219577.47348484845,8137.653024274369,13252.175955517167,4155909.12,87758.41949947093,1325.217471388469,415590.91,8775.84195704218,132.52168646080762,41559.09,877.5841765951941,14709.915113366444,4613059.12,97411.84563310303,2681.7153163463618,1701043.45,46645.50990799022,3091.468099145602,2316.3396023310747,2295.629390700219,1594.7802774861198,2903.413334592071,748.7157732594134,2677.2553043838698
174,2021-05-04,736,0.976523561047785,486.96988235294117,7.271125171572251,2149.0162942070615,306157.0062576155,8064.842125880167,15124.2521562138,7670074.74,137629.24219922806,1512.4251199735231,767007.47,13762.92419540703,151.2424127089194,76700.75,1376.2924417036527,16787.919688896243,8513782.96,152768.45883633522,0.0,0.0,0.0,2499.2520303754977,1791.645748856729,1616.4647759897005,2601.8525680520106,2342.6804754220384,1584.1213134380516,3240.3794021129725
175,2021-05-11,649,0.9889831719154316,482.57882352941175,8.871028550293794,2468.379738773582,189809.70713525027,7040.563178995663,13237.77494425299,4155909.12,84793.2893085071,1323.7774072572472,415590.91,8479.328933923802,132.3777539022907,41559.09,847.9328924140252,14693.930105412526,4613059.12,94120.55113483957,0.0,0.0,0.0,3351.7039247674397,2207.3613778185318,2194.8368883769645,1063.882581760447,2747.2573762593174,2610.1031378706793,2422.0500274973865
176,2021-05-18,929,0.837942058984267,529.4117647058823,7.993368976767054,1905.5225203823893,143136.03579428146,6076.377726080881,10057.695588588917,4107652.56,65013.17309182835,1005.7695070499509,410765.26,6501.3173476291895,100.57694283528254,41076.53,650.1317343980735,11164.04203847415,4559494.35,72164.62217384862,0.0,0.0,0.0,1950.9306951699664,1660.5715046973176,1386.7520316138996,1589.1057514384834,2349.5855514299324,941.2529037638994,2819.332775781678
177,2021-05-25,1046,0.9311253258776823,1938.6358823529413,19.266618490523197,1715.859812081215,155223.5,5184.93048751806,10051.751440670489,4107652.56,75063.90962879344,1005.1751071901191,410765.26,7506.3909904245875,100.51744155271284,41076.53,750.6390780936046,11157.443989413321,4559494.35,83320.93969730567,0.0,0.0,0.0,1917.6533764358255,1683.6424825361244,1378.5811196644408,1040.8297811852021,1849.2446876231909,968.9089858024375,1789.9524673537126
178,2021-06-01,911,0.8219242901121802,294.11058823529413,6.861035142188562,2007.1258290128935,337477.8454817698,8120.705581008077,9943.376945019554,2205452.7,56401.49683845268,994.3377547734069,220545.27,5640.149659415679,99.43371980676329,22054.53,564.0149495503546,11037.148419599724,2448052.5,62605.66144741112,0.0,0.0,0.0,2021.7300829012293,2016.6275599322842,2189.8033451575616,1514.3671427711708,2190.27959506644,1543.501376967614,1696.6401826423075
179,2021-06-08,924,0.6899107316006139,205.88235294117646,4.675271906298191,2114.206521872637,572518.590927193,10025.550612826624,9152.754572055595,1830857.4,48433.97278980045,915.2753840526701,183085.74,4843.397271291403,91.52751036332602,18308.57,484.33968669200505,10159.557466471593,2032251.71,53761.70974777469,0.0,0.0,0.0,2625.8239869903537,1838.8268537721326,1239.411249567225,1055.92869874104,2706.9790570462956,1728.8080011122559,2635.420443921355
180,2021-06-15,809,0.9431556475748194,1853.0370588235294,23.05111454454093,1870.010932264312,90810.0,4826.605074134713,9038.771283248443,2294237.53,49329.02408022133,903.8770670628184,229423.75,4932.902326163695,90.3877688172043,22942.38,493.29028320689747,10033.036119128466,2546603.66,54755.216689582965,0.0,0.0,0.0,2232.028428636599,1741.480326913171,1477.2817355922668,756.6088119647208,2113.7582172449643,1229.10993472995,2149.02447182601
181,2021-06-22,795,0.961161239394996,517.6470588235294,10.76160772100602,2024.6499449109988,184118.22875009087,6277.0825937820855,9161.501864239346,2110348.28,44745.65489279424,916.1501001975727,211034.83,4474.565515256482,91.61491673722834,21103.48,447.456497607336,10169.266881174148,2342486.59,49667.67690564789,0.0,0.0,0.0,1925.5761258940147,1722.713692081817,2135.5368782241617,932.3721058463083,3965.3591776510652,1212.5776972342815,2733.5163141888147
182,2021-06-29,774,0.8078298178540245,117.15511764705883,3.3460582239123475,1728.636631529341,241542.1570419686,6127.0603781079735,10170.0018526663,2887037.11,64059.83405612438,1017.0002006597032,288703.71,6405.983366910474,101.69999037932931,28870.37,640.5983066317584,11288.702043705332,3204611.19,71106.41572965954,0.0,0.0,0.0,2626.0713355396833,1547.0674963781184,1154.1125672785522,929.2537133264615,1834.4820504797444,1048.8575970578258,2106.4028372211274
183,2021-07-06,819,0.6297473745905303,132.35294117647058,1.9700517283670134,2133.2004187640728,1471479.10041841,17190.071984105874,9072.065787682885,3309962.4,52190.641609517384,907.2065203583985,330996.24,5219.064134762363,90.72066349098333,33099.62,521.9064106158354,10069.992971532267,3674058.26,57931.612154886905,0.0,0.0,0.0,2179.2459116128343,1842.1841707430417,1477.1078456124294,1441.3289639924965,3453.2398471962824,914.5386158832462,1951.6272015809386
184,2021-07-13,770,0.9240674893807834,806.0623529411764,12.708910315034741,2069.5560498101413,184026.20210851118,6374.594268957899,11420.842275814275,4456594.08,93066.43325967506,1142.0841649341648,445659.41,9306.643346464323,114.20839778239778,44565.94,930.6643391722764,12677.13483853084,4946819.43,103303.74094530672,0.0,0.0,0.0,2913.7605600798333,1740.678267248733,1310.4706296891961,1255.726016106375,3141.5813698144216,2200.020703910775,2452.286426674951
185,2021-07-20,724,1.0477073906608099,73.64823117647059,4.409787672153464,2142.352304293265,208586.4948453608,7199.241894644517,11455.02936038961,1479262.99,49106.65632704778,1145.502866883117,147926.3,4910.665616178791,114.55032954545455,14792.63,491.0665028265029,12715.08255681818,1641981.92,54508.38844604413,0.0,0.0,0.0,4454.7336896130855,1726.2273041313986,1499.0967673761488,1438.556987993983,2654.1599316769307,2091.577681804585,3687.325302665834
186,2021-07-27,901,0.7621043531750428,235.2941176470588,4.639062588874031,1858.9342399984107,175942.69999999998,5725.418573325701,9877.976324544883,2203765.82,57926.93079914623,987.7975863151287,220376.58,5792.693084513767,98.77985666457418,22037.66,579.2693049712519,10964.553767524587,2446180.06,64298.8931886233,0.0,0.0,0.0,1908.9820462949413,1838.3657456355795,2113.4222039036085,733.452189989351,2200.3416715935773,1082.3651631796872,1877.6462932694633
187,2021-08-03,793,0.8072944999586332,312.08505882352944,6.615501523401037,2229.866555162115,246992.69999999998,8359.298020123451,11760.518274261602,4453019.1,78066.5093221234,1176.0518438818565,445301.91,7806.650926392684,117.6051547116737,44530.19,780.6650998592087,13054.175272855133,4942851.2,86653.82534836972,0.0,0.0,0.0,4532.139884697817,1936.9490895185381,609.6508539493618,1214.539384003235,2694.4581312814857,2018.2160844237062,1627.2614508537138
188,2021-08-10,612,0.8401372688912268,205.97235294117647,5.971240063692165,2218.4702368281564,114283.5280693747,6009.780557600001,11038.817733281494,1901681.62,56170.28050493442,1103.881737947123,190168.16,5617.028048402056,110.38812208398134,19016.82,561.7028130800333,12253.087593312597,2110866.6,62349.011366408435,0.0,0.0,0.0,2667.443488912373,2131.867892828428,2019.5349968042462,733.4824153632436,2496.3925887257697,1731.0410248007443,2411.091460645023
189,2021-08-17,747,1.080525280583957,317.6470588235294,8.391967473813134,2004.6745209342196,276802.8923076923,6566.888160748439,13820.871162238385,3188346.71,83595.53637901763,1382.0871070209291,318834.67,8359.553620959585,138.20866854683095,31883.47,835.9553150411084,15341.166937806145,3539064.85,92791.04531501293,0.0,0.0,0.0,2128.7797175886503,2122.1845551453134,2101.3601605633626,483.32275867097195,1928.8623363344502,2933.348431821984,2031.772046818647
190,2021-08-24,762,0.7263468122848822,177.71888117647057,4.794065399385229,1838.6787993307173,186139.52643678163,5681.897054081834,9587.264785544083,10301350.45,123956.30894644443,958.7264257347101,1030135.04,12395.630838521976,95.87259597564204,103013.5,1239.5630356012844,10641.863807254435,11434498.99,137591.50282056435,0.0,0.0,0.0,2920.438114799563,1806.7883946160853,970.4328655536181,642.5064711281967,2121.617988842005,3994.987001422434,2135.3119751323175
191,2021-08-31,784,0.6771371804537095,364.70588235294116,5.297841756488478,1804.9022498924978,115280.3821122495,4898.440240747358,9348.698556232976,2466115.41,54486.931424512884,934.8698702814892,246611.54,5448.693094093974,93.48698015306785,24661.15,544.8692827024005,10377.05540666753,2737388.1,60480.493801301054,0.0,0.0,0.0,1710.037425897596,1828.5757698012012,2586.5673361983313,721.6511770697009,2264.271790902938,1337.6534533145314,2632.4308229343105
192,2021-09-07,810,0.7378774666145528,489.52288235294117,5.76472689526264,1748.1815325070975,222618.19999999998,5806.457360391765,9317.209457364343,4406478.25,61219.640664819955,931.7207792207793,440647.83,6121.964122350972,93.1720950367462,44064.78,612.1963221207506,10342.102331621865,4891190.86,67953.80110928451,0.0,0.0,0.0,3242.1518901087084,1601.6674757271282,706.9847129419783,675.1150736824038,1905.9590742850385,1116.343054246413,2066.8723535990353
193,2021-09-14,1007,1.0320981539555296,488.6244705882353,10.98973701137377,1986.836674654806,283354.99144324014,6174.281578891672,11049.541788161401,5080860.0,85099.04476322488,1104.9541749143511,508086.0,8509.904465217025,110.49541397030835,50808.6,850.9904553050089,12264.99137704606,5639754.6,94459.93968374177,0.0,0.0,0.0,2381.3918421042854,2072.4482380823442,1414.36288768982,867.1788194590225,2110.8487434161334,780.0231441365222,2068.067432609567
194,2021-09-21,1001,0.6448514824555777,488.7201176470588,5.21829436323146,2067.5977938424066,389835.30961791833,8046.699655733824,9116.383545983279,5080625.26,59895.895489823146,911.6383533260632,508062.53,5989.5895688674445,91.16382497273719,50806.25,598.9589346250258,10119.185724282079,5639494.04,66484.44399330807,0.0,0.0,0.0,2707.909583955766,2090.0555735020494,2035.3373000077274,716.7788277523098,1911.379412362393,2946.9164795095576,2474.108882966854
195,2021-09-28,744,0.559257122566341,194.21529411764706,3.977400793218955,1894.523150073451,244332.69999999998,5985.334799373973,8395.992961654234,1538549.1,44486.88208653406,839.5992134537364,153854.91,4448.6881986148555,83.95990315403743,15385.49,444.86876407300514,9319.552078262008,1707789.5,49380.439049212015,0.0,0.0,0.0,1954.4013135162338,1801.8448544237442,3003.569606173323,552.1996905317255,2486.7748877246177,2477.1975658153196,2900.2314426408107
196,2021-10-05,847,0.8564523471721195,961.7647058823529,12.082765360668828,2019.2221441770582,278044.44444444444,6908.344293023651,9034.093574382607,2612927.83,50511.97301202251,903.4093430225689,261292.78,5051.197290167043,90.34091456930167,26129.28,505.1197592339892,10027.843831974476,2900349.89,56068.29006141471,0.0,0.0,0.0,2586.3047494608313,2117.419529907872,3339.387322540265,514.1512419596692,2318.7237505234725,1764.9844061489903,2258.722556256177
197,2021-10-12,878,0.6516343410132747,468.3361764705882,5.330473280554389,2060.5061732530617,309979.1776129127,7465.114336466655,9481.648195556558,5080860.0,63445.38870351956,948.1647490695839,508086.0,6344.538877338881,94.81646554640803,50808.6,634.4539157952325,10524.62941017255,5639754.6,70424.38149664682,0.0,0.0,0.0,2201.014618520685,2158.716712784821,3339.813458701199,1003.62649905177,1806.1173317283874,1904.8149354993857,2114.7900088946276
198,2021-10-19,1009,0.6982872905407711,465.2896470588235,6.70553401240736,1722.0375724726985,205596.3,5320.720969130985,8946.109932068593,5221321.18,75562.51997067232,894.6109526965455,522132.12,7556.2519971669535,89.4610860740618,52213.21,755.6251989240562,9930.181970839201,5795666.51,83874.39716675736,0.0,0.0,0.0,2124.58608468579,1746.8641118682526,2195.179310517169,628.4115130089409,1980.7031889919701,1386.043179339665,2001.8928634958672
199,2021-10-26,997,0.8355740105805846,466.14376470588235,9.382709152103327,1596.3352975289579,119937.09999999999,4490.681507721985,8799.251282146024,5221321.18,79045.14820035097,879.9251271061189,522132.12,7904.514820199283,87.99243644694057,52213.21,790.4514855181136,9767.168845699083,5795666.51,87740.11450606215,0.0,0.0,0.0,2435.6657601277434,1697.6448770236525,1849.9655590969874,554.0268561924362,1598.8230109312933,1217.6233620375922,1694.8547694808908
200,2021-11-02,813,0.8709944623294501,606.905,12.390012262256635,1948.6197376582572,313443.9217493044,6961.320506023356,11361.018390054,8823288.67,140701.09028911995,1136.1017706894388,882328.87,14070.109086794331,113.61017078990331,88232.89,1407.0108901933922,12610.730331533341,9793850.43,156178.210266104,0.0,0.0,0.0,2589.408051449894,1960.0318452859112,3388.519569198298,647.5159371892541,2384.6801400004497,972.0483074553606,2310.226817519248
201,2021-11-09,921,0.849804589188159,1000.0,15.624096195391465,1895.7643910757731,136247.4,4980.825400499869,9451.287536717064,5591314.08,70869.14932263097,945.128661987041,559131.41,7086.914922609258,94.51284881209503,55913.14,708.6914718021079,10490.9290475162,6206358.63,78664.75571703611,0.0,0.0,0.0,2590.3945719386493,1928.8847206273742,4154.549286477418,644.6097028913981,2492.286045020262,2150.96953254622,2209.198368105249
202,2021-11-16,940,0.5603214902849777,464.7695882352941,5.075622729569848,1868.2081187471936,230567.8,6079.839370111366,7824.211483895344,5591314.08,61571.87754135863,782.4211287427978,559131.41,6157.187776731814,78.24211391328988,55913.14,615.7187647781528,8684.874726551432,6206358.63,68344.78408286157,0.0,0.0,0.0,2427.546866203196,2033.1428900148271,3707.777161617046,681.9752502287123,2332.404486678901,1727.5761801024248,1993.0667093025993
203,2021-11-23,1012,0.7126697833938436,462.6001176470588,6.324374926464609,1764.5175464020087,398511.4168126515,5956.915308978003,9536.770917357368,5591314.08,79567.44499376215,953.6770692846221,559131.41,7956.744498703194,95.36771867707411,55913.14,795.6744225926125,10585.815705319063,6206358.63,88319.86391505197,0.0,0.0,0.0,2836.508464528376,1694.3500700493314,1671.8711237314542,730.7140460982259,2330.1720111170303,1463.86599363863,2686.8278442189944
204,2021-11-30,827,0.5441658831292135,334.82717647058826,3.8796556386272454,1899.166050088291,430404.19999999995,9438.039461421087,8385.115684702061,7828535.0,91765.43574404652,838.5115247183028,782853.5,9176.543587716573,83.85109938077353,78285.35,917.654352134336,9307.478308801135,8689673.85,101859.63368389275,0.0,0.0,0.0,1805.03132982639,2198.736609273278,2774.063230444542,660.649163992437,1588.4280644407404,2012.8746372432795,3630.1269332837746
205,2021-12-07,1026,0.7193843758831843,450.12041176470586,8.300855736706602,1766.4261296529496,753451.7203600944,8125.502332511413,9749.177385774847,5247756.36,101509.98427995291,974.9177154969383,524775.64,10150.99844252475,97.49177814413567,52477.56,1015.0998052170487,10821.58687941592,5825009.56,112676.08252768965,0.0,0.0,0.0,2547.2507645482,1817.9367208183382,725.6581259507652,659.8283708870356,1738.9185778961364,2642.472769879197,3032.055925265028
206,2021-12-14,977,0.786461480780933,674.83,10.878428712453458,1791.214138148171,286462.78668310726,6232.255664924176,9524.311940517242,11406961.38,134922.3445978423,952.4311456896551,1140696.14,13492.234513192523,95.2430974137931,114069.61,1349.2234141760587,10571.98618362069,12661727.13,149763.8025252072,0.0,0.0,0.0,2081.8058673379883,2008.770976074777,1345.3522117815535,731.7846607683234,1580.7419578542892,1898.9252030893902,2360.3966605388223
207,2021-12-21,883,0.9755290231780986,481.0140588235294,9.113768083281045,2160.0640957478295,690624.4,9967.5252468728,12073.359083515415,5406309.0,102363.29419510836,1207.3358618596747,540630.9,10236.329430291331,120.73356639961156,54063.09,1023.6329319265427,13401.428511774702,6001002.99,113623.25655732185,0.0,0.0,0.0,3705.523656778751,1891.9290042088076,1778.7622694196766,1260.3086041870692,2238.428552711432,1284.8511629206437,2889.591477350438
208,2021-12-28,848,0.7325005052276446,468.1976470588235,8.990944274007546,1829.497442568223,162495.79923050018,5676.736850846987,8073.077687866742,5129103.96,61706.11997059887,807.3076500094644,512910.4,6170.612009420519,80.7307656634488,51291.04,617.061174321632,8961.116103539656,5693305.4,68493.79315433375,0.0,0.0,0.0,2818.768215336969,1827.091892967409,2394.5633808837047,574.4613663529233,2447.4334044267102,1186.8556950378224,2550.392993174803
209,2022-01-04,728,0.8325115128452296,2452.194705882353,24.39924669646345,1526.0324769991753,90552.51145038167,4464.603282180383,8637.817180830792,5408080.2,68386.19306866519,863.7816777820123,540808.02,6838.619321277953,86.37817740091464,54080.8,683.8619068419877,9587.977036013719,6002969.02,75908.67429677854,0.0,0.0,0.0,1638.3335673897086,1809.7874480565486,1535.6426485320003,719.317755237101,1490.5953600120736,1402.9567961510913,2111.4940030420016
210,2022-01-11,849,0.5481828788994492,179.41176470588235,3.280681086822684,1930.1226302275006,499569.5325203252,7883.550324809809,8729.84818922853,3709499.95,55460.67324233012,872.9847734109655,370949.99,5546.067306044753,87.29846870451237,37095.0,554.6067182578709,9690.131431344009,4117544.94,61561.347266624645,0.0,0.0,0.0,3510.5225035345975,2027.7717524885284,2277.209171189998,550.7208773420322,2136.6367949596734,2314.6366196152103,3270.279272960538
211,2022-01-18,895,0.7143497501098914,466.42817647058826,7.886117901790897,1964.557401909752,221196.89758806973,6052.706059136548,10303.288867847272,6565972.27,102313.27089936098,1030.3288238304842,656597.23,10231.32714677271,103.03290715528713,65659.72,1023.1327456186058,11436.650598833043,7288229.22,113567.7307917477,0.0,0.0,0.0,2754.2197338472465,2313.0254068538907,2071.36079201742,598.5854969630601,2853.2215935061727,3839.5948891434173,2871.3357984405443
212,2022-01-25,665,0.6779054119497826,467.5848823529412,7.742721353463372,1801.038409645389,216537.86956521738,6052.691072611208,8869.135317252229,6186976.65,99913.45203182742,886.9133927635029,618697.66,9991.345186057017,88.69136733088621,61869.77,999.1345512836333,9844.740077346618,6867544.08,110903.93176916361,0.0,0.0,0.0,1962.911628051797,1904.8735709575117,860.0685949479971,1028.0987328553838,2336.4379021659706,1324.2828068779522,2276.545028936026
213,2022-02-01,771,0.8652277745511209,468.6900588235294,9.041367577539363,2212.848653959424,257761.1,7758.454966944478,12879.782467188441,5983691.85,120326.9332906163,1287.9781589403972,598369.18,12032.693267470575,128.79781336544252,59836.92,1203.269359888054,14296.558439494282,6641897.95,133562.8959179713,0.0,0.0,0.0,2832.384108957626,2189.358521590873,1422.5907706258404,1117.3993173489287,3392.4780100177827,2129.823448602304,2995.8509596698564
214,2022-02-08,819,0.7113154246950176,467.13317647058824,7.7087487028161235,2181.3618459708864,527510.3637839434,11125.785112221873,11710.001740964542,7828535.0,134451.111717095,1171.0000820887014,782853.5,13445.111116194787,117.10001596169194,78285.35,1344.5111359590098,12998.101839014937,8689673.85,149240.73396924604,0.0,0.0,0.0,3304.471988633883,2270.177595053736,1691.9102997317252,988.4375819407009,2273.7582134242753,813.8482145831671,3345.2746278552604
215,2022-02-15,767,1.051642758526404,1423.0,20.05674531783251,2516.2669633433343,265725.2,8046.952850964541,15187.974039355438,6795711.0,160565.92701326226,1518.7973551286022,679571.1,16056.592692104203,151.87970096064456,67957.11,1605.6592456025207,16858.651095444686,7543239.21,178228.1789509666,0.0,0.0,0.0,3051.0479053066983,2450.001276138248,981.4977290220863,940.2402548913013,3213.317482815028,1719.3621153571858,3170.2864379264392
216,2022-02-22,813,0.7465195559939204,464.3868823529412,7.842131725877709,1786.341388697227,361312.488979315,7017.2899576352875,10388.892199010446,6795711.0,92705.7533818501,1038.8892367601247,679571.1,9270.575349380631,103.88889682975993,67957.11,927.0575388868249,11531.67033260033,7543239.21,102903.38627011291,0.0,0.0,0.0,3006.017911755691,1939.2564860145037,2350.418145588803,757.2083878836053,1494.5125953085735,1560.0639265499478,2515.538390850011
217,2022-03-01,806,1.1031874270193152,1941.1764705882354,22.448289872140347,1768.8233564922475,388260.0,7368.413616063422,13746.391534514925,7156246.5,191073.50795874812,1374.6391026119402,715624.65,19107.350830125582,137.46392817164178,71562.46,1910.7350305948412,15258.494565298508,7943433.61,212091.59381946616,0.0,0.0,0.0,2237.002974299044,2033.0222393977165,1277.1803188387557,698.7369392820456,2430.672263938398,1459.4181225037375,2001.023402533838
218,2022-03-08,904,0.5798485532955285,282.14858823529414,4.03113692631157,1975.5570579910025,506016.5379825654,7630.813844970026,8445.310973175869,3108507.89,56883.24990540836,844.5310509933169,310850.79,5688.324999392364,84.45305868351186,31085.08,568.8325053116839,9374.295082852695,3450443.76,63140.40741010421,0.0,0.0,0.0,4341.664257475401,1983.282738620442,1888.0307060762518,867.2127410622696,2307.047157850896,1160.2495741298308,2137.0241924599854
219,2022-03-15,911,0.7858663780324668,468.88235294117646,9.822174338955726,1935.8892246306466,213156.5,6039.650118186785,9372.526806567741,9461575.35,98386.76883308256,937.2526446571252,946157.53,9838.676847355295,93.7252269733954,94615.75,983.8676511310513,10403.504678198262,10502348.63,109209.31333156466,0.0,0.0,0.0,1859.1657559544378,2223.7106951328783,2581.904413345539,734.9234721185455,3048.6556000757764,1352.717006004288,2622.7719314896003
220,2022-03-22,786,1.1629838858623829,2264.705882352941,26.67471564414842,2124.705800825086,198489.44938375245,6545.859601414341,13304.897846979531,9461575.35,138063.77959834435,1330.489752870694,946157.53,13806.377914190374,133.0489940089865,94615.75,1380.6377549876004,14768.436593859211,10502348.63,153250.79526751896,0.0,0.0,0.0,3201.2812957574038,2013.6003208728114,1469.161572602416,658.2791344064676,2193.1268831885077,1134.2228721284177,3181.1462847290854
221,2022-03-29,694,0.5006938186286886,147.19588235294117,2.091856306915381,2060.7725374710867,344786.2505437146,7655.398697159946,8299.12649330977,2153492.1,40784.98412669383,829.9125612219136,215349.21,4078.4983924754133,82.99124211057814,21534.92,407.8498582467044,9212.030296642262,2390376.23,45271.33237740521,0.0,0.0,0.0,3364.1992379193157,2302.8523426212664,1439.9487426370245,819.9129645016764,1468.1214614321223,3531.9753298475644,2265.3360037765297
222,2022-04-05,668,1.1484205365301927,483.0318235294118,9.989725725721485,2026.062832534902,170317.0384138786,5857.241536533265,15221.175194567373,8899983.0,173512.89334688758,1522.117463757058,889998.3,17351.289338137645,152.21175797344728,88999.83,1735.1289118932539,16895.504416297877,9878981.13,192599.3115969161,0.0,0.0,0.0,2779.613656911382,1766.2886519124315,1425.5415988474272,1195.841408921895,2583.096320463074,755.6620402413832,2613.369096732045
223,2022-04-12,328,1.0775881183762763,462.1805882352941,8.375533289892674,1308.9564924925476,196929.39999999997,5530.400601591119,11842.738570247933,8383505.85,139045.4206624208,1184.273791322314,838350.58,13904.541989283342,118.42724586776859,83835.06,1390.4542266368423,13145.439607438017,9305691.49,154340.41687833754,0.0,0.0,0.0,2622.5405977206647,2391.6201498469895,2531.737896257738,401.7564053004713,1773.9715539639033,1767.7703275772278,1167.563663757655
224,2022-04-19,917,0.8940292393579093,465.52723529411765,9.097969359068035,2252.184601409751,334676.55375382304,8287.210870813193,14489.978109786143,8383505.85,160888.3801105119,1448.997711638908,838350.58,16088.837929141087,144.89974475214348,83835.06,1608.8838020004812,16083.875566177196,9305691.49,178586.1018416508,0.0,0.0,0.0,2527.7798582365376,2114.6920252123373,1532.1610119439472,1762.0876672600084,2485.012965967994,3692.487094370557,2190.9718544174525
225,2022-04-26,842,0.6220463705826701,221.1764705882353,3.2857899900543184,1802.3823760931873,175231.63807234183,5648.354302251961,8726.987723746452,3086284.22,54472.26142921792,872.6987587511827,308628.42,5447.226134956542,87.26983254493851,30862.84,544.7225924458783,9686.956315042573,3425775.48,60464.210156612244,0.0,0.0,0.0,1902.759561320817,2124.3856575045575,2201.3206073753254,634.1767783196498,1767.9362318292467,1542.3223259790616,1942.747005273056
226,2022-05-03,677,0.9737967152138272,147.02235294117648,3.8557829430765316,1754.5949529130849,255305.22740958518,6026.569630476494,9725.665382912217,2858548.5,69139.99394147363,972.5665016931492,285854.85,6913.999401423964,97.25656420942954,28585.48,691.3999317859117,10795.488448814796,3172988.83,76745.39327467696,0.0,0.0,0.0,2583.345192128056,2180.0409883510442,1543.180868650116,152.56663769324794,2234.378211391089,1722.20121827307,2581.860009262928
227,2022-05-10,516,1.198954288658727,145.7464705882353,3.312783106607788,1570.5073799844258,165653.1,6018.693302284571,10153.783031813517,2001975.73,60361.611863603124,1015.3782979035332,200197.57,6036.161222473922,101.53788447441724,20019.76,603.6160915868911,11270.699214191469,2222193.06,67001.38917765692,0.0,0.0,0.0,4229.253781656021,1873.9832186843662,4804.803034171824,209.29945083379158,2490.0525936819295,1934.7389839449086,1609.6332093760345
228,2022-05-17,778,0.857880932934487,176.07573529411764,4.746344497577569,1857.14749725196,232416.27918227806,6672.948606298264,9352.192852698208,3666005.26,62846.05302903245,935.2192479347709,366600.53,6284.605351118116,93.521976182813,36660.05,628.460515226943,10380.934076815793,4069265.84,69759.11889537048,0.0,0.0,0.0,3604.5165712222683,1722.5580170414169,923.2084756311029,421.7410918218739,1692.562501148982,1649.2410001145386,2187.9816744618315
229,2022-05-24,962,0.8743842662527752,237.05882352941177,3.2662966898771573,1818.5375169781469,193061.59999999998,5712.697072632404,9830.145795102979,3925989.9,70607.15597607169,983.0145673119421,392598.99,7060.715560521175,98.30143551666224,39259.9,706.0715873226932,10911.461797931584,4357848.79,78373.94312390887,0.0,0.0,0.0,2716.6662971688947,1798.5726808185964,1872.018459824784,312.0198342840697,2861.680598151821,1363.2435035249557,2193.3962252366287
230,2022-05-31,708,0.9116403277673558,96.68029411764707,2.572082472777827,1413.5788553330453,176054.31719190368,5095.158337390987,7306.166031996632,729828.0,33576.64400226009,730.616561414588,72982.8,3357.664366209661,73.06166298284391,7298.28,335.7664209929157,8109.844256394064,810109.08,37270.07478944926,0.0,0.0,0.0,2139.36622930074,1725.0577203720388,1861.2351214463376,208.58251272179433,1588.607269189415,834.8230246645538,1685.9828544855052
231,2022-06-07,865,0.8563752542907438,176.66294117647058,4.368248814455259,2499.193769008235,496449.9135320441,10995.44670989728,13392.92855361596,3012268.68,77761.93890930185,1339.2928179551122,301226.87,7776.193872365211,133.9292269326683,30122.69,777.619455790232,14866.15059850374,3343618.24,86315.75223745148,0.0,0.0,0.0,3611.961384696754,1973.5767159500492,1164.926044494517,820.2454986849357,3973.923742572771,2918.495466257378,2950.9575503070514
232,2022-06-14,875,0.8101752369213724,323.7970588235294,7.101587013059181,2192.3300387974873,331386.99999999994,7781.573743198317,12982.878423778693,4394451.6,98479.99289968517,1298.2877645673927,439445.16,9847.999297610988,129.82886756915832,43944.52,984.7999120238547,14410.995055915244,4877841.28,109312.79210931569,0.0,0.0,0.0,4516.20582134398,1807.4743639557194,2366.093358244783,2285.9681973787597,2085.997104352463,2413.2042686220843,2012.6714274754643
233,2022-06-21,839,1.2274271473083616,1211.405,19.110075252934113,1868.9003111565466,208799.59999999998,6215.122315210988,12086.13489910571,13961702.21,199332.11697848106,1208.6135347397385,1396170.22,19933.21169836926,120.86126232515477,139617.02,1993.3211352626743,13415.609696170603,15497489.45,221258.6498121109,0.0,0.0,0.0,2479.803870723365,2120.2725092122405,2649.953046267903,224.23429746503749,2691.697713053956,2191.4780138002498,1791.1256351402087
234,2022-06-28,635,0.5782869616684349,118.53476470588235,2.2206812187732274,2108.3163676492586,201933.31742406165,7145.916827669003,10116.067925851703,2248932.23,50054.13012717092,1011.6068102872412,224893.22,5005.41297656838,101.16065631262525,22489.32,500.5413114217181,11228.835392451569,2496314.77,55560.08441515215,0.0,0.0,0.0,2586.077570151676,2064.4008532916178,2823.0730480735274,795.784719360546,2005.7267450334364,2087.4483889302182,1966.1861588852125
235,2022-07-05,777,1.0564575881714249,226.5329411764706,3.9362650315547967,1773.1914900668833,222525.54108985618,6843.588746089615,10453.851184581976,2053713.24,55226.27552811552,1045.3849739413681,205371.32,5522.6275519490155,104.5385635179153,20537.13,552.2626697209449,11603.774722041258,2279621.69,61301.16574977723,0.0,0.0,0.0,3349.56879897844,2081.906653777096,2605.8603627242765,314.1898458515713,1776.7539473162988,1589.4097181061736,2527.369649663681
236,2022-07-12,730,0.8893870554680205,145.58823529411765,2.470693417455813,1901.4510416843764,174256.3,6096.270650173079,9024.893973214286,1101720.64,38647.143031087646,902.4892819940477,110172.06,3864.7142957139436,90.24896577380953,11017.21,386.47140697639617,10017.632220982143,1222909.91,42898.328733766204,0.0,0.0,0.0,3660.463667961656,1738.5657224621623,3476.31644509692,312.5691700113504,2104.394254095911,1926.6953198598515,2397.0482583690036
237,2022-07-19,897,0.6242422830120138,138.4594117647059,2.1126507932294856,2175.8945749234367,219791.04064745075,7000.513581260139,14592.99424790472,26355481.47,283737.8580961288,1459.2993416409352,2635548.15,28373.78584419522,145.92992059991178,263554.81,2837.3785219005845,16198.223510145566,29254584.43,314949.0224622229,0.0,0.0,0.0,3647.188749666042,1953.3560508098274,1704.8143144079575,1617.214930555361,2147.8572663781783,2740.9446161925475,2117.580384822302
238,2022-07-26,954,1.0341953825762027,963.5405882352941,9.257888706924929,1869.6871884720344,466558.9192106075,8581.734542284192,9951.779984019176,10541085.19,110347.23862670259,995.177994406712,1054108.52,11034.723860112314,99.51796004794247,105410.85,1103.4723660819886,11046.475938473832,11700604.56,122485.43485289236,0.0,0.0,0.0,3016.316647783866,2035.376253988735,2053.032318193915,228.91714329745037,2513.318487240943,1671.6947325685223,2361.3250855503657
239,2022-08-02,784,1.2763813407535525,882.3529411764706,13.216098722748876,1746.6450228910921,190291.1,5819.548870473532,10352.34791833545,3231066.71,80978.70676547609,1035.234755299404,323106.67,8097.870672011678,103.52342971573704,32310.67,809.7870783928527,11491.106103350592,3586484.05,89886.3645158751,0.0,0.0,0.0,3396.895051716762,1899.4057686900903,1592.310254659971,299.84483124674057,1739.4647239509218,2424.2673499348384,1673.8611179527802
240,2022-08-09,904,0.7386121323144562,647.0588235294117,7.527675642727119,2216.8015279062733,404119.1772220245,8790.422385951262,10784.313649115462,3662275.55,59362.14567635734,1078.4313702501834,366227.56,5936.214628442267,107.84316026379148,36622.76,593.6214707560507,11970.588179629436,4065125.87,65891.98177554816,0.0,0.0,0.0,2200.800177201477,2023.6791684875434,1631.8188950517115,718.1187874198538,2775.8075271868547,3054.5948405452423,3580.899381081559
241,2022-08-16,941,0.9502803896238208,291.48823529411766,3.7985015169990852,1663.6131522532894,270000.0,6753.042786848743,8857.72331294909,2860432.2,48408.201717597854,885.772284818835,286043.22,4840.820176238044,88.57726570860724,28604.32,484.08200327040726,9832.072863476533,3175079.74,53733.10389709695,0.0,0.0,0.0,3040.387027520255,1781.6134813444169,1564.8172781460441,199.95133231137038,2072.45545404935,1086.1776619452799,1572.5876331495424
242,2022-08-23,965,0.724471185638844,439.4970588235294,5.5422235074405,2442.882412526547,510407.49821590906,10277.595078426035,12726.267388819617,5129993.39,81150.99895848318,1272.6266905652535,512999.34,8115.0999183346075,127.26271820448876,51299.93,811.5099452053008,14126.156797589361,5694292.66,90077.60882201753,0.0,0.0,0.0,3765.064031759478,1867.843594760796,2836.556277164715,2060.680292972441,3304.698001708676,2117.001042453264,2714.5130080212725
243,2022-08-30,752,1.023262334767834,129.5741176470588,3.0916252903872126,1830.4439844156657,323976.1,6570.53887883415,9797.39988400138,1893955.71,46481.3317838058,979.7400539795567,189395.57,4648.133136696792,97.97402894223039,18939.56,464.8133196645374,10875.113966923165,2102290.84,51594.27824015763,0.0,0.0,0.0,3333.1865311531433,2008.2532517182647,1365.0431359378829,235.1759705667116,2057.5327025579318,728.323908084817,3436.7635546242705
244,2022-09-06,934,0.9125028634184531,373.1435294117647,4.902261411633867,1789.510774097142,120236.42270208293,5614.371251712821,10448.832947748931,3925917.0,64309.14327526737,1044.8833116989813,392591.7,6430.914304645338,104.48831334209662,39259.17,643.0914470689694,11598.20457279001,4357767.87,71383.14902697453,0.0,0.0,0.0,2271.6743533932577,1949.010824018949,1485.014317187965,358.27346442881105,2483.8028460712967,1429.9314349931658,2513.6319098146587
245,2022-09-13,897,0.9445142226599501,235.65135294117647,5.4141769183254125,1921.4638236462783,95509.3,5183.056273594355,10109.57091287192,3043013.05,67832.13127883006,1010.9570331662578,304301.3,6783.213135408321,101.09577476804948,30430.13,678.3213055763678,11221.623720806227,3377744.48,75293.66571980818,0.0,0.0,0.0,3973.0164161876646,2108.5989675556016,3187.0486003971123,275.38574566221695,2160.388872357101,2227.237352407472,1672.4108911037335
246,2022-09-20,874,0.7045817398529051,188.4689411764706,2.759402286409251,2357.6161842677484,231456.71710576848,7124.594810583831,11822.573781626137,2823175.8,54160.938413614225,1182.2573507737657,282317.58,5416.0938170263735,118.2256927044952,28231.76,541.6093910168039,13123.056825104397,3133725.14,60118.64162164928,0.0,0.0,0.0,4123.009909939416,2035.3661583334929,1945.1319274804016,2393.7950905733123,3135.6259725910227,2257.4813357543158,2440.2365395377
247,2022-09-27,1088,0.6818506723735571,129.41176470588235,2.5146994937915705,2323.733776935678,619076.209088837,9799.464502929088,11776.182806440134,2363928.97,52511.74601696418,1177.6182173990394,236392.9,5251.1746233547565,117.76179950186798,23639.29,525.1174605008842,13071.562823341043,2623961.16,58288.0381008112,0.0,0.0,0.0,3136.767944769012,2148.345781102941,2373.570789359515,1097.3975240840703,2666.1372728994215,2229.4514078326024,2131.2354562554005
248,2022-10-04,872,1.2748222905186146,1380.47,25.877982260414964,2031.573284393787,250060.4,7276.578693020687,12874.851873620863,23885701.97,245223.8675441722,1287.4851414242728,2388570.2,24522.386786850537,128.7485446339017,238857.02,2452.2386862182993,14291.085559679037,26513129.19,272198.4930172395,0.0,0.0,0.0,2637.3976132989956,2137.7001537840783,2728.575132715973,691.6300219315261,1780.431803767491,1929.1381172539095,1829.9704342710681
249,2022-10-11,999,0.9978286771756911,488.3264705882353,7.038562260023264,1965.9169113260878,188630.31835825456,6247.297409891982,11657.181348618255,9832568.4,113720.70350007761,1165.7181291953623,983256.84,11372.070349942947,116.5717252201203,98325.68,1137.207026181638,12939.471203033736,10914150.92,126229.98087619904,0.0,0.0,0.0,3286.9022827473873,2030.0285185435603,1788.3421866989395,391.50806347149205,1888.7188664439316,1641.2383350446696,1964.074566577806
250,2022-10-18,968,0.8172990352541696,89.32281764705881,2.602493909292765,2210.460333510309,1249849.2,15030.983989982333,8900.874535936615,1958483.68,42742.12184212737,890.0873976608187,195848.37,4274.212218936167,89.00873137143935,19584.84,427.4212120398752,9879.970664968874,2173916.89,47443.75527309312,0.0,0.0,0.0,3374.5478489457846,2123.045869003367,2097.786615007126,338.497567512579,2711.1329014690073,1080.6666113288238,2232.7907160888594
251,2022-10-25,809,0.8622894571781159,470.5882352941176,7.686527586894107,2209.9233219950806,175096.59999999998,6046.356097373683,12975.893921678322,4901647.5,97009.20272023711,1297.5893440559441,490164.75,9700.920265099194,129.75890909090907,49016.47,970.0920075750205,14403.242174825175,5440828.72,107680.21499290685,0.0,0.0,0.0,3387.4155463380625,1965.287156235363,2337.7853446756226,1597.9014412832555,2309.9230069234845,2113.63604113562,1818.877888209764
252,2022-11-01,849,0.6814769518008792,35.80235294117647,1.06794330232101,1843.1491962567266,317484.2094389863,7115.98144810528,8300.574409488901,1546817.4,38449.494685706304,830.0574251679902,154681.74,3844.9494601948604,83.00574526573,15468.17,384.49496037334404,9213.637579922623,1716967.31,42678.93910626269,0.0,0.0,0.0,3370.5573609548583,1558.062832992311,1857.5107539144985,395.45561222343173,2407.8281734966995,1287.7957999803277,2557.3852380651338
253,2022-11-08,1067,0.7114918592092575,294.11764705882354,4.617473705938501,2169.0010749435605,333541.1,7155.914493674283,9733.612030913348,3140987.4,55750.41601458369,973.3612365339578,314098.74,5575.041564461826,97.33609555035129,31409.87,557.5040964500573,10804.30936299766,3486496.01,61882.96167548721,0.0,0.0,0.0,2314.948889850336,2054.9407815749246,2662.5219929195687,1007.4999735947625,2631.2486087914617,1677.048636606913,2515.180054094452
254,2022-11-15,1130,0.6356694701811819,494.5524705882353,4.617339105262004,1775.015432057116,249966.89999999997,5460.055346262371,9390.316264723204,9848880.0,95516.87071357113,939.0316151354535,984888.0,9551.6870772482,93.9031375147232,98488.8,955.1686974586933,10423.25101737338,10932256.8,106023.72648827313,0.0,0.0,0.0,2287.9865664898048,1738.304254066208,2503.035421161348,1192.1858192796817,1616.8496420661818,2462.7022732478563,1575.3910928564821
255,2022-11-22,948,0.7056115792831938,1160.1176470588234,12.151138323170521,2163.2217504428927,561586.5074873297,10295.423426163721,8801.457365223994,3848429.29,54908.88063874622,880.1457012691181,384842.93,5490.888068012629,88.01454387677622,38484.29,549.0887768054342,9769.617610369889,4271756.51,60948.85748355605,0.0,0.0,0.0,3491.391006255217,1713.9562774096205,3410.218076014088,2859.8542198865134,2284.3245970575663,1313.7225546980721,2889.491041150184
256,2022-11-29,684,0.6137728297511311,94.11764705882354,1.8881744362077248,1910.3411237309847,661500.0,9564.395970749727,8954.96273489011,2972371.44,52818.21749167309,895.496276098901,297237.14,5281.82172552638,89.54962087912088,29723.71,528.1821553150597,9940.008631868131,3299332.29,58628.22137250587,0.0,0.0,0.0,3024.2329470581108,1423.7800793790889,1691.611297410628,1070.0138756236972,3656.076112713396,659.2383387291137,2032.8518118919142
257,2022-12-06,979,0.7443164543880231,492.74170588235296,5.847320334625566,2007.4499969318194,166174.80382061572,6240.083675007742,11007.546297245965,9848880.0,115768.07267420963,1100.7546153846154,984888.0,11576.807271722473,110.07543209876543,98488.8,1157.6806932685322,12218.376344729344,10932256.8,128502.56063919638,0.0,0.0,0.0,3192.873297966734,1672.011152154616,1259.9283990222825,587.2058642115018,2713.6615551687764,4135.917927205298,2716.9352331878445
258,2022-12-13,1100,0.6875662930978181,466.54670588235297,4.663154160961182,1905.4205952056277,332794.8112486627,6239.881444237739,9891.244722862755,10262359.8,102750.27279863863,989.1243957639423,1026235.98,10275.027294362233,98.91241181996755,102623.6,1027.5027453283199,10979.281530446664,11391219.38,114052.80283832474,0.0,0.0,0.0,2562.9045488709107,1709.2120055722178,2307.3696520580656,730.8405418231483,1863.3837584459354,2425.3564477616333,2751.7661906076964
259,2022-12-20,1048,0.5732521802571409,43.358823529411765,1.2247744397843654,2077.1963670088994,163440.1,6397.345707686168,8667.898305100265,2013956.25,38199.59346235727,866.7897765772366,201395.63,3819.9593788343695,86.67896804321948,20139.56,381.9959100558565,9621.36704972072,2235491.44,42401.54875123586,0.0,0.0,0.0,3211.853598187401,1759.2383499646544,1905.8041459182848,1126.0483685979086,2478.099826371908,1837.680415073832,2388.530143321224
260,2022-12-27,933,0.7140033971176732,268.485,2.798967870962096,1727.7488666005017,249349.39999999997,5599.880922158565,7394.397917296576,2388533.31,36754.691914594376,739.4397429968875,238853.33,3675.469190547647,73.9440133392619,23885.33,367.5468810324069,8207.781673632726,2651271.97,40797.70798616247,0.0,0.0,0.0,2665.005252586692,1778.4291873687646,1459.4001971118082,317.2426314986888,2178.451409760645,1650.1520770072639,2453.521844083165
261,2023-01-03,634,0.7771254306137583,61.70294117647059,1.6701194588368318,2109.6671458065152,675352.5845356043,12619.398224592787,10170.178117854002,1935900.0,48963.26901170277,1017.0177250073292,193590.0,4896.32689735105,101.70175315156845,19359.0,489.63260704749626,11288.897596012901,2148849.0,54349.228516092204,0.0,0.0,0.0,3520.9119736502394,1486.342013009433,1848.5586759165499,320.7123910369058,4062.2102367374723,2972.979862569403,3963.6465104715244
262,2023-01-10,978,0.8635759957408476,1941.1764705882354,16.796567898764728,1553.1153141770058,378603.56075440586,6518.461021651661,7597.746396818317,5228700.68,59839.05470526036,759.774604519774,522870.07,5983.905474394738,75.97739815640797,52287.01,598.3905627188536,8433.4983994945,5803857.76,66421.35074236647,0.0,0.0,0.0,2491.6893255826276,1691.0813422774288,1000.7247958894291,282.3364547786059,1486.0304433635013,2049.6229713946996,2006.8548314049335
263,2023-01-17,904,1.4698425674152735,1595.75,28.076078735189107,2081.8519775179893,382615.27926410997,8483.358111774663,13070.8913756666,19303278.49,224401.6270392361,1307.0891309500296,1930327.85,22440.16272886064,130.7088781354928,193032.78,2244.0162498924137,14508.689384752124,21426639.12,249085.80601798755,0.0,0.0,0.0,3424.5018922266413,2070.636366242938,2444.992706459512,237.38535942298628,3302.315760332176,2746.083040708629,3480.5615801396575
264,2023-01-24,986,0.8386784196313255,944.2795882352941,13.684348746848118,2076.2456868530912,362124.31745277415,7547.890955695713,10567.453996007986,3897948.29,77502.82713096253,1056.745390219561,389794.83,7750.282741079872,105.67451896207584,38979.48,775.028205455312,11729.873905189621,4326722.6,86028.1380774919,0.0,0.0,0.0,2844.069861458389,1696.5688075264577,2579.31490095857,1923.2933712037106,2310.448799983013,912.2520723437128,2907.514773427158
265,2023-01-31,670,1.0872719294984536,507.58876470588234,12.146319829364469,2014.6446924506288,215462.3,7103.404666527326,9638.55007226867,9931477.5,126738.65642992523,963.8549681167634,993147.75,12673.865655043921,96.385396060649,99314.77,1267.3865019423788,10698.790436446081,11023940.02,140679.908586908,0.0,0.0,0.0,2723.4198056934797,1776.1634523504742,1609.7062104762556,398.507142612648,3720.776807423086,4045.86183829309,2139.3427718506236
266,2023-02-07,893,0.669046594899679,519.2178235294118,6.017661139509943,2349.961225671584,976033.2999999999,14196.761193371163,11571.987249972555,8725506.3,130552.58699215358,1157.1986420024152,872550.63,13055.258661751035,115.71985618618947,87255.06,1305.5258245892992,12844.905748161158,9685311.99,144913.37147849047,0.0,0.0,0.0,4128.6146679752865,1914.7432637071206,1053.4908490380676,445.743593732375,3829.5627827069975,1613.9341875026655,2394.693649154044
267,2023-02-14,792,0.9446530215932623,517.8625294117647,8.041129450317921,2095.8651994431084,320420.2,7886.8806786215855,11432.010332130862,8725506.3,120863.44098870015,1143.2010250031099,872550.63,12086.344123412224,114.3200771240204,87255.06,1208.634408289686,12689.531434257993,9685311.99,134158.41952039846,0.0,0.0,0.0,5024.131893511099,1669.097402212164,1486.9379620726831,486.7367038578809,3009.357012123326,1826.1402543027523,3581.146633994301
268,2023-02-21,848,0.9202378471188248,294.11764705882354,3.973114095653164,1742.9959401302078,221310.0,6013.7609217553645,8719.940629013978,2426614.55,52962.01060664355,871.9940545901021,242661.46,5296.201081693969,87.1994049867775,24266.15,529.6201144701989,9679.134088590858,2693542.16,58787.83180279941,0.0,0.0,0.0,3365.618926212884,1789.4224000595177,2211.5863892121447,239.190445598457,2025.9510618667098,2485.8987390937527,1700.0602662451552
269,2023-02-28,1012,0.6248548828027387,176.47058823529412,2.9459489798479597,2140.5768750808684,646832.8597831784,9565.255791277312,9275.990097234022,1517245.43,42279.318868760936,927.5989275936939,151724.54,4227.931901395087,92.75989898989899,15172.45,422.79314654178967,10296.348923817615,1684142.42,46930.0439166875,0.0,0.0,0.0,2873.571600116933,1841.7804801991322,2314.148672546636,1049.346721010097,2860.5761806986975,1489.1395035326182,2793.7346637262685
270,2023-03-07,966,1.1347607762790621,2217.4282352941177,22.44067225513514,2179.203012268395,1665000.0,17799.50512211189,10333.38248173157,3434284.8,67370.1855455597,1033.3382240310793,343428.48,6737.018549812428,103.33387568217556,34342.85,673.7018629500479,11470.054581444825,3812056.13,74780.90595831577,0.0,0.0,0.0,4268.915697553413,2252.3595169401246,1288.538136324758,285.00243285550044,2572.7240880303893,1054.7312298656695,2079.2861123637185
271,2023-03-14,829,0.9807675727643882,1352.9411764705883,17.501055035196053,2550.9850377805847,256642.61390602755,9053.98282658263,13842.477855919926,7910706.2,153024.79722610727,1384.2477927038062,791070.62,15302.47971008457,138.4247504280258,79107.06,1530.2479354633892,15365.15039905176,8780883.88,169857.52487165228,0.0,0.0,0.0,4541.130289992858,2082.269663379686,2607.7584194769183,1152.2445733456161,2828.598296659203,1792.4346563908455,3226.248512725203
272,2023-03-21,797,0.9196677069711268,529.4117647058823,7.581547030392749,1801.5766081479578,192151.65845294096,5766.999896354795,10073.402941235965,7910706.2,108372.36290576002,1007.3402649944371,791070.62,10837.236295033517,100.73402043086882,79107.06,1083.7235963463547,11181.477226661273,8780883.88,120293.3227971355,0.0,0.0,0.0,3084.6445420218024,1966.742544461809,1283.007127517933,314.48786581087575,1980.6297494494181,3234.3345136050416,2424.419064326922
273,2023-03-28,723,1.2083051353126641,1682.3529411764705,23.46352734741469,2153.3000073920402,700180.6191580438,11509.23974715183,11653.019182869153,7931781.0,116224.16955001833,1165.3018825538622,793178.1,11622.41692384507,116.53017341040463,79317.81,1162.2417196531628,12934.85123883342,8804276.91,129008.82819351269,0.0,0.0,0.0,3504.548937992421,2057.003155436316,1436.3612109030605,319.406948582523,2547.5458531581985,1827.786199657892,3954.4283686475687
274,2023-04-04,521,1.507580615672083,1698.1923529411765,29.903633559212203,1883.4001433324263,178112.8,6431.097963729559,16706.565510655408,8318593.42,227060.02677877905,1670.6565400080417,831859.34,22706.002630750194,167.06557297949337,83185.93,2270.6002272188252,18544.287623642944,9233638.69,252036.62963674578,0.0,0.0,0.0,3178.9069856313245,1609.0491131454926,2846.6599044868403,937.5792947228614,2131.106638285935,1832.64106921472,1621.6329394560692
275,2023-04-11,841,0.6327633755203296,568.7922352941176,6.448782164249512,2538.2596150462446,861465.6,14722.94651831696,10505.13838098642,2847795.18,60827.746705234065,1050.5137598284489,284779.52,6082.774674002569,105.05138313080772,28477.95,608.277417740692,11660.703523945675,3161052.65,67518.79879696993,0.0,0.0,0.0,3334.497143361873,2106.83250652987,1837.3011500943273,2432.446151285464,3236.9391999545455,951.1344547773494,3996.1812403903173
276,2023-04-18,1047,0.7530139731438694,66.70588235294117,1.5160504140464703,1840.3608077297504,595627.5614194722,7773.203145586131,8350.34786034442,1734917.34,40890.6405004735,835.034762129433,173491.73,4089.0640124678243,83.50343791774789,17349.17,408.90638436225913,9268.886060391602,1925758.24,45388.61089729261,0.0,0.0,0.0,2491.631857499013,1866.1844654450488,1988.0675888905612,296.4542152081298,2222.9627221354585,1807.2089312269093,2464.485679343881
277,2023-04-25,861,0.6076862119429812,129.41176470588235,2.192749934264167,2237.9954595336244,413244.0410098249,9451.00982101882,9446.005819152899,1762357.0,46903.611163772955,944.6005266426531,176235.7,4690.361123798231,94.46003974661534,17623.57,469.03606922118166,10485.066385542168,1956216.27,52063.008356783124,0.0,0.0,0.0,3765.0466127627715,1653.53360720631,1466.1946428046326,1610.3716621397882,3512.10005100677,2788.7943024920432,3377.074371255997
278,2023-05-02,1006,0.9503929754421336,449.49117647058824,8.5374608493767,1951.9242174912577,340230.01654350944,7945.873032482648,8322.663051824997,1278882.18,37322.25418790765,832.2661959298015,127888.22,3732.2254464085963,83.226643322073,12788.82,373.22251875801817,9238.155891076873,1419559.22,41427.70215306252,0.0,0.0,0.0,3733.9739799864287,1698.339321538411,2374.792397046095,300.99273553517315,3130.9675259355795,2065.3722576166024,2721.0333306057482
279,2023-05-09,972,0.9410306895593024,403.09470588235297,8.862435257313946,2194.5650694487967,768620.7304896208,10808.302547942592,11296.03800966285,3017431.37,70529.4897721912,1129.6037370024158,301743.14,7052.948968732801,112.96038021216259,30174.31,705.2948749137364,12538.602126877428,3349348.82,78287.73361583157,0.0,0.0,0.0,3095.216145940895,1727.3006466200059,1451.8369209261582,695.1370279516884,3189.2197604048706,2121.5948315365995,3195.266896210146
280,2023-05-16,765,0.7685825007039854,59.28,1.4643657815642401,1910.605118915892,233830.6321530071,6913.4216703111315,8891.480195263292,2525693.69,47100.06673807012,889.1480070546737,252569.37,4710.006656455353,88.9147404887881,25256.94,471.00067391174076,9869.542942806751,2803520.0,52281.074068427646,0.0,0.0,0.0,3417.008774127099,1733.702273469144,2219.484913594776,284.2644068778502,3182.9889712171903,1331.705986158145,2815.7946345041228
281,2023-05-23,1004,1.1347521330946957,1444.7731176470588,19.44311604581886,1819.2670936666873,584389.3036265047,9362.543209508562,11536.002530100877,23173556.24,223453.89848474992,1153.6002334851937,2317355.62,22345.389819219297,115.36006182883175,231735.56,2234.5389702327006,12804.962825414905,25722647.42,248033.82727419958,0.0,0.0,0.0,3716.5446253482373,1609.1052451601358,1595.4490385693994,306.2170949655556,2694.0332729694446,2110.1071386155295,2734.123783951493
282,2023-05-30,931,0.7643882422520251,229.66823529411764,4.99224216760757,1798.2772677771336,471384.7,8387.605900889645,7718.221451015801,1225650.9,40995.83773410846,771.822021670429,122565.09,4099.583748511123,77.18220316027089,12256.51,409.95836276130075,8567.225675846501,1360472.5,45505.37984536991,0.0,0.0,0.0,2860.9803728955635,1797.6254293079378,1499.8944885015524,277.961687714192,2146.0664357323494,1242.9075939496306,1961.2833867061838
283,2023-06-06,984,0.8844776332062474,480.12723529411767,5.985695287039394,2159.7207415679536,394054.01317176834,9371.645360174005,10922.29246101623,6259548.02,83498.49034954146,1092.229193805028,625954.8,8349.84901946308,109.22291397051023,62595.48,834.9848946365374,12123.744568791768,6948098.3,92683.32426363557,0.0,0.0,0.0,4759.496790620996,1683.8817003323725,847.9326758313927,505.62945712323574,3557.841546149741,1509.2183926818504,3259.7609840845653
284,2023-06-13,833,0.8320218143611373,405.88235294117646,8.800471959927146,2064.301489696804,186390.99999999997,6765.005179671039,9950.255293668955,4409136.0,72005.71200121217,995.0254627510806,440913.6,7200.5711864083505,99.50251080600052,44091.36,720.057102771764,11044.783267226037,4894140.96,79926.3402903859,0.0,0.0,0.0,2886.361820694746,1727.5676686557435,1819.1490939163896,1440.008721992118,3159.77175857157,808.2543396912878,2348.912372942271
285,2023-06-20,934,0.874308159803725,500.4752352941176,9.060436070839025,2100.955470064662,292990.69999999995,7094.095977198858,11263.827483456987,6084284.17,113432.83118335885,1126.382690996591,608428.42,11343.2831579264,112.63829055544416,60842.84,1134.3282753318033,12502.848465009023,6753555.43,125910.44261661326,0.0,0.0,0.0,4264.997719617604,1857.9117763724523,2127.1747359400642,329.0304992923176,2416.3440230355436,1357.6983615860727,2351.5766251591504
286,2023-06-27,991,1.0249412776981874,541.4705882352941,8.043763780802465,1543.5410406728981,533024.4999999999,8133.778937417154,9275.767054834476,11373594.67,131872.2809810656,927.5766946186378,1137359.47,13187.228120953918,92.75765130523553,113735.95,1318.722828783689,10296.101400758347,12624690.09,146378.23193080002,0.0,0.0,0.0,3174.3749603091637,1562.188961525673,2470.2281966805363,233.94190916786312,2268.3582697526977,1826.6536400691045,2372.9926122160755
287,2023-07-04,888,0.8928343620770677,1257.340588235294,15.347553391225441,2019.34977947485,126992.09999999999,5912.011478994231,10859.910511043232,6664130.79,103609.854451702,1085.9909985902257,666413.08,10360.985412674077,108.59901080827068,66641.31,1036.098518633934,12054.500520441728,7397185.18,115006.93838300579,0.0,0.0,0.0,2547.936478439508,1888.124666399912,2796.405182312642,551.933543753762,2471.8583533142582,1386.2876533263773,2303.462727942
288,2023-07-11,861,0.8499848604892153,564.7058823529412,9.722947057777022,1942.7958643147936,390966.8,7449.16468707247,9995.397021531102,4907680.87,84861.90277359597,999.5396737712049,490768.09,8486.190235135415,99.95389734667248,49076.81,848.6190486610597,11094.890592648979,5447525.77,94196.71205738685,0.0,0.0,0.0,4230.956939487371,1567.7294375131912,1667.6038891506457,951.0897294799769,2249.8660068677873,1195.1163674277432,2107.1082529289
289,2023-07-18,746,0.8999504994802634,1074.7058823529412,11.78986658161178,1762.7003299552944,205384.5,6559.694324463938,8451.13935659266,4391415.98,61222.14539763058,845.1139567285908,439141.6,6122.21455645564,84.51139216130494,43914.16,612.2214385012982,9380.764705482554,4874471.74,67956.5813925801,0.0,0.0,0.0,2298.6251816235626,1715.7520424832765,1860.9918989102537,438.9135580649005,2395.785661448967,1042.3652067845512,2634.9004476529626
290,2023-07-25,1039,0.715315154309625,429.4117647058824,4.230889016563337,1775.8978519979357,221201.74152414108,6308.906998244665,8430.992306518088,4804244.83,57026.44900185094,843.0992062280568,480424.48,5702.644874002793,84.30995267898031,48042.45,570.2644603098717,9358.401465425126,5332711.76,63299.358336156,0.0,0.0,0.0,2804.0821067656743,1660.4712415415897,1911.837489879975,546.2545893761517,1819.3011016235284,1107.3419848718888,2186.079504891387
291,2023-08-01,906,1.1041878280315396,411.7647058823529,7.46892876199476,1687.4665112953091,494974.6,7700.9639853059525,8102.0339542291895,1494650.52,41385.44820595741,810.2033799983234,149465.05,4138.544799385197,81.02033950876016,14946.51,413.85448562146456,8993.257673736274,1659062.08,45937.84749095299,0.0,0.0,0.0,2999.411072998122,1662.3624076853632,1403.2354281822893,275.8569502776024,2293.825751196672,2378.9696984023494,2432.3799510627346
292,2023-08-08,1007,0.8264606859358147,194.17529411764707,4.635002549124432,2068.821384668613,245666.37932177764,6711.159883587442,10375.797979449022,2001991.5,55528.70977268067,1037.579733368766,200199.15,5552.870933369813,103.75801753919745,20019.91,555.2870879511695,11517.135730356986,2222210.56,61636.86779399403,0.0,0.0,0.0,2742.6381671037047,2074.6036390959166,3662.5616241881157,396.5340068696003,2019.9434808384158,1858.9295453590562,2688.897076300517
293,2023-08-15,946,0.8083441242243452,294.11764705882354,6.537224642344282,2188.828697295682,193537.89790255172,7008.4177473366735,11000.725066636547,2693296.76,63173.38236825888,1100.0724723288909,269329.68,6317.338250652496,110.00722724192455,26932.97,631.7338076225657,12210.804766207364,2989559.41,70122.454426527,0.0,0.0,0.0,3863.762201937062,1713.8933314935562,2801.6897204305897,819.8066422083358,3286.9198371321895,2600.345062542729,2673.0679196261026
294,2023-08-22,811,0.8935699492880826,78.37941176470588,2.07928710043266,1682.9377885280692,245644.85050267656,6140.830928858206,8892.66065242832,5303124.9,66690.63344049559,889.2660015603667,530312.49,6669.063327026315,88.92661790520772,53031.25,666.906325732109,9870.853271893895,5886468.64,74026.60309324742,0.0,0.0,0.0,3006.456961235376,1670.0387393431665,1749.292208063139,388.5301128729533,2022.9061519339648,1358.355081403751,2067.4317254614084
295,2023-08-29,1087,0.8826240920071632,1499.7035294117647,12.743792942662067,1797.5130951550057,229893.26713786102,6360.4858599440395,9193.164480691956,5229317.25,83693.94567268228,919.3163999182727,522931.72,8369.394523712326,91.93162500851325,52293.17,836.9394314752325,10204.412505618742,5804542.14,92900.27962786438,0.0,0.0,0.0,2233.4178493159475,1819.7154921020544,1615.1170553270877,406.12667118584415,2650.879976453974,1190.692742095152,2152.145797010133
296,2023-09-05,830,1.113933639108141,553.9347058823529,10.17513761399396,1618.8421205537734,278602.5290716146,5773.235626696688,9656.811703232124,8128301.3,128114.13978146946,965.681165523996,812830.13,12811.413981779904,96.56808423114593,81283.01,1281.141360551522,10719.060952987267,9022414.44,142206.69512379746,0.0,0.0,0.0,2643.727389561755,1577.1123723198039,1695.2374433261134,289.7068386305611,2087.163333426815,2686.924015378619,1804.0181971070779
297,2023-09-12,863,0.9584764812555492,514.6294117647059,10.94103005437108,1885.6835579037272,230814.19253261355,7005.417160928108,10681.881164078619,8669921.4,143503.59859484568,1068.1880660223694,866992.14,14350.359851066689,106.81875665110219,86699.21,1435.0359473689214,11856.88798675209,9623612.75,159288.99439327835,0.0,0.0,0.0,3553.297604992166,1695.7556963305135,992.2239383361645,627.6308525652122,1820.5343481514192,1547.435789244824,2313.1238217866967
298,2023-09-19,929,1.0507182313759746,830.7681176470588,12.705698939173194,2028.6362929881172,325860.39999999997,6986.4623752515445,13612.47241209871,13707769.95,201187.96997273862,1361.2471926184755,1370776.99,20118.796956735256,136.1247193710417,137077.7,2011.8796909216953,15109.844324088228,15215624.64,223318.6466203932,0.0,0.0,0.0,4036.991537829337,1470.6627170907736,2705.0008920601863,2367.124089553417,3772.010421651618,1890.8231142924321,3277.568896956544
299,2023-09-26,1114,0.8940767446563431,382.8235294117647,5.913668594317003,1695.6428413796323,194782.3,5553.371601642931,9335.962557420495,2658844.8,54353.88771083566,933.5962279151944,265884.48,5435.388779987592,93.3596613663133,26588.45,543.5388869745036,10362.918446702002,2951317.73,60332.81537778944,0.0,0.0,0.0,2960.937246544426,1602.4645171654006,1732.6985957382115,489.83579634735,1943.3702053646005,1192.0212449612134,2298.457361283864
300,2023-10-03,936,1.123652515982323,824.6051176470588,13.47917773891492,1985.4101245406853,120459.5,5746.455286551691,12302.113535479837,13605887.84,170412.83302373294,1230.2113681358758,1360588.78,17041.28326674054,123.0211545274565,136058.88,1704.12833251109,13655.34605814317,15102535.5,189158.24462298205,0.0,0.0,0.0,3659.388009017742,1814.8034652669567,2116.7272050976635,471.14330988979276,2558.4178647923027,2502.808893599358,2070.5482795500902
301,2023-10-10,758,0.7770966897320039,613.9470588235295,7.38291290700186,1916.874873092596,335366.6734461546,7519.924628146058,8515.470564639454,4131270.63,56861.54206359923,851.5470474061875,413127.06,5686.154164483102,85.15469474179508,41312.71,568.6154676081134,9452.172306787437,4585710.4,63116.31169568254,0.0,0.0,0.0,2437.978925938546,1581.6871610679943,2285.6320978119134,1322.3917099818161,3152.400981522644,2011.5266034509054,1924.3454217322833
302,2023-10-17,995,0.7483710587256532,828.1925294117647,7.809456780858701,1903.414970712442,385093.2317238678,8156.166745109281,9235.656049084859,12175293.6,122114.32154142427,923.5655981697172,1217529.36,12211.432146518824,92.35651580698836,121752.94,1221.1432475050183,10251.578163061564,13514575.9,135546.8969354455,0.0,0.0,0.0,2822.438114463895,1886.559600667511,1955.858344826338,319.5527028766832,2437.8509530349243,1525.8496318891875,1853.0804585350586
303,2023-10-24,1073,0.6943090515517232,397.3452941176471,4.848959461215721,1920.5673868779613,347235.114628821,6264.8155851921065,9849.283337220777,6994181.05,81171.93919433941,984.9283340809187,699418.11,8117.193959502051,98.4928115187943,69941.81,811.7193880080356,10932.70448282049,7763540.97,90100.85254184391,0.0,0.0,0.0,2939.316702150949,1619.9147855267345,1611.7245696161942,863.6886205934547,2528.8440511079916,2352.1723751102236,2020.2571675037325
304,2023-10-31,960,1.2425455061312027,1059.1876470588236,16.5703787818219,1646.190752274785,140310.0,5206.569711244681,9602.631986269598,12357823.09,128762.68187619564,960.2630967622229,1235782.31,12876.2681995834,96.02633268392243,123578.23,1287.6268225251972,10658.921415715744,13717183.63,142926.57689830067,0.0,0.0,0.0,2013.3044564854151,1369.3782334187576,2027.3327715121068,506.75119360713643,2613.823681162066,2430.1864246032787,2458.9172956029242
305,2023-11-07,952,0.9628374360686973,863.4765882352941,8.730110278353076,1782.8143486314057,203967.98235519754,5604.749383303868,9306.55861279817,12318224.51,121686.21761814076,930.6558287122612,1231822.45,12168.621747136469,93.06556993222428,123182.25,1216.8622249107311,10330.280011442654,13673229.21,135071.70159018476,0.0,0.0,0.0,3683.7943568832543,1899.379824519708,1933.2402675285741,303.58255961172483,1928.113691674892,2026.020762905585,2030.5191523662154
306,2023-11-14,847,1.231409869388205,941.1764705882352,17.536043162652764,2098.5333482335313,298918.64999999997,7361.930449292753,15014.588893313035,11644169.5,212852.94997031463,1501.4588031385408,1164416.95,21285.295012383358,150.14590350158096,116441.69,2128.5294768846234,16666.193599953156,12925028.14,236266.77445958104,0.0,0.0,0.0,2881.871037088565,1789.3557327296685,2551.0746269964006,787.0696547325367,2383.186385648066,2919.831195686425,2508.6497348872344
307,2023-11-21,1138,0.8325022127014527,698.3601764705883,6.335257704055989,1721.6399025420253,612087.3396834921,7577.741631053405,9470.110347195432,6382715.25,98188.87665613508,947.0110068667541,638271.52,9818.887665956903,94.70113725792763,63827.15,981.888751719585,10511.822491320114,7084813.92,108989.65307380733,0.0,0.0,0.0,3350.3027537754283,1471.8663289638212,1443.8861191992894,312.08422261665373,2428.5631714703118,2778.9056037293444,2589.446041879878
308,2023-11-28,1269,0.8632042639240969,870.1267058823529,11.529043566896375,1547.6543009203394,508891.3043478261,6876.837793584497,8802.068361610678,11835335.35,140639.05728884423,880.2067990046376,1183533.53,14063.90570939991,88.02069166383893,118353.35,1406.3905945123122,9770.295852279154,13137222.23,156109.35359275268,0.0,0.0,0.0,2399.1847042933,1467.4871064641652,1313.2772490525804,430.64618007303994,1790.6220719753073,1168.6863003384565,2067.325512769478
309,2023-12-05,1109,0.5993250444286475,511.839,4.953679629521716,1955.922252936446,216625.0,6276.04002876614,7899.935589123867,8255204.1,80467.10452578781,789.9935725075529,825520.41,8046.710459681104,78.99934206109432,82552.04,804.6710374811006,8768.928503692514,9163276.55,89318.48602294442,0.0,0.0,0.0,2406.9220318755233,1669.7313253097864,2415.352953282565,1511.8887906287976,2903.008404572877,1373.829521902297,2669.6835809387853
310,2023-12-12,1071,0.8103911531446694,869.3938823529412,11.891925019170433,1956.15940817581,257780.19999999998,6188.394901144374,11059.757500230011,10857447.13,153252.0816828775,1105.9757263777717,1085744.71,15325.20812315578,110.5975683135523,108574.47,1532.5208106278915,12276.330794921336,12051766.31,170109.81061665821,0.0,0.0,0.0,3039.765073433925,1569.7409359250537,1416.4118489424477,743.2243649175022,3181.9595190819505,2665.111107836576,2477.0728691860013
311,2023-12-19,798,0.740052025310124,39.62,2.829949569755649,2222.0653404492537,198131.1,6386.958340672356,10325.158052721088,2977741.89,56181.88885230776,1032.5157638888888,297774.19,5618.188898050282,103.25154336734694,29777.42,561.8188828051132,11460.925359977326,3305293.5,62361.89663315521,0.0,0.0,0.0,3270.61243963276,1671.6188277154972,1865.7935702759598,2423.22270737584,3198.56457200597,2351.817316611072,3983.2749164203206
312,2023-12-26,920,1.3193002538620238,840.262294117647,18.35585699520757,1922.0072164990731,178653.06664349302,5890.689992919526,11418.734419375534,10363062.44,158438.306822348,1141.873396065013,1036306.24,15843.830673532566,114.1873374679213,103630.62,1584.383024754847,12674.795152908468,11502999.3,175866.5205206322,0.0,0.0,0.0,2419.0964894546573,1767.4769939628238,1259.3740614338335,1023.2237507249467,2421.092926470605,1364.4537008350678,2638.9993512057963
313,2024-01-02,875,0.9621607340920019,364.95217647058826,4.979864148301646,1685.7863930271299,241357.83879539417,5790.839200306782,8927.558648306735,5400226.76,66488.46237721939,892.7558466329311,540022.68,6648.846254176569,89.27556052938887,54002.27,664.8846165017927,9909.590055469054,5994251.71,73802.19324789065,0.0,0.0,0.0,2578.095978145329,1660.8871557950456,932.3715015270836,408.2358724794625,2027.9449549098445,1983.9696148783587,2361.6562695775283
314,2024-01-09,981,1.0572107057721623,544.8622352941177,5.804985668804003,1600.362450482607,354555.0,6256.066678705689,7695.0104269434905,7255608.75,74231.28336216316,769.5009600374649,725560.88,7423.128366156378,76.95013815173276,72556.09,742.3128549409204,8541.461525132689,8053725.72,82396.72458325463,0.0,0.0,0.0,1933.8451091208858,1660.4492946612436,2154.7276110553644,328.388761665835,2325.7512604754966,1994.6724148814224,2642.124937586084
315,2024-01-16,993,0.617903975947761,359.7492941176471,4.796549568451333,1821.2399887661095,338829.1447543161,6074.740568324758,9059.336825957605,5518621.48,77438.51574697134,905.9336407586463,551862.15,7743.851563114032,90.593372071402,55186.21,774.3851188765466,10055.863838787654,6125669.84,85956.75242895623,0.0,0.0,0.0,2404.905409840204,1506.8935572999999,1804.0006188832942,1477.9359106539912,2564.5464481868676,1893.827592602629,2314.4790517948522
316,2024-01-23,1093,0.7470425047085104,551.3370588235294,6.158441412294833,1643.145413685468,235234.9326070256,5693.083995982444,8363.962248696947,7457398.23,83665.23321227894,836.3961980640357,745739.82,8366.523295379722,83.63960014892034,74573.98,836.6523415883074,9283.998046909903,8277712.03,92868.40884924165,0.0,0.0,0.0,2846.4751631077197,1490.7967660572485,2017.2291120727718,427.31759719582595,1765.2115191454084,1232.190887408654,2030.9624796500987
317,2024-01-30,960,1.0822916548099384,1741.764705882353,15.98753050045731,1359.2686856740888,132844.28891857772,4562.880786563606,7586.689344163658,7724521.05,98100.5052564925,758.6688395006017,772452.11,9810.050536621344,75.86690207581228,77245.21,981.0050524053736,8421.225085740072,8574218.37,108891.56084551457,0.0,0.0,0.0,2329.705937734103,1333.1705632358353,1468.5322664994721,274.74456035616436,2025.8115582274697,1674.952577001171,2564.6969417267096
318,2024-02-06,737,0.6299526168972315,35.375,1.4539986431078085,2224.8275143575925,287228.19999999995,8236.72619382548,12519.865542824406,6093192.9,128580.7213263092,1251.9864351188774,609319.29,12858.072112104102,125.1986006874821,60931.93,1285.807207678711,13897.050578630766,6763444.12,142724.6006460883,0.0,0.0,0.0,2833.746825250923,1789.6891576198313,1461.8360804017486,1676.561845627595,4730.49055436198,2695.9776780470975,3332.5771643939543
319,2024-02-13,868,1.1160393127876151,1058.8235294117646,15.490825371480303,1881.0712717718113,273837.4516850588,7261.171484357688,12453.952557397959,10455174.45,146867.55546985613,1245.3951764455783,1045517.44,14686.755548929254,124.53954825680273,104551.74,1468.6755173782717,13823.88728210034,11605243.63,163022.9865361595,0.0,0.0,0.0,2791.1326339008297,1834.440266419502,1104.5903554907475,497.1129467437803,2074.888982740895,1959.8054024380888,2166.189693072094
320,2024-02-20,910,0.915118778981376,545.0301176470588,9.856612534371092,1858.8093624771238,453370.0,8307.785629067768,12817.544876472824,15454516.5,199361.12552572187,1281.7544336754086,1545451.65,19936.112565223568,128.17545800076016,154545.16,1993.611244355608,14227.474768148993,17154513.31,221290.84933529864,0.0,0.0,0.0,2399.702968673809,1619.2245935773599,1576.9947759557278,1079.424968699618,2232.850559224233,1752.2011727152997,2069.0917210128237
321,2024-02-27,798,1.137063666788516,895.6728235294117,9.426805425389029,1377.6555922600344,183693.30000000002,4767.708363655191,8193.06855559288,13001357.79,138215.79857600137,819.3067635203224,1300135.78,13821.57988835568,81.93079106483036,130013.58,1382.1580065459918,9094.306110178031,14431507.15,153419.53647089947,0.0,0.0,0.0,2895.703116247318,1712.0795415720295,1515.8602382224806,207.6427509517407,1490.6408222858686,2166.143065061531,2336.813396641245
322,2024-03-05,818,0.7602813950769893,854.3825882352941,9.277420179407757,1792.989019373919,200043.2714198238,5995.724407501791,9901.272743261763,12638177.31,139347.3732475366,990.1272487437185,1263817.73,13934.73732472269,99.01275239835542,126381.77,1393.473694124427,10990.412744403837,14028376.81,154675.58426638035,0.0,0.0,0.0,3077.017124373831,1532.1277234114987,1702.3596625544556,1849.0048569311687,1908.856166711664,2236.3758917319756,1995.3902658323282
323,2024-03-12,1032,1.0880196181976853,848.171,8.725869832742275,2064.081539372093,263608.49999999994,6549.987181058486,11440.447488519958,12264073.15,124898.06079488395,1144.04471123278,1226407.31,12489.806036046364,114.40454256446486,122640.73,1248.9805817411543,12698.896742317203,13613121.19,138636.8474126677,0.0,0.0,0.0,3290.0269758107015,1798.028520391233,3153.3099541729034,495.6371966125001,2854.5815863437724,2323.4021958185167,3039.1241202721258
324,2024-03-19,989,1.2822499570936468,864.2152941176471,13.862748536034065,1736.5171361952816,196617.2,5690.22980296022,12169.82742030838,12706018.19,174813.17551841517,1216.9826915395063,1270601.82,17481.317562638418,121.69824718382999,127060.18,1748.1317350907839,13508.508359031717,14103680.19,194042.62481614188,0.0,0.0,0.0,3307.276455953893,1791.7567457649068,2254.5121642555214,273.71395228238214,2205.4785739831086,2196.873971646895,2271.705815715332
325,2024-03-26,659,0.9404357356383162,437.205,6.026802827921295,1802.6622122309125,204275.84134615384,6079.452570424667,11081.961435049738,1371024.79,49840.03126835823,1108.1961029842012,137102.48,4984.003171167178,110.81961966062025,13710.25,498.4002815215086,12300.977157694557,1521837.52,55322.43472103771,0.0,0.0,0.0,2900.3838601844304,1531.0884041927754,950.7739036598726,657.0057311694687,2317.9665526508866,1888.1473567276473,1803.4453435091373
326,2024-04-02,900,1.0160220872061998,532.4045294117647,7.533847107194079,1744.3894278206967,336541.39999999997,6381.813951638678,8675.539457451403,7902035.3,84049.91915885004,867.5539421166308,790203.53,8404.991936964327,86.75548164146868,79020.35,840.4991889412553,9629.848881209504,8771259.18,93295.41028475083,0.0,0.0,0.0,3664.791335816205,1650.0799203576796,2193.934627281599,326.3858186969942,2222.7432935881325,2708.955146239421,2170.2204813945013
327,2024-04-09,860,1.5176841314369283,1790.3096470588234,26.553475714763593,1392.247688500999,637365.2214802972,6997.333819593977,10825.740552628024,14161998.4,202873.49513126723,1082.574016349142,1416199.84,20287.34952029958,108.25748209701392,141619.98,2028.7349336896837,12016.57205107418,15719818.22,225189.57958525428,0.0,0.0,0.0,1515.383554883509,1503.7314148206083,1047.7300908203854,237.3874370278121,1461.5109418808918,1442.376548898329,1953.5282318647737
328,2024-04-16,769,1.0224471572665785,423.52941176470586,6.793072849764748,1944.6568888027537,618310.0,8970.755796183095,11586.602436153937,2147271.26,56140.15998918417,1158.6602224314463,214727.13,5614.016027224697,115.86591738260562,21472.71,561.4016080145242,12861.128575967989,2383471.1,62315.57762441528,0.0,0.0,0.0,3840.3009758973794,1532.435590328682,1602.3875950421902,2321.6812972606103,2316.612523087794,1136.5826344708564,2189.301577968105
329,2024-04-23,1009,2.1590713754231334,1729.3468235294117,28.284232024871415,1573.7035244837891,204275.84134615384,6014.865988028511,15465.232884545783,14284724.66,220158.8398218993,1546.52326396429,1428472.47,22015.884052236866,154.65232597418265,142847.25,2201.5884123546975,17166.408474484255,15856044.38,244376.31228648953,0.0,0.0,0.0,3125.9616779126163,1444.8410585870597,882.3667068039364,265.59713128548526,2584.11459868187,1855.3413155051528,2858.865159253264
330,2024-04-30,704,1.58164247741983,1683.204705882353,24.998686855849414,1932.498730269807,248865.0383166987,6258.237333702682,13644.455625293473,14339936.93,207122.11433232587,1364.4454179057757,1433993.69,20712.211397091487,136.44456722491782,143399.37,2071.2211557754044,15145.345610424167,15917329.99,229905.54688519074,0.0,0.0,0.0,3382.1120210973922,2184.4505546884393,1969.2982726600503,269.09841084350285,2070.2137789400895,2112.115486256234,2019.4600428568478
331,2024-05-07,805,1.1050805491994213,1032.530705882353,13.613318011031131,1687.0153677084465,324544.35555555555,6969.695178499085,11873.244664443519,14309757.0,187143.17086352667,1187.324423509796,1430975.7,18714.31709410547,118.73243601500626,143097.57,1871.4316818276118,13179.30152396832,15883830.27,207728.9196394561,0.0,0.0,0.0,2574.948449602597,1515.712301584097,1272.1968646631694,237.74601303527686,2421.6902321151474,1638.020772399225,2010.5574721767205
332,2024-05-14,839,0.9402617153554945,531.018705882353,10.259083860660613,1741.995210684275,218380.08696187875,6064.195497459857,11789.3305217041,7096293.23,132590.02892250638,1178.9330546882868,709629.32,13259.00286516722,117.89327525430558,70962.93,1325.9002501020266,13086.15685164669,7876885.48,147174.93203777279,0.0,0.0,0.0,2754.3994018935664,1569.1847925617665,1295.64120039981,433.91637896046944,2205.4243628306967,835.3994035797449,2169.7756471125017
333,2024-05-21,888,1.002726556681496,1034.111294117647,15.037957050042438,2108.0285010874563,202062.8131163708,7335.957392463016,14842.338565592903,15404370.75,253961.3962400669,1484.23383286648,1540437.07,25396.139602477644,148.42336251167131,154043.71,2539.613991636802,16474.995760971055,17098851.53,281897.14983417944,0.0,0.0,0.0,3623.094216187621,1732.325862432736,978.6138436410866,845.5759343996259,2949.084344443842,2106.9919869102177,2524.927623822904
334,2024-05-28,912,0.9603561945322807,556.421,7.7636667532066,1686.4522249844429,211790.44975410626,5388.893742100832,11779.940365788538,8509576.64,127428.8840278098,1177.9940174439303,850957.66,12742.888362757545,117.79940192239232,85095.77,1274.288850161608,13075.73378515486,9445630.07,141446.06124072586,0.0,0.0,0.0,2364.431078126272,1496.2929385545208,1079.1373448763507,571.911521923763,2235.5131669295743,1243.4313930651929,2303.7142125034147
335,2024-06-04,839,1.3730553242371555,1235.2941176470588,24.915674651286103,1792.5030575344658,188480.75463210276,6516.828196398978,14766.202136029005,14584789.49,278248.65271869284,1476.6201329524229,1458478.95,27824.86527508413,147.6619986814636,145847.89,2782.486498273154,16390.484267662894,16189116.33,308856.004492048,0.0,0.0,0.0,3214.733851027112,1462.5290412108702,1387.2286363289795,1181.60001048552,1973.1671534203126,994.9707037206347,1827.504362401291
336,2024-06-11,905,0.7896346592928091,129.57470588235293,2.4623156248284497,1815.3414209995622,355301.1,8172.84171056584,7234.593711765269,1259432.48,30750.489749983535,723.4593249592482,125943.25,3075.048999164181,72.34593920797776,12594.32,307.5048826544985,8030.398975932496,1397970.05,34133.0436317877,0.0,0.0,0.0,3744.658084365648,1692.4406061038442,1051.3320324243039,422.1515364974455,2472.558330509909,1319.8771475993976,2201.9441666218668
337,2024-06-18,827,0.8608643012790146,99.57182352941176,2.5177879628004023,1939.8582589268112,310608.0,6752.082739314547,10024.516842728564,1978031.35,46525.34452674739,1002.4516579819991,197803.13,4652.534419927649,100.24514803410706,19780.31,465.2534304590417,11127.21364874467,2195614.79,51643.1323771245,0.0,0.0,0.0,2439.7660553915393,1698.5390575466254,2066.2110237540505,600.5021509255508,2967.800727940107,1050.3759332413877,2682.4730461174295
338,2024-06-25,968,0.7292098794412957,166.6970588235294,2.941432434772075,1855.9027616878036,406158.1556869243,7020.522866327396,8809.731507838647,1429762.5,39943.285688579024,880.973136339616,142976.25,3994.3285269734088,88.09730931830192,14297.62,399.43278256883394,9778.801953496564,1587036.37,44337.04699811006,0.0,0.0,0.0,2053.348029254164,1626.7715530003893,981.0640300838019,1075.9608004622046,2773.3291468427883,1861.9787886390222,2248.9796119437933
339,2024-07-02,790,0.7553644225300364,268.0214117647059,3.875979732342949,1958.6940246209688,216356.85201226984,5996.192059661795,11062.704622111181,3407351.11,62436.13384735006,1106.2704122423486,340735.11,6243.613407946549,110.62704559650219,34073.51,624.361301776025,12279.602079950031,3782159.73,69304.10855706561,0.0,0.0,0.0,3640.5804937006483,1523.4530134495324,3021.700451817991,3077.8148082847288,3242.6222743064095,1417.5739565781278,3092.327440752568
340,2024-07-09,864,1.156385619883631,1920.7164705882353,20.99604838645915,1938.222185325271,378921.20891335414,7392.441424747501,9966.264226415095,3152897.76,58959.60178827951,996.6263579188108,315289.78,5895.960172205372,99.66261177815895,31528.98,589.5959608240756,11062.553196112065,3499716.52,65445.15792130125,0.0,0.0,0.0,2848.590784665798,1928.2827805472025,6120.587750212455,358.47605634452435,2166.226744055144,975.2905950592267,2717.8586646627364
341,2024-07-16,850,1.0068746049107393,411.7647058823529,8.917432331044457,1551.1015903720495,127037.4,4989.427206881311,7857.980540102876,2243642.88,46506.40010896485,785.7980139074109,224364.29,4650.6400260892615,78.57978376833682,22436.43,465.0639760197959,8722.358337778624,2490443.6,51622.104111064444,0.0,0.0,0.0,2129.501887820085,1480.4036848923502,1547.9338329344023,382.08788123295403,1538.3644044564135,2364.2270041882352,2483.637911344007
342,2024-07-23,1021,0.699543727077505,529.4117647058823,4.961732370510984,1766.0691434500195,733898.9999999999,8394.168563843594,8110.259385848836,2795477.18,42433.49388357742,811.0259624815131,279547.72,4243.349400827045,81.10256635790458,27954.77,424.3349231562744,9002.387914688255,3102979.67,47101.17820755025,0.0,0.0,0.0,2431.187883215969,1469.6343758671364,1582.501995357406,1573.8639314137895,3118.9293038969777,820.2819773853568,1959.7494666186776
343,2024-07-30,1047,0.858876054597862,928.3327058823529,11.29321946647363,1792.44692454234,282836.65338645416,5877.8673296538645,10955.957949571835,12204248.92,132232.6506770696,1095.5957199492548,1220424.89,13223.26506093157,109.559572629242,122042.49,1322.3265243522274,12161.113242150333,13546716.3,146778.24226235037,0.0,0.0,0.0,2241.747369925434,1741.135612465031,2213.7205824385715,678.8339951998016,1718.16782316033,1133.2504728711046,2006.402397524643
344,2024-08-06,949,0.8713395536455699,834.9581764705882,10.231856045818631,1714.7816957671416,949427.7,10040.203826368992,9283.635812915787,12663219.32,123282.968324504,928.3635080318027,1266321.93,12328.296816428621,92.83631997403862,126632.19,1232.8296581604707,10304.835640921629,14056173.44,136844.09479908933,0.0,0.0,0.0,3223.9342742256426,1585.7713072766621,1069.7193845493364,567.7335513237526,1847.0344222645292,1327.4052353113034,1935.7168970950695
345,2024-08-13,882,0.9625927709505144,302.47558823529414,6.277024729345134,2191.7462102029212,240202.90043571565,8031.983431683646,11589.58783181469,10634159.25,122469.90100358316,1158.958755077396,1063415.93,12246.990135618305,115.89587221429356,106341.59,1224.6989755443017,12864.442459106378,11803916.77,135941.59011474153,0.0,0.0,0.0,3361.725086266244,1915.0598385596418,1222.7051222335506,367.0270275261499,3275.734687235646,1397.9234789983516,3114.738667173763
346,2024-08-20,809,0.8500840304988401,294.11764705882354,6.214761374293635,1847.7465808525726,87820.97208938353,5102.153698981484,10719.42569172001,4839344.1,80785.80641946541,1071.942473673343,483934.41,8078.580627504416,107.19432376626058,48393.44,807.8580230306554,11898.56248915961,5371671.95,89672.24506999494,0.0,0.0,0.0,3840.8675466599398,1797.4411449244822,1895.3040908136197,498.46941197653297,2162.2429722008096,383.3258284258719,2196.9313440125493
347,2024-08-27,960,0.8353307498988306,294.11764705882354,4.062585769490158,1678.397767732907,119130.3,4563.186033574549,8408.552912330217,1686405.94,36723.10688395339,840.8552628329512,168640.59,3672.310665789987,84.08550714411713,16864.06,367.23107389641694,9333.493682307286,1871910.59,40762.64862362759,0.0,0.0,0.0,2620.012661863469,1504.7043214500538,1557.6197139904145,971.2850762970851,2162.269213909727,1337.051773783583,2099.8827201067947
