FECHA,N_DOCS,tipo_operacion_nunique,TOTAL_ITEMS,N_PARTIDAS,MEAN_FOB_USD,MIN_FOB_USD,MAX_FOB_USD,MIN_FLETE_USD,MIN_SEGURO_USD,MIN_CIF_USD,TEU_sum,flete_per_TEU_max,FE,NA,NE,SA,SE,SUM_TEU_Alemania,SUM_TEU_Brasil,SUM_TEU_Espana,SUM_TEU_Estados Unidos,SUM_TEU_Francia,SUM_TEU_India,SUM_TEU_Italia,SUM_TEU_Japon,SUM_TEU_Mexico,SUM_TEU_Paises Bajos,SUM_TEU_Reino Unido,SUM_TEU_Republica Popular de China,SUM_TEU_República Popular de China,SUM_TEU_Turquia,SUM_TEU_other_countries,MEAN_flete_per_TEU_Alemania,MEAN_flete_per_TEU_Brasil,MEAN_flete_per_TEU_Espana,MEAN_flete_per_TEU_Estados Unidos,MEAN_flete_per_TEU_Francia,MEAN_flete_per_TEU_India,MEAN_flete_per_TEU_Italia,MEAN_flete_per_TEU_Japon,MEAN_flete_per_TEU_Mexico,MEAN_flete_per_TEU_Paises Bajos,MEAN_flete_per_TEU_Reino Unido,MEAN_flete_per_TEU_Republica Popular de China,MEAN_flete_per_TEU_República Popular de China,MEAN_flete_per_TEU_Turquia,SUM_TEU_Importacion Defenitiva con Despacho desde Deposito,SUM_TEU_Importacion Definitiva con Despacho Directo,SUM_TEU_Importacion Definitiva con Despacho desde Deposito,SUM_TEU_other_types_of_operations,SUM_TEU_XXX,SUM_TEU_other_incoterms,boat_price,boat_volume,boat_weekly_pct_change,brent_oil_price,brent_oil_volume,brent_oil_weekly_pct_change,clp_price,clp_weekly_pct_change,cny_price,cny_weekly_pct_change,cosco_shipping_price,cosco_shipping_volume,cosco_shipping_weekly_pct_change,csi300_price,csi300_volume,csi300_weekly_pct_change,gcfgold_price,gcfgold_volume,gcfgold_weekly_pct_change,hapag_price,hapag_volume,hapag_weekly_pct_change,hgfcopper_price,hgfcopper_volume,hgfcopper_weekly_pct_change,ipsa_price,ipsa_weekly_pct_change,lefcattle_price,lefcattle_volume,lefcattle_weekly_pct_change,maersk_price,maersk_volume,maersk_weekly_pct_change,ngfnaturalgas_price,ngfnaturalgas_volume,ngfnaturalgas_weekly_pct_change,sea_price,sea_volume,sea_weekly_pct_change,sp500_price,sp500_volume,sp500_weekly_pct_change,wan_hai_price,wan_hai_volume,wan_hai_weekly_pct_change,wti_oil_volume,wti_oil_weekly_pct_change,yang_ming_volume,yang_ming_weekly_pct_change,zcfcorn_price,zcfcorn_volume,zcfcorn_weekly_pct_change,zim_price,zim_volume,zim_weekly_pct_change,zsfsoybean_price,zsfsoybean_volume,zsfsoybean_weekly_pct_change
2018-01-02,580,3,3249,35,37212.24584482759,800.43,474967.01,102.0,0.0,1008.43,834.0,29999.89,1861.1378456790123,753.3700172413794,851.4608547008547,467.9588888888889,760.0369971264367,25.0,32.0,34.0,42.0,12.0,24.0,34.0,9.0,34.0,13.0,13.0,0.0,356.0,3.0,203.0,962.465,467.9588888888889,794.240705128205,771.7348235294118,620.1359090909091,748.7808695652174,691.3888793103448,3605.24,727.3532083333333,618.89,863.197037037037,0.0,1834.9107456140352,1127.2033333333331,724.0,7.0,0.0,103.0,794.0,13.0,24.48900032043457,15400.0,0.0210706371669022,66.56999969482422,91302.0,-0.0067143684091596,613.5,-0.0100048605533348,6.50570011138916,-0.0110813576138107,3.184614896774292,142617026.0,0.0507613023224493,5128.22021484375,390600.0,-0.0180725811097162,1313.699951171875,113.0,0.0230511456652204,33.2400016784668,415517,0.0407013501149753,3.25600004196167,1989.0,0.0,5618.91015625,0.0188893615016856,119.25,115833.0,-0.0304878048780488,9554.8701171875,151926,0.0300751127702236,2.7950000762939453,1140716,-0.0535049064330224,20.104999542236328,13200.0,-0.0464063008440526,2695.81005859375,13878080000,0.005711642825499,15.691699028015137,27000192.0,0.0179487285770769,2401571.0,0.0066699633656761,109533917.0,0.1022221883138019,353.25,612615.0,0.001417434443657,11.5,7824600.0,0.1843478161355722,961.5,8893,0.0102442868400314
2018-01-08,803,3,5668,51,38635.12247820673,280.64,706943.7999999999,100.01,0.0,770.8599999999999,1149.0,16031.0,1779.856655728267,795.9855000000001,764.9745087301588,729.3252941176471,678.809302224736,73.0,32.0,84.0,90.0,11.0,25.0,40.0,15.0,10.0,7.0,14.0,0.0,499.0,11.0,238.0,683.070418417367,729.3252941176471,736.8317722575517,849.6800000000001,1245.139,889.2240476190477,486.5036363636364,2006.972,312.735,907.5791666666668,1150.7967333333331,0.0,1773.8163540189123,1203.71625,1047.0,2.0,0.0,100.0,1090.0,18.0,24.48900032043457,15400.0,0.0210706371669022,67.77999877929688,121090.0,0.0181763420462615,604.7000122070312,-0.0143439083829971,6.487500190734863,-0.0027975345224467,3.4307689666748047,156537540.0,0.0772947680894926,5128.22021484375,390600.0,-0.0180725811097162,1318.5999755859375,150.0,0.0037299418407463,34.959999084472656,773468,0.0517448050286979,3.200999975204468,2549.0,-0.0168919121770235,5705.60986328125,0.0154299863532811,117.375,185750.0,-0.0157232704402515,10117.177734375,245228,0.0588503674347189,3.200000047683716,1591996,0.1449015958263528,20.104999542236328,13200.0,-0.0464063008440526,2747.7099609375,17526430000,0.0192520619834852,15.53359603881836,18798819.0,-0.0100755812939381,3714407.0,0.0225277560777505,36980350.0,-0.0040321966611858,347.25,946404.0,-0.0169851380042462,11.5,7824600.0,0.1843478161355722,944.0,152070,-0.0182007280291212
2018-01-15,813,3,6691,49,37340.46073800738,591.0,836074.7899999999,100.15,0.0,1091.91,1156.0,6775.79,1717.253857560568,865.303103106185,600.1447959183673,596.5252777777778,628.1565447957839,33.0,61.0,81.0,97.0,7.0,11.0,38.0,5.0,85.0,8.0,16.0,0.0,504.0,32.0,178.0,608.0615517241379,596.5252777777778,574.7385243741766,861.5983779761904,912.3771428571428,907.205,551.3454545454546,3376.935,873.535825617284,724.5685714285715,515.4869230769231,0.0,1708.8927434928632,1012.156153846154,1059.0,8.0,0.0,89.0,1098.0,16.0,24.48900032043457,15400.0,0.0210706371669022,69.1500015258789,95978.0,0.0202124929367879,603.0999755859375,-0.0026460006429533,6.456200122833252,-0.0048246731377846,3.107692003250122,153752622.0,-0.0941704225970708,5128.22021484375,390600.0,-0.0180725811097162,1335.4000244140625,301.0,0.0127408229479601,36.119998931884766,506294,0.0331807745363277,3.1989998817443848,2355.0,-0.0006248339505081,5745.9501953125,0.0070702927465935,121.9000015258789,87469.0,0.0385516636922591,9807.6904296875,155599,-0.0305902804925487,3.184999942779541,1134660,-0.0046875327127049,20.104999542236328,13200.0,-0.0464063008440526,2776.419921875,15580750000,0.0104486868503779,15.770750045776367,10696612.0,0.0152671671366604,1659370.0,0.0323991578621603,26597388.0,-0.0283401109845209,348.25,748745.0,0.0028797696184306,11.5,7824600.0,0.1843478161355722,977.25,369842,0.0352224576271187
2018-01-22,849,3,5461,42,39608.26652532391,830.76,1357819.98,100.01,0.0,1205.0,1182.0,10799.99,1649.000975308642,862.9753968253968,860.3385135135135,859.1608163265306,612.8606676881171,23.0,25.0,77.0,103.0,11.0,15.0,46.0,19.0,33.0,17.0,6.0,0.0,565.0,31.0,211.0,722.0743478260869,859.1608163265306,705.2615193798449,770.1613453815261,1019.2645,1319.8892857142855,459.3654054054054,2579.466923076923,1213.1375,1219.266875,911.78,0.0,1620.73915913811,802.4260101010101,1075.0,2.0,0.0,105.0,1124.0,8.0,24.48900032043457,15400.0,0.0210706371669022,69.02999877929688,125203.0,-0.0017353975984674,607.5,0.0072956799737682,6.402999877929688,-0.0082401790358718,3.261538028717041,246712695.0,0.0495049140346024,5128.22021484375,390600.0,-0.0180725811097162,1330.9000244140625,280777.0,-0.0033697767842818,35.279998779296875,622492,-0.023255818865664,3.177500009536743,1960.0,-0.0067208105665568,5827.91015625,0.0142639525494603,124.5999984741211,63061.0,0.0221492773949554,9585.3828125,201202,-0.0226666633476301,3.505000114440918,866693,0.1004710133156592,20.104999542236328,13200.0,-0.0464063008440526,2832.969970703125,18457670000,0.0203679740166735,15.375494003295898,13862119.0,-0.0250626026874558,3625080.0,-0.0037658538442397,32054343.0,-0.0208333333333333,352.0,1072859.0,0.0107681263460157,11.5,7824600.0,0.1843478161355722,985.5,635875,0.0084420567920184
2018-01-29,737,3,4539,41,36983.2236092266,283.69,1168605.01,101.20000000000002,0.0,1225.4,1010.0,12176.744375,1595.6984883624273,709.4909595959597,1023.1904385964912,1047.1376623376625,727.184509014423,9.0,43.0,72.0,49.0,12.0,13.0,40.0,11.0,41.0,8.0,10.0,0.0,508.0,11.0,183.0,1288.6744444444444,1047.1376623376625,974.5481951663202,775.8433333333334,1321.0128125,870.1283333333334,486.2653571428571,3743.63,556.8805,624.9883333333333,943.5213333333334,0.0,1551.974691687871,637.14875,916.0,2.0,0.0,92.0,953.0,12.0,24.48900032043457,15400.0,0.0210706371669022,69.45999908447266,88552.0,0.0062291802517711,602.25,-0.0086419753086419,6.315899848937988,-0.0136030033815747,3.676923036575317,313490893.0,0.1273586278010292,5128.22021484375,390600.0,-0.0180725811097162,1351.5999755859375,342048.0,0.0155533479541323,34.040000915527344,525170,-0.035147332955612,3.182499885559082,3483.0,0.0015735251006554,5880.47021484375,0.0090186803132823,126.8499984741211,51606.0,0.0180577851328571,9790.2548828125,192457,0.0213733842789598,2.845999956130981,1401101,-0.1880171574302656,20.104999542236328,13200.0,-0.0464063008440526,2853.530029296875,20193360000,0.0072574220010694,14.94071102142334,10454856.0,-0.0282776593571145,3501128.0,0.032603493863649,16116204.0,-0.0042553353816905,358.75,1037481.0,0.0191761363636364,11.5,7824600.0,0.1843478161355722,978.75,737840,-0.0068493150684931
2018-02-05,733,3,4885,47,39986.29102319236,540.0,836074.81,101.01,0.0,897.71,1031.0,14950.0,1836.30664004914,911.091210045662,584.1196376811595,531.6422727272727,677.4066304347826,17.0,16.0,63.0,64.0,5.0,25.0,21.0,10.0,22.0,10.0,8.0,0.0,545.0,23.0,202.0,624.5684615384615,531.6422727272727,572.377625,925.3596130952382,1392.074,1572.4677192982458,613.6138235294118,2214.86875,864.0894117647059,636.3807142857142,286.89888888888885,0.0,1828.7164223057648,1117.8764583333334,921.0,8.0,0.0,102.0,976.0,18.0,24.48900032043457,15400.0,0.0210706371669022,67.62000274658203,193769.0,-0.0264900138517557,602.2999877929688,8.300173178699133e-05,6.307600021362305,-0.0013141164005441,3.4307689666748047,206003202.0,-0.0669456682807753,5128.22021484375,390600.0,-0.0180725811097162,1333.0,2571.0,-0.0137614500753998,33.79999923706055,665890,-0.0070505779086897,3.2105000019073486,2149.0,0.00879815156485,5731.47021484375,-0.0253381098035132,126.5250015258789,18596.0,-0.0025620571710806,9097.177734375,250135,-0.0707925540993061,2.5840001106262207,1033566,-0.0920589773518262,20.104999542236328,13200.0,-0.0464063008440526,2648.93994140625,26898440000,-0.0716971911247197,14.466403007507324,18114822.0,-0.0317460135087218,4581170.0,-0.0215069567605561,64134106.0,-0.0256410423611543,358.75,1571050.0,0.0,11.5,7824600.0,0.1843478161355722,983.0,869718,0.0043422733077904
2018-02-14,556,3,3553,37,41359.438273381296,345.64,995940.0,104.66,0.0,724.09,782.0,8800.0,1881.1280476190475,628.836911764706,825.0215740740741,439.39214285714286,606.7348830409358,26.0,30.0,34.0,31.0,8.0,12.0,25.0,3.0,18.0,15.0,5.0,0.0,400.0,23.0,152.0,779.7836111111111,439.39214285714286,533.4782,674.4563793103448,1790.5525,955.6405555555556,442.6602941176471,558.3333333333334,364.244,653.9114999999999,1242.48,0.0,1893.8472275641025,914.7805555555556,698.0,14.0,0.0,70.0,740.0,10.0,24.48900032043457,15400.0,0.0210706371669022,62.59000015258789,175960.0,-0.0743863115895597,604.2999877929688,0.0033206044172915,6.286900043487549,-0.0032817518239346,3.023076057434082,60052889.0,-0.1188342652043602,5128.22021484375,390600.0,-0.0180725811097162,1324.199951171875,832.0,-0.0066016870428544,31.780000686645508,252339,-0.0597632720713253,3.077500104904175,2190.0,-0.0414265369643852,5557.06982421875,-0.0304285609254892,130.10000610351562,14054.0,0.0282553213556413,9367.4345703125,189029,0.0297077669392229,2.558000087738037,850843,-0.0100619279315288,20.104999542236328,13200.0,-0.0464063008440526,2656.0,18927760000,0.0026652392088595,13.913043022155762,2734827.0,-0.0382513873742074,2489421.0,-0.0757599453585512,7487905.0,-0.1385964891733698,367.0,1074123.0,0.0229965156794424,11.5,7824600.0,0.1843478161355722,1021.5,851848,0.0391658189216683
2018-02-19,893,3,5732,47,43898.801343785,106.8,2666723.0300000003,100.13,0.0,213.8,1251.0,30000.0,1873.95583030914,1129.5947916666669,954.9075877192982,884.8168650793651,565.0193752260398,26.0,46.0,48.0,87.0,14.0,13.0,69.0,11.0,32.0,13.0,9.0,0.0,654.0,3.0,226.0,1290.925701754386,884.8168650793651,657.6549264705883,1247.8838666666666,451.6496875,906.199,453.3962653061224,4174.23,707.1338095238095,621.056,616.4822222222223,0.0,1836.2464176912567,1077.8733333333332,1085.0,12.0,0.0,154.0,1155.0,29.0,24.48900032043457,15400.0,0.0210706371669022,65.25,110044.0,0.042498799184012,592.9000244140625,-0.0188647420307608,6.340099811553955,0.0084620031650597,3.138461112976074,56915987.0,0.0381680954596717,5128.22021484375,390600.0,-0.0180725811097162,1328.800048828125,899.0,0.0034738693746205,31.540000915527344,315947,-0.0075519120809527,3.186000108718872,1197.0,0.0352558895584751,5628.990234375,0.0129421462085661,128.0,10659.0,-0.0161414758262558,9502.5625,260119,0.0144252867392049,2.625,400492,0.0261923025660288,20.104999542236328,13200.0,-0.0464063008440526,2716.260009765625,14356940000,0.0226882566888648,14.34782600402832,5292433.0,0.0312500278465459,2314605.0,0.044020923765377,15468455.0,0.0336048812588032,365.5,1044214.0,-0.0040871934604904,11.5,7824600.0,0.1843478161355722,1036.25,543413,0.0144395496818403
2018-02-26,844,3,5264,43,39457.67404028437,297.18,1420916.0,100.01,0.0,849.29,1131.0,37500.0,1833.860962823368,677.9291914191418,802.8358333333333,623.1466666666666,604.597469879518,41.0,28.0,47.0,83.0,5.0,10.0,38.0,8.0,38.0,9.0,8.0,0.0,553.0,18.0,245.0,684.5962365591398,623.1466666666666,568.9143421052631,742.0438405797101,1170.894,769.2099999999999,537.8078333333334,2627.488333333333,539.6819791666667,1163.5364285714284,945.40125,0.0,1823.11205938531,828.5740000000001,977.0,8.0,0.0,146.0,1101.0,9.0,24.48900032043457,15400.0,0.0210706371669022,67.5,115037.0,0.0344827586206897,581.0999755859375,-0.0199022572815483,6.327300071716309,-0.0020188546265976,3.223076105117798,91489411.0,0.0269606629159366,5128.22021484375,390600.0,-0.0180725811097162,1330.699951171875,1618.0,0.0014297879845996,32.79999923706055,482159,0.0399492163905708,3.196000099182129,74790.0,0.0031387288518573,5669.85986328125,0.0072605613448515,122.1750030517578,105918.0,-0.0455077886581422,8826.921875,176683,-0.0711008872606731,2.694999933242798,758476,0.0266666412353515,20.104999542236328,13200.0,-0.0464063008440526,2779.60009765625,19838970000,0.0233188603678962,14.229249000549316,5721529.0,-0.0082644578660009,3226951.0,0.0324717006782766,51421612.0,0.0,368.5,594384.0,0.0082079343365253,11.5,7824600.0,0.1843478161355722,1060.75,243192,0.023642943305187
2018-03-05,753,3,4655,38,48600.18343957504,415.87,2956325.75,100.13,0.0,857.6,2466.0,40000.0,1836.1577297938804,1038.32086622807,609.0286285714286,670.2856666666667,588.9677960526316,26.0,35.0,43.0,66.0,4.0,24.0,37.0,6.0,27.0,8.0,10.0,0.0,440.0,14.0,1726.0,598.2308333333333,670.2856666666667,526.989393939394,1088.6560057471263,271.6375,1254.3564285714288,548.1724218749999,2889.53,876.129861111111,797.3791666666666,434.8374,0.0,1820.9794550070485,893.5804545454546,864.0,11.0,0.0,1591.0,2380.0,22.0,24.48900032043457,15400.0,0.0210706371669022,65.54000091552734,169400.0,-0.0290370234736689,598.2999877929688,0.0295990585607719,6.350299835205078,0.0036350043822925,3.0076920986175537,143935360.0,-0.066825603701459,5128.22021484375,390600.0,-0.0180725811097162,1318.0999755859375,213.0,-0.0094686826845085,31.799999237060547,466654,-0.0304878055872057,3.1054999828338623,3684.0,-0.0283166813328403,5538.52001953125,-0.0231645661298569,123.125,178954.0,0.0077757063598331,8334.357421875,223481,-0.0558025164491443,2.7320001125335693,674645,0.0137291948821127,20.104999542236328,13200.0,-0.0464063008440526,2720.93994140625,17112270000,-0.0211038114077856,14.15019702911377,8982561.0,-0.0055555968858578,3493570.0,-0.0209669872600093,21448206.0,0.0738916283928492,378.25,20111.0,0.0264586160108548,11.5,7824600.0,0.1843478161355722,1029.25,9127,-0.0296959698326655
2018-03-12,767,3,5097,42,42071.41812255541,671.4,3445589.59,101.07,0.0,1102.66,1042.0,9789.86,1539.5453818508536,780.7594791666667,694.595261904762,778.7110859728507,713.7004317269076,24.0,50.0,58.0,80.0,11.0,17.0,47.0,12.0,51.0,11.0,15.0,0.0,417.0,5.0,244.0,626.7668421052631,778.7110859728507,467.9213211382114,759.2534375,254.6733333333333,902.941875,853.3273423423424,2067.029,838.1089236111111,553.4295833333333,908.1686666666668,0.0,1524.933647276085,1695.85,908.0,15.0,0.0,119.0,1009.0,13.0,24.48900032043457,15400.0,0.0210706371669022,64.94999694824219,134580.0,-0.0090021965066127,601.7999877929688,0.005849908192228,6.328499794006348,-0.0034329152582488,3.3307690620422363,78004808.0,0.1074169006771605,5128.22021484375,390600.0,-0.0180725811097162,1319.4000244140625,66.0,0.0009863051757867,31.979999542236328,920289,0.0056603870910161,3.1040000915527344,3081.0,-0.0004829790015838,5654.02001953125,0.0208539464681352,121.25,160130.0,-0.0152284263959391,8172.2041015625,176559,-0.0194560074765811,2.687999963760376,682905,-0.0161054710691022,20.104999542236328,13200.0,-0.0464063008440526,2783.02001953125,18908730000,0.0228156737972375,14.308300018310549,15213773.0,0.0111732005477722,2583439.0,-0.0193383265202852,20402741.0,0.0275229542416548,384.25,521199.0,0.0158625247851948,11.5,7824600.0,0.1843478161355722,1049.5,352016,0.0196745202817585
2018-03-19,811,2,5041,42,39259.87525277435,62.01,603885.5599999999,100.01,0.0,357.41,1124.0,8100.01,1760.5144008714597,1010.2913333333332,584.5680107526882,858.3520979020979,595.9161904761905,27.0,48.0,60.0,61.0,10.0,23.0,32.0,10.0,28.0,6.0,7.0,0.0,592.0,8.0,212.0,551.5564583333334,858.3520979020979,519.7526587301587,1049.8820588235294,611.015,903.1305,684.8281666666667,1358.6157142857144,866.0679761904761,855.5200000000001,303.32666666666665,0.0,1766.7384955752214,702.2180000000001,1016.0,0.0,0.0,108.0,1061.0,14.0,24.48900032043457,15400.0,0.0210706371669022,66.05000305175781,194186.0,0.0169361994642156,608.0,0.0103024465483441,6.338200092315674,0.0015327958639601,3.261538028717041,114459672.0,-0.02078529974178,5128.22021484375,390600.0,-0.0180725811097162,1316.800048828125,52.0,-0.0019705741532725,32.619998931884766,1423094,0.0200124890184312,3.069499969482422,2902.0,-0.0111147297205955,5576.5400390625,-0.0137035207164288,116.0500030517578,92814.0,-0.0428865727690078,8250.6650390625,201970,0.009600951778113,2.5910000801086426,537682,-0.0360862667259993,20.104999542236328,13200.0,-0.0464063008440526,2712.919921875,17629670000,-0.0251884992433713,14.624505043029783,13567162.0,0.0220994125308096,3039605.0,0.011408095762329,16567406.0,-0.0223214289515601,375.0,1040554.0,-0.0240728692257644,11.5,7824600.0,0.1843478161355722,1028.25,576026,-0.0202477370176273
2018-03-26,376,3,2188,29,54380.78055851063,1270.18,3753800.78,104.94,0.0,1396.24,587.0,8200.0,1501.9054556650246,1172.2272966507176,674.1395238095238,828.4089783549783,565.1378769063181,8.0,75.0,58.0,32.0,5.0,4.0,22.0,2.0,26.0,1.0,0.0,0.0,264.0,10.0,80.0,681.5011111111111,828.4089783549783,539.6094616858237,993.5276923076924,469.65125,1364.3175,447.4198222222222,4973.1,1559.4097727272726,629.97,1047.0804166666665,0.0,1467.3662064676616,923.1514285714286,501.0,35.0,0.0,51.0,516.0,46.0,24.48900032043457,15400.0,0.0210706371669022,70.12000274658203,99258.0,0.0616199773925052,604.2999877929688,-0.0060855463931435,6.27239990234375,-0.0103815261452062,3.0923070907592773,67291377.0,-0.0518868510707913,5128.22021484375,390600.0,-0.0180725811097162,1354.4000244140625,355768.0,0.0285540508746178,31.0,623218,-0.0496627524503466,2.9605000019073486,3767.0,-0.0355106592796131,5446.77001953125,-0.0232707052441546,113.75,27480.0,-0.0198190692914674,8194.8701171875,91974,-0.0067624757047874,2.7330000400543213,446994,0.0548050774045998,20.104999542236328,13200.0,-0.0464063008440526,2658.550048828125,14747480000,-0.0200410902690035,14.189723014831545,11921697.0,-0.0297296918370212,2517207.0,0.0562359265426766,13865962.0,-0.054794469246267,374.0,869317.0,-0.0026666666666667,11.5,7824600.0,0.1843478161355722,1044.75,480922,0.0160466812545587
2018-04-02,996,3,5939,44,46418.343463855424,328.88,2545693.96,100.52,0.0,519.28,1405.0,8930.66,1734.1318598069945,839.3270405982906,964.2727659574468,886.5665226337449,566.4205363984674,43.0,57.0,77.0,65.0,22.0,18.0,42.0,17.0,45.0,8.0,12.0,0.0,675.0,7.0,317.0,782.4435294117646,886.5665226337449,586.032762345679,914.1290178571428,882.2522222222221,1179.876875,509.4552777777778,2912.88875,648.9220075757576,1138.962142857143,1790.8341666666663,0.0,1707.1888451740117,646.2541666666667,1214.0,3.0,0.0,188.0,1339.0,22.0,24.48900032043457,15400.0,0.0210706371669022,67.63999938964844,147190.0,-0.0353679871619012,605.0999755859375,0.0013238255984258,6.279399871826172,0.0011159954070858,3.0,44627720.0,-0.029850557544921,5128.22021484375,390600.0,-0.0180725811097162,1342.0999755859375,2675.0,-0.0090815479964615,30.799999237060547,871953,-0.0064516375141758,3.040499925613404,2701.0,0.0270224366338502,5502.60009765625,0.0102501258405995,112.2249984741211,48751.0,-0.0134066068209134,8107.69091796875,106698,-0.0106382649111064,2.700999975204468,712985,-0.0117087685257468,20.104999542236328,13200.0,-0.0464063008440526,2581.8798828125,16943670000,-0.0288390907101488,14.268774032592772,2517276.0,0.0055710049927402,3212486.0,-0.0387491168874399,4446699.0,0.0048308439823887,387.25,1358966.0,0.0354278074866309,11.5,7824600.0,0.1843478161355722,1033.75,980360,-0.0105288346494376
2018-04-09,723,3,5884,50,47450.19684647303,687.5,2242851.02,101.85,0.0,1036.37,961.0,12808.163333333332,1565.3464883055694,1079.8366376344086,808.5533099906629,689.3378260869565,459.74147727272725,35.0,68.0,31.0,123.0,7.0,17.0,17.0,15.0,65.0,16.0,21.0,0.0,349.0,5.0,192.0,1057.8841025641025,689.3378260869565,500.2958695652174,804.9958409785933,772.7571428571428,1838.838571428572,401.3325,2877.132833333333,1731.0898297101448,522.6525,573.8001648351649,0.0,1517.2957064364207,460.1,842.0,12.0,0.0,107.0,886.0,37.0,24.48900032043457,15400.0,0.0210706371669022,68.6500015258789,194078.0,0.0149320246207016,603.7999877929688,-0.0021483851353818,6.305399894714356,0.0041405267093816,2.99230694770813,124188713.0,-0.0025643507639566,5128.22021484375,390600.0,-0.0180725811097162,1336.300048828125,614.0,-0.0043215310806338,30.600000381469727,328166,-0.0064934694982125,3.071500062942505,1985.0,0.0101957369141678,5632.7099609375,0.0236451606462675,116.5500030517578,15653.0,0.0385386913472227,8252.4091796875,120688,0.0178495040305515,2.734999895095825,966858,0.0125879008528251,20.104999542236328,13200.0,-0.0464063008440526,2613.159912109375,15743660000,0.0121152147724241,14.15019702911377,17405941.0,-0.0083102446789155,3770799.0,0.0065069014177705,15042943.0,-0.0048076191244715,390.75,1081824.0,0.0090380890897352,11.5,7824600.0,0.1843478161355722,1054.25,770567,0.0198307134220072
2018-04-16,676,3,4890,46,38985.2749704142,496.78,833144.99,100.9,0.0,679.99,915.0,6955.83,1584.9011751592357,1041.715416666667,936.5933,1107.0903703703705,693.4612097490561,30.0,15.0,70.0,43.0,13.0,16.0,46.0,4.0,17.0,8.0,12.0,0.0,379.0,12.0,250.0,961.261125,1107.0903703703705,496.0866130604288,1011.856891891892,665.1,1390.3960606060607,807.9768382352942,2643.42,1142.1486363636363,862.2725,936.910625,0.0,1571.2428677419357,1050.345,801.0,5.0,0.0,109.0,852.0,22.0,24.48900032043457,15400.0,0.0210706371669022,71.41999816894531,174673.0,0.0403495496212364,595.5999755859375,-0.0135806763378784,6.275700092315674,-0.0047102170987726,2.9384610652923584,97983163.0,-0.0179947723802242,5128.22021484375,390600.0,-0.0180725811097162,1347.5,1211.0,0.008381314646884,34.400001525878906,414273,0.1241830423868335,3.0915000438690186,1685.0,0.0065114701340274,5613.14013671875,-0.0034743177537038,119.3499984741211,14024.0,0.0240239841188152,7846.15283203125,201370,-0.0492288177682961,2.739000082015991,735773,0.0014625912517725,20.104999542236328,13200.0,-0.0464063008440526,2677.840087890625,16522340000,0.0247517097907106,13.517786026000977,7434725.0,-0.0446927347945487,2118715.0,0.0441501597697755,10464546.0,0.0193236523568838,382.5,828027.0,-0.0211132437619961,11.5,7824600.0,0.1843478161355722,1028.75,447199,-0.0241878112402181
2018-04-23,642,3,5219,45,38850.841043613706,482.52,967492.8,102.54,0.0,711.75,923.0,10671.4,1507.5058670246772,969.063621839308,671.349595959596,614.2958095238096,662.6344082397004,30.0,40.0,68.0,72.0,9.0,31.0,50.0,15.0,77.0,9.0,3.0,0.0,300.0,20.0,199.0,759.0390666666666,614.2958095238096,595.44625,987.2939393939396,926.28625,1146.4939473684212,624.4418933333334,2892.4885,932.6029867300456,336.014,499.4966666666666,0.0,1446.493416232813,1033.3508333333332,819.0,8.0,0.0,96.0,894.0,11.0,24.48900032043457,15400.0,0.0210706371669022,74.70999908447266,169938.0,0.0460655418632858,602.2000122070312,0.0110813245326291,6.316100120544434,0.0064375332846493,3.0461530685424805,57178332.0,0.036649116955173,5128.22021484375,390600.0,-0.0180725811097162,1322.5,1565.0,-0.0185528756957328,36.900001525878906,511256,0.0726744153810361,3.1080000400543213,74315.0,0.0053372136345348,5704.7001953125,0.0163117357421389,124.4499969482422,9624.0,0.0427314498477093,8271.5888671875,138098,0.0542222467830915,2.7709999084472656,520612,0.0116830323012335,20.104999542236328,13200.0,-0.0464063008440526,2670.2900390625,17235520000,-0.0028194547024174,13.596837043762209,5328802.0,0.0058479263992772,3540384.0,0.0365448221735871,17035201.0,-0.0331753910087225,378.5,712734.0,-0.0104575163398692,11.5,7824600.0,0.1843478161355722,1045.0,376350,0.0157958687727826
2018-04-30,629,3,4593,43,44656.01669316375,663.81,3525953.89,100.16,0.0,849.69,847.0,9255.0,1627.5628136826783,950.2196296296296,1284.9966485507246,754.3691071428572,611.7275845771144,18.0,36.0,108.0,95.0,8.0,13.0,76.0,9.0,39.0,6.0,9.0,0.0,300.0,4.0,126.0,1421.1264444444444,754.3691071428572,661.2627897435898,1006.3295930232558,985.135,1491.9066666666668,559.7471212121212,2521.371111111111,730.8806818181819,980.0166666666668,1178.963125,0.0,1590.997928787879,682.035,759.0,6.0,0.0,82.0,819.0,16.0,24.48900032043457,15400.0,0.0210706371669022,75.16999816894531,141903.0,0.0061571287660242,612.9000244140625,0.0177682032383497,6.332099914550781,0.002533176121497,3.0923070907592773,83391296.0,0.0151515768177994,5128.22021484375,390600.0,-0.0180725811097162,1316.199951171875,104.0,-0.0047637420250472,35.599998474121094,213318,-0.0352304335501473,3.052500009536743,6449.0,-0.0178571524460495,5710.89990234375,0.0010867717529388,106.0500030517578,174980.0,-0.1478504969681664,8679.5888671875,178662,0.0493254689698725,2.7109999656677246,696866,-0.0216528129779557,20.104999542236328,13200.0,-0.0464063008440526,2648.050048828125,18562140000,-0.0083286796224514,13.55731201171875,4704380.0,-0.0029069284213854,3621419.0,-0.0010198090828476,17095952.0,0.0098039591509493,392.5,33420.0,0.0369881109643328,11.5,7824600.0,0.1843478161355722,1027.25,27092,-0.0169856459330143
2018-05-07,751,3,4959,46,41394.593035952064,563.77,2157972.75,100.01,0.0,938.18,3970.0,9840.0,1463.4774907183212,805.0885714285714,634.040625,522.0470833333333,786.8889837398374,6.0,38.0,49.0,85.0,2.0,10.0,33.0,20.0,23.0,11.0,0.0,0.0,539.0,19.0,3135.0,720.454,522.0470833333333,733.4645175438596,801.6469444444444,796.915,785.2819999999999,727.3748333333333,1580.054375,818.1305263157894,572.3167857142856,841.7702163461538,0.0,1458.7791780016792,1059.428571428571,926.0,1359.0,0.0,1685.0,3931.0,10.0,24.48900032043457,15400.0,0.0210706371669022,76.16999816894531,165077.0,0.0133031797839411,628.9000244140625,0.0261053995148656,6.366099834442139,0.0053694541068796,2.99230694770813,47034026.0,-0.0323383610088329,5128.22021484375,390600.0,-0.0180725811097162,1312.199951171875,422.0,-0.0030390519285755,34.540000915527344,206378,-0.0297752135962674,3.059499979019165,3125.0,0.0022931922884692,5645.83984375,-0.0113922603628632,107.625,214365.0,0.0148514559445465,8658.6650390625,117255,-0.0024106934608505,2.805999994277954,793360,0.0350424307684675,20.104999542236328,13200.0,-0.0464063008440526,2672.6298828125,17181050000,0.0092822392066391,13.478260040283203,5717535.0,-0.0058309472679551,4259821.0,0.0315007098107427,19924502.0,0.009708682130449,393.25,5996.0,0.0019108280254778,11.5,7824600.0,0.1843478161355722,994.75,3645,-0.0316378680944268
2018-05-14,661,3,4453,41,37467.14567322239,48.32,671246.9099999999,100.1,0.0,694.8,947.0,9224.0,1397.206749090909,876.2448214285715,1073.8221276595746,742.7041666666668,541.5165960307298,35.0,31.0,61.0,103.0,8.0,42.0,40.0,10.0,13.0,12.0,14.0,0.0,371.0,5.0,202.0,1407.8287037037037,742.7041666666668,523.5346662337662,908.2919007490638,666.5550000000001,832.9825000000001,528.75046875,3295.772380952381,559.3348148148148,842.6800000000001,504.5773076923077,0.0,1347.6173482587064,800.9875,863.0,8.0,0.0,76.0,890.0,26.0,24.48900032043457,15400.0,0.0210706371669022,78.2300033569336,171456.0,0.0270448370422589,624.9000244140625,-0.0063603114083621,6.3383002281188965,-0.0043668190958676,3.107692003250122,191347711.0,0.0385605680026803,5128.22021484375,390600.0,-0.0180725811097162,1316.5,42.0,0.0032769768237568,34.599998474121094,440224,0.0017370456573084,3.0785000324249268,3491.0,0.0062101825579528,5695.81982421875,0.0088525324578729,102.4000015258789,136147.0,-0.0485481855899753,8896.6650390625,366491,0.0274869161615898,2.8469998836517334,637383,0.014611507290587,20.104999542236328,13200.0,-0.0464063008440526,2730.1298828125,16395450000,0.0215143893921783,13.241106033325195,14982409.0,-0.0175952983730253,2756818.0,0.0032517420701707,42883532.0,-0.0759615375798127,389.0,824847.0,-0.010807374443738,11.5,7824600.0,0.1843478161355722,998.5,561640,0.0037697914048755
2018-05-21,679,3,3641,33,40221.23562592048,775.0,653406.56,100.27,0.0,900.59,1813.0,8712.5,1404.6738659123514,874.9323670634922,812.8234615384615,853.1334210526315,506.7358108108108,19.0,45.0,23.0,72.0,0.0,23.0,19.0,4.0,44.0,5.0,5.0,0.0,456.0,3.0,1095.0,831.3567647058824,853.1334210526315,454.96125,970.116038251366,857.7867647058823,996.8852380952382,493.9692857142857,1665.23,622.4887173913044,837.3337499999999,730.202,0.0,1401.59945725055,911.4766666666666,793.0,887.0,0.0,133.0,1789.0,7.0,24.48900032043457,15400.0,0.0210706371669022,79.22000122070312,147646.0,0.0126549638410795,636.5999755859375,0.0187229168103257,6.381100177764893,0.0067525910899772,3.638461112976074,190551560.0,0.1707920569898358,5128.22021484375,390600.0,-0.0180725811097162,1290.199951171875,113.0,-0.0199772493947019,34.41999816894531,218358,-0.0052023211882628,3.0855000019073486,3165.0,0.002273824722655,5651.10009765625,-0.0078513239432804,104.6500015258789,54333.0,0.0219726559225819,8278.5625,208515,-0.0694757570784786,2.938999891281128,563367,0.0323147212466301,20.104999542236328,13200.0,-0.0464063008440526,2733.010009765625,16071790000,0.0010549413679021,13.083003044128418,8283394.0,-0.0119403159221641,3142220.0,0.0180383144843776,22265433.0,-0.043704484006107,402.75,877023.0,0.0353470437017995,11.5,7824600.0,0.1843478161355722,1041.5,546431,0.0430645968953429
2018-05-28,763,3,6444,54,40202.47201834862,321.12,4368006.05,102.81,0.0,527.02,1121.0,9719.025,1331.1151822289155,894.7326715225564,945.6690816326532,715.6087117017349,764.759443358396,38.0,82.0,93.0,107.0,19.0,20.0,47.0,14.0,58.0,14.0,16.0,0.0,429.0,8.0,176.0,1056.1424444444444,715.6087117017349,810.9600423809524,770.5436044657098,1049.0185294117646,850.5285714285714,662.603552631579,3255.760909090909,1167.948619047619,597.420625,897.6496969696968,0.0,1265.1615903426791,989.3157142857144,985.0,6.0,0.0,130.0,1050.0,16.0,24.48900032043457,15400.0,0.0210706371669022,75.38999938964844,66196.0,-0.04834639954605,624.0,-0.0197926108532132,6.3983001708984375,0.0026954588792507,3.561537981033325,395938766.0,-0.0211416666426399,5128.22021484375,390600.0,-0.0180725811097162,1298.699951171875,441924.0,0.0065881261212881,37.380001068115234,531464,0.0859966024588729,3.052000045776367,4853.0,-0.0108572212316554,5570.0498046875,-0.0143423920242299,104.9000015258789,52925.0,0.0023889153975613,8240.2041015625,172196,-0.0046334612364767,2.961999893188477,598975,0.0078257920238722,20.104999542236328,13200.0,-0.0464063008440526,2689.860107421875,15245210000,-0.0157884172357826,13.162055015563965,5305916.0,0.0060423414386518,3485302.0,-0.0762734588839095,31490801.0,0.0609358482248529,400.0,903628.0,-0.0068280571073867,11.5,7824600.0,0.1843478161355722,1021.25,466472,-0.0194431108977436
2018-06-04,622,2,4217,42,39341.38823151126,296.5,1918930.01,102.44,0.0,577.0,853.0,6709.81,1351.141942800789,773.4172340425532,806.582528957529,1056.69875,570.6852913533835,23.0,25.0,61.0,28.0,13.0,12.0,37.0,10.0,24.0,6.0,18.0,0.0,433.0,10.0,153.0,714.12375,1056.69875,473.0897817460318,852.6622222222222,553.2129166666667,939.45,432.536935483871,2287.78,666.4365,580.2280000000001,1054.994880952381,0.0,1331.3338872104732,1436.9116666666666,778.0,0.0,0.0,75.0,822.0,10.0,24.48900032043457,15400.0,0.0210706371669022,75.29000091552734,170952.0,-0.0013264156377592,630.7999877929688,0.0108974163348858,6.4070000648498535,0.0013597195691108,3.3615379333496094,96010479.0,-0.0561555285241374,5128.22021484375,390600.0,-0.0180725811097162,1293.0999755859375,1603.0,-0.0043119856752781,37.20000076293945,168044,-0.0048154173363392,3.126499891281128,2148.0,0.0244101718176119,5558.5,-0.002073555011623,110.0250015258789,27092.0,0.0488560526735135,8716.2041015625,125065,0.0577655594610504,2.890000104904175,700037,-0.0243078294667989,20.104999542236328,13200.0,-0.0464063008440526,2746.8701171875,17477350000,0.0211944143891806,13.122529029846191,5162878.0,-0.003003025414423,3365818.0,-0.0296718605923441,30913708.0,-0.033846146021134,380.75,1184296.0,-0.0481249999999999,11.5,7824600.0,0.1843478161355722,969.25,624772,-0.0509179926560587
2018-06-11,654,2,5462,50,34236.50126911315,269.25,441323.71,100.01,0.0,469.64,902.0,9467.26,1241.2306153997936,1113.0733004926108,698.3616693548387,537.0488888888889,619.483875,19.0,16.0,59.0,57.0,8.0,11.0,25.0,3.0,30.0,8.0,20.0,0.0,481.0,10.0,155.0,668.8689473684211,537.0488888888889,697.0346212121212,1199.9689718614718,561.6633333333334,1069.194,503.7,4206.366666666667,839.9726190476191,481.345,1008.7719583333334,0.0,1216.4523197067556,617.098,830.0,0.0,0.0,72.0,863.0,17.0,24.48900032043457,15400.0,0.0210706371669022,76.45999908447266,133639.0,0.0155398878299657,632.7999877929688,0.0031705771063781,6.391600131988525,-0.0024036105362033,3.2076919078826904,85773825.0,-0.0457665593895645,5128.22021484375,390600.0,-0.0180725811097162,1298.9000244140625,990.0,0.0044853831394566,36.040000915527344,460131,-0.0311827909575679,3.250499963760376,2453.0,0.039660987299263,5521.35009765625,-0.0066834401985698,108.4499969482422,12036.0,-0.0143149698322544,8301.2294921875,135713,-0.0476095562402686,3.0220000743865967,824276,0.0456747282667655,20.104999542236328,13200.0,-0.0464063008440526,2782.0,19511520000,0.0127890585698566,13.201581001281738,7323839.0,0.0060241414788071,2681849.0,0.0208493972837233,27964489.0,0.0201698066713873,367.25,1487748.0,-0.0354563361785948,11.5,7824600.0,0.1843478161355722,905.5,750324,-0.0657725045137993
2018-06-18,560,3,2629,31,38801.25810714286,488.96,750011.92,100.61,0.0,829.49,841.0,13150.0,1502.377122763328,963.9576491228072,977.3301136363636,536.33,837.62,20.0,10.0,60.0,54.0,5.0,6.0,27.0,5.0,42.0,9.0,3.0,0.0,410.0,23.0,167.0,1114.013823529412,536.33,892.1470930232557,1221.0151801801803,901.1,1634.696,762.2595238095239,522.4125,488.4012166666666,294.4025,839.9100000000001,0.0,1516.6831756503836,778.9973076923077,739.0,15.0,0.0,87.0,806.0,10.0,24.48900032043457,15400.0,0.0210706371669022,75.33999633789062,221262.0,-0.0146482181531896,636.2000122070312,0.0053729843230889,6.438799858093262,0.0073846494039124,2.961538076400757,92768783.0,-0.0767386141035012,5128.22021484375,390600.0,-0.0180725811097162,1276.199951171875,196.0,-0.017476382181475,36.720001220703125,255481,0.0188679325166944,3.10349988937378,1997.0,-0.0452238351101341,5447.39013671875,-0.013395267394635,108.2750015258789,8863.0,-0.0016136046776176,8247.177734375,180725,-0.0065112954488693,2.944999933242798,686529,-0.0254798607704959,20.104999542236328,13200.0,-0.0464063008440526,2773.75,19124110000,-0.0029654924514737,13.003952026367188,5634730.0,-0.0149700990279393,3040155.0,-0.0037821483475204,11564802.0,0.0176899149185532,356.0,1022508.0,-0.0306330837304288,11.5,7824600.0,0.1843478161355722,894.5,690795,-0.0121479845389287
2018-06-25,797,3,5622,50,38765.13179422836,416.0,2049775.01,100.01,0.0,805.16,1081.0,11547.165,1310.1072543640896,835.4581913580247,741.8144565217391,568.8813095238095,608.1202412280702,31.0,47.0,54.0,83.0,12.0,21.0,33.0,25.0,31.0,8.0,12.0,0.0,464.0,28.0,232.0,724.1105,568.8813095238095,650.615637254902,840.534054054054,991.197,1759.2815384615385,491.231875,4132.7421875,811.9823263888889,995.9283333333332,642.458,0.0,1192.8029454545456,837.6786666666667,944.0,11.0,0.0,126.0,1020.0,12.0,24.48900032043457,15400.0,0.0210706371669022,74.7300033569336,159286.0,-0.0080965358455989,638.2000122070312,0.0031436654536705,6.539000034332275,0.0155619336595882,2.900000095367432,166502101.0,-0.0207790612329771,5128.22021484375,390600.0,-0.0180725811097162,1265.5999755859375,1714.0,-0.008305889352373,37.400001525878906,539762,0.0185185262137843,2.992000102996826,72305.0,-0.0359271114391603,5285.52978515625,-0.029713376038823,107.0,33037.0,-0.0117755853882317,7560.2041015625,319647,-0.083298026905511,2.924000024795532,529183,-0.0071306991250565,20.104999542236328,13200.0,-0.0464063008440526,2717.070068359375,18084070000,-0.0204344052782785,13.083003044128418,9366493.0,0.0060789994919194,3759645.0,0.0338648961064134,24697073.0,-0.046012251692406,350.5,756992.0,-0.0154494382022472,11.5,7824600.0,0.1843478161355722,858.5,320393,-0.0402459474566797
2018-07-02,694,2,4520,39,43471.98757925072,177.3,1012167.97,100.01,0.0,1098.13,1009.0,14372.84,1140.2240145466403,971.5345046854084,1489.0914880952382,788.3466666666667,578.9082323232324,23.0,28.0,38.0,74.0,5.0,29.0,39.0,10.0,31.0,11.0,7.0,0.0,510.0,19.0,185.0,2106.4210416666665,788.3466666666667,509.9175,1099.04627394636,1367.328,816.2022222222222,492.1656896551724,1302.8966666666668,675.7072000000001,576.6216666666667,934.0766666666668,0.0,1137.505251558562,1073.049814814815,852.0,0.0,0.0,157.0,953.0,19.0,24.48900032043457,15400.0,0.0210706371669022,77.30000305175781,106809.0,0.0343904667386285,657.2999877929688,0.0299278834544138,6.6666998863220215,0.0195289572288228,2.6923069953918457,66144901.0,-0.071618307981218,5128.22021484375,390600.0,-0.0180725811097162,1239.800048828125,81.0,-0.0203855303851976,29.8799991607666,216926,-0.2010695737514567,2.93149995803833,4675.0,-0.0202206359879126,5255.1298828125,-0.005751533636065,106.375,101013.0,-0.0058411214953271,6887.17822265625,215441,-0.0890221837750587,2.8580000400543213,522069,-0.0225718140155712,20.104999542236328,13200.0,-0.0464063008440526,2726.7099609375,10576910000,0.0035478998831803,13.399209022521973,8965465.0,0.0241692199663186,2772453.0,0.0860752122905867,12605613.0,-0.0246516124455623,337.5,14039.0,-0.0370898716119828,11.5,7824600.0,0.1843478161355722,874.0,11646,0.0180547466511356
2018-07-09,791,3,5454,47,39431.17222503161,569.76,836074.78,101.18,0.0,929.04,1140.0,14617.25,1403.594128353454,874.9929664324745,792.0941666666666,759.3800000000001,632.7542908984955,23.0,46.0,61.0,56.0,7.0,23.0,44.0,9.0,19.0,8.0,7.0,0.0,575.0,23.0,239.0,748.2547826086957,759.3800000000001,674.327975912976,610.6590211640212,876.7558333333333,1176.7341666666666,573.2762820512821,4408.805,1618.4321875,881.0778571428572,856.3308333333334,0.0,1353.387741476304,702.5811538461538,1022.0,4.0,0.0,114.0,1074.0,17.0,24.48900032043457,15400.0,0.0210706371669022,78.06999969482422,157356.0,0.009961146347573,650.0999755859375,-0.0109539211026108,6.615200042724609,-0.0077249380466448,2.615384101867676,42453458.0,-0.0285713678476604,5128.22021484375,390600.0,-0.0180725811097162,1258.0999755859375,141.0,0.0147603855759723,32.81999969482422,276669,0.0983935949341636,2.83899998664856,3141.0,-0.0315538027336927,5325.52001953125,0.0133945569925815,104.5500030517578,188825.0,-0.0171562580328291,6869.74267578125,185873,-0.0025315951339321,2.752000093460083,614045,-0.0370888541317947,20.104999542236328,13200.0,-0.0464063008440526,2784.169921875,14590400000,0.0210730007080561,13.280632019042969,9552913.0,-0.0088495524832618,3219722.0,-0.0012172567529529,10539914.0,-0.0351649049543065,345.75,117376.0,0.0244444444444444,11.5,7824600.0,0.1843478161355722,814.0,27290,-0.068649885583524
2018-07-16,702,3,4981,46,41520.85575498575,576.0,1055217.58,101.59,0.0,831.76,1123.0,7211.0,1263.1387510130069,933.049478330658,697.0710270270271,739.9534375000001,717.8823784722222,28.0,30.0,39.0,79.0,11.0,9.0,10.0,18.0,31.0,14.0,14.0,0.0,564.0,6.0,270.0,679.0282380952382,739.9534375000001,843.6620052083333,925.7797826086957,778.9218518518519,1427.7837499999998,447.1,1827.7053030303032,958.1299285714284,688.819375,752.685,0.0,1246.709565636842,498.3616666666667,920.0,111.0,0.0,92.0,1068.0,4.0,24.48900032043457,15400.0,0.0210706371669022,71.83999633789062,137489.0,-0.0798002226372062,649.5999755859375,-0.0007691124731228,6.691599845886231,0.0115491296813685,2.5461530685424805,45763309.0,-0.0264706944099555,5128.22021484375,390600.0,-0.0180725811097162,1238.0999755859375,102.0,-0.0158969878293537,33.08000183105469,147475,0.007922063944183,2.756999969482422,3834.0,-0.0288834158336643,5351.7001953125,0.0049159848587996,108.9250030517578,114279.0,0.0418460054738989,6831.3837890625,181195,-0.0055837443306255,2.756999969482422,557387,0.0018168153533935,20.104999542236328,13200.0,-0.0464063008440526,2798.429931640625,15517950000,0.005121817333628,13.280632019042969,12199228.0,0.0,1762707.0,-0.0784021805708812,10469956.0,0.0216401526009295,341.75,428291.0,-0.0115690527838033,11.5,7824600.0,0.1843478161355722,849.75,137797,0.0439189189189188
2018-07-23,885,3,5580,48,37439.69984180791,642.3,763518.01,100.07,0.0,762.3,1514.0,10573.17,1354.7861033821646,786.2943234323433,776.9624423963133,1035.324,759.1944623655913,25.0,16.0,106.0,99.0,12.0,24.0,68.0,15.0,31.0,4.0,10.0,0.0,609.0,23.0,472.0,705.3913533834587,1035.324,785.8756388888888,817.229625,408.5585,908.015,623.9065306122449,5063.513,668.4455555555555,644.1474999999999,1013.35125,0.0,1273.454373193177,1094.4103333333333,1125.0,303.0,0.0,86.0,1446.0,21.0,24.48900032043457,15400.0,0.0210706371669022,73.05999755859375,117957.0,0.0169822004857154,661.5999755859375,0.0184729070982123,6.791999816894531,0.0150038814813504,2.523076057434082,39386484.0,-0.0090634814511009,5128.22021484375,390600.0,-0.0180725811097162,1224.0,254430.0,-0.0113883982424477,31.3799991607666,164582,-0.0513906461967654,2.736999988555908,4667.0,-0.0072542550409488,5407.58984375,0.010443344432196,108.625,68143.0,-0.002754216601814,7275.9990234375,159121,0.0650842125261441,2.822000026702881,382867,0.0235763721218544,20.104999542236328,13200.0,-0.0464063008440526,2806.97998046875,17044960000,0.0030553020933106,13.320158004760742,9701499.0,0.0029762127029118,2652928.0,-0.0024977692483599,12037414.0,0.0156075123166981,357.25,582468.0,0.0453547915142649,11.5,7824600.0,0.1843478161355722,870.5,200912,0.0244189467490438
2018-07-30,923,2,7236,48,37520.12759479957,470.0,1950855.04,100.02,0.0,644.7,1276.0,7060.92,1307.6102360790353,872.8268974732749,508.145576923077,897.6705,612.8679204881953,21.0,46.0,175.0,95.0,10.0,16.0,68.0,14.0,22.0,11.0,12.0,0.0,561.0,20.0,205.0,491.0719047619048,897.6705,656.4404540694782,811.8885798319327,1072.778888888889,1039.8992857142855,452.83922727272727,2119.518181818182,1271.2697435897437,869.7325,310.64,0.0,1286.4467588204318,931.2769230769233,1176.0,0.0,0.0,100.0,1199.0,46.0,24.48900032043457,15400.0,0.0210706371669022,74.97000122070312,71160.0,0.0261429472479459,638.0999755859375,-0.0355199529431474,6.814899921417236,0.0033716291431196,2.584614992141724,58479850.0,0.0243904398071241,5128.22021484375,390600.0,-0.0180725811097162,1221.300048828125,67182.0,-0.0022058424606822,35.099998474121094,118801,0.1185468264130957,2.7790000438690186,3663.0,0.0153452888157556,5382.68994140625,-0.0046046211090748,110.6750030517578,49772.0,0.0188722950679658,7671.79345703125,149522,0.0543972631550409,2.852999925613404,724077,0.0109850810124696,20.104999542236328,13200.0,-0.0464063008440526,2802.60009765625,17214500000,-0.0015603541325466,13.162055015563965,4770035.0,-0.0118694529854878,2566328.0,0.0329945188379405,8559247.0,0.0032931600193331,367.25,628390.0,0.0279916025192441,11.5,7824600.0,0.1843478161355722,886.25,92556,0.0180930499712808
2018-08-06,763,3,4865,42,36404.2329750983,93.31,570282.5,100.01,0.0,203.24,1080.0,12011.32,1217.0977233367626,789.1217028985508,654.3654102564103,689.7376851851851,727.2129950495049,21.0,38.0,47.0,46.0,4.0,10.0,50.0,11.0,7.0,5.0,9.0,0.0,604.0,40.0,188.0,555.3266666666667,689.7376851851851,813.8935625,829.2664227642276,1052.2175,688.5409999999999,660.47,1245.879375,459.93500000000006,1091.9625,698.148,0.0,1216.554673305381,700.7433333333333,987.0,11.0,0.0,82.0,1036.0,8.0,24.48900032043457,15400.0,0.0210706371669022,73.75,94411.0,-0.016273191954627,646.4000244140625,0.0130074426354638,6.854100227355957,0.0057521469707171,2.5,67848358.0,-0.0327379483594221,5128.22021484375,390600.0,-0.0180725811097162,1208.5999755859375,1340.0,-0.010398814979475,33.099998474121094,214670,-0.0569800594571131,2.720999956130981,2289.0,-0.0208708480829269,5366.02978515625,-0.0030951357836612,108.25,21845.0,-0.0219110276475323,7333.537109375,290454,-0.0440909090619789,2.944000005722046,767030,0.0318962784722389,20.104999542236328,13200.0,-0.0464063008440526,2850.39990234375,15374300000,0.0170555209526588,13.280632019042969,4204468.0,0.0090090037869305,2774836.0,-0.0159702717959669,12295879.0,0.0142232067349854,371.0,702047.0,0.010211027910143,11.5,7824600.0,0.1843478161355722,846.0,6246,-0.0454160789844851
2018-08-13,730,3,4561,41,41329.786383561644,282.02,836074.79,100.01,0.0,627.15,1531.0,11200.88,1246.3662049532231,1061.4342995169084,928.0204487179489,507.7806593406593,624.0920061728395,23.0,43.0,48.0,48.0,4.0,42.0,38.0,9.0,45.0,8.0,9.0,0.0,611.0,20.0,583.0,971.8558974358974,507.7806593406593,738.6074342105263,993.1983720930232,459.05,1021.868611111111,515.8525714285714,2513.95375,1174.2860256410256,729.604,980.798125,0.0,1221.0144540522876,553.69125,1045.0,404.0,0.0,82.0,1478.0,15.0,24.48900032043457,15400.0,0.0210706371669022,72.61000061035156,97080.0,-0.0154576188426907,659.9000244140625,0.0208849002012914,6.889400005340576,0.0051501695063826,2.530769109725952,52789699.0,0.0123076438903808,5128.22021484375,390600.0,-0.0180725811097162,1191.300048828125,430.0,-0.0143140220976965,35.41999816894531,131642,0.0700906284523876,2.7219998836517334,2813.0,0.0003674853130737,5231.35986328125,-0.0250967525837314,109.4250030517578,9945.0,0.0108545316559611,7703.17822265625,164398,0.0504042057425073,2.946000099182129,587925,0.0006793795707185,20.104999542236328,13200.0,-0.0464063008440526,2821.929931640625,16086450000,-0.0099880619135986,13.280632019042969,11298533.0,0.0,2244959.0,-0.0262281572519764,21316002.0,-0.0701187206156188,356.5,544247.0,-0.0390835579514824,11.5,7824600.0,0.1843478161355722,881.5,66067,0.0419621749408982
2018-08-20,890,3,5920,47,40390.204662921344,657.25,2665620.02,100.83,0.0,783.82,1289.0,12237.502,1296.5294458333335,835.7685092911954,906.385048780488,743.3330658436214,793.3734345238095,34.0,97.0,57.0,118.0,14.0,18.0,33.0,11.0,91.0,9.0,11.0,0.0,574.0,8.0,214.0,730.3773214285715,743.3330658436214,765.7626525096525,913.838093795094,703.9688461538461,937.2546153846154,756.5070454545454,4141.791714285714,632.3766970310392,1576.7314285714283,945.6836666666668,0.0,1250.5321343341031,1159.9053333333334,1176.0,4.0,0.0,109.0,1211.0,15.0,24.48900032043457,15400.0,0.0210706371669022,72.20999908447266,87860.0,-0.0055089040423706,668.0,0.0122745496079192,6.856800079345703,-0.0047318962419952,2.453845977783203,49744644.0,-0.030395159972171,5128.22021484375,390600.0,-0.0180725811097162,1186.800048828125,214.0,-0.0037773858940295,35.779998779296875,91510,0.0101637670514391,2.6635000705718994,2966.0,-0.0214914825791074,5241.43017578125,0.0019249894412125,106.25,9391.0,-0.0290153343679234,7886.25537109375,160010,0.0237664432972668,2.9170000553131104,540331,-0.0098438706356696,20.104999542236328,13200.0,-0.0464063008440526,2857.050048828125,13959870000,0.0124454249532275,13.3596830368042,12842616.0,0.0059523535964161,2100258.0,-0.0114582838993201,12234240.0,-0.0058004862411457,362.0,558775.0,0.0154277699859748,11.5,7824600.0,0.1843478161355722,842.0,99110,-0.0448099829835507
2018-08-27,819,3,5496,45,40332.55493284493,146.85,1371449.0,100.01,0.0,749.32,1101.0,11231.77,1281.3321734665344,810.3596615031555,871.3369918699186,845.8598095238095,600.3878095238096,25.0,32.0,45.0,90.0,11.0,16.0,37.0,9.0,18.0,11.0,16.0,0.0,565.0,4.0,222.0,923.270648148148,845.8598095238095,800.0988020833333,809.9718551587301,1069.255,779.2390909090908,415.3736764705882,2363.331666666667,812.8980303030304,988.347,709.4211538461539,0.0,1265.7638354348778,575.3199999999999,1003.0,1.0,0.0,97.0,1039.0,6.0,24.48900032043457,15400.0,0.0210706371669022,76.20999908447266,62984.0,0.0553939904544344,658.7000122070312,-0.0139221374146238,6.813300132751465,-0.0063440593412181,2.523076057434082,44622966.0,0.0282128871484514,5128.22021484375,390600.0,-0.0180725811097162,1209.0,1791.0,0.018705721485094,36.81999969482422,162916,0.029066544186947,2.7049999237060547,74020.0,0.0155809468873955,5281.22998046875,0.0075933100991023,106.8000030517578,3383.0,0.0051764993106615,8329.126953125,258254,0.0561573980541576,2.91599988937378,480174,-0.0003428748441429,20.104999542236328,13200.0,-0.0464063008440526,2896.739990234375,14056030000,0.0138919307425258,13.320158004760742,4793510.0,-0.0029585306728139,2121863.0,0.0367304294776007,5616281.0,0.0291715296268897,346.75,518290.0,-0.0421270718232044,11.5,7824600.0,0.1843478161355722,833.0,97254,-0.0106888361045131
2018-09-03,909,3,6567,53,39287.48190319032,179.5,836074.82,100.01,0.0,734.55,1275.0,17719.5,1252.0506409479217,851.457375,768.908078167116,571.4533333333334,692.4125443425077,49.0,45.0,80.0,63.0,22.0,32.0,64.0,11.0,31.0,5.0,19.0,0.0,597.0,12.0,245.0,778.7740293040293,571.4533333333334,724.92487654321,953.3431578947368,734.7582352941176,846.4354545454546,638.9071666666666,3202.8233333333337,598.9578260869565,917.504,643.6023333333333,0.0,1222.493478942082,808.4971428571428,1166.0,5.0,0.0,104.0,1220.0,19.0,24.48900032043457,15400.0,0.0210706371669022,78.16999816894531,113407.0,0.025718397953268,682.7999877929688,0.0365871795040484,6.822100162506104,0.0012915957881172,2.400000095367432,57089700.0,-0.0487801236526399,5128.22021484375,390600.0,-0.0180725811097162,1192.699951171875,83.0,-0.0134822570952233,36.77999877929688,201118,-0.0010863909793284,2.5834999084472656,3908.0,-0.0449168276102296,5236.33984375,-0.0084999397649343,109.9499969482422,117507.0,0.0294943240306635,8386.6650390625,148452,0.0069080572623416,2.776000022888184,609191,-0.0480109299714894,20.104999542236328,13200.0,-0.0464063008440526,2896.719970703125,12457020000,-6.911055640990149e-06,13.280632019042969,4719929.0,-0.0029673811454523,2492804.0,0.0145201097737668,6132880.0,-0.0068026607730601,354.5,11237.0,0.0223503965392934,11.5,7824600.0,0.1843478161355722,832.0,3378,-0.0012004801920768
2018-09-10,830,3,6384,52,39531.12285542169,514.74,867618.0,100.5,0.0,906.47,1281.0,11736.035,1218.876958906592,943.0957407407408,922.1575140056024,1168.5935087719297,666.9375979061375,37.0,58.0,168.0,48.0,8.0,33.0,128.0,12.0,27.0,15.0,15.0,0.0,521.0,22.0,189.0,908.4740238095238,1168.5935087719297,658.7510971667222,1048.1048888888888,643.2375,849.4271428571428,651.2766226708075,3754.097727272727,680.5728703703703,788.2900000000001,1110.46225,0.0,1140.5414857267394,798.3953333333334,1182.0,8.0,0.0,91.0,1231.0,16.0,24.48900032043457,15400.0,0.0210706371669022,77.37000274658203,135660.0,-0.0102340468351334,695.9000244140625,0.0191857598935192,6.855299949645996,0.0048665053794365,2.253845930099488,60137954.0,-0.0608975664417915,5128.22021484375,390600.0,-0.0180725811097162,1193.0,92.0,0.000251571091145,36.91999816894531,59981,0.0038064000623956,2.6105000972747803,4140.0,0.0104510121092833,5203.93017578125,-0.0061893744363122,113.8000030517578,206113.0,0.0350159728092394,7891.48583984375,121638,-0.059043636166743,2.7669999599456787,747828,-0.0032420975750359,20.104999542236328,13200.0,-0.0464063008440526,2877.1298828125,15450380000,-0.0067628518078224,13.280632019042969,8875304.0,0.0,3344598.0,-0.0333476705232943,9163047.0,-0.0353881748307064,355.5,140329.0,0.002820874471086,11.5,7824600.0,0.1843478161355722,821.5,71653,-0.0126201923076922
2018-09-17,751,3,5452,45,41402.64189081225,327.65,651083.0,100.12,0.0,527.44,1080.0,7737.19,1119.3156967741934,1191.4941172316385,712.1237654320988,697.4129545454546,727.075352233677,36.0,47.0,71.0,136.0,9.0,14.0,45.0,21.0,25.0,12.0,19.0,0.0,404.0,22.0,219.0,743.9864880952381,697.4129545454546,854.7989185185186,1213.9401,829.9222222222222,1009.4116666666667,534.0606798245614,1647.5941666666668,1066.794212962963,638.0894444444444,683.8928472222223,0.0,1098.0427382550336,840.4322857142857,958.0,15.0,0.0,107.0,998.0,16.0,24.48900032043457,15400.0,0.0210706371669022,78.05000305175781,122953.0,0.0087889399125788,685.7999877929688,-0.0145136316521871,6.855500221252441,2.9214127451160365e-05,2.3307690620422363,43386414.0,0.0341297206323916,5128.22021484375,390600.0,-0.0180725811097162,1199.699951171875,2.0,0.0056160529521165,36.93999862670898,274845,0.0005417242349834,2.633500099182129,2996.0,0.0088105730895622,5446.18017578125,0.0465513548062992,113.0749969482422,100127.0,-0.0063708794734026,7701.4345703125,129217,-0.0240830780651838,2.976999998092652,872509,0.0758944854307464,20.104999542236328,13200.0,-0.0464063008440526,2888.800048828125,18420620000,0.0040561832419665,13.280632019042969,4371535.0,0.0,2245167.0,0.0202843163756467,6540931.0,0.0355029819534342,348.0,918342.0,-0.021097046413502,11.5,7824600.0,0.1843478161355722,847.25,499608,0.0313451004260498
2018-09-24,866,3,4865,36,41504.129445727485,90.46,2234981.0300000003,100.61,0.0,305.66,1259.0,16152.58,1190.4451036044334,1103.732505882353,597.2479285714286,763.7965614478115,698.3419937782805,25.0,77.0,68.0,78.0,9.0,16.0,21.0,20.0,53.0,7.0,10.0,0.0,666.0,24.0,185.0,508.11943181818185,763.7965614478115,698.046139423077,1226.280746268657,1039.5628571428572,904.1906666666667,476.0475,3238.875666666667,647.5807222222222,796.5083333333333,706.5714285714286,0.0,1129.237019050781,995.7208333333332,1149.0,38.0,0.0,72.0,1179.0,23.0,24.48900032043457,15400.0,0.0210706371669022,81.19999694824219,122476.0,0.0403586646165214,672.7000122070312,-0.0191017436849125,6.8734002113342285,0.0026110406978467,2.4692299365997314,22886183.0,0.0594056600511827,5128.22021484375,390600.0,-0.0180725811097162,1199.300048828125,23229.0,-0.0003333353005136,34.29999923706055,89324,-0.0714672303138531,2.815999984741211,6143.0,0.0692993653638973,5385.64990234375,-0.0111142620118727,113.4499969482422,53810.0,0.0033163830211877,8125.126953125,109210,0.0550147351047751,3.007999897003174,787840,0.0104131336682511,20.104999542236328,13200.0,-0.0464063008440526,2919.3701171875,16703490000,0.010582272169296,13.162055015563965,4803172.0,-0.008928566299328,2591233.0,0.0460020026190821,11169381.0,-0.0114286150251116,360.5,825266.0,0.035919540229885,11.5,7824600.0,0.1843478161355722,845.5,544347,-0.002065506048982
2018-10-01,737,3,5714,46,39056.59424694708,732.41,923558.47,100.23,0.0,1113.35,1625.0,13226.38,1172.5436011287563,964.5278531556164,1186.2972522522523,538.8257621082621,691.6380952380953,38.0,51.0,44.0,85.0,10.0,15.0,18.0,7.0,75.0,8.0,4.0,0.0,506.0,13.0,751.0,1272.4569047619048,538.8257621082621,534.4599234693877,1008.2346881287726,1121.3725,961.7307692307692,635.58625,3925.8046666666655,853.6998073308271,1431.821,276.275,0.0,1150.4586193196287,1152.8754545454544,948.0,555.0,0.0,122.0,1551.0,33.0,24.48900032043457,15400.0,0.0210706371669022,84.9800033569336,154116.0,0.046551804812269,658.2999877929688,-0.0214063091314925,6.867899894714356,-0.0008002322650734,2.41538405418396,27399258.0,-0.0218067510107706,5128.22021484375,390600.0,-0.0180725811097162,1187.0999755859375,1237.0,-0.0101726613403447,32.459999084472656,84990,-0.0536443205106489,2.7739999294281006,2761.0,-0.0149147924505298,5298.3798828125,-0.0162041761187022,113.8000030517578,49645.0,0.0030851133797322,7889.7421875,132931,-0.0289699800363696,3.1429998874664307,1090675,0.0448803175152217,20.104999542236328,13200.0,-0.0464063008440526,2924.590087890625,17285210000,0.0017880469051845,13.241106033325195,5696169.0,0.0060059783725074,3065050.0,0.0446726018161092,7363685.0,0.006936465001474,365.75,895437.0,0.0145631067961164,11.5,7824600.0,0.1843478161355722,869.0,638015,0.0277942046126551
2018-10-08,817,3,5714,46,37563.14895960832,330.0,724865.0,100.08,0.0,849.3,2846.0,11657.274,1183.0925456336329,685.602923116615,792.6471891996893,789.854375,491.7912327586207,26.0,25.0,42.0,54.0,6.0,16.0,37.0,14.0,50.0,9.0,26.0,0.0,648.0,6.0,1887.0,879.3352173913044,789.854375,503.0516034482759,699.7273188405796,948.4933333333332,375.0325,454.9450000000001,2651.2255,656.0700956937799,482.0536111111112,779.6208712121213,0.0,1157.8885464170426,578.61,1095.0,1116.0,0.0,635.0,2791.0,11.0,24.48900032043457,15400.0,0.0210706371669022,83.91000366210938,188282.0,-0.0125911938403908,678.5999755859375,0.0308369864338398,6.929800033569336,0.009012964633136,2.3461530208587646,59254049.0,-0.0286625363801968,5128.22021484375,390600.0,-0.0180725811097162,1184.4000244140625,1585.0,-0.0022744092556672,32.2599983215332,132309,-0.0061614531294033,2.755000114440918,1993.0,-0.0068492485474214,5327.39990234375,0.0054771496519885,112.3249969482422,41301.0,-0.0129613889627466,7314.35791015625,140951,-0.0729281469114861,3.1610000133514404,1199209,0.0057270526660819,20.104999542236328,13200.0,-0.0464063008440526,2884.429931640625,20405870000,-0.0137318923483618,12.727272033691406,7667313.0,-0.0388059727292094,3241842.0,-0.0134130424342245,15423496.0,-0.0344431905190539,366.5,781555.0,0.0020505809979494,11.5,7824600.0,0.1843478161355722,867.5,646671,-0.0017261219792865
2018-10-15,834,3,6291,51,36611.11830935252,603.45,836074.78,100.54,0.0,1089.98,1171.0,10102.74,1202.990837722469,872.4255584795321,725.0964735591206,848.6738292011019,601.0382650273224,58.0,60.0,44.0,123.0,24.0,25.0,36.0,19.0,14.0,7.0,4.0,0.0,535.0,16.0,206.0,658.912804040404,848.6738292011019,632.6126,879.5197366666667,626.7167499999999,439.60190476190473,484.5241987179487,2490.914166666667,821.7528571428572,1045.4816666666666,635.8566666666667,0.0,1165.2033561886535,825.039,1041.0,2.0,0.0,128.0,1120.0,16.0,24.48900032043457,15400.0,0.0210706371669022,80.77999877929688,179266.0,-0.0373019276154065,675.7999877929688,-0.0041261242170707,6.915900230407715,-0.0020058014797379,2.2461531162261963,35573324.0,-0.0426229251645169,5128.22021484375,390600.0,-0.0180725811097162,1226.4000244140625,783.0,0.0354609921768431,33.279998779296875,44918,0.0316181187487176,2.7804999351501465,1704.0,0.0092558329038048,5144.33984375,-0.034361989328643,112.25,40076.0,-0.0006676781685269,7286.46044921875,119466,-0.0038140683406759,3.25,774905,0.028155642604442,20.104999542236328,13200.0,-0.0464063008440526,2750.7900390625,17367750000,-0.046331474761154,12.68774700164795,8542763.0,-0.0031055384012242,2078845.0,-0.0337865406555117,23170355.0,-0.1010701450718963,378.25,822886.0,0.0320600272851296,11.5,7824600.0,0.1843478161355722,856.75,604614,-0.0123919308357348
2018-10-22,880,3,5880,51,35392.51143181818,184.82,836074.81,100.01,0.0,351.89,1212.0,7660.56,1085.893719582705,1060.0252204133214,783.8157392026578,733.7215873015873,554.0366314699793,30.0,48.0,59.0,112.0,6.0,15.0,69.0,7.0,82.0,16.0,17.0,0.0,562.0,15.0,174.0,815.8952173913043,733.7215873015873,492.7547916666667,1124.8047838345865,744.0733333333333,1016.7,539.7036956521739,1666.33,899.981593137255,838.8487500000001,654.9999285714287,0.0,1077.9060643476043,852.9125,1084.0,14.0,0.0,114.0,1165.0,10.0,24.48900032043457,15400.0,0.0210706371669022,79.83000183105469,221593.0,-0.0117602991160933,681.9000244140625,0.009026393505888,6.946499824523926,0.0044245279857668,2.299999952316284,45387851.0,0.0239729142688887,5128.22021484375,390600.0,-0.0180725811097162,1221.199951171875,114.0,-0.0042401118221372,31.479999542236328,91507,-0.0540865175205567,2.7739999294281006,2374.0,-0.0023377111575781,5122.509765625,-0.0042435139955852,113.875,14029.0,0.0144766146993318,7159.17822265625,160385,-0.0174683205171514,3.184999942779541,592740,-0.0200000176062951,20.104999542236328,13200.0,-0.0464063008440526,2755.8798828125,21911910000,0.0018503206997706,12.885375022888184,5490337.0,0.0155762895661906,3311305.0,-0.0363611124928626,18215632.0,0.1772486357001297,369.5,874277.0,-0.023132848645076,11.5,7824600.0,0.1843478161355722,845.0,670095,-0.0137146192004669
2018-10-29,785,3,5103,48,36154.93675159236,224.68,910431.0,100.23,0.0,474.72,1139.0,7911.429999999999,1155.4941416922377,662.6842605014034,648.0924264705882,928.6512857142858,559.6777743902439,27.0,39.0,61.0,60.0,8.0,16.0,40.0,20.0,101.0,13.0,6.0,0.0,547.0,9.0,192.0,629.7905,928.6512857142858,550.9288513513513,602.490641025641,1188.9557142857143,659.53125,465.31216216216217,2263.8317647058825,787.886989010989,607.4015625,763.3533333333334,0.0,1108.6241427090736,1036.5825,1055.0,17.0,0.0,67.0,1083.0,21.0,24.48900032043457,15400.0,0.0210706371669022,77.33999633789062,108732.0,-0.0311913495684704,683.7000122070312,0.0026396652420057,6.942500114440918,-0.0005757878333038,2.1615378856658936,81816497.0,-0.0602008997917361,5128.22021484375,390600.0,-0.0180725811097162,1224.5,439.0,0.0027023001638333,30.600000381469727,74029,-0.0279542304181394,2.7385001182556152,4524.0,-0.0127973367251685,5063.6298828125,-0.0114943427160681,117.0749969482422,88447.0,0.0281009611261664,7176.6142578125,196257,0.0024354799690655,3.2839999198913574,787990,0.0310831958839594,20.104999542236328,13200.0,-0.0464063008440526,2641.25,23951720000,-0.0415946585797908,12.17391300201416,5444759.0,-0.0552146925960834,3323607.0,-0.0307936577967737,15991327.0,-0.0910111798494823,366.75,990691.0,-0.0074424898511502,11.5,7824600.0,0.1843478161355722,875.25,269977,0.0357988165680474
2018-11-05,905,3,6088,44,35808.30985635359,112.44,1050746.0,100.54,0.0,283.56,1206.0,11624.756666666668,981.9144925053532,962.3833006535948,817.2916,719.3520715249663,718.4207854785479,44.0,58.0,70.0,96.0,18.0,30.0,62.0,14.0,19.0,7.0,10.0,0.0,580.0,6.0,192.0,752.2688235294117,719.3520715249663,939.2376543209876,1028.672490421456,612.9267857142858,775.1578947368421,421.1361590909091,3701.6670833333337,577.9060000000001,1284.037142857143,699.9088888888889,0.0,934.5113972403776,1103.8916666666669,1118.0,4.0,0.0,84.0,1157.0,18.0,24.48900032043457,15400.0,0.0210706371669022,73.16999816894531,170464.0,-0.0539177445875095,685.2999877929688,0.002340171942915,6.889900207519531,-0.0075765078940329,2.292306900024414,52065201.0,0.0604981366395227,5128.22021484375,390600.0,-0.0180725811097162,1229.800048828125,36.0,0.0043283371401592,32.220001220703125,132720,0.0529412032365337,2.755500078201294,2345.0,0.0062077630862062,5250.9501953125,0.0369932867992233,114.5749969482422,210885.0,-0.0213538335696495,7527.07568359375,137076,0.0488338112083612,3.7190001010894775,1114013,0.1324604725363425,20.104999542236328,13200.0,-0.0464063008440526,2738.31005859375,18826370000,0.0367477741954567,12.05533504486084,2422150.0,-0.0097403322279123,3823272.0,-0.0587709186694491,12973255.0,0.0457354608875655,374.0,1275976.0,0.0197682344921608,11.5,7824600.0,0.1843478161355722,875.25,23019,0.0
2018-11-12,724,3,6124,48,32751.780483425413,170.86,878240.01,100.01,0.0,396.89,962.0,7269.426666666666,819.900705647503,745.889594017094,838.135,874.1226851851852,679.4049731182796,28.0,39.0,66.0,52.0,13.0,21.0,42.0,8.0,46.0,17.0,14.0,0.0,422.0,14.0,180.0,668.2484615384615,874.1226851851852,652.42765625,756.6851923076922,1035.975,658.8366666666667,647.0531428571429,1450.545,724.2983974358974,1005.4744444444444,1102.770909090909,0.0,808.1495697278912,922.1275,897.0,11.0,0.0,54.0,942.0,7.0,24.48900032043457,15400.0,0.0210706371669022,70.12000274658203,216446.0,-0.0416836886522945,684.0,-0.0018969616461769,6.955900192260742,0.0095792366730043,2.261538028717041,42406338.0,-0.0134226666189616,5128.22021484375,390600.0,-0.0180725811097162,1201.300048828125,11.0,-0.0231744989985629,29.5,71329,-0.0844196498340097,2.677999973297119,1941.0,-0.028125604320347,5153.0,-0.0186538039153255,115.3499984741211,134329.0,0.0067641417981358,7568.921875,149002,0.0055594221667598,4.271999835968018,1681793,0.1486958106606501,20.104999542236328,13200.0,-0.0464063008440526,2726.219970703125,20465380000,-0.0044151639631465,12.015810012817385,3411349.0,-0.003278634056737,3162058.0,-0.0502376901046265,8750604.0,-0.0189125114291554,371.25,839764.0,-0.0073529411764705,11.5,7824600.0,0.1843478161355722,892.25,240676,0.0194230219937161
2018-11-19,873,3,6263,51,35529.721809851086,100.0,890819.98,100.04,0.0,492.0,1205.0,14000.0,1134.6810307239757,1081.2983333333334,1088.9514897959184,1267.0071296296296,566.327343871975,25.0,25.0,91.0,85.0,9.0,25.0,53.0,11.0,32.0,10.0,12.0,0.0,578.0,23.0,226.0,1241.16375,1267.0071296296296,546.9580336617405,1133.1917088607595,1445.5522222222223,986.1820833333333,471.1528125,3214.87625,923.6223076923076,926.0892857142858,660.1450000000001,0.0,1092.6568848800152,922.0646875,1087.0,11.0,0.0,107.0,1160.0,7.0,24.48900032043457,15400.0,0.0210706371669022,66.79000091552734,170755.0,-0.0474900413665059,670.0,-0.0204678362573099,6.936999797821045,-0.0027171744730791,2.4307689666748047,51685036.0,0.0748300209012038,5128.22021484375,390600.0,-0.0180725811097162,1223.0999755859375,13.0,0.0181469457019323,28.940000534057617,71765,-0.0189830327438096,2.804500102996826,1696.0,0.0472367927412491,5164.27001953125,0.0021870792802736,117.0999984741211,55648.0,0.015171218232765,7670.05029296875,150808,0.0133610069754814,4.308000087738037,822281,0.0084270255506369,20.104999542236328,13200.0,-0.0464063008440526,2690.72998046875,13066840000,-0.0130180215154178,12.292490005493164,2108471.0,0.0230263288434688,3431748.0,-0.0528950770482276,7937628.0,0.0180722427811164,362.25,684513.0,-0.0242424242424242,11.5,7824600.0,0.1843478161355722,881.0,267840,-0.0126085738302045
2018-11-26,965,3,6236,47,36432.06816580311,224.7,1979982.01,100.03,0.0,380.54,1256.0,8008.6,915.9869553805776,830.1641770920212,805.5593749999999,1107.8898440545809,507.1948487394958,18.0,48.0,77.0,121.0,8.0,19.0,61.0,12.0,32.0,12.0,7.0,0.0,620.0,10.0,211.0,775.1620588235294,1107.8898440545809,554.1210666666667,802.884351851852,905.5207142857143,795.7647368421053,449.3534821428571,1488.119090909091,959.3844019138756,843.1828571428571,868.906875,0.0,903.324071093226,589.4666666666667,1132.0,2.0,0.0,122.0,1192.0,13.0,24.48900032043457,15400.0,0.0210706371669022,60.47999954223633,149286.0,-0.0944752401077458,674.2000122070312,0.0062686749358675,6.947500228881836,0.0015136847869146,2.3615379333496094,48035171.0,-0.0284811243990417,5128.22021484375,390600.0,-0.0180725811097162,1220.199951171875,304713.0,-0.002371044454214,29.959999084472656,96888,0.0352452844364901,2.758500099182129,58883.0,-0.0164022114905764,5133.419921875,-0.0059737576733158,116.9250030517578,45773.0,-0.0014944101165123,8102.46044921875,186451,0.0563764434043407,4.611999988555908,784363,0.0705663636551803,20.104999542236328,13200.0,-0.0464063008440526,2673.449951171875,19269950000,-0.006422059969713,12.411067008972168,4684564.0,0.0096462965132382,3868241.0,-0.0903805039661495,21633403.0,0.0213018117442342,356.0,1005881.0,-0.0172532781228433,11.5,7824600.0,0.1843478161355722,894.75,529590,0.0156072644721907
2018-12-03,844,3,5496,49,36815.60609004739,122.98,928780.67,100.07,0.0,255.84,1271.0,11399.104,932.1738824896324,1006.683887921022,988.4462727272728,880.180846153846,626.4328548419368,25.0,32.0,109.0,71.0,7.0,26.0,43.0,12.0,38.0,10.0,6.0,0.0,640.0,20.0,232.0,917.40385,880.180846153846,646.859213085234,944.0169572235674,1022.16,693.2531578947368,393.2357619047619,3968.4674666666665,1167.438188405797,1332.1828571428573,824.2283333333335,0.0,897.5919510069783,1137.9333333333332,1135.0,14.0,0.0,122.0,1229.0,10.0,24.48900032043457,15400.0,0.0210706371669022,61.68999862670898,189315.0,0.0200065987703528,671.0999755859375,-0.0045980963585948,6.958000183105469,0.0015113283739067,2.523076057434082,57657023.0,0.0684037811983595,5128.22021484375,390600.0,-0.0180725811097162,1233.9000244140625,1870.0,0.0112277280695103,28.89999961853028,54573,-0.0353804905986043,2.799499988555908,4604.0,0.0148631096246598,5151.669921875,0.0035551348375439,117.9000015258789,44651.0,0.0083386653724484,8346.5625,174904,0.0301269043287693,4.48799991607666,770269,-0.0268863991298652,20.104999542236328,13200.0,-0.0464063008440526,2790.3701171875,18159960000,0.0437338151643251,12.76679801940918,4181533.0,0.0286624034968023,3471123.0,0.0255665246468375,19015997.0,0.0428736825785143,371.25,15051.0,0.0428370786516854,11.5,7824600.0,0.1843478161355722,916.75,599092,0.0245878737077396
2018-12-10,763,3,5380,46,38024.33937090433,781.9399999999999,913563.76,100.0,0.0,1129.46,1129.0,11602.13,934.1044662298834,924.1703138138138,921.7518783068782,615.5747802197802,506.3353923303835,16.0,36.0,68.0,95.0,11.0,29.0,54.0,15.0,78.0,8.0,13.0,0.0,449.0,18.0,239.0,756.454,615.5747802197802,454.5041700680272,929.8933712121212,586.0418181818181,602.1033333333334,483.5823529411765,3033.4688461538462,902.2733985507246,1348.0637499999998,688.9951785714286,0.0,842.5214563674286,790.9611538461539,1029.0,1.0,0.0,99.0,1087.0,12.0,24.48900032043457,15400.0,0.0210706371669022,59.970001220703125,152059.0,-0.0278813007666557,674.2999877929688,0.004768309228796,6.87470006942749,-0.0119718470086042,2.2461531162261963,24255937.0,-0.1097560814276485,5128.22021484375,390600.0,-0.0180725811097162,1243.699951171875,559.0,0.0079422372671287,26.8799991607666,75034,-0.069896210533805,2.7184998989105225,3075.0,-0.0289337703077358,5035.0,-0.022647010317877,119.5749969482422,19670.0,0.0142069160363464,7474.76806640625,131501,-0.104449518420757,3.82699990272522,920614,-0.1472816456577111,20.104999542236328,13200.0,-0.0464063008440526,2637.719970703125,20198330000,-0.0547060569291918,12.648221015930176,4029734.0,-0.0092879203774299,3389763.0,-0.0368272093454677,13614603.0,-0.0355555216471353,374.25,135772.0,0.0080808080808081,11.5,7824600.0,0.1843478161355722,900.5,559631,-0.0177256613035178
2018-12-17,958,3,7651,50,35629.300730688934,487.25,853033.97,100.01,0.0,591.75,1345.0,9935.19,900.596466947781,817.6099605263157,970.9640178571428,905.662293040293,675.9771661324787,21.0,40.0,92.0,63.0,8.0,22.0,45.0,20.0,36.0,51.0,11.0,0.0,742.0,11.0,183.0,996.5838888888889,905.662293040293,590.7234014675053,862.2411111111111,625.425,1223.9369444444446,755.9628571428572,1280.444375,650.2431458333333,929.8340816326532,946.2142857142856,0.0,889.4038950714723,804.7605555555556,1259.0,6.0,0.0,80.0,1246.0,28.0,24.48900032043457,15400.0,0.0210706371669022,59.61000061035156,202737.0,-0.0060030115561725,684.0999755859375,0.0145335725498747,6.906599998474121,0.004640192113761,2.292306900024414,28399383.0,0.0205479241218256,5128.22021484375,390600.0,-0.0180725811097162,1247.4000244140625,454.0,0.0029750529769669,25.200000762939453,194323,-0.0624999423466959,2.753000020980835,3136.0,0.0126908675200387,5105.14990234375,0.0139324532956801,120.875,9694.0,0.0108718635579017,7584.6142578125,132449,0.0146955986366894,3.815999984741211,679465,-0.0028742927263144,20.104999542236328,13200.0,-0.0464063008440526,2545.93994140625,27611110000,-0.0347952134101671,12.806324005126951,3268914.0,0.0125000179074707,2637212.0,-0.0219607633702895,23838292.0,0.0841013267938526,376.75,715237.0,0.0066800267201068,11.5,7824600.0,0.1843478161355722,884.75,472560,-0.0174902831760133
2018-12-24,544,3,3820,38,28859.53801470588,765.69,386417.01,100.02,0.0,964.43,720.0,11342.03,893.3383361486488,916.999398724083,729.2095833333333,1610.203,513.9379285714285,29.0,19.0,16.0,39.0,6.0,9.0,25.0,8.0,40.0,7.0,1.0,0.0,364.0,4.0,153.0,785.1920588235294,1610.203,326.9483333333333,1029.1058558558557,1203.8466666666666,1343.4077777777777,502.0246052631579,932.255,686.5583479532164,641.8858333333333,301.45,0.0,892.5331637931034,1131.495,638.0,2.0,0.0,80.0,704.0,3.0,24.48900032043457,15400.0,0.0210706371669022,50.470001220703125,76383.0,-0.1533299663825407,693.0,0.0130098300419314,6.905399799346924,-0.0001737756823129,2.169229984283448,15850953.0,-0.0536912905246917,5128.22021484375,390600.0,-0.0180725811097162,1267.5,1375.0,0.0161134962261837,22.1200008392334,56088,-0.1222222154943613,2.6684999465942383,3508.0,-0.0306938153805357,5030.72998046875,-0.0145774214858674,124.0749969482422,3994.0,0.0264736045356128,6915.07568359375,45264,-0.0882758900400365,3.302999973297119,363606,-0.1344339658006791,20.104999542236328,13200.0,-0.0464063008440526,2351.10009765625,14730860000,-0.076529630798117,12.529644012451172,2163569.0,-0.0216049502234217,2344242.0,-0.147353691488124,11024743.0,-0.0456961011847453,377.75,337397.0,0.0026542800265427,11.5,7824600.0,0.1843478161355722,882.75,200979,-0.0022605255721955
2018-12-31,456,3,3197,43,41428.880328947365,342.74,913563.77,100.01,0.0,491.92,729.0,5781.29,907.4821410385072,692.5933838383838,1094.579126984127,499.2528571428571,588.8223446327684,22.0,7.0,68.0,28.0,12.0,25.0,30.0,10.0,11.0,2.0,4.0,0.0,340.0,4.0,166.0,1110.5410416666666,499.2528571428571,522.1364062499999,826.2247916666666,648.672,1079.6425,605.8855555555556,1890.99,336.24296296296296,1120.26,992.3283333333334,0.0,886.194092143237,1163.6333333333334,634.0,5.0,0.0,90.0,690.0,13.0,24.48900032043457,15400.0,0.0210706371669022,53.79999923706055,144444.0,0.0659797490750095,693.5,0.0007215007215006,6.877200126647949,-0.0040837132560581,2.269229888916016,20851679.0,0.046099263497688,5128.22021484375,390600.0,-0.0180725811097162,1278.300048828125,212.0,0.008520748582347,22.540000915527344,86147,0.0189873445008648,2.628000020980835,2926.0,-0.0151770381952199,5125.3701171875,0.0188124063676999,121.9250030517578,114333.0,-0.0173281801278727,7230.66552734375,64151,0.0456379450045278,3.0439999103546143,546908,-0.0784135831172793,20.104999542236328,13200.0,-0.0464063008440526,2506.85009765625,15288050000,0.0662455844203584,12.371541023254396,1039076.0,-0.01261831453788,2933445.0,0.0677169327716318,5214427.0,-0.018930860944932,375.0,475481.0,-0.0072799470549305,11.5,7824600.0,0.1843478161355722,909.5,33333,0.0303030303030302
2019-01-07,814,3,6087,50,38056.90909090909,319.745,1054613.71,100.33,0.0,167.77,2137.0,7240.14,675.0175535467724,679.7959809589886,450.081201227966,409.3825793650793,496.26640046296296,22.0,58.0,60.0,102.0,13.0,20.0,42.0,33.0,91.0,68.0,19.0,0.0,902.0,22.0,685.0,503.0658333333333,409.3825793650793,458.4434946236559,685.4594871794872,391.9296296296296,1233.5506666666663,499.2015,2167.4415606060606,667.1019152923537,259.19168845315903,558.8626388888889,0.0,632.7791382526417,594.853409090909,1585.0,376.0,0.0,176.0,1988.0,22.0,24.48900032043457,15400.0,0.0210706371669022,57.33000183105469,177503.0,0.0656134320455987,680.7000122070312,-0.0184570840561913,6.868400096893311,-0.0012795948340283,2.3461530208587646,51197007.0,0.0338983424810668,5128.22021484375,390600.0,-0.0180725811097162,1286.800048828125,169.0,0.0066494560551666,22.39999961853028,121896,-0.0062112374139533,2.6410000324249268,1701.0,0.0049467318646518,5190.06005859375,0.0126215160909681,124.9749984741211,217171.0,0.0250153401355139,7593.33203125,130328,0.050156725205277,3.0989999771118164,652078,0.0180683536060928,20.104999542236328,13200.0,-0.0464063008440526,2549.68994140625,19510680000,0.0170891126637577,12.411067008972168,2126354.0,0.0031949120682279,4111963.0,0.0684871310460661,6756805.0,-0.0124858802624606,382.25,788176.0,0.0193333333333334,11.5,7824600.0,0.1843478161355722,899.25,11776,-0.0112699285321605
2019-01-14,697,3,5530,50,39406.7043902439,296.75,1230819.95,102.28,0.0,449.71,1454.0,8263.5,609.1724294970347,817.2649318181818,678.7599646464646,706.8533130445161,580.5379112604263,32.0,104.0,88.0,115.0,7.0,24.0,52.0,16.0,37.0,5.0,15.0,0.0,656.0,61.0,242.0,611.8428260869565,706.8533130445161,619.997458643507,729.6094503546099,610.288,551.2955882352941,584.7730510752689,1188.9513636363636,1332.2408854166667,1114.1755555555555,736.9718181818182,0.0,588.4660389920587,516.0362301587302,1309.0,4.0,0.0,141.0,1417.0,16.0,24.48900032043457,15400.0,0.0210706371669022,58.9900016784668,162982.0,0.0289551682259483,674.4000244140625,-0.0092551603936986,6.76200008392334,-0.0154912368919943,2.4307689666748047,25339717.0,0.0360658256574706,5128.22021484375,390600.0,-0.0180725811097162,1289.0999755859375,25.0,0.0017873225602587,23.299999237060547,146316,0.0401785550829094,2.6454999446868896,1744.0,0.0017038667954241,5357.14990234375,0.0321942023528862,126.5250015258789,132789.0,0.0124025050664735,7631.69091796875,101234,0.0050516540776679,3.4820001125335693,919270,0.1235882988868875,20.104999542236328,13200.0,-0.0464063008440526,2582.610107421875,18984150000,0.0129114389483249,12.371541023254396,1600169.0,-0.0031847371131907,2631551.0,0.0410139704244605,6054590.0,-0.0022987936238868,378.5,959371.0,-0.0098103335513407,11.5,7824600.0,0.1843478161355722,916.75,486826,0.0194606616624966
2019-01-21,723,3,5313,44,40258.97706777317,190.24,2005172.76,102.01,0.0,295.61,1595.0,62500.0,633.3556455905625,600.4609836065574,550.7194784580499,418.5813270676692,458.0736337077377,38.0,59.0,81.0,86.0,18.0,27.0,79.0,11.0,4.0,12.0,49.0,0.0,636.0,43.0,452.0,559.9102631578947,418.5813270676692,465.8124305555556,603.3302259887006,1172.53,705.7025396825397,414.5305157342657,1713.826111111111,515.8183333333334,919.4775,342.40687301587303,0.0,603.1561605294291,557.9404444444444,1382.0,11.0,0.0,202.0,1515.0,29.0,24.48900032043457,15400.0,0.0210706371669022,61.5,155089.0,0.0425495550112762,670.7000122070312,-0.0054863761463322,6.7778000831604,0.0023365866668096,2.5,28605978.0,0.0284811243990417,5128.22021484375,390600.0,-0.0180725811097162,1282.5,22.0,-0.0051198322169989,23.71999931335449,107282,0.0180257549376181,2.688999891281128,1507.0,0.0164429965994146,5456.39013671875,0.0185248193879328,126.0500030517578,52666.0,-0.0037541866697702,7792.1015625,92202,0.0210190174439015,3.177999973297119,465942,-0.087306183059039,20.104999542236328,13200.0,-0.0464063008440526,2632.89990234375,14552950000,0.0194724688706795,12.371541023254396,2689579.0,0.0,2961824.0,0.0407840317114562,5852772.0,0.0230414518702124,379.0,597240.0,0.0013210039630118,11.5,7824600.0,0.1843478161355722,925.25,388477,0.0092718843741477
2019-01-28,669,3,3956,39,33482.57662182362,30.3,476070.0,100.02,0.0,385.06,1364.0,5909.376,596.1575601604278,574.3187043242164,585.3539814814815,389.1972883597884,569.7868887704335,17.0,64.0,44.0,109.0,11.0,26.0,39.0,29.0,104.0,10.0,8.0,0.0,618.0,14.0,271.0,628.0775,389.1972883597884,792.9969619047619,724.8261685241472,587.0559722222223,627.5317307692308,396.2664705882353,2058.153812121212,417.1220194931775,502.7955,540.2233333333334,0.0,551.8546434343434,609.7171875,1252.0,4.0,0.0,108.0,1309.0,23.0,24.48900032043457,15400.0,0.0210706371669022,59.93000030517578,96401.0,-0.025528450322345,669.0,-0.0025346834293876,6.746399879455566,-0.0046328016937012,2.4384610652923584,33526610.0,-0.0246155738830566,5128.22021484375,390600.0,-0.0180725811097162,1302.4000244140625,271467.0,0.0155165882370857,23.71999931335449,87484,0.0,2.6875,3366.0,-0.000557787780502,5445.91015625,-0.001920680194443,125.4499969482422,59143.0,-0.0047600641728602,7577.6396484375,97967,-0.0275229875204158,2.733999967575073,556135,-0.1397105127289866,20.104999542236328,13200.0,-0.0464063008440526,2643.85009765625,19768450000,0.0041589865618334,12.608695030212402,1990852.0,0.0191693182370922,3450722.0,-0.0110328708336386,4055871.0,0.0123873485652732,379.75,845289.0,0.0019788918205805,11.5,7824600.0,0.1843478161355722,917.75,491031,-0.0081059173196433
2019-02-04,683,3,4702,46,38468.318799414345,575.1,577626.03,100.16,0.0,930.11,1184.0,7240.02,744.0483514500206,640.6027289820037,749.3976461038961,455.5265625,452.3892484222605,36.0,53.0,87.0,64.0,5.0,24.0,27.0,13.0,54.0,9.0,5.0,0.0,512.0,21.0,274.0,955.1190641711228,455.5265625,420.1967640692641,681.8056779661016,365.87,1003.057,381.08851851851847,2080.4500000000003,466.9617296918768,305.25666666666666,582.914,0.0,690.9192339235688,730.855,1028.0,8.0,0.0,148.0,1141.0,12.0,24.48900032043457,15400.0,0.0210706371669022,62.5099983215332,159945.0,0.0430501919442607,653.4000244140625,-0.0233183491568572,6.743800163269043,-0.0003853486649139,2.4769229888916016,9179411.0,0.0157730316660322,5128.22021484375,390600.0,-0.0180725811097162,1314.300048828125,1720.0,0.009136996461142,22.68000030517578,111793,-0.0438448161165494,2.7950000762939453,3694.0,0.0400000283884447,5472.93017578125,0.0049615250263062,127.375,25369.0,0.0153447835678466,7685.7421875,102496,0.0142659910048361,2.5829999446868896,656738,-0.0552304406287587,20.104999542236328,13200.0,-0.0464063008440526,2724.8701171875,18217210000,0.03064471000193,12.608695030212402,1990852.0,0.0191693182370922,3208961.0,0.0494325757232791,4055871.0,0.0123873485652732,379.25,1063463.0,-0.0013166556945358,11.5,7824600.0,0.1843478161355722,914.5,514060,-0.0035412694088804
2019-02-11,699,3,5582,46,44753.06486409156,568.26,2308224.61,101.27,0.0,738.26,1034.0,10596.5,773.060183006536,790.0025529100528,781.9905701754386,744.4875000000001,657.735800462963,7.0,15.0,102.0,87.0,12.0,19.0,33.0,17.0,24.0,12.0,11.0,0.0,448.0,51.0,196.0,867.1371428571429,744.4875000000001,572.7998233695652,829.476974789916,784.0575,1042.5390625,675.7411206896552,2532.786363636364,583.5209615384615,772.6096428571428,675.9186666666667,0.0,714.224353259034,883.3958444444445,870.0,6.0,0.0,158.0,996.0,11.0,24.48900032043457,15400.0,0.0210706371669022,61.5099983215332,181625.0,-0.0159974408390844,657.5999755859375,0.00642784054935,6.743800163269043,0.0,2.453845977783203,40025279.0,-0.0093168060581185,5128.22021484375,390600.0,-0.0180725811097162,1307.0,1419.0,-0.0055543243984765,23.100000381469727,112869,0.018518521633269,2.7915000915527344,2276.0,-0.0012522306424591,5375.06982421875,-0.0178807966517735,126.625,27506.0,-0.0058881256133463,7394.56298828125,87625,-0.0378856318772077,2.625,757096,0.0162601843641161,20.104999542236328,13200.0,-0.0464063008440526,2709.800048828125,18417330000,-0.0055305639209437,12.569169044494627,4787388.0,-0.0031348197115613,3065559.0,-0.0394061853328948,5190872.0,-0.0200221753152588,372.75,1278884.0,-0.0171390903098219,11.5,7824600.0,0.1843478161355722,907.5,563485,-0.007654455986878
2019-02-18,671,3,3978,35,34945.257078986586,129.96,527793.2000000001,100.26,0.0,484.32,906.0,13469.0,796.445766723356,1013.9732589285716,847.6843333333333,977.3266666666668,525.0234986504723,24.0,16.0,57.0,67.0,16.0,22.0,27.0,14.0,16.0,1.0,7.0,0.0,407.0,38.0,194.0,683.46625,977.3266666666668,430.56969696969696,1077.1027609890111,729.8169230769231,1159.1066666666668,617.5771428571428,1394.504,740.4120833333333,2373.95,1330.678,0.0,778.1004221443178,726.1453846153846,784.0,4.0,0.0,118.0,844.0,9.0,24.48900032043457,15400.0,0.0210706371669022,66.44999694824219,126479.0,0.0803121242319984,661.4000244140625,0.0057786632743395,6.77209997177124,0.0041964186092486,2.461538076400757,56680286.0,0.0031347112602815,5128.22021484375,390600.0,-0.0180725811097162,1340.0999755859375,2103.0,0.0253251534704954,26.459999084472656,149616,0.1454544869054739,2.881500005722046,1631.0,0.0322406989853438,5370.2900390625,-0.0008892508027921,128.6750030517578,9632.0,0.016189560132342,7877.537109375,255948,0.0653147619215843,2.7170000076293945,394905,0.0350476219540549,20.104999542236328,13200.0,-0.0464063008440526,2779.760009765625,14467710000,0.0258173886179369,12.806324005126951,4145132.0,0.0188679903812893,1898480.0,0.0702156137357343,10026025.0,0.0056752820294101,369.75,1115221.0,-0.0080482897384306,11.5,7824600.0,0.1843478161355722,910.25,548077,0.0030303030303029
2019-02-25,735,3,5179,46,40787.200843537415,167.47,836074.8,100.67,0.0,293.79,991.0,8560.0,967.5424486461252,979.4305825958702,737.2765,716.2815977961433,590.4376,36.0,64.0,35.0,91.0,15.0,17.0,20.0,15.0,45.0,8.0,11.0,0.0,455.0,4.0,175.0,669.3307777777778,716.2815977961433,624.6437037037037,1061.6950534188036,662.2824242424242,561.754,577.2825,1654.2734615384616,796.0983333333334,1212.6375,644.7645454545454,0.0,941.5904045542636,370.2833333333333,901.0,6.0,0.0,84.0,939.0,16.0,24.48900032043457,15400.0,0.0210706371669022,64.76000213623047,128089.0,-0.0254325792268742,650.7999877929688,-0.0160266649982124,6.713200092315674,-0.0086974320670226,2.684614896774292,89469160.0,0.0906249724561305,5128.22021484375,390600.0,-0.0180725811097162,1325.9000244140625,1979.0,-0.0105961879192381,26.440000534057617,93940,-0.0007558031408539,2.950000047683716,71130.0,0.0237723553099578,5479.68994140625,0.0203713210176723,129.5500030517578,70185.0,0.0068000775538978,7839.17822265625,166122,-0.0048694009544048,2.858999967575073,570899,0.052263511058866,20.104999542236328,13200.0,-0.0464063008440526,2796.110107421875,19748980000,0.0058818378560776,12.806324005126951,3195511.0,0.0,3020022.0,-0.010875389707472,12141623.0,0.0293453994307877,370.5,812577.0,0.0020283975659229,11.5,7824600.0,0.1843478161355722,899.25,287940,-0.0120845921450151
2019-03-05,445,3,3268,41,40126.98008988764,807.13,492620.71,105.32,0.0,1198.51,678.0,9280.33,993.7835483870967,1371.268245614035,727.6323809523809,736.4509920634921,596.2534290982862,17.0,46.0,74.0,42.0,5.0,8.0,71.0,5.0,18.0,7.0,3.0,0.0,273.0,17.0,92.0,967.2608333333332,736.4509920634921,420.7455673076923,1672.0492307692307,3208.2075,929.7238888888888,669.1867298136646,2477.382,719.5761111111111,475.5133333333333,273.3566666666666,0.0,958.7930188679244,1002.4033333333332,615.0,3.0,0.0,60.0,656.0,1.0,24.48900032043457,15400.0,0.0210706371669022,65.66999816894531,184092.0,0.0140518221540597,659.2999877929688,0.0130608484318288,6.705399990081787,-0.0011619052205542,2.6307690143585205,63144965.0,-0.0200572091291268,5128.22021484375,390600.0,-0.0180725811097162,1284.800048828125,177.0,-0.0309977938224266,25.799999237060547,115335,-0.0242057974307783,2.9110000133514404,4359.0,-0.0132203504074169,5240.89013671875,-0.0435790724002564,129.6750030517578,153141.0,0.000964878402589,7687.48583984375,135649,-0.0193505465118893,2.865000009536743,529223,0.0020986505875197,20.104999542236328,13200.0,-0.0464063008440526,2792.81005859375,18737740000,-0.0011802284964979,12.68774700164795,2159990.0,-0.0092592537430359,3101654.0,0.0200072209717041,7287254.0,0.0131578823536055,365.0,17503.0,-0.0148448043184885,11.5,7824600.0,0.1843478161355722,883.75,13485,-0.0172365860439255
2019-03-11,751,3,4839,39,37628.832529960055,602.04,836074.77,100.41,0.0,844.43,1003.0,10746.25,965.7334284532672,883.1621535580525,554.6523823529412,504.9405,740.0572388888888,25.0,16.0,66.0,85.0,1.0,4.0,47.0,10.0,25.0,3.0,17.0,0.0,504.0,11.0,189.0,510.74485714285714,504.9405,987.363952020202,904.1966203703704,107.35,543.415,443.9171323529412,2089.3166666666666,794.0749999999999,1293.9525,504.0576363636364,0.0,940.0678214890016,978.5125,912.0,16.0,0.0,75.0,963.0,13.0,24.48900032043457,15400.0,0.0210706371669022,66.58000183105469,179960.0,0.0138572207626419,654.8499755859375,-0.0067496015310538,6.720600128173828,0.0022668503168377,2.453845977783203,38530741.0,-0.0672514521836338,5128.22021484375,390600.0,-0.0180725811097162,1288.800048828125,37.0,0.003113324912813,24.799999237060547,78313,-0.0387596910686549,2.900000095367432,2626.0,-0.0037787419902289,5299.330078125,0.0111507663548999,129.10000610351562,193679.0,-0.0044341386906517,7411.9990234375,116428,-0.03583574944339,2.7950000762939453,496106,-0.0244327863908512,20.104999542236328,13200.0,-0.0464063008440526,2783.300048828125,20454890000,-0.0034051759933911,12.68774700164795,1993518.0,0.0,2935567.0,0.0035342067927226,7526161.0,-0.0292207262746156,352.5,383989.0,-0.0342465753424657,11.5,7824600.0,0.1843478161355722,909.25,186718,0.0288543140028287
2019-03-18,823,3,5655,48,38813.141215066826,307.35,507920.0,100.01,0.0,420.42,1093.0,9888.495,966.1736529411764,895.7128986972148,889.5173275862069,607.9854385964912,665.1169642857143,19.0,37.0,54.0,94.0,16.0,17.0,38.0,13.0,47.0,11.0,7.0,0.0,536.0,11.0,193.0,901.05,607.9854385964912,636.3888095238095,925.8247016274864,615.1949999999999,1903.5807692307687,586.1379032258066,3060.0135,807.6079938271605,1062.5117857142857,608.114,0.0,915.7196807228916,997.3836363636364,993.0,5.0,0.0,95.0,1029.0,19.0,24.48900032043457,15400.0,0.0210706371669022,67.54000091552734,178195.0,0.014418730220354,669.5,0.0223715735821081,6.712800025939941,-0.001160625849645,2.41538405418396,29398936.0,-0.0156741392685084,5128.22021484375,390600.0,-0.0180725811097162,1300.300048828125,30.0,0.0089230288363635,25.299999237060547,109767,0.0201612909428163,2.9035000801086426,1928.0,0.0012068912503835,5324.39990234375,0.0047307534818854,129.72500610351562,107078.0,0.0048412081367281,7643.896484375,96953,0.0312867635578764,2.753000020980835,502570,-0.0150268530113246,20.104999542236328,13200.0,-0.0464063008440526,2832.93994140625,18917020000,0.0178349052230373,12.727272033691406,2840579.0,0.0031152128142468,2452625.0,0.0405000739563587,8289613.0,-0.0167224713198671,371.5,872896.0,0.0539007092198582,11.5,7824600.0,0.1843478161355722,903.75,391611,-0.0060489414352488
2019-03-25,770,3,6188,46,36077.6721038961,362.38,504049.96,100.03,0.0,940.21,3177.0,13305.84,856.9440435499058,894.7002759740259,1013.542758684405,717.6767775919733,531.0635741677202,49.0,59.0,86.0,91.0,14.0,17.0,53.0,10.0,11.0,7.0,5.0,0.0,402.0,8.0,2365.0,844.5473484848484,717.6767775919733,459.3307352941176,934.7049267399268,1150.81,980.0023076923078,561.35524002574,2546.29875,582.664,1124.0357142857142,1839.0260000000003,0.0,817.8838191233141,1000.69375,880.0,1563.0,0.0,734.0,3137.0,16.0,24.48900032043457,15400.0,0.0210706371669022,67.20999908447266,157012.0,-0.0048860205297809,678.4000244140625,0.0132935390800037,6.717100143432617,0.0006405847747674,2.369230031967163,58939590.0,-0.0191083575867979,5128.22021484375,390600.0,-0.0180725811097162,1321.9000244140625,295346.0,0.0166115317809947,25.89999961853028,108712,0.0237154308127733,2.8494999408721924,2633.0,-0.018598290940784,5193.52001953125,-0.0245811519068821,125.6999969482422,51802.0,-0.0310272419803289,7516.6142578125,98405,-0.0166514848575827,2.6619999408721924,415638,-0.0330548781021153,20.104999542236328,13200.0,-0.0464063008440526,2798.360107421875,17055060000,-0.012206342068519,12.68774700164795,3272013.0,-0.0031055384012242,3541305.0,-0.0045693088012599,8594909.0,-0.0181405728966181,379.75,995783.0,0.0222072678331091,11.5,7824600.0,0.1843478161355722,884.25,402254,-0.0215767634854772
2019-04-01,549,3,3402,35,42740.13863387978,185.34,842198.42,100.02,0.0,686.8,1390.0,9476.86,931.5219218417242,691.389974334647,621.2678333333333,565.3984027777777,482.4862735849056,39.0,115.0,66.0,96.0,13.0,48.0,27.0,27.0,145.0,5.0,4.0,0.0,460.0,10.0,335.0,662.0120454545454,565.3984027777777,449.9610185185185,702.2744301994302,1259.9853333333333,793.0494978632478,409.6712037037037,3252.798,676.319189291101,709.63,308.8125,0.0,818.2889424193693,756.0929166666667,1148.0,4.0,0.0,238.0,1278.0,32.0,24.48900032043457,15400.0,0.0210706371669022,69.01000213623047,216177.0,0.0267817746805127,668.2999877929688,-0.0148880251438923,6.7104997634887695,-0.0009826234242318,2.607692003250122,167292745.0,0.1006495646541187,5128.22021484375,390600.0,-0.0180725811097162,1288.4000244140625,1822.0,-0.0253423098428711,29.100000381469727,100599,0.1235521548289906,2.9205000400543213,1732.0,0.024916687368099,5256.669921875,0.0121593643822037,126.0500030517578,49475.0,0.0027844559428247,7641.28076171875,204144,0.0165854598400705,2.6640000343322754,576787,0.0007513499265623,20.104999542236328,13200.0,-0.0464063008440526,2867.18994140625,16592010000,0.0245964891372711,12.648221015930176,3496741.0,-0.0031152879792322,3635542.0,0.0470928335963152,5961076.0,-0.0069283449191183,361.75,924783.0,-0.0473996050032916,11.5,7824600.0,0.1843478161355722,899.0,473486,0.0166808029403449
2019-04-08,618,3,4496,45,36455.156747572815,190.3,842198.42,100.67,0.0,452.59,1443.0,8975.0,750.0124503060824,715.6208512122798,577.0559722222222,385.039,473.7500645539906,20.0,25.0,44.0,89.0,10.0,9.0,48.0,18.0,129.0,8.0,19.0,0.0,665.0,23.0,336.0,395.3697222222223,385.039,464.9526149425287,806.0358367346939,644.6130555555555,701.1212499999999,387.78373737373744,1137.2635897435898,414.23756613756615,556.6894444444445,1052.9776984126984,0.0,730.4997959933398,817.3072685185184,1195.0,83.0,0.0,165.0,1381.0,17.0,24.48900032043457,15400.0,0.0210706371669022,71.0999984741211,197358.0,0.0302854118706565,663.5,-0.007182384977771,6.715400218963623,0.0007302668426449,2.91538405418396,78057240.0,0.1179940156085699,5128.22021484375,390600.0,-0.0180725811097162,1297.0999755859375,1186.0,0.0067525232901415,28.950000762939453,63318,-0.0051546259987608,2.929500102996826,1462.0,0.0030816856083102,5274.72021484375,0.0034337885461737,126.5500030517578,36637.0,0.0039666797928969,8122.0,139554,0.0629108199622181,2.6600000858306885,648235,-0.001501482150915,20.104999542236328,13200.0,-0.0464063008440526,2895.77001953125,15877870000,0.0099679751635088,12.76679801940918,5720841.0,0.0093749945806338,3794752.0,0.0456243118416836,8013715.0,0.0116278399255513,360.0,1158910.0,-0.004837595024188,11.5,7824600.0,0.1843478161355722,895.25,500423,-0.0041713014460511
2019-04-15,205,3,1171,21,36158.44058536585,1565.88,304822.44,102.1,0.0,1695.29,449.0,9190.0,774.8470952380952,757.155759510957,875.0260416666666,397.9333333333333,334.5298571428572,17.0,29.0,16.0,62.0,0.0,7.0,2.0,0.0,67.0,9.0,4.0,0.0,119.0,0.0,117.0,919.075238095238,397.9333333333333,368.4248214285714,798.1220797720798,817.7857702020201,615.3,198.95,0.0,634.2567987275881,140.38875000000002,1088.1725,0.0,774.8470952380952,804.2973009259258,366.0,19.0,0.0,64.0,437.0,3.0,24.48900032043457,15400.0,0.0210706371669022,71.18000030517578,151521.0,0.0011252015860985,660.6900024414062,-0.0042351131252355,6.707699775695801,-0.0011466841910742,2.869230031967163,56668264.0,-0.015831198003076,5128.22021484375,390600.0,-0.0180725811097162,1286.800048828125,1501.0,-0.0079407346786508,27.39999961853028,76131,-0.0535406253388919,2.934000015258789,1072.0,0.0015360683064524,5232.31982421875,-0.0080384151003269,128.52499389648438,24134.0,0.0156064069308541,8618.0,84177,0.0610687022900764,2.490000009536743,553952,-0.0639098010558357,20.104999542236328,13200.0,-0.0464063008440526,2905.580078125,13672850000,0.0033877202013914,12.806324005126951,3816848.0,0.0030959983589997,1486941.0,-0.0155279499426432,11856760.0,0.0149425422173541,362.75,651378.0,0.0076388888888889,11.5,7824600.0,0.1843478161355722,880.5,403387,-0.0164758447361071
2019-04-22,803,3,5853,47,38689.19201743462,110.4,842198.43,101.57,0.0,797.87,1654.0,17320.0,808.4722068146189,706.2326583557951,741.5696217948718,305.81666666666666,633.4126991544282,45.0,51.0,114.0,99.0,18.0,35.0,58.0,15.0,118.0,18.0,14.0,0.0,639.0,20.0,410.0,926.4315273132664,305.81666666666666,660.9732718253968,874.415615079365,990.9584848484848,1015.9310185185184,507.732890625,2195.5958333333333,350.0805147058823,652.1424999999999,288.340375,0.0,755.1212981023606,791.2873333333333,1468.0,18.0,0.0,168.0,1520.0,34.0,24.48900032043457,15400.0,0.0210706371669022,74.04000091552734,240424.0,0.040179834196258,664.239990234375,0.0053731519772521,6.708499908447266,0.0001192857131686,2.9230759143829346,52482358.0,0.0187666662539616,5128.22021484375,390600.0,-0.0180725811097162,1273.5,1770.0,-0.0103357540592551,27.549999237060547,46507,0.0054744387087082,2.906500101089477,49912.0,-0.0093728404997592,5234.2998046875,0.0003784135020923,124.5500030517578,13402.0,-0.0309277652868676,8932.0,96632,0.0364353678347644,2.565999984741211,480120,0.0305220782784685,20.104999542236328,13200.0,-0.0464063008440526,2907.969970703125,16857490000,0.0008225182283281,13.083003044128418,6677330.0,0.0216048757544085,3746348.0,0.0362775294480783,8026622.0,0.0113250716119774,354.75,984493.0,-0.0220537560303238,11.5,7824600.0,0.1843478161355722,853.75,603618,-0.0303804656445201
2019-04-29,658,3,5483,46,35523.813844984805,182.85,1472463.98,102.0,0.0,604.67,1153.0,6540.97,851.8459430379747,775.2087127473078,705.1176937984496,1145.6131583694084,627.3617304421768,53.0,88.0,67.0,171.0,9.0,21.0,36.0,7.0,43.0,13.0,6.0,0.0,367.0,23.0,249.0,676.2682183908046,1145.6131583694084,585.6250089285714,790.2728555355536,722.64625,1008.6708333333332,457.04,2227.5814285714287,699.1347916666666,758.6140625,773.2283333333334,0.0,809.9757326086957,1111.5846428571429,976.0,12.0,0.0,165.0,1095.0,14.0,24.48900032043457,15400.0,0.0210706371669022,72.04000091552734,183816.0,-0.0270124253818123,678.1400146484375,0.0209262083259365,6.732399940490723,0.0035626492315163,2.7769229412078857,29339763.0,-0.0499997186032378,5128.22021484375,390600.0,-0.0180725811097162,1278.5999755859375,830.0,0.0040046922543679,26.5,62792,-0.0381124960485689,2.8949999809265137,27654.0,-0.003956690095642,5169.85986328125,-0.0123110910361958,113.4250030517578,131219.0,-0.0893215554188057,8850.0,103018,-0.0091804746977161,2.566999912261963,502812,0.0003896833697185,20.104999542236328,13200.0,-0.0464063008440526,2943.030029296875,17918950000,0.012056540798897,12.84584903717041,4438612.0,-0.0181268785276665,3642969.0,-0.0334854954403623,5168918.0,-0.0223965012435143,352.0,279400.0,-0.0077519379844961,11.5,7824600.0,0.1843478161355722,829.5,111893,-0.0284040995607613
2019-05-06,775,3,5400,43,43493.25548387097,231.29,1762294.99,100.01,0.0,383.13,1699.0,11888.355,841.6870597032784,871.9564866780046,741.6632232142857,492.4627272727273,568.9854287730244,29.0,79.0,108.0,78.0,11.0,17.0,58.0,24.0,58.0,23.0,10.0,0.0,739.0,20.0,445.0,659.8409090909091,492.4627272727273,503.0492876033058,871.1007748184019,965.938125,870.1631818181818,521.9041087962963,2023.0696666666663,873.9759666666666,448.0638928571428,1333.67375,0.0,795.4188113887852,1052.7504545454544,1346.0,154.0,0.0,199.0,1640.0,24.0,24.48900032043457,15400.0,0.0210706371669022,71.23999786376953,227198.0,-0.011104983919918,679.280029296875,0.0016810903704429,6.763599872589111,0.0046342957005187,2.5923070907592773,51527352.0,-0.0664821654605603,5128.22021484375,390600.0,-0.0180725811097162,1281.699951171875,69.0,0.0024245077781397,27.75,78210,0.0471698113207548,2.836999893188477,3557.0,-0.0200345727530797,5124.2099609375,-0.0088300076889853,112.4499969482422,219347.0,-0.0085960421184267,8392.0,104485,-0.0517514124293785,2.61899995803833,633845,0.0202571279913081,20.104999542236328,13200.0,-0.0464063008440526,2932.469970703125,17765260000,-0.0035881586285658,12.924901008605955,4155640.0,0.006153892296788,3959466.0,-0.0196850393700787,7705321.0,0.0011455016501953,355.75,4691.0,0.0106534090909091,11.5,7824600.0,0.1843478161355722,797.0,8623,-0.0391802290536468
2019-05-13,682,3,4474,42,38363.19502932552,371.3,1386322.97,100.69,0.0,524.23,1437.0,8835.35,698.2812654355067,585.9104148148149,789.1411503212396,865.4362554112554,424.3943703266431,15.0,26.0,72.0,95.0,6.0,18.0,32.0,20.0,72.0,14.0,31.0,0.0,725.0,20.0,291.0,844.3370833333333,865.4362554112554,474.05861419068736,600.7192401960784,319.8833333333333,388.57729166666667,308.49173076923074,2143.006875,540.1376818181818,596.8224285714285,863.9517534722222,0.0,664.5850413057225,522.1178333333334,1246.0,6.0,0.0,185.0,1353.0,23.0,24.48900032043457,15400.0,0.0210706371669022,70.2300033569336,269448.0,-0.014177351728271,693.3400268554688,0.0206983820400952,6.877299785614014,0.0168105617077813,2.3615379333496094,48474897.0,-0.0890207638717974,5128.22021484375,390600.0,-0.0180725811097162,1300.0999755859375,121.0,0.0143559531208838,27.0,273525,-0.0270270270270269,2.7295000553131104,2270.0,-0.0378920838641797,4970.009765625,-0.030092481863153,111.2750015258789,140319.0,-0.0104490480591485,7894.0,100168,-0.0593422306959008,2.63100004196167,525142,0.0045819336065695,20.104999542236328,13200.0,-0.0464063008440526,2811.8701171875,17050540000,-0.0411256908750914,13.04347801208496,10801904.0,0.0091743065111331,3239256.0,-0.0194377362967494,12437482.0,-0.0389016203079822,347.5,1334687.0,-0.0231904427266338,11.5,7824600.0,0.1843478161355722,821.75,576166,0.0310539523212045
2019-05-20,488,3,3463,36,44766.79176229508,90.4,1964032.98,101.22,0.0,380.44,1182.0,40549.675,523.6278816925734,713.4846792328042,1983.089939005439,382.3883112026862,517.6138627152989,48.0,115.0,54.0,93.0,20.0,10.0,14.0,3.0,80.0,86.0,4.0,0.0,292.0,8.0,355.0,727.5584757834757,382.3883112026862,559.9247879464285,800.6370386904762,722.1754861111111,804.3180952380952,270.7753333333333,525.35,539.1799603174603,4931.4184006734,671.2933333333334,0.0,523.6006903508772,740.501,902.0,11.0,0.0,269.0,1091.0,24.0,24.48900032043457,15400.0,0.0210706371669022,71.97000122070312,309012.0,0.024775705262696,695.6900024414062,0.0033893551430967,6.911300182342529,0.004943858460211,2.2461531162261963,29738577.0,-0.0488600312084553,5128.22021484375,390600.0,-0.0180725811097162,1276.0999755859375,29.0,-0.0184601187990819,24.0,206897,-0.1111111111111111,2.736000061035156,1814.0,0.0023813905808109,4914.47998046875,-0.0111729730473209,111.1750030517578,58708.0,-0.0008986607301717,7616.0,207878,-0.0352166202178869,2.5980000495910645,604200,-0.012542756307218,20.104999542236328,13200.0,-0.0464063008440526,2840.22998046875,16499350000,0.0100857657357289,13.517786026000977,12377408.0,0.0363636150938089,3406447.0,0.0337483212270024,6335548.0,-0.0511904580793134,389.0,1741325.0,0.1194244604316547,11.5,7824600.0,0.1843478161355722,829.75,646123,0.0097353209613628
2019-05-27,919,3,7103,49,39688.61519042437,8.96,2385180.0300000003,101.88,0.0,535.06,2234.0,7383.75,686.3186814658077,723.346860258122,810.1088571428572,370.2416020076567,510.5161934764905,32.0,135.0,113.0,168.0,6.0,32.0,55.0,22.0,40.0,6.0,9.0,0.0,1224.0,17.0,375.0,620.9482692307691,370.2416020076567,516.1043655303031,777.4764969604863,2505.069,846.3955555555555,455.7706197478992,1491.5222727272726,331.94794871794875,1015.654,1782.72125,0.0,666.7230188466127,651.2809090909091,1770.0,63.0,0.0,401.0,2069.0,44.0,24.48900032043457,15400.0,0.0210706371669022,70.11000061035156,185111.0,-0.0258441097513349,699.1500244140625,0.0049735111335709,6.897200107574463,-0.0020401479310782,2.261538028717041,47406981.0,0.0068494495676649,5128.22021484375,390600.0,-0.0180725811097162,1276.5,248081.0,0.0003134741961567,25.5,990106,0.0625,2.7035000324249268,2162.0,-0.0118786651627239,4850.3798828125,-0.013043108917118,108.4749984741211,56689.0,-0.0242860760379715,7030.0,116483,-0.0769432773109243,2.4539999961853027,564401,-0.0554272712305867,20.104999542236328,13200.0,-0.0464063008440526,2802.389892578125,15106790000,-0.0133228957340911,14.268774032592772,23806158.0,0.0555555477167115,4019051.0,-0.0627575147422031,5196167.0,0.0050188757519682,420.25,1529204.0,0.0803341902313625,11.5,7824600.0,0.1843478161355722,877.75,624488,0.0578487496233806
2019-06-03,615,3,3876,39,34190.93146341464,330.38,701049.0,100.24,0.0,464.9500000000001,1251.0,11500.0,733.0534766043431,794.7820125195618,626.7167424242424,1696.7983333333334,481.596235380117,11.0,7.0,51.0,99.0,6.0,13.0,40.0,15.0,47.0,8.0,14.0,0.0,639.0,16.0,285.0,499.322,1696.7983333333334,513.5510416666667,865.0720307539683,1264.265,741.3190625,305.6164375,1831.2144642857145,532.3659444444444,531.13125,833.7529166666667,0.0,708.95590007215,773.2475,1118.0,11.0,0.0,122.0,1206.0,7.0,24.48900032043457,15400.0,0.0210706371669022,61.27999877929688,282907.0,-0.125944968680416,703.7999877929688,0.0066508806644227,6.9028000831604,0.0008119201268044,2.2461531162261963,22524664.0,-0.0068028537638928,5128.22021484375,390600.0,-0.0180725811097162,1322.699951171875,2137.0,0.0361926762020172,29.100000381469727,416011,0.1411764855478323,2.6554999351501465,1812.0,-0.017754798113217,5013.66015625,0.0336633990290307,106.9250030517578,50721.0,-0.0142889646846418,6922.0,159298,-0.0153627311522048,2.336999893188477,779622,-0.047677303658802,20.104999542236328,13200.0,-0.0464063008440526,2744.449951171875,18026770000,-0.0206751892588888,14.110671043395996,14062167.0,-0.0110803485173733,4377319.0,-0.0995941740012833,3453023.0,0.0024968169185866,424.25,1333761.0,0.0095181439619274,11.5,7824600.0,0.1843478161355722,856.25,649571,-0.0244944460267729
2019-06-10,857,3,6401,55,36951.81338389732,513.99,842198.42,100.01,0.0,1011.28,1832.0,6310.714285714285,652.4486408520024,758.5930375095493,665.9046100529101,452.1823877164502,549.6026352813852,54.0,110.0,67.0,121.0,18.0,48.0,65.0,14.0,64.0,22.0,37.0,0.0,914.0,17.0,281.0,634.6954563492063,452.1823877164502,530.7574140211641,787.9672448979592,729.1871428571428,901.5158152173912,468.6146825396825,1595.875714285714,621.513403030303,848.1228125,611.3872307692308,0.0,637.9024084422315,957.5948333333332,1617.0,25.0,0.0,190.0,1740.0,31.0,24.48900032043457,15400.0,0.0210706371669022,62.290000915527344,234129.0,0.0164817584260736,699.77001953125,-0.0057260135430752,6.930099964141846,0.0039548995556228,2.2461531162261963,27087097.0,0.0,5128.22021484375,390600.0,-0.0180725811097162,1324.699951171875,1679.0,0.0015120587236947,32.25,348498,0.1082474081524798,2.6640000343322754,1781.0,0.0032009412124682,5018.990234375,0.0010631111720558,108.7750015258789,20756.0,0.0173018323247144,7316.0,139950,0.0569199653279399,2.38700008392334,794561,0.0213950333847234,20.104999542236328,13200.0,-0.0464063008440526,2886.72998046875,15894210000,0.0518428216321167,14.07114601135254,12816778.0,-0.0028010738767773,3635444.0,0.0001877619067267,6502992.0,-0.0074719731973565,415.75,1686592.0,-0.0200353565114909,11.5,7824600.0,0.1843478161355722,896.75,669855,0.0472992700729926
2019-06-17,613,3,4714,46,41309.95781402937,160.08,1684396.75,101.15,0.0,804.68,1364.0,3955.92,626.8727608841024,747.5393198529412,820.2848828828829,375.3370714285714,517.5497980416156,26.0,79.0,63.0,58.0,5.0,25.0,57.0,11.0,98.0,20.0,13.0,0.0,549.0,35.0,325.0,772.47125,375.3370714285714,491.2888211382114,793.1162938596491,947.218,931.0313725490196,535.5119572368421,1086.4533333333334,689.808486111111,1031.3739583333331,738.9026666666666,0.0,617.0596525755778,556.1583333333333,1114.0,7.0,0.0,243.0,1312.0,13.0,24.48900032043457,15400.0,0.0210706371669022,60.93999862670898,260806.0,-0.021672857103488,699.5700073242188,-0.000285825630491,6.924900054931641,-0.0007503368258915,2.2076919078826904,26558077.0,-0.0171231462653468,5128.22021484375,390600.0,-0.0180725811097162,1338.699951171875,345.0,0.0105684309776075,34.0,481474,0.0542635658914729,2.651000022888184,2244.0,-0.0048798841128204,5058.8798828125,0.0079477437840576,106.5500030517578,14185.0,-0.0204550534857198,7420.0,176920,0.0142154182613449,2.186000108718872,717662,-0.084206103115882,20.104999542236328,13200.0,-0.0464063008440526,2889.669921875,18516760000,0.0010184331150266,14.584980010986328,14851291.0,0.0365168550748622,2232907.0,-0.0249717998173443,8413772.0,0.0138017737026514,454.75,1144003.0,0.0938063740228503,11.5,7824600.0,0.1843478161355722,902.75,754039,0.0066908279899637
2019-06-24,838,3,5145,46,37156.59052505966,283.5,939260.81,101.76,0.0,565.41,1728.0,12598.55,632.0711649648962,737.5181540084388,718.0223015873016,604.2585416666667,432.4492631817543,32.0,39.0,201.0,79.0,15.0,18.0,55.0,35.0,96.0,14.0,5.0,0.0,785.0,8.0,346.0,756.3898717948717,604.2585416666667,402.89884627911766,863.9247881355932,891.5687878787878,661.4967857142857,450.8976875,1627.1664642857145,364.6185833333333,582.4854545454546,816.692,0.0,595.9796256112915,875.9799999999999,1531.0,13.0,0.0,184.0,1646.0,30.0,24.48900032043457,15400.0,0.0210706371669022,64.86000061035156,149068.0,0.0643256001309542,680.77001953125,-0.0268736332263253,6.876100063323975,-0.0070470319023467,2.400000095367432,28761446.0,0.0871082540086749,5128.22021484375,390600.0,-0.0180725811097162,1414.300048828125,2356.0,0.0564727724013667,38.09999847412109,249064,0.120588190415326,2.7054998874664307,64207.0,0.0205582286336123,5058.8798828125,0.0,110.5,35131.0,0.0370717675749239,7972.0,167581,0.0743935309973045,2.308000087738037,473249,0.0558096857052146,20.104999542236328,13200.0,-0.0464063008440526,2945.35009765625,18812890000,0.019268697562911,14.34782600402832,12864606.0,-0.0162601530327342,3044627.0,0.1149624722822908,5028903.0,0.0160891232262896,446.75,665043.0,-0.0175920835623969,11.5,7824600.0,0.1843478161355722,899.75,450784,-0.0033231791747437
2019-07-01,559,3,4052,46,34045.00166368515,825.0,339388.0,105.79,0.0,981.61,781.0,8662.689999999999,902.3280211912944,826.5957435897436,1792.241875,493.6536094674556,388.8907838827839,16.0,41.0,37.0,48.0,3.0,17.0,45.0,7.0,34.0,0.0,1.0,0.0,371.0,4.0,157.0,1851.0766666666664,493.6536094674556,339.2030357142857,878.4861904761905,266.26666666666665,898.335,373.70411976911976,2630.681666666667,731.8392753623189,0.0,909.72,0.0,865.9416286549707,861.995,710.0,6.0,0.0,65.0,741.0,12.0,24.48900032043457,15400.0,0.0210706371669022,65.05999755859375,164577.0,0.0030835175201997,680.4600219726562,-0.000455363117793,6.850800037384033,-0.0036794150327869,2.392307043075561,35736652.0,-0.0032054383275735,5128.22021484375,390600.0,-0.0180725811097162,1385.5999755859375,318.0,-0.0202927754021985,38.70000076293945,148045,0.0157480922007362,2.679500102996826,4324.0,-0.0096099743304561,5058.8798828125,0.0,107.0,103577.0,-0.0316742081447963,8068.0,145461,0.012042147516307,2.4179999828338623,574824,0.0476602646941972,20.104999542236328,13200.0,-0.0464063008440526,2964.330078125,11147600000,0.0064440490398249,14.42687702178955,21549923.0,0.0055096164212637,2851971.0,0.0205526527693977,19055998.0,-0.0060901571866677,412.0,25606.0,-0.0777839955232232,11.5,7824600.0,0.1843478161355722,872.25,12890,-0.0305640455682133
2019-07-08,624,3,3760,40,37581.15371794872,136.0,1069969.31,100.2,0.0,498.15,1184.0,17987.01,663.0477726793249,749.6747455536432,821.4110000000001,418.82831168831166,526.3827362637362,28.0,47.0,53.0,81.0,6.0,14.0,39.0,10.0,75.0,6.0,1.0,0.0,506.0,45.0,273.0,859.813125,418.82831168831166,490.7541071428572,805.3037231182795,1004.709,749.4433333333334,475.6268,1722.7105555555554,585.4368117913832,748.1366666666667,426.8,0.0,642.5381704301076,827.5095535714286,1025.0,3.0,0.0,156.0,1143.0,20.0,24.48900032043457,15400.0,0.0210706371669022,64.11000061035156,168823.0,-0.0146018595741047,687.6799926757812,0.0106104259912203,6.880899906158447,0.0043936282784728,2.3615379333496094,18667091.0,-0.0128616892279825,5128.22021484375,390600.0,-0.0180725811097162,1397.0,131.0,0.0082275004437999,38.25,129638,-0.0116279264617067,2.6559998989105225,3413.0,-0.0087703687937986,5058.8798828125,0.0,108.4749984741211,172937.0,0.0137850324684214,7842.0,151994,-0.0280118988596925,2.453000068664551,983916,0.0144748081386125,20.104999542236328,13200.0,-0.0464063008440526,2975.949951171875,15253340000,0.00391989850679,15.138339042663574,16125956.0,0.0493150402404811,2825437.0,-0.0242003774155203,11649367.0,0.0355392116759658,438.5,172984.0,0.0643203883495144,11.5,7824600.0,0.1843478161355722,906.75,32321,0.0395528804815132
2019-07-15,640,3,3980,45,36770.8375625,87.58,479525.99,101.98,0.0,647.28,1444.0,7500.009999999999,545.7460306067024,932.1028582540448,650.8258378378379,597.6237577639752,461.1344523809524,33.0,69.0,61.0,172.0,24.0,33.0,53.0,3.0,56.0,2.0,17.0,0.0,684.0,35.0,202.0,492.98528571428574,597.6237577639752,495.3045864197531,916.155253919093,567.4140384615384,510.4275,387.6024369747899,1601.33,983.4895833333334,1213.02,834.323,0.0,535.8499308936404,592.5923611111111,1301.0,8.0,0.0,135.0,1347.0,48.0,24.48900032043457,15400.0,0.0210706371669022,66.4800033569336,196399.0,0.0369677542352004,679.27001953125,-0.0122294864386091,6.87690019607544,-0.000581277178502,2.323076009750366,22231127.0,-0.0162868116815251,5128.22021484375,390600.0,-0.0180725811097162,1411.4000244140625,132.0,0.0103078199098514,38.5,146478,0.0065359477124182,2.7074999809265137,2643.0,0.019390091858481,5058.8798828125,0.0,107.5999984741211,80829.0,-0.0080663748541904,7782.0,88080,-0.0076511094108645,2.250999927520752,717192,-0.082348200362575,20.104999542236328,13200.0,-0.0464063008440526,3014.300048828125,16014490000,0.0128866742672026,14.86166000366211,10498353.0,-0.0182767104252133,2104368.0,0.0332986817329787,31527089.0,0.0272189942132847,441.0,705344.0,0.0057012542759407,11.5,7824600.0,0.1843478161355722,901.5,212061,-0.0057899090157155
2019-07-22,726,3,5526,44,37065.021074380165,498.0,1684396.76,100.0,0.0,627.09,1508.0,7595.0,667.1738978868354,871.8289260037348,435.6016011072261,579.7548469387755,528.5227010774062,33.0,38.0,75.0,87.0,20.0,24.0,76.0,19.0,110.0,16.0,28.0,0.0,564.0,24.0,394.0,401.69065217391307,579.7548469387755,514.2238937282231,990.8948839137644,812.1776282051281,756.8164285714286,496.3118288144604,2575.031111111111,428.6389715608465,436.4813541666667,495.05650887573967,0.0,610.5048717514609,655.385,1343.0,12.0,0.0,153.0,1451.0,15.0,24.48900032043457,15400.0,0.0210706371669022,63.2599983215332,161848.0,-0.048435693032566,689.4000244140625,0.0149130752006441,6.880099773406982,0.0004652644709557,2.3615379333496094,20456483.0,0.0165564636877191,5128.22021484375,390600.0,-0.0180725811097162,1425.300048828125,35.0,0.0098483946249279,37.20000076293945,92030,-0.0337662139496246,2.7144999504089355,2272.0,0.0025853996423765,5058.8798828125,0.0,108.6500015258789,39902.0,0.0097583928127131,7604.0,104019,-0.0228732973528655,2.1689999103546143,485481,-0.0364282629082322,20.104999542236328,13200.0,-0.0464063008440526,2985.030029296875,16700450000,-0.0097103868417576,15.21739101409912,84448935.0,0.0239361558768909,2922674.0,-0.0563947718544755,24103664.0,0.0552994844885097,422.25,628243.0,-0.042517006802721,11.5,7824600.0,0.1843478161355722,883.25,213434,-0.0202440377149195
2019-07-29,786,3,5790,46,38084.51382951654,63.82,783725.01,100.01,0.51,631.33,1550.0,9814.01,749.224845990467,627.913611180847,901.4692491087344,554.5012222222223,611.3324275362319,27.0,51.0,39.0,113.0,18.0,23.0,16.0,12.0,189.0,20.0,9.0,0.0,760.0,9.0,264.0,1118.7509649122808,554.5012222222223,668.1362345679013,710.3000342465754,1498.2986666666666,1023.3251754385964,424.3062820512821,1581.885,445.6648571263571,701.8460227272726,575.8455555555555,0.0,728.356170451381,760.9386111111112,1417.0,6.0,0.0,127.0,1471.0,8.0,24.48900032043457,15400.0,0.0210706371669022,63.709999084472656,170290.0,0.0071135120910408,696.0999755859375,0.0097185247093216,6.892399787902832,0.0017877668785257,2.261538028717041,31626543.0,-0.0423452459604273,5128.22021484375,390600.0,-0.0180725811097162,1419.5999755859375,305739.0,-0.0039992093221873,38.04999923706055,103519,0.0228494208787195,2.7095000743865967,4653.0,-0.0018419142065505,5058.8798828125,0.0,107.6500015258789,61202.0,-0.0092038654943029,7750.0,106016,0.0192004208311415,2.121000051498413,928875,-0.0221299496726827,20.104999542236328,13200.0,-0.0464063008440526,3020.969970703125,20160210000,0.0120400602518278,17.470354080200195,54679285.0,0.1480518614533643,3317702.0,0.0115616808443304,10043596.0,-0.030567656947101,417.0,558616.0,-0.0124333925399644,11.5,7824600.0,0.1843478161355722,850.25,149269,-0.0373620152844608
2019-08-05,840,3,5675,44,40228.83851190477,1006.24,1684396.76,100.51,0.0,1321.43,2002.0,4910.25,787.5906720253505,831.2802672955975,724.8354092702169,586.4342328042328,533.0396570058382,27.0,72.0,111.0,59.0,11.0,15.0,59.0,8.0,48.0,9.0,34.0,0.0,1182.0,21.0,346.0,901.85475,586.4342328042328,455.94122933884296,954.2575476190476,422.6588095238095,967.643,621.047803030303,1480.058,592.1577777777778,808.6775,466.4517307692308,0.0,780.1766749378276,569.8451666666667,1533.0,339.0,0.0,130.0,1927.0,7.0,24.48900032043457,15400.0,0.0210706371669022,59.810001373291016,205665.0,-0.0612148448787553,721.1599731445312,0.0360005723854532,7.049699783325195,0.0228222390260135,2.07692289352417,36159136.0,-0.0816325583954926,5128.22021484375,390600.0,-0.0180725811097162,1464.5999755859375,2733.0,0.0316990707057642,37.54999923706055,615636,-0.0131406047312874,2.5369999408721924,2003.0,-0.0636649303482512,5058.8798828125,0.0,108.0500030517578,16530.0,0.0037157595932102,6978.0,165287,-0.0996129032258064,2.11899995803833,887928,-0.0009429954792645,20.104999542236328,13200.0,-0.0464063008440526,2844.739990234375,20687590000,-0.0583355618155094,16.916996002197266,34583356.0,-0.0316741192229224,4021000.0,-0.0383330463534359,5315071.0,-0.0596846538446874,405.25,760443.0,-0.0281774580335731,11.5,7824600.0,0.1843478161355722,873.75,11644,0.0276389297265509
2019-08-12,769,3,6202,48,38725.14959687906,964.25,893632.54,100.01,0.0,1100.08,5939.0,5893.09,845.5752946196661,873.4451513120264,771.3139542410714,404.5397254053136,738.3561758920092,37.0,103.0,93.0,85.0,12.0,23.0,44.0,18.0,103.0,15.0,7.0,0.0,670.0,20.0,4709.0,819.2717187499999,404.5397254053136,804.5169606953892,922.9237978142075,983.3253703703704,1008.6293333333334,636.6950420168067,1347.07358974359,742.2191758062411,699.6040476190477,410.9505,0.0,828.0498165642601,865.1174074074074,1335.0,2985.0,0.0,1619.0,5841.0,14.0,24.48900032043457,15400.0,0.0210706371669022,58.56999969482422,193135.0,-0.0207323465974795,713.9199829101562,-0.0100393678295896,7.057199954986572,0.00106389944138,2.107692003250122,24587263.0,0.0148147578429078,5128.22021484375,390600.0,-0.0180725811097162,1505.300048828125,3159.0,0.0277892079206847,48.25,296072,0.2849534215803371,2.5799999237060547,1884.0,0.0169491461710793,5058.8798828125,0.0,99.9250030517578,13055.0,-0.0751966660853122,6960.0,215608,-0.0025795356835769,2.200000047683716,813903,0.0382256211653593,20.104999542236328,13200.0,-0.0464063008440526,2882.699951171875,19076710000,0.0133439122970153,16.32411003112793,30330954.0,-0.0350467642714066,2809017.0,0.0043884016180901,12159504.0,0.0095808287486536,385.25,959773.0,-0.0493522516964836,11.5,7824600.0,0.1843478161355722,867.25,49616,-0.0074391988555079
2019-08-19,814,3,5750,48,43791.57058968059,134.81,1684396.76,102.46,0.0,691.0,1831.0,56700.0,913.4766247407912,934.4203317546928,535.1590803030304,414.1059895833333,437.88245,36.0,52.0,70.0,119.0,17.0,42.0,30.0,13.0,225.0,9.0,32.0,0.0,862.0,40.0,284.0,590.1267466666667,414.1059895833333,418.8346739130435,1123.603397975898,566.7802040816326,4061.748718487395,439.7886206896552,2577.903055555556,451.6773351902378,659.913,335.36295454545456,0.0,889.4126281506981,492.61036666666666,1695.0,5.0,0.0,131.0,1745.0,13.0,24.48900032043457,15400.0,0.0210706371669022,59.7400016784668,170564.0,0.0199761309499539,713.1699829101562,-0.0010505379005399,7.049799919128418,-0.0010485795932316,2.146152973175049,22998632.0,0.0182479080746231,5128.22021484375,390600.0,-0.0180725811097162,1500.4000244140625,2710.0,-0.0032551811965176,51.900001525878906,180656,0.0756477000182156,2.5969998836517334,1941.0,0.0065891319567401,5058.8798828125,0.0,104.625,7215.0,0.0470352444803805,7462.0,137512,0.0721264367816092,2.1519999504089355,640851,-0.0218182255610936,20.104999542236328,13200.0,-0.0464063008440526,2923.64990234375,16141480000,0.014205415709404,15.138339042663574,31224306.0,-0.0726392425806519,2905588.0,0.0233023625011024,7818676.0,-0.0462633842472466,365.0,562986.0,-0.0525632706035041,11.5,7824600.0,0.1843478161355722,843.25,94010,-0.0276736811761314
2019-08-26,854,3,5144,45,34363.51461358314,136.5,1090878.9200000002,100.01,0.0,747.43,1645.0,5965.5,919.077392912038,715.3843750000001,708.5681888653982,451.6953253968254,516.5067313218391,65.0,65.0,86.0,66.0,12.0,24.0,76.0,16.0,36.0,9.0,28.0,0.0,820.0,29.0,313.0,798.3743270944741,451.6953253968254,493.2277721088436,768.0510714285714,466.0965,727.46328125,544.6211728395062,1298.7780555555555,531.0509375,414.989,312.19,0.0,908.3311477428816,487.4674358974359,1499.0,8.0,0.0,138.0,1570.0,18.0,24.48900032043457,15400.0,0.0210706371669022,58.70000076293945,126565.0,-0.0174087861785616,719.9000244140625,0.0094367986106813,7.150300025939941,0.0142557388811608,2.084614992141724,24440478.0,-0.0286736228975722,5128.22021484375,390600.0,-0.0180725811097162,1526.300048828125,4236.0,0.0172620794405657,55.70000076293945,212917,0.0732177095441077,2.539999961853028,76585.0,-0.0219483728734543,5058.8798828125,0.0,105.0,25366.0,0.0035842293906809,7194.0,161659,-0.0359153042079871,2.2850000858306885,625227,0.061803038330219,20.104999542236328,13200.0,-0.0464063008440526,2878.3798828125,15686820000,-0.0154840767682065,14.822134017944336,21296788.0,-0.0208876960562248,3288722.0,-0.0457213972012703,4310693.0,-0.0199004786282652,358.5,559384.0,-0.0178082191780821,11.5,7824600.0,0.1843478161355722,857.0,181366,0.0163059590868663
2019-09-02,788,3,6563,53,37136.11699238579,121.92,706314.61,101.53,0.0,356.26,1171.0,13061.07,1315.4189437061254,842.6805772425249,1004.0476127819549,672.0656250000001,499.1338492063492,46.0,33.0,53.0,67.0,13.0,20.0,24.0,12.0,58.0,10.0,6.0,0.0,604.0,4.0,221.0,1055.5785714285714,672.0656250000001,548.9445312500001,998.6887978142076,1039.2295833333335,709.7217857142857,469.7696031746032,2736.24375,462.020519047619,1088.06375,611.967,0.0,1288.4198975057668,232.7875,1070.0,8.0,0.0,93.0,1135.0,9.0,24.48900032043457,15400.0,0.0210706371669022,58.2599983215332,162739.0,-0.0074957825500412,725.4199829101562,0.0076676737170366,7.171000003814697,0.0028949803224564,2.153846025466919,33464684.0,0.0332104650432678,5128.22021484375,390600.0,-0.0180725811097162,1545.9000244140625,364.0,0.0128414957471738,63.59999847412109,192910,0.1418311957445783,2.512500047683716,5205.0,-0.0108267380245351,5058.8798828125,0.0,94.875,116407.0,-0.0964285714285714,7110.0,167288,-0.0116763969974978,2.496000051498413,871515,0.0923413381803079,20.104999542236328,13200.0,-0.0464063008440526,2906.27001953125,13707670000,0.00968952600221,15.138339042663574,32037308.0,0.0213332995327411,3079862.0,0.0055928270036191,4843097.0,0.0190354843086084,349.75,12356.0,-0.0244072524407252,11.5,7824600.0,0.1843478161355722,845.0,6353,-0.014002333722287
2019-09-09,615,3,3811,37,42160.71569105691,516.36,1777125.65,100.02,0.0,978.86,1245.0,5147.8,832.7209295634921,921.5331889632108,542.4192680481283,471.227875,412.71002556471313,42.0,76.0,83.0,111.0,6.0,17.0,85.0,8.0,93.0,4.0,23.0,0.0,402.0,10.0,285.0,615.9169114219114,471.227875,350.5195052083333,929.9602136752136,643.52,1141.1627777777778,425.1272268356643,1595.2033333333331,891.1958999999999,148.03333333333333,355.39145833333333,0.0,814.1237977642277,593.1775,1061.0,4.0,0.0,180.0,1209.0,12.0,24.48900032043457,15400.0,0.0210706371669022,62.59000015258789,172265.0,0.0743220383762746,714.969970703125,-0.0144054650453784,7.121099948883057,-0.0069585908388084,2.2384610176086426,35373132.0,0.0392855344074005,5128.22021484375,390600.0,-0.0180725811097162,1502.199951171875,128.0,-0.0282683695918505,65.69999694824219,187403,0.0330188447249033,2.6105000972747803,3115.0,0.0390049941218553,5058.8798828125,0.0,98.0749969482422,213268.0,0.0337285580842392,7832.0,210352,0.1015471167369901,2.614000082015991,1150614,0.0472756522768258,20.104999542236328,13200.0,-0.0464063008440526,2978.429931640625,19712530000,0.0248290460364772,15.177865028381348,11783504.0,0.0026109856310114,3706684.0,0.0724879485902698,2844439.0,-0.0024905983504878,340.75,147568.0,-0.0257326661901358,11.5,7824600.0,0.1843478161355722,884.75,105013,0.0470414201183431
2019-09-16,773,3,5544,46,41698.53278137128,116.0,1684396.83,102.15,0.0,312.16,2008.0,4787.848,966.5586878194144,865.036635163859,724.1316303613644,482.9356666666666,570.6042528735633,50.0,19.0,69.0,398.0,9.0,26.0,99.0,11.0,85.0,23.0,15.0,0.0,788.0,38.0,378.0,842.1684767025089,482.9356666666666,514.5934146341464,1050.8070263605443,740.274375,824.1421875,609.5757377049181,1938.568095238095,412.726117467582,671.0803042328042,269.60587301587304,0.0,948.5107677877678,564.8316666666667,1479.0,406.0,0.0,123.0,1883.0,34.0,24.48900032043457,15400.0,0.0210706371669022,69.0199966430664,254869.0,0.1027320095031611,709.969970703125,-0.0069933007047594,7.066400051116943,-0.0076813832355622,2.3538460731506348,31077753.0,0.0515466003804965,5128.22021484375,390600.0,-0.0180725811097162,1503.0999755859375,44.0,0.0005991375604561,67.0,109002,0.0197869575668616,2.621000051498413,2336.0,0.0040222002805494,5058.8798828125,0.0,99.3499984741211,78424.0,0.0130002708697687,8026.0,155637,0.0247701736465781,2.5339999198913574,865472,-0.0306044987048873,20.104999542236328,13200.0,-0.0464063008440526,2997.9599609375,20787010000,0.0065571558657138,14.94071102142334,9295101.0,-0.0156249911640767,3303460.0,0.0872947827996384,5523276.0,-0.0049938124278642,374.0,664968.0,0.0975788701393984,11.5,7824600.0,0.1843478161355722,882.75,428477,-0.0022605255721955
2019-09-23,696,3,4868,47,42325.050905172415,89.75,2692381.81,100.01,0.0,751.2,1390.0,7000.0,913.3906120384992,553.6446401515151,867.8663333333334,419.0872727272727,446.1090812383963,31.0,47.0,85.0,27.0,14.0,14.0,42.0,14.0,44.0,19.0,13.0,0.0,772.0,31.0,237.0,577.8806818181819,419.0872727272727,407.2179783451842,480.0737037037037,1039.3047916666667,907.4380769230768,422.7694444444445,2563.687592592593,670.4925980392156,1865.0656944444445,924.5075,0.0,875.6934728887863,571.6056666666667,1268.0,16.0,0.0,106.0,1305.0,17.0,24.48900032043457,15400.0,0.0210706371669022,64.7699966430664,101776.0,-0.0615763576746992,721.6500244140625,0.0164514756861759,7.117599964141846,0.0072455440754177,2.215384006500244,19431237.0,-0.0588237558223416,5128.22021484375,390600.0,-0.0180725811097162,1523.699951171875,16060.0,0.0137049936268591,65.5,81753,-0.0223880597014924,2.594500064849853,4010.0,-0.0101106394993811,5058.8798828125,0.0,105.0250015258789,58881.0,0.0571213199689786,7730.0,125495,-0.0368801395464739,2.4040000438690186,606837,-0.0513022415675185,20.104999542236328,13200.0,-0.0464063008440526,2991.780029296875,16722640000,-0.0020613789780876,14.86166000366211,8886562.0,-0.0052909809745921,2994483.0,-0.0677265823988538,6701455.0,-0.0037640820277198,373.25,630141.0,-0.0020053475935828,11.5,7824600.0,0.1843478161355722,883.0,466506,0.0002832058906825
2019-09-30,704,3,4576,41,40546.07153409091,386.3,1684396.83,100.51,0.0,810.0,1269.0,6441.870000000001,1054.2237844920048,907.6226859418284,701.8373833333334,485.4348854617604,593.3185228174602,67.0,61.0,56.0,95.0,13.0,29.0,31.0,3.0,53.0,8.0,14.0,0.0,553.0,29.0,257.0,654.1696078431372,485.4348854617604,563.286481981982,964.8947033898304,1138.037916666667,1105.865,555.6775623582766,4258.91,708.8550959752322,848.2133333333335,776.08225,0.0,1035.6458933876108,729.1503571428572,1117.0,10.0,0.0,142.0,1214.0,17.0,24.48900032043457,15400.0,0.0210706371669022,60.77999877929688,206880.0,-0.0616025640044038,728.5800170898438,0.0096029826665744,7.147500038146973,0.0042008646391709,2.146152973175049,10719105.0,-0.0312501277981883,5128.22021484375,390600.0,-0.0180725811097162,1465.699951171875,2948.0,-0.0380652371586626,66.0,125734,0.0076335877862594,2.564500093460083,2617.0,-0.0115629102485708,5058.8798828125,0.0,107.3499984741211,40005.0,0.0221375569099067,7746.0,122379,0.0020698576972832,2.351999998092652,1052411,-0.0216306342876256,20.104999542236328,13200.0,-0.0464063008440526,2976.739990234375,17244790000,-0.0050271206155603,14.42687702178955,9459395.0,-0.0292553444073826,2895574.0,-0.0779331470394071,4515796.0,-0.0151133356038148,388.0,965058.0,0.0395177494976557,11.5,7824600.0,0.1843478161355722,916.25,657516,0.0376557191392978
2019-10-07,788,3,5391,45,37227.09696700508,615.5,787298.48,100.01,0.0,804.5,1582.0,4283.06,862.5715008432245,759.7484136546185,750.1503549382716,464.2192936507937,557.3544324746292,36.0,49.0,65.0,97.0,10.0,15.0,55.0,14.0,55.0,11.0,18.0,0.0,825.0,41.0,291.0,726.2643686868687,464.2192936507937,444.2191666666667,847.8467910447762,1068.268125,666.6032142857142,598.6334357142857,1611.0166666666669,390.8364583333333,707.2838888888888,847.9866666666667,0.0,841.187353248269,790.8524242424243,1453.0,19.0,0.0,110.0,1478.0,20.0,24.48900032043457,15400.0,0.0210706371669022,58.34999847412109,191843.0,-0.0399802624873285,718.8900146484375,-0.0132998465701967,7.14739990234375,-1.40099059374732e-05,2.1307690143585205,19243959.0,-0.0071681557693294,5128.22021484375,390600.0,-0.0180725811097162,1497.699951171875,422.0,0.0218325721948853,60.0,106684,-0.0909090909090909,2.572000026702881,1943.0,0.0029245205574075,5058.8798828125,0.0,109.4499969482422,12985.0,0.0195621658497493,7442.0,143870,-0.0392460624838626,2.21399998664856,1067481,-0.0586734743010215,20.104999542236328,13200.0,-0.0464063008440526,2938.7900390625,15880820000,-0.0127488296916677,14.229249000549316,6795216.0,-0.0136986002543549,2921596.0,-0.0244127927182247,4563181.0,-0.0217391397138331,387.0,1011216.0,-0.0025773195876288,11.5,7824600.0,0.1843478161355722,936.0,748428,0.0215552523874489
2019-10-14,881,3,6344,53,39938.62181611805,185.96,1684396.83,100.01,0.0,856.13,1814.0,5033.97,856.8939981507166,724.6734868629312,499.1346108396848,494.0896875,324.21356349206354,42.0,35.0,32.0,126.0,2.0,14.0,30.0,11.0,116.0,20.0,33.0,0.0,945.0,8.0,400.0,479.03217948717946,494.0896875,259.73098484848487,719.8933522727273,1763.41,424.4534615384616,281.457,1463.601875,739.1787228607919,698.0728835978836,340.66195588235297,0.0,847.3206983187752,660.415,1617.0,11.0,0.0,186.0,1740.0,31.0,24.48900032043457,15400.0,0.0210706371669022,59.34999847412109,210771.0,0.0171379610308561,714.4578247070312,-0.0061653241123035,7.066599845886231,-0.0113048181942391,2.307692050933838,28984462.0,0.0830324804721176,5128.22021484375,390600.0,-0.0180725811097162,1491.699951171875,1503.0,-0.0040061428828286,60.0,547157,0.0,2.623500108718872,1765.0,0.0200233598294361,5058.8798828125,0.0,110.4749984741211,7928.0,0.0093650210548987,7874.0,116946,0.0580489115829079,2.319999933242798,850652,0.0478771216049984,20.104999542236328,13200.0,-0.0464063008440526,2966.14990234375,15507120000,0.0093099074508833,14.268774032592772,10974036.0,0.002777731420817,2023434.0,0.0159241735087751,7056841.0,-0.0065359725636006,397.75,717605.0,0.0277777777777776,11.5,7824600.0,0.1843478161355722,934.0,603830,-0.0021367521367521
2019-10-21,891,3,6149,45,35487.97641975308,902.0,694925.0,101.0,0.0,1354.35,1857.0,6049.0,856.9417877541225,845.1608238440303,734.2888026455026,504.26238095238097,508.35983552014994,47.0,45.0,121.0,105.0,18.0,25.0,59.0,27.0,73.0,19.0,29.0,0.0,880.0,41.0,368.0,786.0405285714285,504.26238095238097,516.8451363636364,938.3228435054772,1008.5305769230768,1112.4470833333332,480.3495277777778,1465.8750833333334,530.1844716553288,634.2730952380953,626.799357142857,0.0,836.5533961610687,531.1500877192983,1715.0,26.0,0.0,116.0,1768.0,32.0,24.48900032043457,15400.0,0.0210706371669022,58.959999084472656,177160.0,-0.0065711777535847,726.1630249023438,0.0163833326342424,7.066299915313721,-4.2443406879089096e-05,2.2461531162261963,15928198.0,-0.0266668746736545,5128.22021484375,390600.0,-0.0180725811097162,1482.4000244140625,446.0,-0.0062344486573902,63.79999923706055,586572,0.0633333206176758,2.634999990463257,1988.0,0.00438341195648,5058.8798828125,0.0,111.9749984741211,7619.0,0.0135777327062047,8590.0,184449,0.0909321818643638,2.299999952316284,786684,-0.0086206816818992,20.104999542236328,13200.0,-0.0464063008440526,3006.719970703125,17288670000,0.0136776864605925,14.34782600402832,13340538.0,0.0055402076769159,2148538.0,-0.0052248325900284,5388210.0,0.0105263058828843,387.25,666783.0,-0.0263984915147705,11.5,7824600.0,0.1843478161355722,920.25,801882,-0.0147216274089935
2019-10-28,856,3,5823,50,42891.20169392524,1.0,2038627.96,100.01,0.0,425.46,1715.0,6840.08,867.9450102811661,817.6266556703001,508.87618650793655,625.1063157894737,564.4651452314066,22.0,63.0,109.0,106.0,16.0,10.0,117.0,10.0,70.0,11.0,27.0,0.0,776.0,81.0,297.0,543.6226315789473,625.1063157894737,475.17277922077926,904.5603216062544,969.87,961.5707142857144,580.3830376224652,1663.256111111111,453.591929563492,631.9305,296.30051587301585,0.0,851.4523837662592,739.9106812888199,1498.0,12.0,0.0,205.0,1645.0,17.0,24.48900032043457,15400.0,0.0210706371669022,61.56999969482422,119622.0,0.0442673109036548,728.4863891601562,0.0031995077938937,7.064700126647949,-0.0002263969382766,2.2769229412078857,17601755.0,0.0136988991353297,5128.22021484375,390600.0,-0.0180725811097162,1490.0,1227.0,0.005126804817034,68.0,211409,0.065830733748657,2.672499895095825,3283.0,0.0142314629101669,5058.8798828125,0.0,119.5250015258789,58718.0,0.0674257928523456,8724.0,110777,0.0155995343422583,2.71399998664856,1064204,0.1800000186588459,20.104999542236328,13200.0,-0.0464063008440526,3039.419921875,19004660000,0.0108756224359092,14.743083000183104,7884171.0,0.0275482150427395,2833341.0,0.0468955155805441,4587913.0,0.0013021131647601,384.0,781692.0,-0.0083925112976113,11.5,7824600.0,0.1843478161355722,924.25,411907,0.0043466449334419
2019-11-04,740,3,4884,42,36189.061297297296,486.0,888574.98,102.85,0.0,680.86,1232.0,17320.0,1087.7990812909,933.0791929945055,656.5188901689709,534.8949197860962,601.5764942791761,52.0,75.0,98.0,125.0,8.0,20.0,35.0,10.0,42.0,2.0,15.0,0.0,524.0,28.0,198.0,615.4420652173912,534.8949197860962,589.5608390167661,1029.2235654761903,492.3461111111112,753.1635294117648,475.9128448275862,1256.362,612.5979513888889,1126.63,657.2763492063492,0.0,1082.6442519725788,885.3794444444445,1094.0,20.0,0.0,118.0,1195.0,14.0,24.48900032043457,15400.0,0.0210706371669022,62.130001068115234,158448.0,0.0090953609885773,743.7570190429688,0.0209621347907644,7.036399841308594,-0.0040058721293217,2.3461530208587646,33902018.0,0.0304051043616579,5128.22021484375,390600.0,-0.0180725811097162,1508.0,1301.0,0.0120805369127516,67.69999694824219,229425,-0.0044118095846736,2.6670000553131104,2392.0,-0.0020579382595327,5058.8798828125,0.0,119.25,141705.0,-0.0023007866334924,8882.0,136912,0.0181109582760201,2.7890000343322754,1140992,0.0276345055463065,20.104999542236328,13200.0,-0.0464063008440526,3078.27001953125,20794290000,0.0127820764010402,14.624505043029783,8027152.0,-0.0080429552727775,2954033.0,0.0130800846492307,3575346.0,-0.013003888672104,383.25,1050755.0,-0.001953125,11.5,7824600.0,0.1843478161355722,919.5,4933,-0.0051393021368677
2019-11-11,782,3,6378,48,36127.690383631714,707.82,690000.0,105.37,0.0,865.87,1797.0,4935.13,913.1424035907776,671.7734675320232,560.5816912981163,411.6565934065933,474.1012122807017,52.0,40.0,92.0,111.0,26.0,19.0,57.0,10.0,230.0,5.0,64.0,0.0,747.0,38.0,306.0,577.1581805555555,411.6565934065933,417.6377814814815,722.399497584541,618.5114814814815,931.5157142857142,503.7449583333333,1943.5041666666668,551.3184305105152,963.9788888888888,436.8872809172809,0.0,890.0530643621862,609.6116666666667,1712.0,18.0,0.0,67.0,1728.0,19.0,24.48900032043457,15400.0,0.0210706371669022,62.18000030517578,147324.0,0.0008047519105258,748.9617919921875,0.0069979480071542,6.994999885559082,-0.0058836843674608,2.3307690620422363,21954813.0,-0.0065570995070463,5128.22021484375,390600.0,-0.0180725811097162,1455.5,180.0,-0.034814323607427,69.0,157202,0.0192024093110623,2.6600000858306885,2339.0,-0.002624660418914,5058.8798828125,0.0,119.0999984741211,150100.0,-0.0012578744308503,8986.0,148153,0.0117090745327628,2.687999963760376,1053314,-0.0362137215233416,20.104999542236328,13200.0,-0.0464063008440526,3087.010009765625,16692290000,0.0028392539247437,14.308300018310549,7338953.0,-0.021621588135042,2526009.0,0.0056597044507005,8568708.0,-0.010540174189427,373.25,912778.0,-0.0260926288323548,11.5,7824600.0,0.1843478161355722,918.25,170655,-0.0013594344752583
2019-11-18,703,3,4883,42,34926.35091038407,820.0,414953.48,100.01,0.0,980.0,1773.0,4630.09,856.545291998075,675.4157483291563,396.2085706845238,384.97703125,487.3780227272728,35.0,41.0,67.0,102.0,14.0,21.0,54.0,7.0,120.0,6.0,26.0,0.0,651.0,21.0,608.0,368.7786296296297,384.97703125,559.382870967742,750.1458021077284,857.6951666666668,821.2663888888889,396.89325,1625.5416666666667,518.2249455535391,313.695,496.9093253968254,0.0,842.0359264382902,572.3613636363635,1354.0,287.0,0.0,132.0,1683.0,21.0,24.48900032043457,15400.0,0.0210706371669022,62.43999862670898,171042.0,0.0041813817989246,775.2293090820312,0.0350719053637889,7.007299900054932,0.0017584009574098,2.292306900024414,22907950.0,-0.0165019188920079,5128.22021484375,390600.0,-0.0180725811097162,1470.9000244140625,225.0,0.0105805732834507,78.5,149081,0.1376811594202898,2.617500066757202,2168.0,-0.0159774502639589,5058.8798828125,0.0,118.6750030517578,84404.0,-0.0035683915013284,9640.0,173062,0.0727798798130425,2.664999961853028,754455,-0.008556548443986,20.104999542236328,13200.0,-0.0464063008440526,3122.030029296875,18074100000,0.011344316805085,14.229249000549316,3726643.0,-0.0055248364697462,2057210.0,0.0033415164380845,9523859.0,-0.0585885544354997,367.75,1092120.0,-0.0147354320160749,11.5,7824600.0,0.1843478161355722,897.0,473837,-0.0231418459025319
2019-11-25,778,3,5267,44,37495.5027377892,400.55,1684396.81,100.01,0.0,955.83,1713.0,4084.42,875.8542656273706,712.3252676330403,687.5512139249639,524.7468933381433,493.0082302405498,52.0,103.0,76.0,104.0,8.0,38.0,46.0,14.0,42.0,16.0,19.0,0.0,654.0,53.0,488.0,655.8175,524.7468933381433,465.7890674603175,758.1417372646733,814.9066666666666,1021.3936666666666,480.95228571428567,1741.0996666666665,409.2316993006993,610.8941071428571,875.2763194444444,0.0,849.4748326688556,571.2663749999999,1454.0,123.0,0.0,136.0,1636.0,15.0,24.48900032043457,15400.0,0.0210706371669022,63.650001525878906,111260.0,0.0193786503168233,801.5587158203125,0.0339633788736117,7.038300037384033,0.0044239775336087,2.261538028717041,34775967.0,-0.0134226666189616,5128.22021484375,390600.0,-0.0180725811097162,1456.5999755859375,441760.0,-0.0097219719836645,75.5999984741211,82795,-0.0369426945971834,2.6475000381469727,81596.0,0.0114613068289,5058.8798828125,0.0,121.1999969482422,46956.0,0.0212765437670405,9316.0,174231,-0.033609958506224,2.2809998989105225,701129,-0.1440900819658933,20.104999542236328,13200.0,-0.0464063008440526,3133.639892578125,12893650000,0.0037186904585491,14.42687702178955,4586394.0,0.013888858170421,2037438.0,0.0168273286119349,8207138.0,-0.0014144594963264,370.5,586458.0,0.0074779061862677,11.5,7824600.0,0.1843478161355722,876.75,337402,-0.0225752508361204
2019-12-02,735,3,5491,48,37766.7671292517,642.3,1425839.97,100.02,0.0,768.72,1269.0,12461.383333333331,1194.8914000192428,987.0668591065293,564.8048333333334,488.8052407407407,557.8348042328042,36.0,57.0,65.0,91.0,12.0,18.0,39.0,20.0,32.0,3.0,12.0,0.0,607.0,40.0,237.0,405.5815789473684,488.8052407407407,404.7276845238095,1065.3386486486486,811.5054545454545,838.972,695.5453125,2450.5948333333336,735.235884057971,1293.84,704.4942222222222,0.0,1158.599393276061,619.42125,1162.0,26.0,0.0,81.0,1206.0,8.0,24.48900032043457,15400.0,0.0210706371669022,60.91999816894531,195822.0,-0.0428908608246242,857.7097778320312,0.0700523379054696,7.031499862670898,-0.000966167210408,2.215384006500244,22560427.0,-0.0204082450220746,5128.22021484375,390600.0,-0.0180725811097162,1462.300048828125,6051.0,0.003913272921685,71.4000015258789,94103,-0.0555555163096981,2.632499933242798,4490.0,-0.0056657619218293,5058.8798828125,0.0,120.1999969482422,42104.0,-0.0082508252902601,9514.0,144310,0.0212537569772435,2.3340001106262207,1152617,0.0232355169068674,20.104999542236328,13200.0,-0.0464063008440526,3113.8701171875,17504100000,-0.0063088855351404,14.34782600402832,6837624.0,-0.0054794268809414,3266588.0,-0.0353387225715465,9245950.0,0.0651558132967731,373.5,18193.0,0.0080971659919029,11.5,7824600.0,0.1843478161355722,889.5,606882,0.0145423438836611
2019-12-09,850,3,5642,52,32068.360600000004,435.0,842198.3999999999,100.9,0.0,571.0,1678.0,6698.88,830.7855663704503,669.0499250092014,636.2539730129785,415.13130952380953,495.13498740678864,62.0,31.0,119.0,72.0,8.0,35.0,68.0,12.0,91.0,2.0,50.0,0.0,801.0,33.0,294.0,583.4711884236453,415.13130952380953,396.32858758308817,755.5846409090909,741.348125,674.4919642857143,432.3195712560386,1346.382,514.5236466165413,1058.785,712.4360506926025,0.0,818.822772086702,959.7977083333334,1535.0,13.0,0.0,130.0,1594.0,24.0,24.48900032043457,15400.0,0.0210706371669022,64.25,162668.0,0.0546618833083321,777.6602172851562,-0.0933294251922955,7.034299850463867,0.000398206335441,2.200000047683716,65514878.0,-0.0069441499854605,5128.22021484375,390600.0,-0.0180725811097162,1459.300048828125,3644.0,-0.0020515625383478,75.5,102074,0.0574229465896447,2.746500015258789,3553.0,0.0433048755581779,5058.8798828125,0.0,122.375,22907.0,0.018094867778527,10100.0,156367,0.0615934412444818,2.2960000038146973,1242964,-0.0162811075451611,20.104999542236328,13200.0,-0.0464063008440526,3135.9599609375,17765280000,0.0070940157805785,14.466403007507324,8481409.0,0.0082644578660009,2711172.0,0.0546819410892391,4400476.0,-0.0332446809353845,365.75,233281.0,-0.0207496653279786,11.5,7824600.0,0.1843478161355722,907.5,731487,0.0202360876897134
2019-12-16,928,3,5950,43,35433.073879310345,59.0,1684396.83,100.0,0.0,548.48,1838.0,6062.485,893.3812560692437,738.3575,704.8393872549019,335.0580357142857,520.1052139136905,39.0,29.0,45.0,90.0,13.0,47.0,35.0,21.0,22.0,8.0,4.0,0.0,1121.0,11.0,353.0,697.1187666666666,335.0580357142857,518.1490277777777,711.2728153153153,509.8581818181819,955.177222222222,500.0383163265306,1911.5990277777776,938.7841666666668,860.01,559.13,0.0,871.4053329388438,623.5316666666666,1633.0,20.0,0.0,185.0,1731.0,26.0,24.48900032043457,15400.0,0.0210706371669022,65.33999633789062,161777.0,0.0169649235469357,763.9000244140625,-0.0176943510356375,6.97189998626709,-0.0088707995853578,2.369230031967163,40443498.0,0.0769227184615846,5128.22021484375,390600.0,-0.0180725811097162,1475.0,1196.0,0.0107585490622594,73.0999984741211,69398,-0.0317880996805153,2.820499897003174,2990.0,0.0269433392802702,5058.8798828125,0.0,122.2249984741211,9885.0,-0.0012257530204609,10180.0,167877,0.0079207920792079,2.328000068664551,896687,0.0139373104515185,20.104999542236328,13200.0,-0.0464063008440526,3191.449951171875,22184930000,0.0176947381106824,14.308300018310549,9359902.0,-0.010928977238829,1621068.0,0.0201626333019191,5297922.0,-0.0013754817153938,388.0,609121.0,0.060833902939166,11.5,7824600.0,0.1843478161355722,928.25,514990,0.0228650137741046
2019-12-23,705,3,4920,43,38548.54527659575,138.5,922049.99,100.19,0.0,244.89,5308.0,4607.58,917.7903458804982,661.8464973544974,562.6974537037038,524.3686111111111,442.3291000807103,32.0,52.0,77.0,57.0,9.0,26.0,21.0,11.0,60.0,20.0,2.0,0.0,903.0,16.0,4022.0,658.032625,524.3686111111111,422.7835964912281,833.6344504504505,808.6364285714286,520.6903333333333,492.42291666666665,1453.177777777778,417.3790256410256,319.34775,217.72,0.0,905.8040600917532,430.5747142857143,1330.0,2363.0,0.0,1615.0,5226.0,12.0,24.48900032043457,15400.0,0.0210706371669022,66.38999938964844,59129.0,0.01606983640354,756.4000244140625,-0.0098180386965595,7.00570011138916,0.0048480507736268,2.384614944458008,16584449.0,0.0064936339161929,5128.22021484375,390600.0,-0.0180725811097162,1482.5,1408.0,0.0050847457627118,75.0,54122,0.0259918134820693,2.816999912261963,2308.0,-0.0012409093667862,5058.8798828125,0.0,123.5,3300.0,0.0104315937148393,9626.0,30049,-0.0544204322200393,2.157999992370605,455364,-0.0730240856012799,20.104999542236328,13200.0,-0.0464063008440526,3224.010009765625,8954750000,0.0102022776768893,14.624505043029783,5506233.0,0.0220994125308096,1136236.0,0.0051486692908946,4044937.0,-0.0027548839026348,388.75,267816.0,0.0019329896907216,11.5,7824600.0,0.1843478161355722,929.5,260586,0.0013466199838405
2019-12-30,555,3,4212,44,37665.076,175.38,822545.8,100.01,0.0,1242.07,908.0,6020.0,1070.8928157612074,1051.5897777777775,871.643695652174,478.1666666666667,489.0381904761905,22.0,11.0,57.0,59.0,3.0,6.0,65.0,16.0,33.0,5.0,2.0,0.0,435.0,23.0,171.0,1021.8020588235296,478.1666666666667,441.232015503876,1222.0630341880342,1596.4066666666663,617.0366666666667,462.9515646258503,1448.8903125000002,636.0612152777778,478.585,381.415,0.0,1059.171963149152,745.4928205128205,841.0,18.0,0.0,49.0,847.0,23.0,24.48900032043457,15400.0,0.0210706371669022,68.44000244140625,169650.0,0.0308781905498474,748.4000244140625,-0.0105764142540808,6.994800090789795,-0.0015558788452342,2.4307689666748047,46539872.0,0.0193549161150992,5128.22021484375,390600.0,-0.0180725811097162,1514.5,1068.0,0.0215851602023608,76.5,36286,0.02,2.827500104904175,3399.0,0.0037274380437521,5058.8798828125,0.0,124.7249984741211,77464.0,0.0099190159847861,9608.0,64547,-0.0018699355911073,2.130000114440918,550454,-0.01297492030986,20.104999542236328,13200.0,-0.0464063008440526,3221.2900390625,12861110000,-0.0008436607500864,14.624505043029783,5138129.0,0.0,2294418.0,0.019167214782519,4452512.0,-0.0055248567841943,388.25,438549.0,-0.0012861736334405,11.5,7824600.0,0.1843478161355722,930.5,70390,0.0010758472296934
2020-01-06,707,3,5533,48,37096.47688826026,778.09,820780.0,100.66,0.0,1436.18,1512.0,6839.92,875.243467731208,654.9819950441714,517.9995756302521,799.5135714285714,543.8022943722943,53.0,26.0,53.0,71.0,9.0,15.0,37.0,9.0,78.0,5.0,12.0,0.0,884.0,12.0,248.0,565.3573571428572,799.5135714285714,488.7294924242424,761.2203746770026,819.5922222222222,805.4171212121212,565.328203125,2191.654375,447.3342530345472,509.3440000000001,299.3378,0.0,847.6746529192962,664.2216666666666,1338.0,18.0,0.0,156.0,1439.0,6.0,24.48900032043457,15400.0,0.0210706371669022,68.91000366210938,275458.0,0.0068673466384736,763.7999877929688,0.0205771818232678,6.964499950408936,-0.0043318093423078,2.5076920986175537,44284794.0,0.0316455956931096,5128.22021484375,390600.0,-0.0180725811097162,1566.199951171875,769.0,0.0341366465314461,71.5999984741211,84099,-0.0640523075278288,2.80049991607666,1560.0,-0.0095491380462494,5058.8798828125,0.0,127.4250030517578,168882.0,0.0216476617411778,9262.0,141745,-0.0360116569525396,2.20199990272522,1072921,0.0338027156882105,20.104999542236328,13200.0,-0.0464063008440526,3246.280029296875,17721020000,0.0077577585164134,14.50592803955078,9704278.0,-0.0081081037019792,3859714.0,0.0257782124630512,4680267.0,0.0083333918341899,384.75,698790.0,-0.009014810045074,11.5,7824600.0,0.1843478161355722,935.0,3514,0.0048361096184847
2020-01-13,820,3,5337,47,35432.79345121951,74.58,771498.03,100.02,0.0,323.87,1606.0,6215.25,791.844362837618,619.4830083333334,657.9511522727273,533.8311343970787,380.717790073776,59.0,72.0,50.0,103.0,4.0,13.0,47.0,10.0,68.0,9.0,23.0,0.0,846.0,11.0,291.0,558.8204444444444,533.8311343970787,334.81977513227514,662.6039609053497,470.3675,1444.4646296296296,367.9724358974359,1433.7861904761903,435.6515789473684,685.29,1016.879155844156,0.0,781.4425276675486,727.9808333333333,1483.0,15.0,0.0,108.0,1555.0,16.0,24.48900032043457,15400.0,0.0210706371669022,64.19999694824219,178208.0,-0.0683501155646726,773.2999877929688,0.0124378111440544,6.909299850463867,-0.0079259243790831,2.5153839588165283,41512786.0,0.0030673064700466,5128.22021484375,390600.0,-0.0180725811097162,1548.4000244140625,297.0,-0.0113650410629205,79.0,120906,0.1033519788209709,2.861500024795532,1362.0,0.0217818641481444,5058.8798828125,0.0,126.3499984741211,140618.0,-0.0084363708211963,9046.0,158626,-0.0233210969553012,2.003000020980835,1153423,-0.0903723390260374,20.104999542236328,13200.0,-0.0464063008440526,3288.1298828125,18135300000,0.0128916338510358,14.545454025268556,5636357.0,0.002724816062096,1830317.0,-0.0820293755201345,4013772.0,-0.0055097021252223,389.5,921107.0,0.0123456790123457,11.5,7824600.0,0.1843478161355722,929.75,397221,-0.005614973262032
2020-01-20,801,3,7369,49,38174.51825218477,131.06,612180.0,100.0,0.0,424.08,1704.0,5683.35,890.976522655424,740.4355042735043,529.9405935185185,498.20655844155846,453.9258934464875,81.0,35.0,108.0,125.0,23.0,26.0,45.0,21.0,47.0,14.0,7.0,0.0,812.0,39.0,321.0,537.6886531862745,498.20655844155846,368.0660579514825,763.808213114754,991.4033333333334,987.664,564.444453125,1323.4244444444444,656.568725490196,462.403125,530.9,0.0,881.2220582541679,517.2994791666666,1468.0,15.0,0.0,221.0,1617.0,13.0,24.48900032043457,15400.0,0.0210706371669022,64.58999633789062,172204.0,0.0060747571368711,773.5,0.0002586476272967,6.858699798583984,-0.007323470246625,2.4230759143829346,36259057.0,-0.036697397274102,5128.22021484375,390600.0,-0.0180725811097162,1556.4000244140625,145.0,0.0051666235300062,76.5999984741211,40169,-0.0303797661503658,2.798500061035156,1360.0,-0.0220164120966162,5058.8798828125,0.0,124.8499984741211,57256.0,-0.0118717848683411,8678.0,114656,-0.0406809639619721,1.89300000667572,817706,-0.0549176301312517,20.104999542236328,13200.0,-0.0464063008440526,3320.7900390625,15204110000,0.0099327451816058,14.34782600402832,1510738.0,-0.0135869269461725,2558644.0,0.0044765549816871,2774357.0,-0.0055401610824652,387.5,790980.0,-0.0051347881899871,11.5,7824600.0,0.1843478161355722,902.0,388000,-0.0298467329927399
2020-01-27,738,3,5111,44,35201.69712737128,270.53,816106.45,100.01,0.0,532.59,1313.0,5898.0233333333335,850.7434506031005,890.9827777777778,1107.1939936507938,337.41,563.2280814689742,17.0,35.0,67.0,75.0,9.0,24.0,60.0,10.0,29.0,13.0,1.0,0.0,660.0,68.0,245.0,1078.0761333333337,337.41,579.6110590277777,900.2920740740741,432.7622222222222,827.4449999999999,497.2879651162791,1594.0554761904762,863.054888888889,995.1921428571428,1846.38,0.0,837.1581133208248,733.9815881642512,1227.0,12.0,0.0,74.0,1247.0,18.0,24.48900032043457,15400.0,0.0210706371669022,59.31999969482422,188339.0,-0.0815915302966947,776.7999877929688,0.0042663061318277,6.935699939727783,0.0112266381974752,2.1769230365753174,28810381.0,-0.101586944241614,5128.22021484375,390600.0,-0.0180725811097162,1576.800048828125,314730.0,0.0131071858738518,75.0999984741211,71853,-0.0195822458208895,2.5964999198913574,2911.0,-0.0721815746786438,5058.8798828125,0.0,121.375,56694.0,-0.02783338819857,8290.0,149693,-0.0447107628485826,1.840999960899353,658724,-0.0274696490190107,20.104999542236328,13200.0,-0.0464063008440526,3243.6298828125,19282920000,-0.0232354817204231,13.280632019042969,8347691.0,-0.0743801872622182,3519852.0,-0.0891326833962784,7536451.0,-0.0710306078325752,380.5,956559.0,-0.0180645161290322,11.5,7824600.0,0.1843478161355722,872.5,483354,-0.0327050997782705
2020-02-03,632,3,4396,42,39973.89061708861,206.34,881496.0,100.01,0.0,1005.4,1297.0,5942.88,959.9167090143416,779.6429027777777,737.0244401154401,1096.9111979166669,534.4852700416965,53.0,33.0,84.0,62.0,7.0,15.0,29.0,13.0,7.0,1.0,20.0,0.0,568.0,57.0,348.0,682.3015773809524,1096.9111979166669,459.0765680022009,783.4569612403101,636.31375,981.4325,458.9313043478261,1640.2836666666667,746.842,1831.49,693.2444888888889,0.0,939.4852688446022,809.4270463320463,1096.0,59.0,0.0,142.0,1245.0,21.0,24.48900032043457,15400.0,0.0210706371669022,54.45000076293945,269249.0,-0.0820970828883818,799.7999877929688,0.0296086513406717,6.935699939727783,0.0,2.0999999046325684,52519473.0,-0.0353357149749137,5128.22021484375,390600.0,-0.0180725811097162,1577.199951171875,3886.0,0.000253616394829,73.0999984741211,67816,-0.0266311589964837,2.513000011444092,1907.0,-0.0321586408717314,5058.8798828125,0.0,121.3249969482422,34816.0,-0.0004119715901775,8018.0,182255,-0.0328106151990349,1.8580000400543213,1001628,0.0092341550874686,20.104999542236328,13200.0,-0.0464063008440526,3248.919921875,19500010000,0.0016309009515946,13.478260040283203,11987389.0,0.0148809198957442,4142351.0,-0.0570191722638053,8895083.0,-0.0314842632301219,378.75,963160.0,-0.0045992115637318,11.5,7824600.0,0.1843478161355722,882.0,552143,0.010888252148997
2020-02-10,647,3,4631,45,37120.43916537867,636.48,687265.0,104.04,0.0,852.79,1333.0,5268.96,903.5322451423098,618.4383647342995,918.601522752193,474.9072730654762,668.4762183908047,49.0,123.0,48.0,51.0,7.0,36.0,20.0,11.0,92.0,13.0,18.0,0.0,608.0,22.0,235.0,793.5689856879039,474.9072730654762,373.9723580246914,676.7791025641026,555.6866666666666,410.495,912.6486111111112,1543.25,510.0912801932368,1146.3366666666668,1062.774,0.0,890.4002091188381,942.0532307692308,1191.0,48.0,0.0,94.0,1307.0,9.0,24.48900032043457,15400.0,0.0210706371669022,53.27000045776367,206252.0,-0.0216712633359397,791.7000122070312,-0.0101275015123333,7.00059986114502,0.0093573715675745,2.138461112976074,50137880.0,0.0183148619476891,5128.22021484375,390600.0,-0.0180725811097162,1574.699951171875,746.0,-0.0015850875459021,75.5,34751,0.0328317589052831,2.557499885559082,1290.0,0.0177078686479665,5058.8798828125,0.0,120.8249969482422,16062.0,-0.0041211622713932,8188.0,131637,0.0212022948366175,1.837000012397766,1388291,-0.0113024904218739,20.104999542236328,13200.0,-0.0464063008440526,3352.090087890625,18077170000,0.0317552197334811,13.3596830368042,9072006.0,-0.0087976491865127,3589626.0,-0.0107763102963481,5266999.0,0.0030959722613639,381.75,1080208.0,0.0079207920792079,11.5,7824600.0,0.1843478161355722,893.75,766795,0.0133219954648526
2020-02-17,674,3,4687,45,37663.06765578636,437.86,977147.14,103.29,0.0,833.06,1406.0,5059.05,954.632682998664,739.4676321948134,505.5537962962964,726.6044444444445,490.12833751696064,15.0,22.0,65.0,67.0,6.0,35.0,41.0,8.0,118.0,9.0,6.0,0.0,764.0,25.0,225.0,420.34513888888887,726.6044444444445,382.4942275094697,870.1305897435898,602.1166666666667,508.5899450549451,510.2304347826087,445.24,517.9087041773231,788.6366666666667,563.3055555555555,0.0,959.9388567799,738.6236111111111,1305.0,27.0,0.0,74.0,1346.0,29.0,24.48900032043457,15400.0,0.0210706371669022,57.75,156767.0,0.0840998592779889,791.5,-0.0002526363571394,6.986100196838379,-0.0020712031246233,2.200000047683716,37026441.0,0.0287772054091732,5128.22021484375,390600.0,-0.0180725811097162,1600.0,1155.0,0.0160665838652607,74.9000015258789,58008,-0.007946999657233,2.609999895095825,1535.0,0.0205278638850325,5058.8798828125,0.0,119.7249984741211,7379.0,-0.0091040637442955,8478.0,188689,0.0354176844162188,1.9049999713897705,1005758,0.037016852767054,20.104999542236328,13200.0,-0.0464063008440526,3370.2900390625,15292560000,0.0054294337844982,13.675889015197754,9422458.0,0.0236686736895215,1719191.0,0.0500302513113646,12272601.0,0.018518500803375,383.0,729585.0,0.0032743942370661,11.5,7824600.0,0.1843478161355722,890.5,514547,-0.0036363636363636
2020-02-25,669,3,5090,50,40619.370971599405,367.32,724344.2000000001,101.45,0.0,985.49,1553.0,6088.3533333333335,1097.2247024044332,891.129509084909,900.5351083333333,412.7573848175634,533.612824162742,54.0,97.0,114.0,78.0,16.0,24.0,29.0,3.0,118.0,25.0,13.0,0.0,665.0,40.0,277.0,1120.0016,412.7573848175634,522.5973380325814,956.0073771121351,776.8873333333333,977.6065476190475,383.95188596491226,1543.5075000000002,581.7119846473693,741.7005416666666,298.2514285714286,0.0,1094.56825718065,784.5471548323471,1407.0,14.0,0.0,132.0,1466.0,20.0,24.48900032043457,15400.0,0.0210706371669022,56.29999923706055,145203.0,-0.0251082383192978,803.2999877929688,0.0149083863461385,7.026199817657471,0.0057399149295396,2.107692003250122,62248176.0,-0.0419582011058503,5128.22021484375,390600.0,-0.0180725811097162,1672.4000244140625,3830.0,0.0452500152587891,75.80000305175781,371835,0.0120160414892374,2.5924999713897705,83149.0,-0.0067049518810085,5058.8798828125,0.0,112.6999969482422,51400.0,-0.0586761462970272,7654.0,309984,-0.0971927341354093,1.684000015258789,803665,-0.1160104774016104,20.104999542236328,13200.0,-0.0464063008440526,3225.889892578125,31566850000,-0.0428450206987355,13.63636302947998,6125114.0,-0.0028901949755404,4528560.0,-0.0119116030926531,7219232.0,0.0515151753789031,372.25,734142.0,-0.0280678851174934,11.5,7824600.0,0.1843478161355722,883.5,314113,-0.0078607523862997
2020-03-02,699,3,4422,42,39760.82236051502,21.24,955318.22,101.57,0.0,406.94,935.0,11783.51,1313.8572575757576,829.7010298372514,1181.347051282051,792.86,558.3840946502057,23.0,27.0,47.0,90.0,6.0,22.0,43.0,12.0,35.0,14.0,10.0,0.0,466.0,8.0,132.0,1759.6652380952382,792.86,510.8941463414634,892.4618701636905,563.347,1510.1386666666667,565.8460476190477,3201.1503125,561.9214444444444,586.9975000000001,406.19875,0.0,1273.808598585323,895.568,870.0,6.0,0.0,59.0,0.0,221.0,24.48900032043457,15400.0,0.0210706371669022,51.900001525878906,239003.0,-0.0781527135134534,817.4000244140625,0.0175526413984308,6.990900039672852,-0.0050240213630001,2.0153839588165283,47100394.0,-0.0437957938310019,5128.22021484375,390600.0,-0.0180725811097162,1592.300048828125,1559.0,-0.0478952250757118,71.30000305175781,188332,-0.0593667522272698,2.6010000705718994,4058.0,0.0032787268181038,5058.8798828125,0.0,105.75,187551.0,-0.061668120110367,6700.0,338689,-0.1246407107394825,1.7079999446868896,909841,0.0142517394362449,20.104999542236328,13200.0,-0.0464063008440526,3090.22998046875,29965390000,-0.0420534849690594,13.55731201171875,6953652.0,-0.0057970748938211,4688031.0,-0.0909974776862834,6675594.0,-0.0244956880248257,374.75,15668.0,0.0067159167226327,11.5,7824600.0,0.1843478161355722,883.25,8449,-0.0002829654782116
2020-03-09,855,3,5449,41,37773.51601169591,234.0,569908.41,100.01,0.0,377.34,1529.0,8490.0,1306.7308423662248,630.6700627853882,997.15765625,1038.6106666666667,659.3111998316998,38.0,33.0,98.0,75.0,11.0,22.0,45.0,27.0,46.0,2.0,14.0,0.0,717.0,22.0,379.0,1064.596201923077,1038.6106666666667,505.09949075314927,578.537196969697,997.781875,1027.848125,870.1975694444445,1960.8705555555557,789.9649305555555,462.59,753.3907499999999,0.0,1281.5177484959722,799.4675555555556,1270.0,147.0,0.0,112.0,1.0,429.0,24.48900032043457,15400.0,0.0210706371669022,34.36000061035156,322275.0,-0.3379576184941222,826.0999755859375,0.0106434437387146,6.931099891662598,-0.0085539984366665,1.930768966674805,70028927.0,-0.0419845517632336,5128.22021484375,390600.0,-0.0180725811097162,1674.5,601.0,0.0516234055461917,65.5999984741211,282964,-0.0799439597989777,2.5239999294281006,3943.0,-0.0296040519241002,5058.8798828125,0.0,95.5749969482422,196609.0,-0.0962175229480643,6224.0,405220,-0.0710447761194029,1.86899995803833,1462678,0.0942623059516287,20.104999542236328,13200.0,-0.0464063008440526,2746.56005859375,40664410000,-0.1112117622465334,13.04347801208496,15700087.0,-0.0379008758660743,5481826.0,-0.3341176650103401,16866093.0,-0.0280650011456065,374.25,193839.0,-0.0013342228152101,11.5,7824600.0,0.1843478161355722,846.75,158664,-0.0413246532691763
2020-03-16,429,3,2831,34,36990.32965034965,1177.26,563951.87,100.01,0.0,1338.0,881.0,5033.97,781.2525630252101,914.3533719704952,553.4137399737015,451.5960912698413,602.0139301801802,71.0,52.0,55.0,95.0,13.0,19.0,40.0,1.0,31.0,13.0,11.0,0.0,185.0,35.0,260.0,517.8204947768281,451.5960912698413,430.25842857142857,869.091846567411,882.4851851851852,1004.2275,783.2637820512821,1020.0,1169.4637878787878,484.2757142857144,842.4105,0.0,779.2292796610169,701.9328846153846,741.0,20.0,0.0,120.0,0.0,261.0,24.48900032043457,15400.0,0.0210706371669022,30.049999237060547,217586.0,-0.1254365918722525,838.5,0.0150103193082258,7.007199764251709,0.0109794799928726,1.761538028717041,68743626.0,-0.0876495017677934,5128.22021484375,390600.0,-0.0180725811097162,1485.9000244140625,924.0,-0.1126306214308375,68.0999984741211,250847,0.0381097569840072,2.3984999656677246,2454.0,-0.04972264947282,5058.8798828125,0.0,98.6500015258789,121225.0,0.0321737345103128,5972.0,383623,-0.0404884318766066,1.6039999723434448,897770,-0.1417870474288424,20.104999542236328,13200.0,-0.0464063008440526,2386.1298828125,41985050000,-0.1312296720595986,11.304347038269045,31046585.0,-0.1333333772023525,2824660.0,-0.0780597000750868,21373031.0,-0.2097264635929753,354.75,1075431.0,-0.0521042084168337,11.5,7824600.0,0.1843478161355722,862.5,687724,0.0186005314437556
2020-03-23,394,3,3113,39,55458.15634517767,115.0,7099373.0,102.0,0.0,809.39,847.0,6942.38,1021.0572302960692,983.7599127024292,704.6011666666666,604.7192857142857,476.428125,25.0,14.0,63.0,71.0,4.0,13.0,27.0,5.0,54.0,2.0,4.0,0.0,369.0,4.0,192.0,613.8819607843137,604.7192857142857,398.741452020202,1224.067216117216,340.1716666666666,889.3725000000001,571.2225396825397,2517.26,336.7787112010796,488.86,1583.585,0.0,977.5629637349084,619.6725,746.0,20.0,0.0,81.0,0.0,257.0,24.48900032043457,15400.0,0.0210706371669022,27.030000686645508,140306.0,-0.1004991223657166,862.7999877929688,0.0289803074454009,7.094799995422363,0.0125014605145925,1.5615379810333252,82714241.0,-0.1135371728701079,5128.22021484375,390600.0,-0.0180725811097162,1567.0,101610.0,0.0545796986697795,61.5,107486,-0.0969162793245755,2.119499921798706,2932.0,-0.1163227216437949,5058.8798828125,0.0,100.9499969482422,61638.0,0.0233147023495983,5050.0,276758,-0.1543871399866041,1.633999943733215,435853,0.0187032243809457,20.104999542236328,13200.0,-0.0464063008440526,2237.39990234375,37243200000,-0.0623310497639147,9.683794021606444,20100657.0,-0.143356623003211,3368374.0,-0.1860627181405333,11397995.0,-0.0596153757981291,343.5,587771.0,-0.0317124735729387,11.5,7824600.0,0.1843478161355722,881.5,519098,0.0220289855072464
2020-03-30,309,3,2410,28,32351.154368932035,56.1,317043.01,104.26,0.0,237.02,661.0,9190.0,907.0699917443668,1081.5512905982907,967.7224365079364,315.3208874458875,469.1776953267616,63.0,51.0,64.0,96.0,8.0,15.0,51.0,2.0,8.0,13.0,6.0,0.0,114.0,18.0,145.0,1131.4371309523808,315.3208874458875,459.5790307486631,1114.53569325736,966.3375,944.9,414.17258771929824,3205.995,784.6916666666666,414.0720952380952,866.5139999999999,0.0,835.2285852363782,688.8639393939394,567.0,7.0,0.0,84.0,0.0,236.0,24.48900032043457,15400.0,0.0210706371669022,22.76000022888184,214163.0,-0.1579726359338685,859.2000122070312,-0.0041724335151489,7.099199771881104,0.000620141013359,1.5692299604415894,50453436.0,0.0049258996589849,5128.22021484375,390600.0,-0.0180725811097162,1622.0,23358.0,0.0350989151244416,65.5999984741211,108952,0.0666666418556276,2.1619999408721924,2050.0,0.0200519087716779,5058.8798828125,0.0,88.32499694824219,41661.0,-0.1250619156182139,5818.0,193416,0.152079207920792,1.621000051498413,709011,-0.007955870674696,20.104999542236328,13200.0,-0.0464063008440526,2626.64990234375,30852490000,0.1739742634261527,10.948616027832031,10892321.0,0.1306122376625857,4225628.0,-0.1399828926508943,4682733.0,0.0408998551253609,341.25,778949.0,-0.0065502183406113,11.5,7824600.0,0.1843478161355722,854.25,440905,-0.0309132161089052
2020-04-06,188,3,1501,21,43887.849627659576,4273.18,341846.07,102.24,0.0,4515.51,565.0,8017.0,1634.6998691460058,838.1087904174098,934.129990316701,269.47277472527475,613.0838712522046,24.0,39.0,38.0,74.0,7.0,15.0,7.0,15.0,120.0,27.0,0.0,0.0,40.0,46.0,113.0,1068.9277976190476,269.47277472527475,503.1350915750916,1223.5053337831755,1018.9416666666668,814.3860000000001,781.8525,2329.513888888889,507.76889610389605,556.6961298701299,1039.8203166666667,0.0,1374.1446117424243,665.1741666666667,456.0,34.0,0.0,62.0,0.0,185.0,24.48900032043457,15400.0,0.0210706371669022,33.04999923706055,160532.0,0.4521089149692086,850.0999755859375,-0.0105912901440939,7.091300010681152,-0.0011127678405729,1.6230759620666504,47262033.0,0.0343136461719788,5128.22021484375,390600.0,-0.0180725811097162,1677.0,3779.0,0.0339087546239211,64.5,68569,-0.0167682698126134,2.234999895095825,1487.0,0.0337650121276984,5058.8798828125,0.0,94.0,15707.0,0.0642513812378995,6358.0,143612,0.0928154004812651,1.7330000400543213,879464,0.069093143120124,20.104999542236328,13200.0,-0.0464063008440526,2663.679931640625,27229510000,0.0140978168669654,11.304347038269045,14015296.0,0.0324909568052003,3496120.0,0.2981582740479251,12459877.0,-0.0098232198891864,327.75,589389.0,-0.0395604395604395,11.5,7824600.0,0.1843478161355722,863.5,339489,0.0108282118817675
2020-04-13,511,3,4536,46,36624.80180039139,497.97,842198.42,100.67,0.0,662.09,772.0,8924.435,1234.8822243589746,983.6293915343916,890.6023207547171,596.0032683982685,832.4372378277154,37.0,38.0,61.0,93.0,9.0,6.0,46.0,9.0,14.0,13.0,17.0,0.0,168.0,26.0,235.0,862.8223232323232,596.0032683982685,654.6644078947369,984.6687721088437,1018.04,974.6133333333332,1090.3272857142858,2039.7666666666669,977.0151515151516,659.752,1213.1266333333333,0.0,1195.9362029569893,690.5132291666666,653.0,7.0,0.0,85.0,0.0,237.0,24.48900032043457,15400.0,0.0210706371669022,31.739999771118164,167712.0,-0.039636898522933,849.7000122070312,-0.0004704898134252,7.051599979400635,-0.00559841372114,1.6769230365753174,42065416.0,0.0331759423262629,5128.22021484375,390600.0,-0.0180725811097162,1744.800048828125,2398.0,0.0404293672201103,75.30000305175781,58868,0.1674419077791908,2.320499897003174,1754.0,0.0382550362060229,5058.8798828125,0.0,94.6500015258789,10437.0,0.0069149098497756,6600.0,152629,0.0380622837370241,1.753000020980835,979939,0.011540669627386,20.104999542236328,13200.0,-0.0464063008440526,2761.6298828125,27176880000,0.0367724177399741,11.89723300933838,16259397.0,0.0524476087882135,2696965.0,-0.1407208622327489,19792996.0,0.0634920980324222,331.5,736372.0,0.011441647597254,11.5,7824600.0,0.1843478161355722,832.5,424583,-0.0359004053271568
2020-04-20,499,3,4458,46,40651.2897995992,351.46,2672226.47,106.53,0.0,504.43,724.0,8376.85,1140.3317694805194,851.2576657801418,1042.4937270114942,558.3706060606061,693.4143060109291,48.0,18.0,44.0,75.0,13.0,27.0,33.0,5.0,69.0,2.0,3.0,0.0,185.0,9.0,193.0,1047.198670138889,558.3706060606061,491.4597142857143,967.546890625,998.1588888888888,759.8327777777778,828.1901403508772,2624.192,603.173986111111,750.915,1199.24,0.0,1090.5378020134228,1337.3671428571429,645.0,4.0,0.0,75.0,0.0,224.0,24.48900032043457,15400.0,0.0210706371669022,25.56999969482422,261780.0,-0.1943919382730539,857.2000122070312,0.0088266445713227,7.072400093078613,0.002949701307326,1.653846025466919,29384873.0,-0.0137615207168525,5128.22021484375,390600.0,-0.0180725811097162,1701.5999755859375,1928.0,-0.0247593260162976,80.0,100578,0.0624169556143525,2.3345000743865967,1984.0,0.0060332592134579,5058.8798828125,0.0,84.9749984741211,6620.0,-0.102218731070094,6466.0,147681,-0.0203030303030302,1.746000051498413,847552,-0.0039931371355633,20.104999542236328,13200.0,-0.0464063008440526,2823.159912109375,26590900000,0.0222803315099602,12.727272033691406,10368338.0,0.0697674008487108,5205199.0,-2.6791611478953543,10747676.0,0.0167909838635995,314.25,745896.0,-0.0520361990950226,11.5,7824600.0,0.1843478161355722,832.25,354106,-0.0003003003003002
2020-04-27,460,3,3554,36,30691.596,1060.4,283002.12,100.01,0.0,1336.0,2524.0,9789.87,1186.5558563829786,1272.1979310344827,823.755,664.43375,559.994431372549,15.0,13.0,40.0,59.0,0.0,13.0,47.0,6.0,11.0,5.0,5.0,0.0,236.0,16.0,2058.0,653.7692307692307,664.43375,502.0466666666667,1332.1031632653062,873.3861111111111,1433.0,477.0733333333334,1368.6333333333332,946.047222222222,1104.7775,1095.18625,0.0,1180.5533021978022,957.7769230769233,522.0,1346.0,0.0,651.0,0.0,176.0,24.48900032043457,15400.0,0.0210706371669022,19.989999771118164,133908.0,-0.2182244814353884,857.0999755859375,-0.0001167016095067,7.085299968719482,0.0018239742479351,1.600000023841858,22720022.0,-0.0325580500215303,5128.22021484375,390600.0,-0.0180725811097162,1711.9000244140625,2461.0,0.0060531552514733,125.4000015258789,195909,0.5675000190734862,2.381999969482422,32081.0,0.0203469237876576,5058.8798828125,0.0,87.25,55945.0,0.0267725986081865,6402.0,145778,-0.0098979276214042,1.8899999856948853,735420,0.0824741866833804,20.104999542236328,13200.0,-0.0464063008440526,2878.47998046875,28845520000,0.0195950885113134,12.964426040649414,14110534.0,0.018633530133576,3022967.0,-1.3396226247731886,43826631.0,0.0440367442852596,305.5,383200.0,-0.0278440731901352,11.5,7824600.0,0.1843478161355722,847.25,163702,0.0180234304595974
2020-05-04,559,3,4952,45,35281.37212880143,64.21,580254.99,103.38,0.0,535.0,787.0,11660.35,1149.1486810422282,966.8270385232744,1009.3148718820862,834.1251851851853,529.8412026239067,45.0,16.0,42.0,69.0,6.0,16.0,25.0,5.0,57.0,20.0,10.0,0.0,330.0,10.0,136.0,998.7142149758454,834.1251851851853,507.1576571428572,1079.6851149425288,748.6133333333333,1474.5153846153846,458.6990277777778,4400.2675,755.67321812596,1066.9066666666668,917.8111904761904,0.0,1099.3231052727606,837.7824999999999,722.0,3.0,0.0,62.0,0.0,209.0,24.48900032043457,15400.0,0.0210706371669022,27.200000762939453,163310.0,0.3606803939156817,837.7000122070312,-0.0226344229745706,7.061500072479248,-0.0033590527352839,1.638460993766785,34678368.0,0.0240381058448837,5128.22021484375,390600.0,-0.0180725811097162,1706.9000244140625,2054.0,-0.0029207313094766,133.0,207661,0.0606060477005072,2.3239998817443848,2872.0,-0.0243493234597479,5058.8798828125,0.0,94.6500015258789,155486.0,0.0848137710702452,6124.0,127711,-0.0434239300218681,1.8229999542236328,1178471,-0.0354497523695054,20.104999542236328,13200.0,-0.0464063008440526,2842.739990234375,24823610000,-0.0124162719480004,13.083003044128418,8469423.0,0.0091463365294546,1595335.0,0.5954616444196137,16213979.0,0.1546573120547199,310.75,6152.0,0.0171849427168575,11.5,7824600.0,0.1843478161355722,848.75,2397,0.0017704337562702
2020-05-11,626,3,4560,39,33988.83864217252,98.0,599726.7,100.02,0.0,753.74,995.0,7541.17,1138.4668087961006,811.6096617647058,692.0786206896552,221.53,617.3448214285714,18.0,1.0,38.0,64.0,4.0,8.0,16.0,6.0,66.0,1.0,17.0,0.0,605.0,13.0,138.0,740.5841176470589,221.53,480.8646774193549,877.7011403508772,618.125,783.0042857142856,578.8060714285714,2730.758333333333,677.0662946428572,373.82,646.0481818181818,0.0,1110.2012787747296,1051.02,812.0,122.0,0.0,61.0,0.0,305.0,24.48900032043457,15400.0,0.0210706371669022,29.6299991607666,139893.0,0.0893381738848357,823.5,-0.0169511901636714,7.0980000495910645,0.0051688701744927,1.661538004875183,37616645.0,0.0140845654526964,5128.22021484375,390600.0,-0.0180725811097162,1695.300048828125,2895.0,-0.0067959314664135,159.1999969482422,177184,0.19699245825746,2.381999969482422,1875.0,0.0249570097630567,5058.8798828125,0.0,97.0,163516.0,0.0248282983226213,6468.0,299761,0.0561724363161333,1.6460000276565552,1084375,-0.0970926664901959,20.104999542236328,13200.0,-0.0464063008440526,2930.18994140625,27249840000,0.0307625570654688,13.320158004760742,12763218.0,0.0181269514218112,811313.0,0.1839136886832764,10345075.0,-0.0182648948646672,318.5,209459.0,0.0249396621078037,11.5,7824600.0,0.1843478161355722,838.5,131623,-0.0120765832106037
2020-05-18,585,3,3146,33,31345.39907692308,917.0,307282.01,104.04,0.0,1126.01,851.0,6649.009999999999,981.573264900083,915.4762258454106,885.3352631578947,495.922,636.8080769230769,44.0,21.0,30.0,65.0,6.0,17.0,23.0,10.0,69.0,6.0,5.0,0.0,391.0,20.0,144.0,894.2881034482758,495.922,573.0895238095238,988.4443867924527,993.447,794.6757142857143,639.096,2031.879375,673.7691927083333,854.29125,858.244,0.0,952.4990473194624,754.2927272727272,764.0,2.0,0.0,85.0,0.0,188.0,24.48900032043457,15400.0,0.0210706371669022,34.810001373291016,140807.0,0.1748228943382257,819.0,-0.0054644808743169,7.10860013961792,0.0014933910894332,1.5615379810333252,45194136.0,-0.0601852160759753,5128.22021484375,390600.0,-0.0180725811097162,1731.800048828125,946.0,0.0215301120443136,154.0,155215,-0.0326632980397152,2.4049999713897705,2230.0,0.0096557523937945,5058.8798828125,0.0,97.6999969482422,56978.0,0.0072164633839402,6822.0,131875,0.0547309833024118,1.7309999465942385,777861,0.0516402901029713,20.104999542236328,13200.0,-0.0464063008440526,2953.909912109375,25310860000,0.0080950283693013,12.450592041015623,6509019.0,-0.0652819556220225,1728480.0,0.3181441797578945,17816883.0,-0.01395343851351,320.75,592527.0,0.0070643642072214,11.5,7824600.0,0.1843478161355722,833.25,392080,-0.0062611806797853
2020-05-25,715,3,4906,44,28243.28155244755,371.89,283572.01,100.66,0.0,535.01,1033.0,9545.56,830.3622679936173,620.59092039801,731.6205555555556,632.3544444444445,550.0667896389325,19.0,21.0,81.0,61.0,6.0,2.0,25.0,9.0,25.0,4.0,5.0,0.0,594.0,14.0,167.0,796.182105263158,632.3544444444445,504.0042142857143,649.2461320754717,866.5716666666667,757.225,635.7976315789474,1731.88125,512.1104761904762,1021.5416666666666,312.334,0.0,810.8699656799657,644.6391666666667,867.0,112.0,0.0,54.0,0.0,352.0,24.48900032043457,15400.0,0.0210706371669022,36.16999816894531,87472.0,0.0390691393852629,804.5999755859375,-0.0175824473920177,7.135700225830078,0.0038122957656772,1.49230694770813,43506847.0,-0.0443351581364562,5128.22021484375,390600.0,-0.0180725811097162,1704.800048828125,162336.0,-0.0155907144235677,121.4000015258789,358359,-0.211688301780007,2.438499927520752,1687.0,0.0139292958542627,5058.8798828125,0.0,99.7249984741211,27289.0,0.0207267306973577,6942.0,210806,0.0175901495162709,1.8489999771118164,588472,0.0681687083525013,20.104999542236328,13200.0,-0.0464063008440526,2991.77001953125,24991070000,0.0128169472151704,12.727272033691406,7821536.0,0.0222222358394141,1765798.0,0.0795097047002297,9873193.0,0.0267295711832016,319.0,662881.0,-0.0054559625876851,11.5,7824600.0,0.1843478161355722,840.75,385978,0.009000900090009
2020-06-01,579,3,3774,44,35785.36639032816,122.44,898392.05,100.01,0.0,746.66,1653.0,12137.7025,672.6955334074806,827.8258611111111,522.2622526723063,521.8680365686945,453.2120754716981,38.0,91.0,46.0,100.0,30.0,12.0,37.0,8.0,91.0,1.0,41.0,0.0,683.0,12.0,463.0,367.9141282051282,521.8680365686945,466.2078160919541,974.0705357142856,668.1918229166666,693.5053333333333,421.9651754385965,1608.7128571428573,315.96950000000004,1383.8,649.4831271995977,0.0,649.4610608324891,496.575,1268.0,318.0,0.0,67.0,0.0,558.0,24.48900032043457,15400.0,0.0210706371669022,38.31999969482422,139724.0,0.059441571322081,792.2999877929688,-0.0152870844720216,7.126699924468994,-0.0012613059792652,1.5923069715499878,52632990.0,0.067010358690239,5128.22021484375,390600.0,-0.0180725811097162,1737.800048828125,6676.0,0.019357108783921,78.69999694824219,315049,-0.3517298520670474,2.4744999408721924,1898.0,0.0147631799964997,5058.8798828125,0.0,93.9000015258789,33119.0,-0.0584105995223834,6992.0,174467,0.0072025352924229,1.781999945640564,870358,-0.0362358206060705,20.104999542236328,13200.0,-0.0464063008440526,3055.72998046875,30977470000,0.0213786355635454,12.885375022888184,7968219.0,0.0124223783995698,1927914.0,0.0317321747018151,14045691.0,0.0091883523509568,323.25,781322.0,0.0133228840125392,11.5,7824600.0,0.1843478161355722,867.75,642168,0.032114183764496
2020-06-08,416,2,2882,35,33420.698317307695,249.4,712170.0,100.01,1.02,430.89,798.0,7461.059999999999,603.1910726773226,630.2332095082337,561.2636791208791,516.3996726190476,406.82230034213103,54.0,51.0,96.0,129.0,5.0,2.0,14.0,4.0,9.0,11.0,18.0,0.0,245.0,4.0,156.0,562.4348472222222,516.3996726190476,347.59580050505053,663.9001577107102,804.2560000000001,489.055,342.7199285714286,2293.375,246.43,417.4343333333333,676.4367948717949,0.0,565.2094113891726,970.98,708.0,0.0,0.0,90.0,0.0,259.0,24.48900032043457,15400.0,0.0210706371669022,40.79999923706055,145075.0,0.0647181514088397,767.0999755859375,-0.0318061499372585,7.070300102233887,-0.0079138763849818,1.7461529970169067,35340777.0,0.0966183205975426,5128.22021484375,390600.0,-0.0180725811097162,1698.300048828125,2660.0,-0.022729887725942,75.30000305175781,231215,-0.0432019571578943,2.569999933242798,1937.0,0.0385936531228787,5058.8798828125,0.0,96.0749969482422,11835.0,0.023162890170602,8072.0,263493,0.1544622425629289,1.7309999465942385,979469,-0.0286195289573888,20.104999542236328,13200.0,-0.0464063008440526,3232.389892578125,34390750000,0.0578126710273907,13.478260040283203,9605020.0,0.0460122438300696,2118960.0,0.0775959398014052,15423948.0,0.0394536792146471,333.75,1212848.0,0.0324825986078887,11.5,7824600.0,0.1843478161355722,871.25,624065,0.0040334197637568
2020-06-15,348,3,2365,31,41582.07563218391,317.64,2066772.34,100.23,0.0,996.64,994.0,25416.5,730.5512057971015,734.6499673202613,965.4182222222222,462.4970611255412,851.2008502415459,17.0,146.0,90.0,53.0,4.0,6.0,38.0,6.0,7.0,1.0,2.0,0.0,184.0,12.0,428.0,1069.8177777777778,462.4970611255412,990.7569523809524,694.1004074074074,841.23,509.26,595.0903174603175,963.184,1038.7716666666668,330.0,656.73,0.0,719.9769878787879,770.695,643.0,303.0,0.0,48.0,0.0,199.0,24.48900032043457,15400.0,0.0210706371669022,39.720001220703125,159960.0,-0.0264705401115892,782.7999877929688,0.0204667093034893,7.090799808502197,0.0028994110535469,1.7384610176086426,56887946.0,-0.0044051004816902,5128.22021484375,390600.0,-0.0180725811097162,1720.300048828125,1700.0,0.012954130228743,59.79999923706055,1572180,-0.205843335810269,2.56850004196167,1502.0,-0.0005836152996453,5058.8798828125,0.0,94.6999969482422,7948.0,-0.0143117360778136,7510.0,236613,-0.069623389494549,1.6690000295639038,757896,-0.0358173997361006,20.104999542236328,13200.0,-0.0464063008440526,3066.590087890625,28959080000,-0.0512932567535222,12.885375022888184,7620258.0,-0.0439882459325634,1170882.0,-0.0280177987248181,8767753.0,-0.0627736984416335,329.25,997490.0,-0.0134831460674157,11.5,7824600.0,0.1843478161355722,876.5,517492,0.006025824964132
2020-06-22,823,3,5341,52,34003.78274605103,238.92,707499.98,100.1,0.0,713.29,1721.0,7819.0,609.6320534352227,628.437900617284,788.4959,249.07470078940668,545.9238441558442,27.0,67.0,55.0,57.0,9.0,14.0,24.0,18.0,224.0,3.0,4.0,0.0,998.0,18.0,203.0,834.69875,249.07470078940668,567.0570320197044,945.2116296296296,942.972,1705.3145,405.2766666666666,1805.3302857142855,311.66417160493825,620.0866666666667,706.89,0.0,575.1880714354143,785.7721875,1644.0,6.0,0.0,71.0,0.0,265.0,24.48900032043457,15400.0,0.0210706371669022,43.08000183105469,126017.0,0.0845921577817132,819.2000122070312,0.0464997764201413,7.067399978637695,-0.0033000268652972,1.7538460493087769,20296628.0,0.0088497996471024,5128.22021484375,390600.0,-0.0180725811097162,1756.699951171875,3830.0,0.0211590427893935,57.900001525878906,249442,-0.0317725373816415,2.6554999351501465,34411.0,0.033871867536366,5058.8798828125,0.0,94.6999969482422,5600.0,0.0,7782.0,143041,0.0362183754993341,1.4950000047683716,429859,-0.1042540573477383,20.104999542236328,13200.0,-0.0464063008440526,3117.860107421875,27951760000,0.016718902123145,12.924901008605955,5218098.0,0.0030675075927213,1991836.0,0.0899784549756264,4673108.0,0.0264797623479282,328.25,911918.0,-0.0030372057706909,11.5,7824600.0,0.1843478161355722,865.0,473682,-0.0131203650884198
2020-06-29,659,3,4239,40,30637.65261001517,641.58,453599.99,100.6,0.0,753.7,1148.0,5787.0,618.6717350519154,798.5647927807486,472.6572629521016,368.0864351851852,482.9606946826758,15.0,59.0,54.0,121.0,3.0,9.0,26.0,10.0,24.0,10.0,23.0,0.0,652.0,3.0,139.0,599.63125,368.0864351851852,466.26489028213166,863.7743378226711,607.3866666666667,1492.4955555555557,495.5561363636364,1316.0888888888887,547.042261904762,235.20444444444445,533.9960151515152,0.0,602.577493040293,586.5,1059.0,14.0,0.0,75.0,0.0,249.0,24.48900032043457,15400.0,0.0210706371669022,41.709999084472656,87720.0,-0.0318013623108635,821.0,0.0021972506910972,7.079599857330322,0.0017262187975073,1.6923069953918457,53615984.0,-0.0350880591493106,5128.22021484375,390600.0,-0.0180725811097162,1774.800048828125,2116.0,0.0103034656795975,51.0,124421,-0.1191710076690566,2.679500102996826,12769.0,0.0090379094079406,5058.8798828125,0.0,99.4000015258789,74867.0,0.0496304617644862,7640.0,115542,-0.0182472372140838,1.7339999675750732,775923,0.1598661953474249,20.104999542236328,13200.0,-0.0464063008440526,3053.239990234375,17826770000,-0.020725791074999,13.04347801208496,8510382.0,0.0091743065111331,1468238.0,-0.0187839431223533,8638213.0,-0.0182094627644456,326.25,178700.0,-0.006092916984006,11.5,7824600.0,0.1843478161355722,892.5,52732,0.0317919075144508
2020-07-06,617,3,4176,41,42755.73990275527,534.8,1224543.4400000002,101.5,0.0,730.14,1393.0,3923.27,597.6177412543067,843.4386825396826,637.3478947368421,604.4709775086505,542.4089566912972,24.0,83.0,89.0,40.0,2.0,10.0,83.0,13.0,18.0,0.0,29.0,0.0,802.0,41.0,159.0,643.294,604.4709775086505,495.7866871196755,883.3764814814814,319.33000000000004,810.1925,511.1361764705883,1053.8646153846153,756.3016666666666,0.0,615.0500000000001,0.0,581.2783215196124,707.9359375,1284.0,6.0,0.0,103.0,0.0,301.0,24.48900032043457,15400.0,0.0210706371669022,43.09999847412109,114299.0,0.0333253277429557,798.9000244140625,-0.0269183624676461,7.017300128936768,-0.0087998940122369,2.184614896774292,138360547.0,0.2909093342537738,5128.22021484375,390600.0,-0.0180725811097162,1788.5,1764.0,0.0077191519016019,54.70000076293945,144275,0.0725490345674402,2.7660000324249268,2781.0,0.0322821146121086,5058.8798828125,0.0,100.0,153537.0,0.0060362018602673,8340.0,110117,0.0916230366492145,1.8049999475479128,986278,0.0409457792967147,20.104999542236328,13200.0,-0.0464063008440526,3179.719970703125,23635640000,0.0414248407833284,13.952569007873535,43244296.0,0.069696977673155,1677107.0,0.0234256999320754,13088069.0,0.0139103795218553,346.5,5020.0,0.0620689655172412,11.5,7824600.0,0.1843478161355722,891.5,1656,-0.0011204481792717
2020-07-13,557,3,3671,38,36281.01192100539,128.69,1179949.99,100.02,0.05,319.97,1748.0,5925.76,592.8107385600512,688.0269999999999,595.4964569160998,678.272883373936,568.6511997126437,64.0,105.0,68.0,51.0,8.0,13.0,35.0,5.0,37.0,7.0,8.0,0.0,674.0,27.0,646.0,652.447373015873,678.272883373936,410.3923397435898,751.7752222222223,807.1491666666667,702.1442857142857,717.6106359649123,1262.5859999999998,448.97116666666665,556.475,349.7633333333333,0.0,581.9023466799216,667.4589743589744,1133.0,526.0,0.0,89.0,1.0,407.0,24.48900032043457,15400.0,0.0210706371669022,42.720001220703125,110489.0,-0.0088166419227631,789.2000122070312,-0.0121417097391448,6.996399879455566,-0.0029783889953653,2.1615378856658936,62141266.0,-0.01056342293668,5128.22021484375,390600.0,-0.0180725811097162,1811.0,840.0,0.0125803746155996,51.5,150621,-0.0585009272085336,2.941999912261963,3811.0,0.0636297461221424,5058.8798828125,0.0,103.2750015258789,130279.0,0.0327500152587889,8198.0,114234,-0.0170263788968825,1.718000054359436,638753,-0.0481993882086622,20.104999542236328,13200.0,-0.0464063008440526,3155.219970703125,22082120000,-0.007705081021516,14.86166000366211,21706630.0,0.0651558143360959,1438549.0,-0.0130446118646566,8819313.0,-0.0243902208548367,334.0,407779.0,-0.036075036075036,11.5,7824600.0,0.1843478161355722,898.0,112916,0.0072910824453169
2020-07-20,752,3,5128,47,33995.772925531914,598.28,953156.73,100.02,0.0,874.26,5270.0,7974.93,616.5076822457378,645.8778246219592,485.8172275641026,411.1374242424242,578.042279491342,73.0,54.0,98.0,103.0,7.0,30.0,51.0,8.0,36.0,12.0,14.0,0.0,675.0,27.0,4082.0,503.0114047619048,411.1374242424242,441.4475580808081,683.6242144719687,447.3385714285714,588.61,686.9871088435374,1604.4466666666667,528.665350877193,398.1591666666666,478.92196969696965,0.0,600.5731824970131,652.8555952380951,1292.0,2945.0,0.0,1033.0,0.0,454.0,24.48900032043457,15400.0,0.0210706371669022,43.27999877929688,109539.0,0.0131085567086166,785.7000122070312,-0.0044348706865983,6.9822998046875,-0.0020153328870566,2.2076919078826904,91874290.0,0.0213524003085323,5128.22021484375,390600.0,-0.0180725811097162,1815.9000244140625,1026.0,0.002705700946473,50.900001525878906,196243,-0.0116504558081765,2.8984999656677246,2970.0,-0.0147858422472871,5058.8798828125,0.0,101.3249969482422,59145.0,-0.018881670770521,8478.0,91069,0.034154671871188,1.807999968528748,609764,0.0523864443082737,20.104999542236328,13200.0,-0.0464063008440526,3251.840087890625,20789280000,0.0306223078215268,14.15019702911377,10581539.0,-0.0478723759238891,1525514.0,0.0177058086330885,5309884.0,-0.01874998183921,328.25,597261.0,-0.0172155688622754,11.5,7824600.0,0.1843478161355722,904.75,142536,0.0075167037861916
2020-07-27,685,3,5340,44,41103.14131386861,233.12,1101127.38,100.01,0.0,355.53,2487.0,3960.06,565.9773115869172,682.4806961063628,498.55346846846845,425.05663194444446,398.7169867986799,38.0,57.0,79.0,136.0,28.0,30.0,62.0,12.0,28.0,5.0,6.0,0.0,637.0,19.0,1350.0,535.5467816091954,425.05663194444446,421.623468992248,776.0241243559435,757.6364705882353,826.4685185185185,368.9388617021276,1680.2041666666669,242.82658333333333,313.0655555555556,395.285,0.0,523.7983770097658,436.4072727272727,1194.0,1133.0,0.0,160.0,0.0,1076.0,24.48900032043457,15400.0,0.0210706371669022,43.40999984741211,83260.0,0.0030037216215776,767.9000244140625,-0.0226549414743785,6.993199825286865,0.0015610931790766,2.0538458824157715,101068929.0,-0.0696863656190444,5128.22021484375,390600.0,-0.0180725811097162,1931.0,242791.0,0.0633845333104596,48.650001525878906,120145,-0.0442043208752369,2.888000011444092,2841.0,-0.0036225476446448,5058.8798828125,0.0,102.8249969482422,50973.0,0.01480384944661,8306.0,87860,-0.0202878037272942,1.7990000247955322,513706,-0.0049778450718334,20.104999542236328,13200.0,-0.0464063008440526,3239.409912109375,21774140000,-0.0038225052417362,13.55731201171875,8208672.0,-0.0418994178084707,1756486.0,0.0193579287979908,9683547.0,-0.0286624680194516,325.0,540926.0,-0.0099009900990099,11.5,7824600.0,0.1843478161355722,897.5,146101,-0.0080132633324122
2020-08-03,722,3,4863,49,37478.295235457066,474.5,503766.0,100.42,0.0,787.8299999999999,1230.0,7184.305,748.4491134085213,964.6410434782608,653.4880388471178,1009.9983148148148,632.7164245014245,21.0,47.0,64.0,57.0,17.0,20.0,50.0,9.0,21.0,11.0,21.0,0.0,532.0,28.0,332.0,768.8366666666667,1009.9983148148148,539.3438480392157,1092.4136923076924,539.4109375,1104.5236363636363,630.0068333333332,1525.0600000000002,573.8070588235294,746.0038888888889,420.6905952380952,0.0,730.5273237179487,1039.710841346154,1011.0,181.0,0.0,38.0,0.0,292.0,24.48900032043457,15400.0,0.0210706371669022,44.150001525878906,127019.0,0.0170468021439285,757.2000122070312,-0.0139341214570162,6.979400157928467,-0.0019732980185265,2.484615087509156,186265371.0,0.2097378429323555,5128.22021484375,390600.0,-0.0180725811097162,1966.0,5217.0,0.0181253236664939,47.29999923706055,141658,-0.0277492753643643,2.907999992370605,2853.0,0.0069252011243976,5058.8798828125,0.0,102.8000030517578,41922.0,-0.0002430721830897,8306.0,96177,0.0,2.23799991607666,1163529,0.2440243942359161,20.104999542236328,13200.0,-0.0464063008440526,3294.610107421875,21777340000,0.0170402007804426,13.478260040283203,13892966.0,-0.0058309472679551,2039776.0,-0.0141826964958884,11750692.0,0.0311475508509706,317.5,578889.0,-0.0230769230769231,11.5,7824600.0,0.1843478161355722,870.25,3441,-0.0303621169916434
2020-08-10,713,3,5358,49,40075.527124824686,388.8,3776159.97,100.0,0.0,787.51,1583.0,5490.0,572.8574374483584,662.5105772994128,528.7787989017156,503.6083021390374,540.6241336775674,32.0,58.0,75.0,90.0,5.0,62.0,53.0,8.0,51.0,2.0,58.0,0.0,754.0,11.0,324.0,681.7804761904762,503.6083021390374,538.516484962406,639.9543171608266,844.645,605.614,519.2035185185185,1129.9957142857145,722.2846666666667,357.555,307.96436618936616,0.0,561.9636722588011,635.2055555555555,1365.0,13.0,0.0,205.0,0.0,361.0,24.48900032043457,15400.0,0.0210706371669022,44.9900016784668,81011.0,0.0190260503636792,805.5,0.0637876215191644,6.9608001708984375,-0.0026649836102176,2.723076105117798,229095638.0,0.0959750340434828,5128.22021484375,390600.0,-0.0180725811097162,2024.4000244140625,1880.0,0.0297049971587297,47.20000076293945,192228,-0.0021141326793667,2.8585000038146973,1792.0,-0.0170220043623711,5058.8798828125,0.0,107.5999984741211,18890.0,0.0466925610882189,8778.0,101929,0.0568263905610402,2.3559999465942383,953139,0.0527256635131778,20.104999542236328,13200.0,-0.0464063008440526,3360.469970703125,19619500000,0.0199901843113043,15.01976203918457,51047564.0,0.1143695101811508,1838843.0,0.0226774041267749,115573191.0,0.1287758263421221,310.5,1025765.0,-0.0220472440944882,11.5,7824600.0,0.1843478161355722,903.5,16814,0.038207411663315
2020-08-17,619,3,4639,45,35084.34820678514,342.0,787270.6,101.46,0.0,575.0,1492.0,5033.97,579.134500541905,707.5552830752439,472.2056878306879,459.3455555555556,480.8082672403043,74.0,26.0,65.0,371.0,9.0,18.0,63.0,4.0,66.0,9.0,22.0,0.0,445.0,14.0,306.0,491.4655734126984,459.3455555555556,448.0228709508882,755.1053931600611,1049.8742857142856,332.97875,454.18061369509047,1312.1475,585.2835714285715,691.4426666666666,249.5739523809524,0.0,567.9860138581317,713.6711111111111,1078.0,244.0,0.0,170.0,1.0,672.0,24.48900032043457,15400.0,0.0210706371669022,45.369998931884766,105104.0,0.0084462600409247,807.2000122070312,0.0021105055332479,6.93179988861084,-0.0041662282461205,3.0,154381381.0,0.1016952461819729,5128.22021484375,390600.0,-0.0180725811097162,1985.0,826.0,-0.019462568632139,55.20000076293945,180531,0.1694915226840727,2.8980000019073486,1950.0,0.0138184355570887,5058.8798828125,0.0,105.8000030517578,11951.0,-0.0167285822294525,9356.0,182092,0.0658464342674869,2.447999954223633,679989,0.0390492401166591,20.104999542236328,13200.0,-0.0464063008440526,3381.989990234375,17745410000,0.0064038719937578,15.849802017211914,75665098.0,0.0552631909787837,1123794.0,0.0226514257044936,78099744.0,0.214084507231437,331.0,557263.0,0.0660225442834139,11.5,7824600.0,0.1843478161355722,900.75,119453,-0.003043718871057
2020-08-24,541,3,3784,43,39281.79304990757,324.8,2331240.01,100.01,0.0,518.04,1244.0,4947.12,517.2770387774992,697.8287481481482,460.9404797979798,433.14832317073177,371.4692261904762,31.0,69.0,19.0,75.0,4.0,29.0,4.0,6.0,34.0,13.0,15.0,0.0,643.0,6.0,296.0,441.6777777777778,433.14832317073177,345.4886309523809,731.4105761316873,696.8883333333334,477.37611111111113,463.535,1320.5449999999998,611.4754761904761,304.71930555555554,603.6133333333332,0.0,502.0732287859062,343.22125,1020.0,145.0,0.0,79.0,0.0,302.0,24.48900032043457,15400.0,0.0210706371669022,45.130001068115234,93314.0,-0.0052897921406136,785.5,-0.0268830672433953,6.918900012969971,-0.0018609705773624,2.892307043075561,82569419.0,-0.0358976523081463,5128.22021484375,390600.0,-0.0180725811097162,1927.699951171875,3629.0,-0.0288665233391057,50.79999923706055,117151,-0.0797101714685665,2.922499895095825,59589.0,0.0084540694176507,5058.8798828125,0.0,103.2249984741211,4493.0,-0.0243384168559711,9388.0,94967,0.003420265070543,2.657000064849853,545375,0.0853758637803991,20.104999542236328,13200.0,-0.0464063008440526,3431.280029296875,18975990000,0.0145742711258243,16.126482009887695,69302677.0,0.0174563690054503,1481542.0,-0.0062951844627173,141014716.0,-0.0777262279801631,331.75,580895.0,0.0022658610271903,11.5,7824600.0,0.1843478161355722,950.5,83175,0.0552317513183457
2020-08-31,775,3,5382,46,36119.18369032258,673.94,432361.37,100.01,0.0,888.94,1363.0,6908.75,520.9503182043651,774.2525111111111,916.7584958333332,599.245,678.1107315270937,27.0,11.0,91.0,39.0,9.0,17.0,54.0,6.0,43.0,6.0,31.0,0.0,674.0,28.0,327.0,843.7122857142856,599.245,730.2939595687333,1004.5308230452677,1026.35625,1026.406153846154,553.1442708333333,1470.366,503.9257971014493,1343.871666666667,837.6270641025641,0.0,509.83303855804616,893.6226666666666,1126.0,162.0,0.0,75.0,0.0,472.0,24.48900032043457,15400.0,0.0210706371669022,45.27999877929688,133122.0,0.0033236806477192,775.9000244140625,-0.0122214838777052,6.847700119018555,-0.0102906377918378,2.99230694770813,160370849.0,0.0345744428731995,5128.22021484375,390600.0,-0.0180725811097162,1967.5999755859373,1201.0,0.0206982546167553,48.70000076293945,127621,-0.0413385532610217,3.04099988937378,5795.0,0.0405474759731578,5058.8798828125,0.0,104.4499969482422,121253.0,0.0118672656064822,9564.0,95284,0.0187473370259905,2.588000059127808,1000715,-0.025969139645446,20.104999542236328,13200.0,-0.0464063008440526,3500.31005859375,22095960000,0.0201178652594613,16.758892059326172,53473927.0,0.0392156236586953,1805612.0,-0.0002345922520828,180485643.0,0.2704403300360996,348.5,20468.0,0.0504898266767144,11.5,7824600.0,0.1843478161355722,969.5,2451,0.0199894792214623
2020-09-07,768,3,5326,45,38774.40205729167,517.87,857875.0,100.01,0.0,678.6750000000001,1887.0,6197.355,611.3609303208273,718.2167518159806,613.9334619628339,696.0492604166667,504.4780827697943,69.0,41.0,173.0,181.0,14.0,38.0,89.0,25.0,73.0,13.0,64.0,0.0,487.0,75.0,545.0,574.1443942857143,696.0492604166667,528.532039824263,784.811336401571,694.502,802.8287333333334,394.7908874458874,1652.3573095238096,410.6131944444445,776.8550000000001,597.7418981481482,0.0,554.2081879332126,638.2201944444445,1475.0,294.0,0.0,118.0,1.0,660.0,24.48900032043457,15400.0,0.0210706371669022,39.77999877929688,131205.0,-0.1214664343700189,774.7000122070312,-0.0015466067396214,6.829500198364258,-0.0026578150821395,3.292306900024414,227902845.0,0.1002570784210692,5128.22021484375,390600.0,-0.0180725811097162,1933.0,1285.0,-0.0175848627847403,49.900001525878906,137162,0.0246406723642733,3.012500047683716,2802.0,-0.0093718654149418,5058.8798828125,0.0,105.5250015258789,137321.0,0.0102920498711875,9720.0,130821,0.0163111668757842,2.2690000534057617,687844,-0.1232612049589959,20.104999542236328,13200.0,-0.0464063008440526,3331.840087890625,16545570000,-0.0481300135939408,15.928853034973145,41036870.0,-0.0495282755813871,1907673.0,-0.1372917673086626,168152288.0,0.1831682532596301,351.0,2326.0,0.007173601147776,11.5,7824600.0,0.1843478161355722,1005.5,240,0.0371325425477049
2020-09-14,649,3,5135,43,33287.48929121726,361.8,475237.5,100.02,0.0,468.41,1898.0,5542.0,493.72378973507614,515.3899212962963,812.4235752688172,333.16285714285715,445.7605764411027,27.0,33.0,66.0,101.0,11.0,17.0,73.0,15.0,53.0,7.0,18.0,0.0,592.0,9.0,876.0,704.5340909090909,333.16285714285715,355.2074131944444,456.1165593434344,672.6209523809523,480.6177777777778,563.262168989547,1220.1766666666667,678.3916666666667,1812.5833333333333,487.0095,0.0,469.4277068945547,367.2583333333334,1120.0,706.0,0.0,72.0,0.0,360.0,24.48900032043457,15400.0,0.0210706371669022,39.61000061035156,130055.0,-0.0042734583751117,764.7999877929688,-0.0127791716252313,6.809100151062012,-0.0029870483504974,2.761538028717041,216994236.0,-0.1612148828845321,5128.22021484375,390600.0,-0.0180725811097162,1953.0999755859373,358.0,0.0103983319120213,49.79999923706055,133878,-0.002004053822854,3.066499948501587,1800.0,0.0179252779960588,5058.8798828125,0.0,107.3499984741211,112802.0,0.01729445081121,9650.0,149268,-0.0072016460905349,2.0480000972747803,775304,-0.0973997139397424,20.104999542236328,13200.0,-0.0464063008440526,3383.5400390625,24071910000,0.0155169365299898,15.612648010253906,30630320.0,-0.0198510855756521,1430611.0,0.0136017416439082,72319312.0,-0.154811670068903,357.5,856109.0,0.0185185185185186,11.5,7824600.0,0.1843478161355722,1043.5,897793,0.0377921432123322
2020-09-21,851,3,6801,50,40527.5901292597,242.9,2944548.25,100.78,0.0,464.39,2290.0,7564.23,532.0219281493586,708.6853057992203,668.4746885378511,277.378125,503.5862944188428,98.0,28.0,111.0,136.0,16.0,22.0,105.0,10.0,53.0,31.0,17.0,0.0,920.0,39.0,704.0,733.321080960706,277.378125,421.28273311184944,776.1456863609641,971.6531818181818,1058.1670833333333,493.1133197278911,990.2766666666668,381.76192307692304,647.6406770833333,332.6535416666667,0.0,523.7836407153395,763.9601111111111,1664.0,374.0,0.0,252.0,0.0,493.0,24.48900032043457,15400.0,0.0210706371669022,41.43999862670898,107072.0,0.0462004036394578,774.0,0.0120293048560058,6.803699970245361,-0.0007930828886116,2.799999952316284,85922637.0,0.0139277182494972,5128.22021484375,390600.0,-0.0180725811097162,1901.199951171875,757.0,-0.0265731529685222,42.25,139792,-0.1516064127053626,3.0295000076293945,2341.0,-0.0120658540660573,5058.8798828125,0.0,107.5749969482422,51486.0,0.0020959336499231,9160.0,134932,-0.0507772020725388,2.138999938964844,560340,0.0444335143397478,20.104999542236328,13200.0,-0.0464063008440526,3281.06005859375,21594480000,-0.0302877989577876,15.968379020690918,36875986.0,0.0227847966727603,1171773.0,0.0550188712856993,74053571.0,-0.0217822038336197,369.75,773318.0,0.0342657342657342,11.5,7824600.0,0.1843478161355722,1002.5,794336,-0.039290848107331
2020-09-28,792,3,4971,44,33962.68925505051,720.0,2096624.99,101.85,0.0,927.2,1671.0,25416.5,611.8288485376413,696.9050968992248,554.0420535714286,567.6527307692307,889.6810218579235,27.0,82.0,44.0,63.0,16.0,21.0,39.0,5.0,58.0,4.0,3.0,0.0,768.0,10.0,531.0,538.2536904761904,567.6527307692307,1213.5843103448276,597.9790935672514,492.7291666666667,857.2082222222222,410.92205128205126,512.516,891.3458620689655,828.16,299.07,0.0,612.9422212790946,1398.7706666666666,1264.0,333.0,0.0,74.0,0.0,326.0,24.48900032043457,15400.0,0.0210706371669022,42.43000030517578,129617.0,0.0238900026852009,784.0999755859375,0.0130490640645186,6.810800075531006,0.0010435653125058,2.807692050933838,43159601.0,0.0027471781244818,5128.22021484375,390600.0,-0.0180725811097162,1872.800048828125,15598.0,-0.0149378829545228,43.84999847412109,151367,0.0378697863697299,2.989500045776367,3056.0,-0.0132034863021266,5058.8798828125,0.0,108.1750030517578,39818.0,0.005577560962463,9742.0,138692,0.0635371179039301,2.437999963760376,775189,0.1397849618173579,20.104999542236328,13200.0,-0.0464063008440526,3351.60009765625,20402660000,0.0214991611865627,17.1146240234375,75492938.0,0.0717821765917092,1781188.0,0.032816002436127,28291164.0,-0.043522297590592,366.75,1017691.0,-0.0081135902636917,11.5,7824600.0,0.1843478161355722,1020.75,736435,0.0182044887780548
2020-10-05,748,3,5339,46,39277.70570855616,107.0,1112012.23,101.0,0.0,542.88,1566.0,8763.41,994.1784877841874,1320.307834077381,754.4707683982684,820.4497619047619,616.7264677640603,38.0,14.0,77.0,67.0,8.0,20.0,31.0,6.0,30.0,4.0,21.0,0.0,544.0,17.0,689.0,820.2581182795699,820.4497619047619,612.3833465608466,1479.9795079365078,1803.8221428571428,840.153,581.0555357142857,3296.1533333333336,841.2928125,1027.5283333333334,468.6127142857143,0.0,960.8969237521516,724.1080303030303,967.0,539.0,0.0,60.0,0.0,463.0,24.48900032043457,15400.0,0.0210706371669022,41.290000915527344,157444.0,-0.0268677676514034,798.2000122070312,0.0179824474685861,6.78980016708374,-0.0030833247510393,3.115384101867676,95802746.0,0.1095889596693837,5128.22021484375,390600.0,-0.0180725811097162,1912.5,3306.0,0.0211981792699742,48.5,149902,0.1060433680202566,2.9649999141693115,1606.0,-0.0081953942906507,5058.8798828125,0.0,109.875,15551.0,0.0157152475182165,10155.0,88413,0.0423937589817287,2.740999937057495,961834,0.1242821894179897,20.104999542236328,13200.0,-0.0464063008440526,3408.60009765625,19772590000,0.0170068022255578,18.06324005126953,94651950.0,0.0554272198169796,1953665.0,-0.0339900814109042,55241642.0,0.0740740553855703,379.5,1003176.0,0.034764826175869,11.5,7824600.0,0.1843478161355722,1065.5,1064783,0.0438403134949791
2020-10-12,649,3,4533,39,36589.29909090909,302.5,463425.05,100.04,0.0,637.5899999999999,944.0,7189.185,1211.9935918751682,708.8919999999999,484.36004180509417,799.8356954887219,496.4859809027778,24.0,37.0,37.0,70.0,4.0,10.0,33.0,5.0,57.0,10.0,32.0,0.0,485.0,8.0,132.0,502.2265873015873,799.8356954887219,326.1905043859649,759.278591954023,436.31,638.5166666666667,496.1748958333333,1348.114,617.5663020833333,480.2673333333334,462.4449665178572,0.0,1210.043442761632,1145.102,860.0,7.0,0.0,77.0,0.0,247.0,24.48900032043457,15400.0,0.0210706371669022,41.720001220703125,140422.0,0.0104141510206186,796.5,-0.0021298072926994,6.744400024414063,-0.0066865211865545,3.200000047683716,108200718.0,0.0271606784426077,5128.22021484375,390600.0,-0.0180725811097162,1922.5,627.0,0.0052287581699346,50.79999923706055,248200,0.0474226646816606,3.061000108718872,1354.0,0.0323778068561788,5058.8798828125,0.0,107.1500015258789,10379.0,-0.0248008962377346,10670.0,150666,0.050713934022649,2.7730000019073486,839479,0.0116745952516168,20.104999542236328,13200.0,-0.0464063008440526,3534.219970703125,19317950000,0.036853801985528,18.30039405822754,86439291.0,0.0131290956818868,1370539.0,0.0053543875047561,72776843.0,-0.0147782880953439,389.0,979511.0,0.0250329380764162,11.5,7824600.0,0.1843478161355722,1050.0,892886,-0.014547160957297
2020-10-19,915,3,6301,45,37153.92998907104,337.48,768495.07,101.0,0.0,694.85,1487.0,46384.68,1569.156227035567,3083.6449761904764,1403.3927526724974,2157.64994235589,906.376408045977,41.0,69.0,82.0,36.0,26.0,29.0,16.0,12.0,18.0,14.0,13.0,0.0,734.0,21.0,376.0,1571.4615696649028,2157.64994235589,912.975286885246,3274.2397931034484,16149.089107142858,1162.4544642857145,862.6458333333334,1848.1118181818183,2658.4719230769238,1255.1296153846154,1113.3441666666668,0.0,1563.355638183755,915.1075,809.0,610.0,0.0,68.0,0.0,176.0,24.48900032043457,15400.0,0.0210706371669022,42.619998931884766,146420.0,0.0215723318515874,787.0999755859375,-0.0118016627922944,6.680699825286865,-0.0094449022739768,3.299999952316284,109764701.0,0.0312499697320167,5128.22021484375,390600.0,-0.0180725811097162,1906.4000244140625,2760.0,-0.0083744996545839,54.79999923706055,241333,0.0787401586628735,3.0810000896453857,1359.0,0.0065338060163886,5058.8798828125,0.0,103.3499984741211,5415.0,-0.0354643303559826,10710.0,103494,0.0037488284910964,2.970999956130981,591070,0.0714027962810828,20.104999542236328,13200.0,-0.0464063008440526,3426.919921875,19936550000,-0.0303603198775366,18.616600036621094,68630919.0,0.0172786431476537,1379233.0,0.035505998352608,70971388.0,0.0449999809265135,405.25,928678.0,0.0417737789203085,11.5,7824600.0,0.1843478161355722,1083.75,689224,0.0321428571428572
2020-10-27,1660,2,11865,56,50103.53180120482,1037.12,6239945.24,103.71,10.37,1151.2,3956.0,53407.48,2611.018614698635,3009.2585046396503,2249.0218400804924,3586.3941960570605,1870.7796852713177,142.0,280.0,215.0,335.0,78.0,70.0,68.0,14.0,122.0,37.0,24.0,0.0,892.0,84.0,1595.0,2430.14273629554,3586.3941960570605,1802.163187327824,2718.631883723496,2836.7142420634923,2175.229290123457,1778.0491025641024,4540.421363636364,3782.620868772471,1353.3193809523812,2398.465833333333,0.0,2577.8051088483767,2183.269841269841,0.0,3785.0,0.0,171.0,0.0,0.0,24.48900032043457,15400.0,0.0210706371669022,40.459999084472656,134267.0,-0.0506804294121222,775.2000122070312,-0.0151187444391007,6.685699939727783,0.00074844171594,3.615384101867676,170177247.0,0.0955709557904758,5128.22021484375,390600.0,-0.0180725811097162,1902.699951171875,1660.0,-0.001940869279691,54.59999847412109,152415,-0.0036496490095606,3.088500022888184,3361.0,0.0024342528479646,5058.8798828125,0.0,105.9749984741211,29417.0,0.0253991295477116,10015.0,135453,-0.0648926237161531,3.3540000915527344,510522,0.1289128714496918,20.104999542236328,13200.0,-0.0464063008440526,3400.969970703125,22860370000,-0.007572383295632,21.22529602050781,86661360.0,0.1401274120277116,2147460.0,-0.0555963839324921,321604135.0,0.1578947944804434,417.75,1222385.0,0.0308451573103023,11.5,7824600.0,0.1843478161355722,1056.5,399108,-0.0251441753171857
2020-11-03,1260,2,7161,48,47990.80386507936,1042.2,1618858.8,104.22,10.42,1156.84,3106.0,74868.75,2573.3542694643565,3105.564371462018,3851.6305209486895,2692.3580308362584,2312.0124304047704,82.0,207.0,121.0,191.0,57.0,64.0,106.0,15.0,51.0,47.0,28.0,0.0,931.0,52.0,1154.0,3916.390758547008,2692.3580308362584,2021.0558580840452,3027.6202649911816,5651.404735449735,2175.0141046511626,2741.421518072289,5737.5225,3429.332198340875,1511.6794298245616,6591.066412698413,0.0,2491.923469413807,1746.9323892773891,0.0,3053.0,0.0,53.0,0.0,0.0,24.48900032043457,15400.0,0.0210706371669022,38.970001220703125,183356.0,-0.0368264433387331,772.7999877929688,-0.0030960066773341,6.689099788665772,0.0005085255049792,3.730768918991089,250477926.0,0.0319149539502057,5128.22021484375,390600.0,-0.0180725811097162,1890.4000244140625,2123.0,-0.0064644594909654,55.5,147711,0.0164835448906741,3.073499917984009,2170.0,-0.0048567604963616,5058.8798828125,0.0,108.6500015258789,118606.0,0.0252418314722697,10390.0,109582,0.0374438342486269,2.888000011444092,846931,-0.1389386008910058,20.104999542236328,13200.0,-0.0464063008440526,3310.239990234375,23047080000,-0.026677677618539,21.3438720703125,106138982.0,0.0055865439845985,2046207.0,-0.0453838158110687,256002833.0,-0.041322312746842,397.5,971709.0,-0.0484739676840215,11.5,7824600.0,0.1843478161355722,1098.5,10664,0.039753904401325
2020-11-11,1720,2,10704,57,46400.79854069767,1026.17,2124940.75,102.62,10.26,1139.05,4329.0,111090.58,2713.83606246589,3178.980930968496,3282.474758096841,3428.5976734176675,2376.003957204815,90.0,177.0,239.0,243.0,98.0,76.0,124.0,19.0,138.0,62.0,55.0,0.0,984.0,57.0,1967.0,3610.226537558685,3428.5976734176675,2423.464940229885,3137.9243844503235,6470.509766521567,2363.6940086206896,2423.1214175724635,3382.9004545454545,3268.37825,3088.660995670996,2717.760424836601,0.0,2702.965001442441,2025.483679315476,0.0,4246.0,0.0,83.0,0.0,0.0,24.48900032043457,15400.0,0.0210706371669022,42.400001525878906,211491.0,0.0880164279634039,751.0,-0.0282090943805874,6.610400199890137,-0.0117653482923049,4.907691955566406,358616183.0,0.3154639330740409,5128.22021484375,390600.0,-0.0180725811097162,1853.199951171875,1703.0,-0.0196784134372394,59.79999923706055,306228,0.0774774637308206,3.15149998664856,2118.0,0.0253782563025781,5058.8798828125,0.0,109.9250030517578,165594.0,0.0117349425492203,10770.0,167007,0.0365736284889317,2.994999885559082,677803,0.0370498177600375,20.104999542236328,13200.0,-0.0464063008440526,3550.5,28872780000,0.0725808432241839,25.494070053100582,226470661.0,0.1944444742320514,2262956.0,0.0945395113394746,497688255.0,0.2155172342919569,407.5,1289175.0,0.0251572327044025,11.5,7824600.0,0.1843478161355722,1141.5,120507,0.0391442876649976
2020-11-16,1702,2,9951,54,43565.09907755582,1002.15,4032485.09,100.21,10.02,1112.38,4456.0,113102.55,2495.418664035088,2647.3286067922218,2916.105605504587,2956.3429927048264,2054.1148220973782,93.0,74.0,117.0,1069.0,72.0,71.0,92.0,20.0,68.0,55.0,30.0,0.0,1100.0,21.0,1574.0,3549.451215962441,2956.3429927048264,1901.9280208333328,2250.7215724429966,7135.633770833333,1928.6663333333331,2288.635641891892,2933.63,3673.333760869565,1138.2482156862743,2214.012142857143,0.0,2487.0618328367104,1806.4834375,0.0,4378.0,0.0,78.0,0.0,0.0,24.48900032043457,15400.0,0.0210706371669022,43.81999969482422,144621.0,0.0334905216472365,766.5999755859375,0.0207722710864679,6.605400085449219,-0.0007564011693272,4.861537933349609,306574461.0,-0.009404425264395,5128.22021484375,390600.0,-0.0180725811097162,1887.300048828125,2176.0,0.0184006575408588,57.400001525878906,187316,-0.0401337415016932,3.220000028610229,2073.0,0.0217356948284537,5058.8798828125,0.0,108.0999984741211,69665.0,-0.0166022699747154,11400.0,172889,0.0584958217270195,2.650000095367432,660691,-0.1151919209930948,20.104999542236328,13200.0,-0.0464063008440526,3626.909912109375,23992240000,0.0215208877930925,24.940710067749023,246078647.0,-0.0217054391158016,1093959.0,0.0260610378059309,259520740.0,-0.11347520128953,416.25,764668.0,0.0214723926380369,11.5,7824600.0,0.1843478161355722,1181.0,688379,0.0346035917652212
2020-11-27,1475,2,8348,51,54750.76936271186,1011.01,3395069.1,101.1,10.11,1122.22,4106.0,53448.66,2484.2695312881565,2484.127476904871,3245.758537878788,5066.743702872885,2458.4881488111814,96.0,245.0,257.0,240.0,94.0,72.0,81.0,30.0,135.0,45.0,17.0,0.0,901.0,67.0,1826.0,3644.5974885844735,5066.743702872885,2070.01070143613,2330.0748783038302,2447.774234324499,2203.56847972973,3566.3660233918126,1954.774710144928,2900.769732212232,1669.1910227272726,3617.0413333333336,0.0,2503.387868629278,1284.0686243386244,0.0,3993.0,0.0,113.0,0.0,0.0,24.48900032043457,15400.0,0.0210706371669022,46.060001373291016,104421.0,0.0511182495222923,763.7000122070312,-0.0037828899964282,6.5619001388549805,-0.0065855127670559,6.12307596206665,294451793.0,0.2594936100494105,5128.22021484375,390600.0,-0.0180725811097162,1837.800048828125,279442.0,-0.0262279440043123,62.29999923706055,160368,0.0853658115143509,3.259500026702881,67002.0,0.0122670800440023,5058.8798828125,0.0,110.625,28554.0,0.023358016295286,11960.0,154266,0.0491228070175437,2.8429999351501465,286564,0.0728301255989027,20.104999542236328,13200.0,-0.0464063008440526,3577.590087890625,19026670000,-0.0135983041801184,29.6047420501709,268429555.0,0.187004779324746,1501554.0,0.0416062219243957,354849624.0,0.04,426.5,490628.0,0.0246246246246246,11.5,7824600.0,0.1843478161355722,1191.75,373702,0.0091024555461474
2020-11-30,1326,2,7866,46,49684.52377828054,1013.87,3997473.66,101.39,10.13,1125.39,4397.0,35855.62,2391.936648549068,2254.0344357644763,2655.7987227777776,2876.1917875816994,2069.2265781423034,70.0,149.0,121.0,745.0,66.0,805.0,86.0,14.0,102.0,39.0,47.0,0.0,881.0,79.0,1193.0,3723.248034188034,2876.1917875816994,1852.2773493975903,1801.1226140374658,3446.1906853672645,1936.751434469215,2268.706751243781,6490.6618181818185,3120.474442546584,1312.5733928571428,1576.3219705882352,0.0,2318.5067187999475,2280.2090503246754,0.0,4339.0,0.0,58.0,0.0,0.0,24.48900032043457,15400.0,0.0210706371669022,47.59000015258789,173336.0,0.0332175148432383,768.2000122070312,0.0058923660181637,6.576000213623047,0.0021487792361507,5.57692289352417,190037681.0,-0.0891958669018608,5128.22021484375,390600.0,-0.0180725811097162,1775.699951171875,8753.0,-0.0337904538069026,65.19999694824219,149930,0.0465489204927069,3.4205000400543213,7717.0,0.0493940825379586,5058.8798828125,0.0,108.875,34128.0,-0.015819209039548,12735.0,273983,0.0647993311036789,2.575000047683716,838820,-0.0942665823354219,20.104999542236328,13200.0,-0.0464063008440526,3621.6298828125,26933100000,0.0123099052266888,34.54545211791992,215592280.0,0.1668891442923585,1740749.0,0.0529493429303766,232114605.0,0.0192307692307691,419.75,27622.0,-0.0158264947245017,11.5,7824600.0,0.1843478161355722,1163.0,563316,-0.0241241871197818
2020-12-08,1972,2,12593,57,48315.35436105477,1006.64,3979501.15,100.66,10.07,1117.37,5836.0,45983.6325,2746.599400929086,3056.4522754300674,2638.0228563973064,3246.5139800071856,2267.2233518269863,113.0,161.0,271.0,248.0,187.0,2045.0,138.0,24.0,87.0,42.0,52.0,0.0,1120.0,93.0,1255.0,2956.2674404761906,3246.5139800071856,2013.4631692546584,3034.447168622449,3829.2523784662,1968.658296362106,2923.6051347610723,4422.987045454545,3116.858450980392,2148.19234375,2083.3334949494947,0.0,2725.3548570468506,1353.6128174603175,0.0,5700.0,0.0,136.0,0.0,0.0,24.48900032043457,15400.0,0.0210706371669022,48.790000915527344,143673.0,0.0252153973333029,743.4000244140625,-0.0322832431643923,6.530600070953369,-0.006903914415274,5.453845977783203,210102638.0,-0.0220689649275734,5128.22021484375,390600.0,-0.0180725811097162,1861.800048828125,2049.0,0.0484879765860375,73.30000305175781,299449,0.1242332282614318,3.508500099182129,3320.0,0.0257272498457301,5058.8798828125,0.0,108.75,14335.0,-0.0011481056257175,12705.0,147926,-0.0023557126030624,2.5910000801086426,992615,0.006213604710151,20.104999542236328,13200.0,-0.0464063008440526,3691.9599609375,23655640000,0.0194194548865338,30.237154006958008,304489842.0,-0.1247139014494777,1931322.0,0.0092633032097892,495635066.0,-0.0301886504551148,419.5,6978.0,-0.0005955926146515,11.5,7824600.0,0.1843478161355722,1160.5,795507,-0.0021496130696474
2020-12-16,1472,2,9320,56,49520.53082201087,1014.04,3973696.03,101.4,10.15,1125.59,5398.0,46349.82,2099.7863169871384,2399.773578791428,2233.3564116915422,3609.660116602533,1924.257602360308,123.0,140.0,124.0,325.0,66.0,1396.0,50.0,23.0,101.0,69.0,19.0,0.0,966.0,75.0,1921.0,2295.749559386973,3609.660116602533,1888.8928916666664,2316.622792303109,2311.9075045787545,2220.4585231406154,2065.9491489361703,2678.018888888889,2734.22452,2297.1311363636364,1695.3014285714287,0.0,2081.266412549004,1804.141001602564,0.0,5354.0,0.0,44.0,0.0,0.0,24.48900032043457,15400.0,0.0210706371669022,50.290000915527344,128545.0,0.0307440043421403,733.7999877929688,-0.0129136888698119,6.545700073242188,0.0023121921607143,5.2076921463012695,216435547.0,-0.0451339903042121,5128.22021484375,390600.0,-0.0180725811097162,1828.699951171875,2999.0,-0.0177785459169389,75.0999984741211,251399,0.0245565531708407,3.5220000743865967,2358.0,0.0038477910283127,5058.8798828125,0.0,110.4749984741211,9720.0,0.0158620549344468,13485.0,187222,0.0613931523022432,2.700000047683716,685427,0.0420686855287564,20.104999542236328,13200.0,-0.0464063008440526,3647.489990234375,24367880000,-0.0120450847716757,32.213436126708984,262780851.0,0.0653593959039995,1170290.0,0.0268794449748654,774188525.0,0.1712062057552645,419.25,567422.0,-0.000595947556615,11.5,7824600.0,0.1843478161355722,1220.0,589545,0.0512710038776389
2020-12-23,918,2,5113,43,48092.22300653595,1006.61,6271127.74,100.66,10.07,1117.34,3168.0,102131.72,2314.211159701037,2992.8287957957955,2540.552647058824,4102.239544817928,2228.066919736842,24.0,89.0,59.0,138.0,26.0,35.0,68.0,18.0,46.0,32.0,12.0,0.0,614.0,64.0,1943.0,3278.675,4102.239544817928,2342.8370833333333,2548.6968156862745,7371.068684210528,1772.805061728395,2436.264622474748,2478.540238095238,4444.79873076923,2145.2065625,1505.1527272727274,0.0,2308.8979793372523,1565.8218425925925,0.0,3127.0,0.0,41.0,0.0,0.0,24.48900032043457,15400.0,0.0210706371669022,50.90999984741211,86433.0,0.0123284732670057,724.7999877929688,-0.01226492252619,6.535999774932861,-0.0014819344303568,6.407691955566406,118834049.0,0.2304283309291677,5128.22021484375,390600.0,-0.0180725811097162,1879.199951171875,497.0,0.0276152465403842,83.5999984741211,96893,0.1131824257350555,3.572999954223633,3226.0,0.014480374434949,5058.8798828125,0.0,112.1500015258789,3574.0,0.0151618291458965,13765.0,71323,0.0207638116425659,2.5179998874664307,355713,-0.0674074655566839,20.104999542236328,13200.0,-0.0464063008440526,3694.919921875,14464830000,0.0130034439484718,37.549407958984375,577050577.0,0.1656442923780863,1285531.0,0.0159608421623804,1138712305.0,0.2591362473606826,440.0,505469.0,0.0494931425163982,11.5,7824600.0,0.1843478161355722,1263.5,366392,0.035655737704918
2020-12-28,1087,2,8289,46,63686.14168353267,1116.69,3499463.81,111.67,11.17,1239.53,4085.0,35286.28,2536.88417695354,2743.709093831625,3374.102113636364,3346.1779626972275,2385.528114626095,49.0,372.0,256.0,134.0,34.0,39.0,91.0,12.0,46.0,45.0,5.0,0.0,926.0,124.0,1952.0,4198.571024999999,3346.1779626972275,2235.972224489796,2840.552356076759,4912.185777777778,2104.57,3001.472883244207,3297.6853333333333,2203.0008796296297,1442.4891363636364,4080.79,0.0,2524.2462839904206,1577.6350092509217,0.0,3990.0,0.0,95.0,0.0,0.0,24.48900032043457,15400.0,0.0210706371669022,50.86000061035156,57776.0,-0.0009821103360911,714.2999877929688,-0.0144867552108723,6.540800094604492,0.0007344430595057,7.038461208343506,165302730.0,0.0984393845945021,5128.22021484375,390600.0,-0.0180725811097162,1877.199951171875,989.0,-0.0010642827011317,91.0999984741211,129258,0.0897129202977398,3.569999933242798,3577.0,-0.0008396364453597,5058.8798828125,0.0,112.9499969482422,17272.0,0.0071332626970914,13700.0,45294,-0.0047221213221939,2.5390000343322754,385705,0.0083400110422462,20.104999542236328,13200.0,-0.0464063008440526,3735.360107421875,13262640000,0.0109448070328823,41.73912811279297,635806523.0,0.1115788605345009,901091.0,-0.0025136728605553,611239467.0,0.3403693190453636,456.5,668343.0,0.0375,11.5,7824600.0,0.1843478161355722,1315.25,128298,0.0409576573011476
2021-01-08,1410,2,7588,51,49602.35187234043,1138.69,3228903.0,113.87,11.38,1263.94,4626.0,35017.308000000005,2414.8889789935547,2597.942704059829,2299.86128947056,2972.3212909557765,2302.3142736065324,91.0,144.0,139.0,177.0,73.0,1364.0,145.0,22.0,188.0,62.0,42.0,0.0,838.0,107.0,1234.0,2815.6563802083333,2972.3212909557765,1900.946882086168,2108.6694457831327,1986.8020546737212,2885.515584644999,2778.49186276455,3041.058958333333,3154.239696347032,1479.3847172619046,1672.5149278846154,0.0,2402.022472568765,2105.937504807692,0.0,4508.0,0.0,118.0,0.0,0.0,24.48900032043457,15400.0,0.0210706371669022,51.09000015258789,230606.0,0.0045222087981948,710.0,-0.0060198626157824,6.5320000648498535,-0.0013454057037911,7.800000190734863,274572412.0,0.1081968003870812,5128.22021484375,390600.0,-0.0180725811097162,1944.699951171875,780.0,0.0359578104388198,93.6999969482422,221415,0.0285400495902279,3.552999973297119,3655.0,-0.0047618936312519,5058.8798828125,0.0,114.4749984741211,128908.0,0.0135015632322479,13675.0,155781,-0.0018248175182481,2.700000047683716,707105,0.0634107960513601,20.104999542236328,13200.0,-0.0464063008440526,3700.64990234375,25542330000,-0.0092923316842085,45.13833999633789,599292060.0,0.0814394559071556,2549789.0,0.0,344778862.0,0.2657481105796648,483.75,1036229.0,0.0596933187294632,11.5,7824600.0,0.1843478161355722,1375.75,6402,0.0459988595324083
2021-01-11,1535,2,8547,53,52405.90521172639,1011.78,3563901.0,101.18,10.12,1123.08,5623.0,39625.32,2374.69142560821,2728.9922368997168,2783.921062962963,3565.3468564814816,3043.1424547071706,166.0,70.0,115.0,176.0,49.0,1233.0,122.0,21.0,224.0,45.0,59.0,0.0,1040.0,63.0,2240.0,2762.4542612612613,3565.3468564814816,2516.668183006536,2367.499813131313,3303.404973544974,1865.028480106544,3961.155350732601,4206.416705882353,3159.811974815486,2873.110081699346,2807.34272972973,0.0,2326.710948312894,1606.5179938271604,0.0,5501.0,0.0,122.0,0.0,0.0,24.48900032043457,15400.0,0.0210706371669022,55.65999984741211,158076.0,0.0894499839728955,703.3304443359375,-0.0093937403719189,6.474299907684326,-0.0088334593681381,7.9692301750183105,349368476.0,0.021696151300671,5128.22021484375,390600.0,-0.0180725811097162,1849.5999755859373,565.0,-0.0489021329633039,105.1999969482422,237137,0.1227321277966779,3.563999891281128,3387.0,0.0030959521718771,5058.8798828125,0.0,112.7750015258789,155712.0,-0.0148503775575633,14415.0,175537,0.0541133455210238,2.736999988555908,861957,0.0137036815625,20.104999542236328,13200.0,-0.0464063008440526,3799.610107421875,24631190000,0.0267413042815669,39.841896057128906,361215961.0,-0.1173380310316837,1780675.0,0.0972280800496856,243599182.0,-0.1119751825181272,492.25,1130574.0,0.0175710594315245,11.5,7824600.0,0.1843478161355722,1416.75,212246,0.0298019262220607
2021-01-19,1453,2,8165,49,54984.7487267722,1021.62,4229453.58,102.17000000000002,10.22,1134.01,4564.0,35226.03,2344.2832170941506,2372.6714586765765,2723.533580045469,3861.804438920455,3273.522775584795,138.0,115.0,105.0,303.0,24.0,1238.0,77.0,26.0,145.0,41.0,8.0,0.0,1043.0,99.0,1202.0,2658.8487481713687,3861.804438920455,3815.507281746032,1940.3160141054636,3798.815694444444,2799.6651300827884,3417.346639784946,3212.0716666666667,3133.020688784396,2412.8360993589745,3969.6592857142855,0.0,2318.17496861131,2006.9903206269355,0.0,4465.0,0.0,99.0,0.0,0.0,24.48900032043457,15400.0,0.0210706371669022,55.900001525878906,126566.0,0.0043119238074873,723.4689331054688,0.0286330400336152,6.479700088500977,0.0008340949436465,8.384614944458008,325520582.0,0.052123575341296,5128.22021484375,390600.0,-0.0180725811097162,1839.5,43.0,-0.005460627010842,108.0,142361,0.0266159993629599,3.635999917984009,2689.0,0.0202020283106685,5058.8798828125,0.0,116.7249984741211,61697.0,0.0350254657042568,15125.0,151076,0.0492542490461325,2.446000099182129,508902,-0.1063207492110061,20.104999542236328,13200.0,-0.0464063008440526,3798.909912109375,19193280000,-0.0001842808321654,35.65217208862305,335078774.0,-0.1051587495358719,1316146.0,0.0139712831050013,1235342384.0,-0.1663747855318349,526.0,865455.0,0.068562722194007,11.5,7824600.0,0.1843478161355722,1311.75,634603,-0.0741132874536791
2021-01-29,1384,2,9555,50,55688.16223265896,1035.27,3563901.0,103.53,10.35,1149.15,3639.0,107052.44,2435.6214816332727,2777.2101427409807,3220.0272528195487,2950.8215203831587,3356.65770993891,72.0,484.0,204.0,247.0,89.0,696.0,142.0,20.0,123.0,54.0,54.0,0.0,738.0,47.0,669.0,2703.5584119496853,2950.8215203831587,2815.356646282373,2342.8730046842456,3911.297734877735,3163.071922548173,4119.242087264151,5932.30625,3680.6313898989897,2831.6903199445983,4306.003824404762,0.0,2330.6553347404624,1510.7090705128207,0.0,3575.0,0.0,64.0,0.0,0.0,24.48900032043457,15400.0,0.0210706371669022,55.880001068115234,107248.0,-0.0003577899323385,727.0999755859375,0.0050189335219725,6.480800151824951,0.0001697707160748,7.676922798156738,397509629.0,-0.0844036549071384,5128.22021484375,390600.0,-0.0180725811097162,1854.9000244140625,224542.0,0.008371853446079,107.5999984741211,305455,-0.0037037178322121,3.640500068664551,3383.0,0.001237665231587,5058.8798828125,0.0,115.0500030517578,54083.0,-0.0143499288435172,13660.0,284406,-0.0968595041322314,2.563999891281128,521408,0.0482419408480214,20.104999542236328,13200.0,-0.0464063008440526,3855.360107421875,36751000000,0.0148595772520321,36.08695602416992,153888662.0,0.0121951597918383,1928310.0,-0.0039637426630259,739862561.0,-0.0336134143993926,511.5,1253059.0,-0.0275665399239544,11.5,7824600.0,0.1843478161355722,1370.0,731370,0.0444063274251953
2021-02-01,1377,2,7489,43,46681.34453159042,1123.2,4511411.07,112.32,11.23,1246.75,2944.0,42525.0,2664.1097384915925,2451.873441428572,2770.0492508417506,3423.7655999901613,2365.5127593828806,56.0,237.0,142.0,140.0,85.0,58.0,144.0,16.0,76.0,32.0,16.0,0.0,881.0,16.0,1045.0,2666.6935606060606,3423.7655999901613,2237.6871518151816,2510.55016118245,6677.613908730159,1887.649125,2579.028668430335,2249.4083333333333,2306.811550925926,877.42987654321,4430.143461538461,0.0,2674.511947651081,1777.820714285714,0.0,2832.0,0.0,112.0,0.0,0.0,24.48900032043457,15400.0,0.0210706371669022,56.34999847412109,151437.0,0.0084108338765589,734.2999877929688,0.0099023689297046,6.426799774169922,-0.0083323627314481,6.192306995391846,370263787.0,-0.1933868350377777,5128.22021484375,390600.0,-0.0180725811097162,1860.800048828125,7635.0,0.00318077758176,96.6999969482422,136839,-0.1013011308592207,3.562000036239624,2071.0,-0.0215629806192321,5058.8798828125,0.0,116.7249984741211,40602.0,0.0145588472658255,13420.0,177287,-0.0175695461200585,2.86299991607666,1095489,0.11661467920193,20.104999542236328,13200.0,-0.0464063008440526,3773.860107421875,25573900000,-0.0211394001414046,32.687747955322266,167498482.0,-0.0941949236885197,2110715.0,0.0147811023788255,993115135.0,-0.1717391636060632,549.25,1038466.0,0.0738025415444769,13.619999885559082,5305500.0,0.1843478161355722,1366.75,559098,-0.0023722627737226
2021-02-10,1369,2,7878,46,44256.64688823959,1002.65,1751953.32,100.27,10.02,1112.94,4272.0,44087.41,2590.9785528138527,2065.5815441770224,1944.8352035848045,3601.016796963321,2116.147780783319,82.0,172.0,163.0,247.0,47.0,50.0,53.0,13.0,76.0,55.0,40.0,0.0,851.0,47.0,2376.0,2043.6217147435896,3601.016796963321,2142.599811190476,2031.0031445337413,3124.352619047619,2833.4874149659863,2040.0013372093024,4761.431818181817,2225.357597701149,1468.1565789473684,2162.61271957672,0.0,2552.220458789425,2140.343705128205,0.0,4197.0,0.0,75.0,0.0,0.0,24.48900032043457,15400.0,0.0210706371669022,60.560001373291016,143774.0,0.0747116772523672,738.5,0.0057197497982464,6.465700149536133,0.0060528376070709,5.761538028717041,118393862.0,-0.0695651825717574,5128.22021484375,390600.0,-0.0180725811097162,1831.9000244140625,1842.0,-0.0155309671408612,103.4000015258789,98180,0.0692865024724129,3.678999900817871,1733.0,0.0328466769758271,5058.8798828125,0.0,117.1999969482422,39236.0,0.0040693808552623,13325.0,244397,-0.0070789865871833,2.9119999408721924,1110549,0.0171149235878007,20.104999542236328,13200.0,-0.0464063008440526,3915.590087890625,22779770000,0.0375557059441646,32.687747955322266,167498482.0,-0.0941949236885197,2233224.0,0.0825397207584572,993115135.0,-0.1717391636060632,563.75,1323124.0,0.0263996358670914,15.199999809265137,4208100.0,0.1160058690882432,1372.0,711253,0.0038412291933418
2021-02-17,886,2,4950,42,57391.68155756208,1082.08,4666266.83,108.21,10.82,1201.11,2275.0,93325.336,3399.18667987568,2599.1595207814407,2243.7356102941176,2638.631254140787,1860.38838647343,64.0,205.0,54.0,113.0,39.0,28.0,20.0,4.0,62.0,32.0,31.0,0.0,620.0,23.0,980.0,2440.036569767442,2638.631254140787,1915.1779898989896,2621.350712585034,4007.667919254658,2152.3697727272724,2110.0252941176477,7480.764999999999,2533.753902834008,875.6303333333333,3451.7994,0.0,3360.7718250980392,1541.868157894737,0.0,2229.0,0.0,46.0,0.0,0.0,24.48900032043457,15400.0,0.0210706371669022,63.34999847412109,210394.0,0.0460699642926454,721.2999877929688,-0.023290470151701,6.457200050354004,-0.0013146448158036,6.65384578704834,278385852.0,0.1548731873127973,5128.22021484375,390600.0,-0.0180725811097162,1797.199951171875,2460.0,-0.0189421217204723,107.4000015258789,269225,0.0386847189649111,3.848000049591065,1697.0,0.0459364374366044,5058.8798828125,0.0,115.9250030517578,15027.0,-0.010878787795937,12455.0,182977,-0.0652908067542213,3.069000005722046,746280,0.0539148585294371,20.104999542236328,13200.0,-0.0464063008440526,3932.590087890625,19428610000,0.0043416189178162,34.703556060791016,108060647.0,0.0616686138250932,1172213.0,0.0358805929369996,764136487.0,0.2414698459683255,552.25,594402.0,-0.0203991130820399,20.700000762939453,3756500.0,0.3618421725454102,1377.25,447201,0.0038265306122449
2021-02-25,1534,2,10886,55,60330.4168904824,1002.41,3734126.91,100.24,10.03,1112.68,3393.0,87185.62,3264.322755247148,3445.747500735741,2674.8433460631777,3791.659899013477,2461.0494483804023,90.0,472.0,144.0,187.0,128.0,120.0,74.0,26.0,53.0,67.0,26.0,0.0,1146.0,270.0,590.0,3096.988177083333,3791.659899013477,2285.25305815508,2985.634422358812,4423.151681405895,3817.617373935733,3438.189399224806,3948.265714285714,6315.976703944204,1719.6434973544974,2157.8079824561405,0.0,3245.47393354136,1761.9130913806944,0.0,3320.0,0.0,73.0,0.0,0.0,24.48900032043457,15400.0,0.0210706371669022,65.23999786376953,147956.0,0.0298342452276541,708.4000244140625,-0.0178843249649531,6.485799789428711,0.0044291239007128,7.276923179626465,318055742.0,0.0936416942200464,5128.22021484375,390600.0,-0.0180725811097162,1806.699951171875,4876.0,0.0052860005887522,120.4000015258789,215494,0.1210428288203286,4.152500152587891,98288.0,0.07913204237853,5058.8798828125,0.0,113.0999984741211,39667.0,-0.02436924307326,12860.0,207066,0.0325170614211161,2.7709999084472656,456062,-0.0971000640987843,20.104999542236328,13200.0,-0.0464063008440526,3876.5,31300040000,-0.0142628869617862,36.956520080566406,173232582.0,0.0649202639587949,2549463.0,0.0239800576136817,1255752694.0,0.190274844506727,551.0,599926.0,-0.0022634676324128,20.86000061035156,2606800.0,0.0077294609427533,1405.25,329274,0.0203303684879287
2021-03-04,1345,2,7186,46,48478.27092936803,1073.21,1281600.0,107.32,10.72,1191.25,2976.0,101315.52,3237.727835918989,2638.5079717546705,2616.0580222567287,3188.065343723942,2718.218905787195,119.0,124.0,117.0,214.0,37.0,43.0,41.0,21.0,110.0,47.0,56.0,0.0,1013.0,71.0,963.0,2956.244568815331,3188.065343723942,2413.092123346137,2434.488384379509,4363.635865384616,3599.743703703704,4176.201805555556,3294.7667708333333,3054.70793,1294.35824,2782.0966589861755,0.0,3236.196589344108,1532.7041812354314,0.0,2919.0,0.0,57.0,0.0,0.0,24.48900032043457,15400.0,0.0210706371669022,63.68999862670898,215810.0,-0.0237584194943901,723.4000244140625,0.0211744769664665,6.47790002822876,-0.0012180087971305,7.107691764831543,233638692.0,-0.0232559023391544,5128.22021484375,390600.0,-0.0180725811097162,1722.5,2598.0,-0.0466042804270075,122.8000030517578,101419,0.019933567238062,4.119500160217285,5218.0,-0.0079470177382268,5058.8798828125,0.0,119.0250015258789,131138.0,0.0523872955941155,13780.0,118014,0.0715396578538103,2.700999975204468,534295,-0.0252616151409481,20.104999542236328,13200.0,-0.0464063008440526,3901.820068359375,30870960000,0.0065316827961756,35.968379974365234,87070815.0,-0.0267379099559967,2653919.0,-0.0138234227616881,793052037.0,-0.037300151022715,547.5,22025.0,-0.0063520871143375,20.209999084472656,2176500.0,-0.0311601872895606,1434.25,3113,0.0206368973492261
2021-03-10,1330,2,7458,51,52888.90679699249,1006.94,4364690.05,100.7,10.07,1117.71,4728.0,45994.5,2920.7643376711426,2663.581854705661,2510.2446706355386,3802.5239508761297,2151.5097590653586,29.0,369.0,162.0,205.0,46.0,28.0,133.0,16.0,70.0,35.0,46.0,0.0,1797.0,214.0,1578.0,3585.8372727272726,3802.5239508761297,1765.6210435539329,2747.242888516865,3953.5209663865535,2566.968703703704,2602.412853692201,2098.3025,2404.502524193548,1572.6224260355027,1835.306549093321,0.0,2934.45302290284,2101.069951056367,0.0,4654.0,0.0,74.0,0.0,0.0,24.48900032043457,15400.0,0.0210706371669022,68.23999786376953,163582.0,0.0714397760271339,732.9000244140625,0.0131324297475587,6.495699882507324,0.0027477815651673,5.430768966674805,427787177.0,-0.2359307147299293,5128.22021484375,390600.0,-0.0180725811097162,1677.699951171875,2135.0,-0.0260087366201016,122.4000015258789,126009,-0.0032573413350022,4.103499889373779,3448.0,-0.0038840320964235,5058.8798828125,0.0,119.0,151513.0,-0.0002100527247081,13205.0,143921,-0.0417271407837445,2.5999999046325684,545346,-0.0373935844128447,20.104999542236328,13200.0,-0.0464063008440526,3821.35009765625,27021810000,-0.02062370106599,35.88932800292969,112039177.0,-0.0021978185142585,2349205.0,0.0727243355293005,944544904.0,-0.0110701527744003,565.0,130644.0,0.0319634703196347,18.81999969482422,4111200.0,-0.0687778056712715,1415.75,101335,-0.012898727557957
2021-03-15,1345,2,7694,51,49561.58157620818,1008.41,3170484.0300000003,100.83,10.08,1119.3200000000002,2722.0,73266.4,2921.621132490005,3043.904649040798,2816.368393874644,3719.993407346492,2210.67416515335,57.0,131.0,107.0,231.0,41.0,45.0,74.0,10.0,121.0,29.0,19.0,0.0,834.0,179.0,844.0,2861.398804347826,3719.993407346492,2395.6356565656565,2152.2796168803416,8580.761954365078,3513.6627777777776,2045.0901420454545,4451.286111111111,4581.189187248481,2037.847724358974,3335.714761904762,0.0,2900.8250829317126,1595.4539880952382,0.0,2675.0,0.0,47.0,0.0,0.0,24.48900032043457,15400.0,0.0210706371669022,68.87999725341797,211069.0,0.0093786548898506,723.5999755859375,-0.0126893826147163,6.498499870300293,0.0004310525183759,6.292306900024414,392872424.0,0.1586401370848811,5035.5400390625,821900.0,-0.0180725811097162,1728.9000244140625,1515.0,0.03051801557628,129.1999969482422,183320,0.0555555174639892,4.146500110626221,3279.0,0.0104789137106577,5058.8798828125,0.0,118.4000015258789,83514.0,-0.0050420039842108,14100.0,143006,0.067777357061719,2.5350000858306885,545150,-0.0249999312254073,20.104999542236328,13200.0,-0.0464063008440526,3968.93994140625,26950850000,0.0386224344742769,38.498023986816406,96126545.0,0.0726872340344118,1178038.0,0.0052266921128367,1298942115.0,0.1679104525412502,549.5,719405.0,-0.027433628318584,25.11000061035156,4340500.0,0.3342189701127989,1416.25,403103,0.0003531696980398
2021-03-22,1581,2,9109,51,55773.756660341554,1026.85,2480040.65,102.68,10.27,1139.8,5120.0,136860.6,3190.2975018511497,2777.772876670948,4215.305096340767,3464.6360995488258,2237.3711181522835,80.0,213.0,240.0,182.0,87.0,98.0,227.0,22.0,97.0,91.0,29.0,0.0,837.0,467.0,2450.0,4596.471936868687,3464.6360995488258,1987.0245450121656,2577.30310207465,4637.267470238096,2284.441949978316,2770.182287137681,5235.8475,3389.7332412280703,2514.2212856060605,4658.538333333334,0.0,3128.725762776435,1530.6148503408394,0.0,5054.0,0.0,66.0,0.0,0.0,24.48900032043457,15400.0,0.0210706371669022,64.62000274658203,160553.0,-0.0618466126118283,712.7999877929688,-0.0149253567680449,6.499000072479248,7.697194567035659e-05,7.630768775939941,424286537.0,0.2127140168433827,5057.14990234375,763600.0,0.0042914688620514,1737.800048828125,131.0,0.0051477958750556,141.1999969482422,193202,0.0928792591597911,4.14900016784668,3167.0,0.0006029319073337,5058.8798828125,0.0,120.0999984741211,33657.0,0.0143580821480868,14825.0,191125,0.0514184397163119,2.556999921798706,320264,0.0086784359854601,20.104999542236328,13200.0,-0.0464063008440526,3940.590087890625,24199790000,-0.0071429283219589,43.083003997802734,243782769.0,0.1190965025258554,2735079.0,-0.0587245785048253,521066072.0,0.145367391308852,549.0,609613.0,-0.0009099181073702,26.780000686645508,6091600.0,0.0665073690044233,1400.5,468647,-0.0111209179170344
2021-03-31,968,2,5029,42,60755.8051446281,1024.19,2508685.87,102.42,10.24,1136.85,5106.0,86082.83,2944.8079124395827,2501.1172861355312,4122.381477588384,2924.963962907376,1756.6614791622458,91.0,161.0,149.0,181.0,21.0,52.0,52.0,10.0,34.0,32.0,22.0,0.0,1250.0,164.0,2887.0,5401.392942699725,2924.963962907376,1746.7972483291562,2257.625250373084,6783.09,3472.295974025974,1905.2577272727272,4621.489285714286,3539.1622807017543,1930.74025,2859.866904761905,0.0,2913.593099639256,1599.3990118102697,0.0,5072.0,0.0,34.0,0.0,0.0,24.48900032043457,15400.0,0.0210706371669022,64.9800033569336,128085.0,0.0055710398491217,733.5999755859375,0.0291806792216304,6.568699836730957,0.0107246904869042,7.15384578704834,299465694.0,-0.062499992188907,5046.8798828125,670600.0,-0.002030791993429,1712.0999755859375,162255.0,-0.0147888551732509,129.8000030517578,97179,-0.0807365024282763,4.043000221252441,2597.0,-0.0255483109920556,5058.8798828125,0.0,120.0250015258789,44154.0,-0.0006244541981268,14250.0,80549,-0.0387858347386171,2.638999938964844,530169,0.0320688383550891,20.104999542236328,13200.0,-0.0464063008440526,3971.090087890625,17489870000,0.0077399575494354,43.794464111328125,212295624.0,0.0165137072048568,1857277.0,0.0001625042462136,273675834.0,-0.0167363598231171,546.75,651479.0,-0.0040983606557376,24.479999542236328,1783100.0,-0.0858850293292237,1402.0,663617,0.0010710460549803
2021-04-08,1423,2,7569,49,53765.64024595924,1007.86,4838730.77,100.79,10.08,1118.73,6618.0,66245.81,2718.370588300945,2932.5348340236424,2850.2868224299064,2620.286106852497,2809.519738182498,94.0,141.0,141.0,424.0,108.0,61.0,83.0,41.0,174.0,27.0,18.0,0.0,684.0,73.0,4549.0,3074.522405063291,2620.286106852497,2318.0848968253968,2631.0698700160256,4459.872839710884,2621.285523809524,3902.9222562358273,2774.1714484126983,3349.9478611111117,2100.8508823529414,2398.086818181818,0.0,2716.1300183920603,2058.0545079710146,0.0,6545.0,0.0,73.0,0.0,0.0,24.48900032043457,15400.0,0.0210706371669022,62.150001525878906,185185.0,-0.0435518880402261,721.0,-0.0171755398108808,6.565899848937988,-0.0004262621009581,10.507692337036133,490183964.0,0.4688172837132938,5140.33984375,525800.0,0.0185183644365669,1727.0,3504.0,0.008702777072912,136.3000030517578,106885,0.0500770404250925,4.14900016784668,1863.0,0.0262181401912962,5058.8798828125,0.0,123.4250030517578,52157.0,0.0283274441379266,14775.0,127136,0.0368421052631577,2.526000022888184,684224,-0.0428192189049404,20.104999542236328,13200.0,-0.0464063008440526,4077.909912109375,19754600000,0.026899370665119,46.40316009521485,105024237.0,0.0595667976951439,2143098.0,-0.0472709516324778,434079857.0,0.3148935737339315,553.25,945053.0,0.0118884316415179,26.39999961853028,6233200.0,0.0784313771322298,1403.0,441942,0.0007132667617688
2021-04-12,1462,2,7919,51,54977.24502051983,1017.27,2698917.74,101.73,10.17,1129.17,4920.0,73518.87,2958.7383805543814,3017.6636252099447,3012.6335524054984,3159.5229729470734,2616.4969204402514,69.0,148.0,213.0,217.0,47.0,82.0,159.0,31.0,102.0,33.0,17.0,0.0,724.0,135.0,2943.0,3355.331067708333,3159.5229729470734,2416.326486335125,2955.339485762945,2715.7338020833336,2138.1835144927536,3031.4172825396827,7947.783014705882,3166.5490694444447,2399.3483088235294,2293.4590625,0.0,2790.122557928983,2095.7884706790123,0.0,4868.0,0.0,52.0,0.0,0.0,24.48900032043457,15400.0,0.0210706371669022,63.27999877929688,146788.0,0.0181817735426355,712.7999877929688,-0.0113731098571862,6.547900199890137,-0.0027413834298375,9.230769157409668,365644190.0,-0.1215227034318214,4947.75,626400.0,-0.037466364015633,1731.199951171875,2437.0,0.0024319346681382,140.39999389648438,114929,0.0300806364851631,4.03000020980835,2389.0,-0.0286815987525232,5058.8798828125,0.0,120.8499984741211,13646.0,-0.0208629087621483,14900.0,127621,0.0084602368866328,2.680000066757202,669802,0.0609659708921686,20.104999542236328,13200.0,-0.0464063008440526,4127.990234375,19506210000,0.0122808799961253,50.5928840637207,262839850.0,0.0902896259631658,1510929.0,0.0179027998251157,260190385.0,-0.0053937434353872,569.0,1009197.0,0.0284681427925892,29.729999542236328,4648900.0,0.1261363625690625,1433.25,541355,0.0215609408410548
2021-04-21,1127,2,5472,42,50219.561588287484,1024.88,4339669.43,102.49,10.25,1137.62,2075.0,71020.115,2736.3197179384206,2811.581467754105,2363.625043956044,4958.001609907121,2137.696065317036,55.0,63.0,151.0,215.0,86.0,41.0,100.0,24.0,102.0,53.0,21.0,0.0,505.0,55.0,604.0,3095.4974206349207,4958.001609907121,2224.0526891756704,2287.8928312744165,9197.99116620879,1994.849605263158,1990.515884179759,4546.7609375,4463.214859728507,1554.7091666666668,2200.488529411765,0.0,2663.720571289334,2222.3202333333334,0.0,2005.0,0.0,70.0,0.0,0.0,24.48900032043457,15400.0,0.0210706371669022,67.05000305175781,141817.0,0.0595765541274686,700.0999755859375,-0.0178170769143165,6.509300231933594,-0.0058950147036741,9.338460922241213,312829367.0,0.0116666079494685,5087.02001953125,659200.0,0.0281481520956494,1769.4000244140625,2349.0,0.0220656621531956,145.1999969482422,141787,0.0341880574104356,4.25,1584.0,0.0545905158159067,5058.8798828125,0.0,117.8499984741211,7338.0,-0.0248241624979616,15220.0,115380,0.0214765100671141,2.7300000190734863,478419,0.0186566981607518,20.104999542236328,13200.0,-0.0464063008440526,4163.259765625,19855210000,0.0085439958060704,63.71541595458984,382921894.0,0.2593750511305419,1672023.0,0.0616415453625964,658734483.0,0.1930586078191534,592.0,754428.0,0.0404217926186292,31.5,4642100.0,0.059535838715675,1539.75,486036,0.074306645735217
2021-04-26,1022,2,5567,40,59225.224481409,1021.35,3498467.42,102.13,10.21,1133.69,1977.0,85052.175,3209.7463914523523,3018.97640171494,3784.5310279968257,2446.6182726423904,2827.642112179487,93.0,107.0,63.0,273.0,86.0,75.0,47.0,24.0,97.0,35.0,29.0,0.0,486.0,13.0,549.0,5018.756093434344,2446.6182726423904,1852.9445319148936,2903.7600158569603,5903.480067346939,3605.399451754386,3656.916086956521,8023.3946875,3280.270705357143,1215.020606060606,2324.174807692308,0.0,2976.3573831591334,3524.3860606060607,0.0,1945.0,0.0,32.0,0.0,0.0,24.48900032043457,15400.0,0.0210706371669022,65.6500015258789,126577.0,-0.0208799621500122,704.5999755859375,0.0064276534165477,6.484499931335449,-0.0038099795238324,10.461538314819336,367947679.0,0.1202636496452336,5077.240234375,696200.0,-0.0019224978707969,1779.199951171875,1636.0,0.00553855918537,149.89999389648438,100756,0.0323691256682157,4.447999954223633,60520.0,0.0465882245232076,5058.8798828125,0.0,116.0,27857.0,-0.0156979083417412,15500.0,127175,0.0183968462549277,2.930999994277954,431397,0.0736263640293612,20.104999542236328,13200.0,-0.0464063008440526,4187.6201171875,19845940000,0.005851268701424,71.3043441772461,204879631.0,0.1191066260646389,1901088.0,-0.0231934552844721,1347911675.0,0.20727275501598,680.5,472276.0,0.1494932432432432,34.06999969482422,5114300.0,0.0815872918991815,1571.0,255580,0.0202955025166422
2021-05-06,1134,2,5682,43,69412.39398589065,1025.58,4822674.359999999,102.56,10.26,1138.4,4108.0,87622.79,2916.4127385543457,4162.27326001001,3348.7012196296027,3851.727745379395,2373.4882741270244,97.0,115.0,180.0,223.0,53.0,1265.0,147.0,10.0,42.0,35.0,24.0,0.0,796.0,130.0,991.0,4024.5089562179487,3851.727745379395,2591.631930555556,4027.9048183269474,3079.804078341014,2632.640709428252,2210.109931018257,2090.579047619048,4649.358861111111,1533.619017857143,2490.8869047619046,0.0,2929.671536344591,2109.451968584656,0.0,4022.0,0.0,86.0,0.0,0.0,24.48900032043457,15400.0,0.0210706371669022,67.55999755859375,131803.0,0.029093617491569,703.9000244140625,-0.0009934022085268,6.472799777984619,-0.0018043262355961,11.846153259277344,588003194.0,0.1323529009588031,5061.1201171875,331100.0,-0.0031749762554783,1791.4000244140625,272.0,0.0068570557424711,158.89999389648438,184177,0.0600400291291212,4.543000221252441,4376.0,0.0213579739223244,5058.8798828125,0.0,116.0250015258789,150394.0,0.0002155303955078,15140.0,166900,-0.0232258064516128,2.9579999446868896,479983,0.0092118561793401,20.104999542236328,13200.0,-0.0464063008440526,4192.66015625,21280680000,0.0012035568942401,80.23715209960938,400391832.0,0.1252771906878267,1936874.0,0.0416733649283842,2584209590.0,0.3207830562181804,732.25,9798.0,0.0760470242468773,38.43999862670898,8216200.0,0.1282653058710954,1621.0,4962,0.0318268618714194
2021-05-14,1248,2,5837,40,71604.40518429487,1041.99,7670074.74,104.2,10.42,1156.61,4169.0,56444.53166666667,2824.629839815475,4028.955403312629,3109.347184766566,3037.041215031154,2567.378890673065,237.0,381.0,116.0,168.0,100.0,640.0,45.0,25.0,80.0,54.0,48.0,0.0,730.0,43.0,1502.0,3492.4056134070725,3037.041215031154,2371.2353924268505,3760.7636446608944,3730.527436755952,3279.143518039981,3589.522205882353,3055.5235294117647,4390.193282312925,2200.9005303030303,2698.315606190476,0.0,2816.3662761878177,1027.9653604497355,0.0,4027.0,0.0,142.0,0.0,0.0,24.48900032043457,15400.0,0.0210706371669022,68.31999969482422,173807.0,0.011249291943377,696.5,-0.0105128912592699,6.41510009765625,-0.0089141766016953,13.692307472229004,521992984.0,0.1558441945283664,4992.419921875,740600.0,-0.013574108837922,1837.5,577.0,0.0257340487650243,159.89999389648438,288546,0.0062932664468915,4.733500003814697,3901.0,0.0419325937232153,5058.8798828125,0.0,115.3000030517578,164748.0,-0.006248640074005,16450.0,105992,0.0865257595772788,2.9609999656677246,470406,0.001014205894839,20.104999542236328,13200.0,-0.0464063008440526,4188.43017578125,22952900000,-0.0010089013445185,80.23715209960938,410576051.0,0.0,2403245.0,0.0066677053716783,2571316596.0,0.1459521493405748,748.0,314891.0,0.0215090474564698,38.59999847412109,7412900.0,0.0041623270845003,1603.75,105558,-0.0106415792720543
2021-05-18,1305,2,7289,56,59314.93209961686,1005.72,4107652.56,100.57,10.06,1116.35,4541.0,75134.14,2734.1339342449937,2976.121710801394,3285.6413583638587,3331.740947478992,3091.364432274569,72.0,203.0,186.0,224.0,86.0,120.0,150.0,13.0,83.0,25.0,17.0,0.0,1161.0,168.0,2033.0,3688.710714285714,3331.740947478992,2141.2032606625257,2717.19313968894,3859.7687644787648,3086.7617659863945,5531.861689054726,4275.976904761906,3778.80028125,2201.814365079365,2299.684358974359,0.0,2712.0625624789027,2067.8779894654085,0.0,4417.0,0.0,124.0,0.0,0.0,24.48900032043457,15400.0,0.0210706371669022,69.45999908447266,181684.0,0.0166861738106067,715.0999755859375,0.0267049182856244,6.438199996948242,0.0036008634222919,13.15384578704834,411550331.0,-0.0393258540441617,5184.990234375,654300.0,0.0385725390719289,1867.5,454.0,0.0163265306122448,137.0,168823,-0.1432144763639535,4.721499919891357,3695.0,-0.0025351397303621,5058.8798828125,0.0,117.6750030517578,60129.0,0.0205984383099615,15570.0,154112,-0.0534954407294833,2.9059998989105225,541806,-0.0185748285697123,20.104999542236328,13200.0,-0.0464063008440526,4163.2900390625,20744780000,-0.0060022814428464,61.81818008422852,525274110.0,-0.2295566521667525,1592725.0,0.0207948014817853,2464890323.0,-0.3373134480186955,652.5,713289.0,-0.1276737967914438,41.0099983215332,10701700.0,0.0624352316756662,1526.25,472634,-0.0483242400623538
2021-05-30,1570,2,9435,60,60273.28993630574,1019.34,4107652.56,101.93,10.19,1131.46,6825.0,85089.73,3009.5025219059144,3061.628531297249,3468.100226915941,4350.738787692881,2460.5999074596903,98.0,220.0,184.0,2648.0,51.0,154.0,131.0,43.0,125.0,26.0,24.0,0.0,1134.0,62.0,1925.0,4213.913167155425,4350.738787692881,2684.480968122786,2452.1951669766,4195.934380952381,2843.0922171123907,2340.479133103844,5136.883654761905,4489.443841991342,1289.3426923076925,2348.3155803571426,0.0,2932.1432079838783,1972.8318780952384,0.0,6760.0,0.0,65.0,0.0,0.0,24.48900032043457,15400.0,0.0210706371669022,68.45999908447266,108695.0,-0.0143967753121313,729.2999877929688,0.0198573803549582,6.418300151824951,-0.0030909019807902,12.753846168518066,516092297.0,-0.0304093285724943,5155.58984375,792400.0,-0.0056702885243802,1884.5999755859373,208830.0,0.0091566134328981,154.10000610351562,93862,0.1248175627993841,4.541500091552734,4456.0,-0.0381234419978058,5058.8798828125,0.0,115.875,34596.0,-0.0152963926498994,17030.0,120019,0.0937700706486832,2.986000061035156,435796,0.0275293065752086,20.104999542236328,13200.0,-0.0464063008440526,4197.0498046875,23343500000,0.0081089151388074,98.8142318725586,943911876.0,0.5984655604212579,2068251.0,-0.0033196559899268,3189201357.0,0.3978979070141746,657.25,812059.0,0.0072796934865899,43.709999084472656,6396300.0,0.0658376218835823,1530.5,439932,0.0027846027846027
2021-05-31,1765,2,10749,53,56773.2743286119,1016.39,2205452.7,101.64,10.16,1128.19,6460.0,94457.34,3064.3366745263725,3103.894478712102,3109.967318121693,4043.828590367965,2321.619188128394,72.0,65.0,184.0,471.0,93.0,104.0,102.0,20.0,107.0,54.0,40.0,0.0,3096.0,72.0,1980.0,3448.821598360656,4043.828590367965,2055.634037501451,2862.4360488892594,4010.9671984126985,3990.0203835061134,2844.843857897153,3253.7375,3661.443943939394,1435.176231884058,3853.720813492064,0.0,3060.273247996545,1948.8783566433567,0.0,6370.0,0.0,90.0,0.0,0.0,24.48900032043457,15400.0,0.0210706371669022,70.25,111311.0,0.0261466687038465,722.4000244140625,-0.0094610770525132,6.36899995803833,-0.0076811916894542,12.56923007965088,447275755.0,-0.0144753266134648,5331.56982421875,712900.0,0.0341338209210118,1902.9000244140625,3295.0,0.0097103093840567,169.5,183458,0.0999350635076519,4.662000179290772,1788.0,0.0265331025671826,5058.8798828125,0.0,116.8249969482422,33543.0,0.0081984634152509,16830.0,108722,-0.01174398120963,3.0969998836517334,526945,0.037173416057499,20.104999542236328,13200.0,-0.0464063008440526,4202.0400390625,20636100000,0.0011889862182303,114.62450408935548,158160691.0,0.1599999505859388,1581597.0,0.0252838469611678,2268980561.0,0.1009667205149504,688.75,636496.0,0.0479269684290604,43.54999923706055,9074400.0,-0.0036604861762384,1583.75,363246,0.0347925514537732
2021-06-11,1506,2,8178,52,52556.91214475432,1060.93,1830857.4,106.09,10.61,1177.63,3829.0,160970.01,2599.307275639672,3390.120382114383,5221.293714785421,3795.381340944002,2130.0421171322064,125.0,131.0,157.0,263.0,78.0,148.0,96.0,13.0,102.0,42.0,47.0,0.0,882.0,58.0,1687.0,5351.06419213732,3795.381340944002,1880.9816296296297,3300.9664746842777,6122.894734174145,2588.3382203670576,2632.2457700403043,4151.355833333334,3605.872838095238,7286.750657051282,2401.200603864734,0.0,2570.3871161795414,1805.713879917184,0.0,3771.0,0.0,58.0,0.0,0.0,24.48900032043457,15400.0,0.0210706371669022,71.48999786376953,155392.0,0.0176512151426266,715.9000244140625,-0.0089977848564888,6.396299839019775,0.0042863685290168,12.830768585205078,625750493.0,0.0208078381807663,5277.6298828125,699900.0,-0.01011708430812,1896.800048828125,1700.0,-0.0032056206357009,169.39999389648438,128155,-0.0005900065104166,4.534999847412109,1336.0,-0.0272415973819167,5058.8798828125,0.0,118.6999969482422,12654.0,0.0160496473270244,18330.0,83511,0.089126559714795,3.2960000038146973,825190,0.0642557725666812,20.104999542236328,13200.0,-0.0464063008440526,4226.52001953125,22073020000,0.0058257370803662,120.94861602783205,105287046.0,0.0551724257279804,2273782.0,0.0222977275400408,1887562613.0,0.0439024390243902,679.25,1182566.0,-0.0137931034482758,42.619998931884766,9685400.0,-0.0213547720199351,1508.5,704217,-0.047513812154696
2021-06-18,1321,2,7367,50,50041.96915215746,1059.3,2294237.53,105.93,10.59,1175.82,2880.0,60650.86,2553.6481435864434,2982.767513784461,2756.026568548388,4972.554340388007,3263.9452847588923,135.0,103.0,155.0,166.0,469.0,82.0,95.0,27.0,118.0,49.0,19.0,0.0,694.0,43.0,725.0,2909.3101044176706,4972.554340388007,3029.5615808378334,2511.0270823529413,2553.615999411094,2562.0684615384616,3957.291341281669,3602.8332142857143,3818.141194444445,2011.666378205128,3198.082,0.0,2526.4973284482003,2448.9915277777777,0.0,2750.0,0.0,130.0,0.0,0.0,24.48900032043457,15400.0,0.0210706371669022,72.86000061035156,168803.0,0.0191635583650833,718.9000244140625,0.0041905292606398,6.397200107574463,0.0001407483353415,15.353845596313477,365192081.0,0.1966427026061175,5166.56005859375,537100.0,-0.021045398537792,1864.0,1725.0,-0.0172923070348872,182.5,171083,0.0773317979664194,4.5320000648498535,1818.0,-0.0006614735751242,5058.8798828125,0.0,121.0500030517578,9334.0,0.0197978615327201,18340.0,127714,0.0005455537370431,3.2149999141693115,633808,-0.0245752698882398,20.104999542236328,13200.0,-0.0464063008440526,4255.14990234375,24868180000,0.0067738666042507,151.38339233398438,488485014.0,0.2516339360108828,1595813.0,0.0238335088325418,2306318396.0,0.191588785046729,659.25,882481.0,-0.0294442399705557,44.88999938964844,8288600.0,0.0532613917093611,1396.0,506890,-0.0745773947630096
2021-06-25,1276,2,7204,55,49030.77894200627,1145.73,2206937.89,114.57,11.46,1271.76,2559.0,45150.17,2689.732697529647,2926.8677194611887,3130.622421875,4375.046494856575,2473.230568349754,50.0,138.0,70.0,298.0,9.0,59.0,56.0,35.0,61.0,16.0,8.0,0.0,1009.0,78.0,672.0,3588.6981250000003,4375.046494856575,1983.0531045751636,2338.8494306789344,2558.965,2188.215403508772,3218.679861111111,4016.571913875598,4800.321337209302,1210.608181818182,2957.127,0.0,2649.2672960680525,1838.964956582633,0.0,2482.0,0.0,77.0,0.0,0.0,24.48900032043457,15400.0,0.0210706371669022,74.9000015258789,169079.0,0.0279989143348635,747.0999755859375,0.0392265269358689,6.46589994430542,0.0107390476420481,15.01538372039795,479018097.0,-0.0220441109552901,5090.39013671875,680600.0,-0.014742869725922,1781.800048828125,388.0,-0.0440986862510058,189.0,125788,0.0356164383561643,4.1875,1709.0,-0.0760150176346625,5058.8798828125,0.0,122.8249969482422,4282.0,0.0146633114558902,18145.0,118264,-0.0106324972737186,3.496000051498413,344000,0.0874028444264223,20.104999542236328,13200.0,-0.0464063008440526,4224.7900390625,22845800000,-0.0071348516451859,196.8379364013672,1138543568.0,0.3002611010797029,1750978.0,0.0392213108975163,1047500551.0,0.2431372549019608,659.25,667227.0,0.0,43.52000045776367,10452600.0,-0.0305190231791512,1329.75,352418,-0.0474570200573065
2021-06-28,1144,2,6643,53,61102.288645104905,1029.16,5679552.5600000005,102.92,10.29,1142.37,2485.0,283977.625,2813.471312367865,5619.687603610675,3876.385547067901,3498.0069355133355,2287.320140185984,88.0,168.0,349.0,135.0,115.0,41.0,75.0,34.0,24.0,24.0,9.0,0.0,789.0,66.0,568.0,3213.354933127572,3498.0069355133355,2192.7727645267746,6126.282799938157,4365.3309566326525,1842.6147537878787,2487.8804325108854,4408.705648148149,2833.414023809524,8557.0588,2501.000625,0.0,2760.395123746709,2157.5633653846157,0.0,2448.0,0.0,37.0,0.0,0.0,24.48900032043457,15400.0,0.0210706371669022,74.68000030517578,148773.0,-0.0029372659041549,734.5,-0.0168651800263486,6.455100059509277,-0.001670283315419,15.092307090759276,305622495.0,0.0051229706675313,5251.759765625,619800.0,0.0317008371798921,1779.5999755859375,1425.0,-0.0012347475484886,190.6999969482422,112208,0.0089946928478421,4.277999877929688,45385.0,0.0216119111473882,5058.8798828125,0.0,122.0,75159.0,-0.0067168489211512,17950.0,118754,-0.0107467621934417,3.700000047683716,816937,0.0583524007952651,20.104999542236328,13200.0,-0.0464063008440526,4290.60986328125,19135150000,0.0155794308380248,237.15414428710932,1271297526.0,0.2048192976557852,2052984.0,-0.0101819164093498,485558507.0,0.0473186119873816,675.5,170243.0,0.0246492226014409,45.0,12008300.0,0.0340073420650046,1451.75,80069,0.0917465689039294
2021-07-06,1348,2,8009,50,54354.89378338278,1046.57,3309962.4,104.66,10.47,1161.7,3202.0,330996.24,2685.9083016922477,3338.6405850493293,2833.5625152008056,3115.981770489148,2449.9692339035505,150.0,158.0,167.0,549.0,114.0,78.0,98.0,9.0,129.0,61.0,55.0,0.0,676.0,234.0,724.0,2729.873956236745,3115.981770489148,1962.744987296748,3049.379291037484,7595.473067895339,3335.851876337184,3238.9052481840195,5514.851250000001,4146.389104176746,1941.2739498207889,4112.755770114943,0.0,2625.87768209951,2289.119560225748,0.0,3089.0,0.0,113.0,0.0,0.0,24.48900032043457,15400.0,0.0210706371669022,74.52999877929688,184178.0,-0.002008590322254,735.8800048828125,0.0018788357832708,6.462800025939941,0.001192850050298,15.0,634892530.0,-0.0061161683369002,5085.7900390625,755000.0,-0.0316026882358256,1793.5,942.0,0.0078107578134158,198.3999938964844,183471,0.0403775410144975,4.257999897003174,2930.0,-0.0046750774888272,5058.8798828125,0.0,119.2249984741211,112466.0,-0.0227459141465483,18410.0,152486,0.0256267409470751,3.674000024795532,541079,-0.0070270331224618,20.104999542236328,13200.0,-0.0464063008440526,4343.5400390625,16225570000,0.01233628259568,238.7351837158203,1081103205.0,0.0066667164238838,2273859.0,0.0063091353911386,2363604684.0,0.1867469879518073,656.0,3324.0,-0.0288675055514433,40.45000076293945,7355300.0,-0.101111094156901,1404.0,2217,-0.0328913380402962
2021-07-15,1481,2,8597,55,61968.94719108711,1026.36,4456594.08,102.64,10.26,1139.26,5092.0,81717.75,3452.712975316803,2796.499201835572,2824.3117489451474,7015.575870535714,2148.455790121021,52.0,60.0,93.0,201.0,21.0,56.0,121.0,19.0,176.0,22.0,44.0,0.0,1528.0,56.0,2643.0,3672.293789473684,7015.575870535714,2806.1830521049,2720.559056782851,4323.19175,2243.26311627907,1668.429559139785,3200.3785,2935.483995611308,1980.3476470588232,2079.481423611111,0.0,3457.512815879894,2109.4693903508773,0.0,5049.0,0.0,43.0,0.0,0.0,24.48900032043457,15400.0,0.0210706371669022,75.16000366210938,189530.0,0.008453037610776,743.1900024414062,0.0099336814563373,6.474599838256836,0.001825804955984,14.479999542236328,397128580.0,-0.0346666971842447,5132.7099609375,912200.0,0.0092256899153566,1805.5,1109.0,0.0066908279899637,184.6999969482422,128619,-0.0690524060973016,4.322999954223633,2584.0,0.0152653966164271,5058.8798828125,0.0,120.1750030517578,133629.0,0.0079681659869588,18120.0,141821,-0.0157523085279739,3.674000024795532,576042,0.0,20.104999542236328,13200.0,-0.0464063008440526,4384.6298828125,18977190000,0.0094599896352902,226.87747192382807,1078835674.0,-0.0496688908917051,1872974.0,0.009949512065039,2905274327.0,-0.0076142131979695,669.25,242131.0,0.0201981707317073,42.27000045776367,7367800.0,0.0449938111371239,1454.75,98456,0.0361467236467236
2021-07-23,1085,2,6133,47,59056.0124516129,1020.54,5513207.16,102.05,10.2,1132.79,2283.0,42116.4,2969.287532912012,2816.844796511628,3181.163955357143,4967.633670748299,2554.2024885212304,35.0,74.0,113.0,64.0,77.0,52.0,36.0,22.0,39.0,29.0,21.0,0.0,928.0,49.0,744.0,2971.363387096774,4967.633670748299,1975.174706424079,2367.297216981132,4477.066770104895,3431.273285714285,3979.9630645161287,3655.315363636364,3538.8454545454542,3766.0285625,2864.051055555555,0.0,2957.2519569343917,1203.191948051948,0.0,2195.0,0.0,88.0,0.0,0.0,24.48900032043457,15400.0,0.0210706371669022,68.62000274658203,203216.0,-0.0870143772867373,759.75,0.0222823201391213,6.4893999099731445,0.0022858666305303,14.020000457763672,285343938.0,-0.0317678935783731,5113.490234375,852600.0,-0.0037445573018486,1808.699951171875,299.0,0.0017723351824285,174.3000030517578,102237,-0.0563074936021722,4.2104997634887695,2642.0,-0.026023639122399,5058.8798828125,0.0,121.5,62811.0,0.0110255620103587,17085.0,111628,-0.0571192052980132,4.059999942779541,530528,0.1050625790361803,20.104999542236328,13200.0,-0.0464063008440526,4258.490234375,21304580000,-0.0287685966224789,226.0869598388672,1003082631.0,-0.0034843128242644,1857183.0,-0.103643730949036,2266121226.0,-0.0383631713554987,556.0,385815.0,-0.1692192753081808,38.02999877929688,5127900.0,-0.1003075853453896,1401.0,133778,-0.0369479291974566
2021-07-26,1568,2,8761,53,59767.56339285715,1104.74,3667626.71,110.47,11.05,1226.26,4146.0,48009.98,2561.87213040948,2853.6887758010225,3465.5915340054057,2727.750255380172,2483.8313771165745,102.0,337.0,266.0,431.0,108.0,84.0,142.0,16.0,78.0,102.0,37.0,0.0,1267.0,156.0,1020.0,3929.755952380952,2727.750255380172,2229.7377563429573,2485.776581367043,5503.330232142857,2674.94360687904,3120.351274509804,5118.36619047619,3555.2887744890763,1482.2120572649571,3661.938,0.0,2510.001236437112,1888.1908788513076,0.0,4070.0,0.0,76.0,0.0,0.0,24.48900032043457,15400.0,0.0210706371669022,74.5,115596.0,0.0856892599543193,759.6699829101562,-0.0001053202893632,6.4816999435424805,-0.0011865452179685,12.479999542236328,385164945.0,-0.109843143027471,4925.2998046875,1013000.0,-0.0368027357170658,1798.699951171875,243397.0,-0.0055288330126402,189.3999938964844,152357,0.0866321892159847,4.589000225067139,3109.0,0.0898944265145256,5058.8798828125,0.0,122.0749969482422,42313.0,0.0047324851707177,17480.0,116130,0.0231196956394497,3.9140000343322754,511430,-0.0359605690898882,20.104999542236328,13200.0,-0.0464063008440526,4422.2998046875,20734210000,0.0384665835300528,171.146240234375,1095133324.0,-0.2430070254544915,1645939.0,0.0826559115403726,1178841540.0,-0.276595744680851,549.75,339316.0,-0.0112410071942445,36.25,11261500.0,-0.0468051232298722,1414.75,90473,0.0098144182726622
2021-08-05,1437,2,7585,43,63759.8102644398,1012.74,4453019.1,101.27,10.13,1124.14,3619.0,116501.155,3426.4766150311134,4206.731329478262,3343.4714875330296,3074.401981735828,2003.606486935287,170.0,500.0,148.0,250.0,105.0,32.0,71.0,27.0,83.0,28.0,36.0,0.0,726.0,67.0,1376.0,3811.053161824052,3074.401981735828,1954.6685,4184.682123498365,4392.823331389699,3294.3953985507246,2077.71881147541,4416.541842105263,4257.362839506172,1746.927859848485,1842.8000694444445,0.0,3387.690554589033,2036.142038095238,0.0,3505.0,0.0,114.0,0.0,0.0,24.48900032043457,15400.0,0.0210706371669022,72.88999938964844,192386.0,-0.021610746447672,767.9500122070312,0.0108995083169611,6.460999965667725,-0.0031936032298716,12.81999969482422,326504283.0,0.0272436029694731,4933.740234375,927800.0,0.0017136885107922,1818.0999755859373,8982.0,0.01078558122016,191.3999938964844,150752,0.0105596624311037,4.432000160217285,2471.0,-0.0342122591304855,5058.8798828125,0.0,123.0,43916.0,0.0075773342197991,17730.0,142435,0.0143020594965674,4.139999866485596,652778,0.0577413975909368,20.104999542236328,13200.0,-0.0464063008440526,4387.16015625,19171320000,-0.0079460122536814,183.3992156982422,766140202.0,0.071593599994294,2494529.0,-0.0090390973825162,142262684.0,-0.1176470588235294,558.75,484822.0,0.0163710777626193,40.150001525878906,5839200.0,0.1075862489897629,1422.25,8483,0.005301289980562
2021-08-09,1002,2,5832,45,59657.04830339321,1035.44,1928082.5,103.55,10.35,1149.34,3383.0,30339.67,2734.196974420228,3161.463356901148,2913.751708683473,3745.371140740741,2499.3701348195327,93.0,53.0,120.0,374.0,16.0,89.0,65.0,12.0,38.0,23.0,24.0,0.0,1826.0,122.0,528.0,3031.374534883721,3745.371140740741,2826.238172619048,3016.632499316199,4107.016666666666,2800.464914264597,2543.1788945578232,4964.868636363636,3690.6530288461536,1582.1134375,3572.025196078432,0.0,2663.687237979488,1840.7545592105264,0.0,3335.0,0.0,48.0,0.0,0.0,25.0049991607666,30200.0,0.0210706371669022,69.04000091552734,157303.0,-0.0528192962870001,785.1500244140625,0.0223973070299194,6.485199928283691,0.0037455444582201,13.300000190734863,327870155.0,0.037441537233767,4985.56005859375,858300.0,0.0105031521233533,1723.4000244140625,4701.0,-0.0520873177732456,204.1999969482422,168474,0.0668756711595324,4.287000179290772,2274.0,-0.0327166010119015,5058.8798828125,0.0,122.75,20935.0,-0.0020325203252032,17610.0,158806,-0.0067681895093062,3.861000061035156,809414,-0.0673912595285372,20.104999542236328,13200.0,-0.0464063008440526,4432.35009765625,17260230000,0.0103004995935405,181.0276641845703,741259827.0,-0.0129310886343916,2188297.0,-0.067078285658184,853014372.0,0.1041666666666667,550.25,817071.0,-0.0152125279642058,42.65999984741211,6884400.0,0.0625155224443856,1424.25,22140,0.0014062225347162
2021-08-16,1192,2,6166,43,67694.57104865772,1175.31,3349964.21,117.53,11.75,1304.59,4917.0,66669.01,3106.449948782981,3161.3902634548613,2965.459871351766,4737.953,2138.136330128205,49.0,20.0,82.0,91.0,44.0,52.0,43.0,14.0,40.0,11.0,21.0,0.0,2494.0,29.0,1927.0,2795.6548837209302,4737.953,1996.6840112994348,2352.639217013889,5403.476607142857,4434.047322048611,2771.6192936507937,7261.122272727272,5587.643402777778,2376.062083333333,3799.152271062271,0.0,3041.440851253269,1427.549523809524,0.0,4813.0,0.0,104.0,0.0,0.0,26.479999542236328,67200.0,0.0589882195950655,69.51000213623047,159884.0,0.0068076653312647,786.27001953125,0.0014264727534376,6.473599910736084,-0.0017886908153774,13.880000114440918,265036047.0,0.0436090161946085,4941.06982421875,926400.0,-0.0089238187589999,1786.9000244140625,1162.0,0.0368457694675903,211.8000030517578,149564,0.0372184437663922,4.322000026702881,3107.0,0.0081641814668407,5058.8798828125,0.0,124.2750015258789,13397.0,0.0124236376853679,18495.0,113816,0.0502555366269166,3.8510000705718994,558681,-0.0025900000790405,20.104999542236328,13200.0,-0.0464063008440526,4479.7099609375,19014210000,0.0106850456840701,169.96047973632812,622990132.0,-0.0611353214885346,1144590.0,0.0121840781843052,1161309271.0,-0.0490566037735848,564.75,365976.0,0.0263516583371195,44.650001525878906,20134700.0,0.0466479532485866,1293.75,71534,-0.0916271721958925
2021-08-27,1155,2,6917,45,67790.17574025974,1017.0,10611560.39,101.7,10.17,1128.87,4104.0,63053.78,3262.343174578088,4437.066853347377,3340.7505701754385,2896.1670128920787,1843.7758618780651,43.0,128.0,876.0,314.0,19.0,105.0,54.0,22.0,68.0,17.0,16.0,0.0,991.0,54.0,1397.0,3442.274642857143,2896.1670128920787,1775.743780414169,4973.22239774295,1987.100625,2606.7633324437465,2680.8595,3703.1042156862745,3653.4549038461537,3089.745,3253.81,0.0,3249.0342266227785,1211.0897448979592,0.0,4015.0,0.0,89.0,0.0,0.0,26.239999771118164,47700.0,-0.0090634356218683,68.75,138301.0,-0.0109337090040791,783.8800048828125,-0.0030396868621066,6.480000019073486,0.0009886474953122,14.399999618530272,235708053.0,0.0374639409079211,4835.8798828125,935800.0,-0.0212889000051486,1803.199951171875,2146.0,0.0091219019167887,194.6000061035156,147158,-0.0812086718621956,4.234499931335449,25359.0,-0.0202452787660398,5058.8798828125,0.0,122.0,7461.0,-0.0183061878732317,17985.0,98228,-0.0275750202757502,4.369999885559082,470321,0.1347701390486102,20.104999542236328,13200.0,-0.0464063008440526,4479.52978515625,17595630000,-4.0220412218849866e-05,196.04742431640625,852978073.0,0.1534882969296667,1757262.0,-0.0245207535061596,919576449.0,0.1071428571428572,538.0,394223.0,-0.0473660911907923,48.369998931884766,15457400.0,0.0833146087094705,1359.25,104239,0.0506280193236714
2021-08-31,1303,2,7416,44,52601.445464313125,1108.85,2684024.85,110.89,11.09,1230.83,3029.0,74588.15,2708.4175182300587,3033.621418641595,3129.0510575757576,5227.474564796014,2418.381693633024,82.0,272.0,245.0,671.0,91.0,78.0,134.0,10.0,21.0,36.0,5.0,0.0,779.0,134.0,471.0,3428.6283333333336,5227.474564796014,2297.1177358276645,2454.984495688793,4355.034548771122,3110.0186363636367,3432.418649920255,4857.606666666667,4769.5321875,1899.8905,4560.908888888888,0.0,2674.9526352959247,1591.9847562656644,0.0,2972.0,0.0,57.0,0.0,0.0,28.270000457763672,83400.0,0.077362831720749,73.41000366210938,121843.0,0.0677818714488636,782.219970703125,-0.0021177146621257,6.465099811553955,-0.0022994147339001,15.18000030517578,342000963.0,0.0541667157853105,4813.27001953125,1317400.0,-0.0046754393883126,1809.0,959.0,0.0032165311585969,204.1999969482422,136451,0.0493319144071351,4.361000061035156,11120.0,0.0298736879799197,5058.8798828125,0.0,124.8000030517578,117326.0,0.0229508446865394,18310.0,126467,0.0180706144008895,4.711999893188477,843474,0.0782608733605585,20.104999542236328,13200.0,-0.0464063008440526,4528.7900390625,18470230000,0.0109967465936899,196.8379364013672,402342561.0,0.0040322492770172,1802547.0,0.0543875644122449,610078937.0,-0.025089605734767,540.25,89182.0,0.0041821561338291,48.68999862670898,11048900.0,0.006615664707267,1283.0,10009,-0.0560971123781497
2021-09-06,1525,2,9836,55,56302.57602622951,1028.62,2099966.57,102.86,10.29,1141.77,3204.0,81038.54,3497.485511905616,4517.157558082676,2745.46062716763,2812.776331176431,1990.1395773915624,151.0,295.0,80.0,166.0,102.0,76.0,80.0,16.0,155.0,47.0,67.0,0.0,910.0,109.0,950.0,3074.331971682848,2812.776331176431,2224.4836666666665,4755.758481382979,6020.614529528737,2495.1318951612902,2821.61393081761,4499.705961538462,4155.407771143507,2069.152666666667,2405.847885416667,0.0,3475.624998742483,1269.1640629395215,0.0,3118.0,0.0,86.0,0.0,0.0,29.90999984741211,85000.0,0.0580120043541794,71.69000244140625,128725.0,-0.0234300658615945,770.1599731445312,-0.015417654892847,6.456699848175049,-0.0012992782205611,14.15999984741211,336621843.0,-0.0671937046941882,4933.72998046875,1294100.0,0.0250266368702978,1795.9000244140625,166.0,-0.0072415564322484,202.1999969482422,141056,-0.0097943194411845,4.277500152587891,3224.0,-0.0191469633750579,5058.8798828125,0.0,123.4250030517578,130030.0,-0.011017627935712,19220.0,110093,0.0496996176952484,4.938000202178955,794289,0.0479627152193229,20.104999542236328,13200.0,-0.0464063008440526,4520.02978515625,14932410000,-0.0019343475477311,166.7984161376953,399528074.0,-0.1526104205970695,1838559.0,-0.0124259589904329,694409790.0,-0.1691176470588234,495.75,1719.0,-0.0823692734844979,55.09999847412109,11211300.0,0.131649209862493,1275.25,285,-0.0060405300077942
2021-09-15,1704,2,9739,51,63796.85259389671,1017.7,4406478.25,101.77,10.18,1129.65,6055.0,70789.82,3235.188931500777,3257.449558875316,3081.591215102,3573.566001259736,2491.192425807165,173.0,447.0,203.0,277.0,52.0,101.0,158.0,13.0,124.0,1233.0,56.0,0.0,1367.0,101.0,1750.0,3523.027696721312,3573.566001259736,2696.7517845487846,3323.7771856221484,5888.9983571428575,3990.2892334615385,2584.169064453125,6227.9965,3103.000942307692,1757.3386803474102,2640.117256097561,0.0,3187.399589089612,1697.0386172161172,0.0,5910.0,0.0,145.0,0.0,0.0,30.15999984741211,180700.0,0.0083584086016512,73.51000213623047,143531.0,0.0253870781537739,784.5599975585938,0.0186974458764297,6.450799942016602,-0.0009137649723821,15.640000343322754,267467994.0,0.104519810159541,4991.66015625,1102300.0,0.0117416591525234,1792.0,3582.0,-0.0021716266835816,209.0,204242,0.0336300848387174,4.363500118255615,3156.0,0.0201051928930253,5058.8798828125,0.0,122.8000030517578,107481.0,-0.0050638038043062,19120.0,155443,-0.0052029136316337,5.105000019073486,1067548,0.0338193215992257,20.104999542236328,13200.0,-0.0464063008440526,4468.72998046875,22890790000,-0.0113494395227147,182.6086883544922,322848788.0,0.0947867047115433,1642180.0,0.0307241919678491,458605267.0,0.1017699115044248,496.75,495849.0,0.0020171457387796,58.68999862670898,11272500.0,0.0651542695463778,1284.0,311821,0.006861399725544
2021-09-20,1985,2,12170,52,58895.20385894206,1026.86,5080860.0,102.68,10.27,1139.81,5295.0,117495.38,3424.723299550369,3285.5572240745114,3691.499454244829,4096.063344179895,2672.9216990667724,107.0,87.0,212.0,316.0,68.0,154.0,121.0,15.0,142.0,1223.0,34.0,0.0,1586.0,150.0,1080.0,4477.726929347826,4096.063344179895,2705.8776695148604,2953.5346454339315,3757.037973057644,3268.133866496599,3526.852755617977,2653.066923076923,4358.245555067155,2194.706573372615,2174.420347222222,0.0,3436.751516449836,1709.6135004302926,0.0,5188.0,0.0,107.0,0.0,0.0,29.31999969482422,220800.0,-0.0278514640861301,73.91999816894531,127245.0,0.0055774183213195,788.5,0.0050219262435846,6.465000152587891,0.0022013100233968,13.579999923706056,177513425.0,-0.1317135789256028,4821.77001953125,627100.0,-0.034034796320425,1761.800048828125,415.0,-0.0168526513235909,207.6000061035156,226706,-0.0066985353898775,4.117000102996826,2961.0,-0.0564913506539176,5058.8798828125,0.0,122.9250030517578,38125.0,0.0010179152841496,18645.0,107322,-0.0248430962343095,5.139999866485596,581381,0.0068559935908603,20.104999542236328,13200.0,-0.0464063008440526,4357.72998046875,20058800000,-0.0248392721164943,176.52174377441406,141002172.0,-0.0333332692706369,1604088.0,-0.0022710580503273,214049437.0,-0.0401606425702811,521.75,545915.0,0.0503271263210871,54.290000915527344,12257700.0,-0.0749701450696449,1285.0,384242,0.0007788161993769
2021-09-27,1256,2,7475,47,52105.530191082806,1074.15,2600742.39,107.41,10.75,1192.31,3089.0,39161.25,2900.1137705517904,3055.9505029283346,3044.45456505848,5519.892518518518,2459.7858567782528,96.0,25.0,125.0,385.0,71.0,96.0,92.0,17.0,83.0,24.0,12.0,0.0,929.0,110.0,1024.0,3432.997847222222,5519.892518518518,2384.3630107526883,2346.6540235241355,2552.949363095238,3123.729227207977,4712.610757211538,6718.609027777778,4459.452047281324,1768.2675694444442,2238.932083333333,0.0,2806.7900575442304,1222.3412484394505,0.0,3045.0,0.0,44.0,0.0,0.0,30.170000076293945,122000.0,0.028990463516948,79.52999877929688,133547.0,0.0758928672797016,793.0,0.00570703868104,6.455999851226807,-0.001392157950295,12.079999923706056,393901956.0,-0.1104565543760799,4877.3701171875,727200.0,0.0115310554902108,1750.0,26407.0,-0.0066977230679349,210.8000030517578,228682,0.0154142430354582,4.293499946594238,4113.0,0.042870983527286,5058.8798828125,0.0,120.4000015258789,41219.0,-0.0205409921756579,18805.0,171532,0.0085813891123625,5.61899995803833,1050558,0.0931906817110959,20.104999542236328,13200.0,-0.0464063008440526,4443.10986328125,20646370000,0.0195927428260058,180.8695678710937,250629397.0,0.0246305299489675,2290350.0,0.073410100519361,436119153.0,0.0418410041841004,539.5,735730.0,0.0340201245807378,55.09999847412109,15027300.0,0.0149198295254049,1246.5,596272,-0.0299610894941634
2021-10-08,1678,2,10219,53,55564.0111203814,1038.49,2612927.83,103.86,10.38,1152.73,5341.0,65779.32,3499.855843143937,3151.413939107317,3495.224183520599,2759.228587719298,2227.293433313156,80.0,50.0,176.0,1598.0,103.0,46.0,124.0,43.0,42.0,26.0,25.0,0.0,1131.0,108.0,1789.0,4179.249305555556,2759.228587719298,2400.651422784392,2757.3564267264123,6217.174880952381,3373.993684210526,2843.8750247524754,2829.4639080459774,4592.18671875,1208.3696666666667,2695.268117647059,0.0,3525.8817683351563,1285.4631589147286,0.0,5208.0,0.0,133.0,0.0,0.0,26.82999992370605,105100.0,-0.1107060041147397,81.26000213623047,221673.0,0.0217528402299427,805.3599853515625,0.015586362360104,6.445199966430664,-0.0016728446476172,10.960000038146973,345029758.0,-0.0927152229000574,4929.93994140625,169000.0,0.0107783135082362,1766.199951171875,1161.0,0.009257114955357,175.0,211551,-0.1698292340297919,4.246500015258789,2100.0,-0.0109467641597925,5058.8798828125,0.0,125.5749969482422,13648.0,0.0429816890097878,16370.0,171554,-0.1294868386067534,5.565000057220459,1106609,-0.0096102333548909,20.104999542236328,13200.0,-0.0464063008440526,4300.4599609375,19344290000,-0.0321058688020833,143.9130401611328,514769299.0,-0.204326953090859,2573696.0,0.0287608467344067,781914703.0,-0.2192771329458457,540.75,579942.0,0.0023169601482855,43.86000061035156,20254100.0,-0.2039927073509563,1243.0,578993,-0.0028078620136381
2021-10-12,1285,2,7587,50,53922.39681712062,1063.91,5080860.0,106.39,10.64,1180.94,3004.0,102474.45,3471.2974660575146,2669.513784659433,2405.6588789975767,4095.4768710317458,2245.945992788712,71.0,112.0,104.0,90.0,27.0,138.0,75.0,15.0,21.0,613.0,20.0,0.0,1131.0,123.0,464.0,3137.405017361111,4095.4768710317458,2267.8221948356804,2560.83301497114,6379.269340659341,3783.090913370998,2486.8792424242424,1814.16625,3221.277692307692,1019.273420738137,2374.713666666667,0.0,3502.7619828181,1939.7213468013467,0.0,2950.0,0.0,54.0,0.0,0.0,26.64999961853028,52700.0,-0.006708919332375,83.6500015258789,203553.0,0.0294117564215867,823.9500122070312,0.0230828787046748,6.4496002197265625,0.0006827178859953,11.15999984741211,315994916.0,0.0182481577161519,4936.18994140625,725100.0,0.0012677639229448,1754.5999755859375,1628.0,-0.0065677589778218,176.3000030517578,146003,0.0074285888671874,4.374499797821045,1738.0,0.030142418957334,5058.8798828125,0.0,125.9749984741211,12218.0,0.0031853596304984,17135.0,145447,0.0467318265119121,5.409999847412109,956677,-0.0278526879091834,20.104999542236328,13200.0,-0.0464063008440526,4361.18994140625,17878150000,0.0141217407022458,133.47825622558594,370724054.0,-0.072507563761168,2416923.0,0.0373614248114939,524111834.0,-0.1008230013379699,533.0,774670.0,-0.0143319463707812,43.97999954223633,13846400.0,0.0027359537212692,1217.75,721557,-0.0203137570394207
2021-10-19,1799,2,10677,57,56812.22450806003,1030.32,5221321.18,103.03,10.3,1143.65,4726.0,69457.5,3208.0952430074635,3620.044022978565,3200.3998141785723,4060.561295454546,1852.2956321718927,163.0,69.0,63.0,303.0,99.0,73.0,65.0,23.0,99.0,1177.0,27.0,0.0,1225.0,121.0,1219.0,3431.495392156863,4060.561295454546,2687.8814259834367,3274.088710628227,4880.796130952381,2466.487070707071,2009.6419655172413,4528.32109375,4768.615659981685,2465.8748500780844,3282.876274509804,0.0,3182.1129384418045,1381.374504950495,0.0,4615.0,0.0,111.0,0.0,0.0,26.739999771118164,113000.0,0.0033771164681484,84.33000183105469,218579.0,0.0081291128843006,816.6300048828125,-0.0088840429829127,6.428899765014648,-0.0032095717574246,10.579999923706056,335215346.0,-0.0519713200390902,4874.77978515625,710800.0,-0.012440800896836,1764.800048828125,1122.0,0.0058133326023677,175.3000030517578,138646,-0.0056721496465681,4.730500221252441,3128.0,0.0813808297828067,5058.8798828125,0.0,124.0999984741211,8762.0,-0.0148839057170949,16770.0,125755,-0.0213014298220017,5.28000020980835,642719,-0.0240295085527489,20.104999542236328,13200.0,-0.0464063008440526,4486.4599609375,18372450000,0.0287238164845571,139.13043212890625,353944327.0,0.0423452932571115,1780256.0,0.0238450804568579,484483967.0,0.0183066183774303,532.75,597281.0,-0.0004690431519699,45.93000030517578,12492400.0,0.044338353416006,1220.5,655016,0.00225826319031
2021-10-29,1968,2,14154,69,60239.306534552845,1073.62,5221321.18,107.36,10.74,1191.72,6071.0,38921.68,3054.070215123298,4220.511311135371,3297.784728061032,3986.505303248173,2228.2340650584792,147.0,170.0,210.0,252.0,75.0,117.0,106.0,25.0,84.0,601.0,28.0,0.0,2180.0,187.0,1889.0,3467.2001530218936,3986.505303248173,2601.538898358586,4309.413671511628,4230.745675675676,3429.154332801701,3202.023533333333,2926.971818181818,3952.244539473684,1816.5034069697135,4205.00575,0.0,3057.4109137286887,1389.3662023809525,0.0,5968.0,0.0,103.0,0.0,0.0,27.65999984741211,74500.0,0.0344053883383961,85.98999786376953,146477.0,0.0196845250405715,807.4000244140625,-0.0113025242932073,6.384699821472168,-0.0068751956256981,11.859999656677246,226872426.0,0.1209829624008937,4979.52001953125,746400.0,0.0214861468601996,1806.0,2077.0,0.023345393263805,183.5,162002,0.0467769355703953,4.551499843597412,3106.0,-0.0378396299086605,5058.8798828125,0.0,127.375,27298.0,0.0263900206780569,18495.0,118473,0.1028622540250447,5.426000118255615,609051,0.0276514967132104,20.104999542236328,13200.0,-0.0464063008440526,4566.47998046875,20648340000,0.0178358929374082,136.95652770996094,252657896.0,-0.0156249383091914,2565287.0,0.0160116406566388,474715688.0,0.0056179775280897,538.0,794639.0,0.0098545283904269,50.36000061035156,9769900.0,0.0964511272750106,1235.75,438477,0.0124948791478902
2021-11-03,1330,2,7643,46,62942.94777443609,1070.0,11406213.15,107.0,10.7,1187.7,4345.0,134194.44,2677.163448727274,3677.1759735735736,3996.401465747703,3111.4940857142856,1741.8398628348182,103.0,114.0,175.0,203.0,48.0,662.0,103.0,8.0,129.0,37.0,21.0,0.0,1404.0,278.0,1060.0,4860.462606424148,3111.4940857142856,2060.1845355420155,2460.6538933899174,5121.420352733687,2973.0910107137465,1893.23303968254,3694.81125,5383.466683441558,1344.8271739130437,4155.690833333333,0.0,2653.565818552834,1457.5786392195766,0.0,4103.0,0.0,242.0,0.0,0.0,27.90999984741211,67800.0,0.0090383225372068,84.70999908447266,242168.0,-0.0148854379706431,813.0,0.006935813000503,6.404699802398682,0.0031324857057888,11.300000190734863,263343790.0,-0.0472174942793611,4890.68994140625,780200.0,-0.0178390844452036,1795.0999755859375,805.0,-0.0060354509490933,198.6999969482422,337080,0.0828337708351072,4.401999950408936,1765.0,-0.0328462920632145,5058.8798828125,0.0,131.8000030517578,123000.0,0.0347399650775883,19255.0,219129,0.0410921870775884,5.515999794006348,738892,0.0165867441557789,20.104999542236328,13200.0,-0.0464063008440526,4613.669921875,21195930000,0.0103339862669027,137.82608032226562,356733957.0,0.0063491140352665,2620667.0,0.0034622840034754,609291921.0,0.0949720670391061,579.0,862974.0,0.0762081784386616,54.27999877929688,11935800.0,0.0778395178998381,1192.25,10617,-0.035201294760267
2021-11-11,1707,2,9837,47,54861.50026362039,1031.13,5591314.08,103.11,10.31,1144.55,5579.0,55544.325,3005.641381535948,3533.3791974481824,2673.08372436401,4268.22514034188,1639.4995004375803,74.0,92.0,206.0,237.0,109.0,155.0,94.0,13.0,172.0,1167.0,24.0,0.0,855.0,247.0,2134.0,2708.104202614379,4268.22514034188,2098.362482662775,3298.8598875411803,3687.704087301588,3128.153608936725,2307.391655844156,2537.428125,4176.2855815035855,1601.4036656595572,4235.956041666666,0.0,3011.530856460928,1108.130816792234,0.0,5500.0,0.0,79.0,0.0,0.0,27.354999542236328,42600.0,-0.0198853567972069,83.43000030517578,157253.0,-0.0151103623318478,810.9000244140625,-0.0025829958006611,6.397900104522705,-0.001061673159674,11.520000457763672,114273753.0,0.0194690498509186,4848.18017578125,684100.0,-0.0086919772331297,1827.4000244140625,1728.0,0.0179934539955535,218.8000030517578,199542,0.1011575561762656,4.40500020980835,1619.0,0.0006815673405753,5058.8798828125,0.0,132.125,140682.0,0.0024658341480807,19635.0,114187,0.0197351337314983,4.790999889373779,800402,-0.1314358106793892,20.104999542236328,13200.0,-0.0464063008440526,4701.7001953125,20545980000,0.0190803145712956,165.21739196777344,373330325.0,0.1987382328617437,2319740.0,-0.0252231132612397,837277245.0,0.2040816326530612,551.5,1051204.0,-0.0474956822107081,49.560001373291016,10434800.0,-0.0869564759055619,1234.0,106420,0.0350178234430698
2021-11-16,1638,2,9450,47,50272.18214896215,1066.29,5591314.08,106.63,10.66,1183.58,4028.0,48098.25,3308.23211258948,2719.491707920792,3113.943902356824,3675.3868033910535,1508.3460876087609,154.0,123.0,84.0,110.0,45.0,64.0,39.0,15.0,50.0,54.0,53.0,0.0,1089.0,213.0,1935.0,3507.701857079568,3675.3868033910535,2074.792575757576,2526.066172839506,4449.983248626374,3950.218504983389,2934.019411764706,4432.111923076924,3502.8651250000003,1502.25267281106,3468.1500506912444,0.0,3287.3898336503403,1113.8021531100478,0.0,3953.0,0.0,75.0,0.0,0.0,27.049999237060547,58400.0,-0.0111497097525027,82.05000305175781,171279.0,-0.0165407796760173,800.3800048828125,-0.0129732633056109,6.378600120544434,-0.0030166122732407,11.100000381469728,156685904.0,-0.0364583385073472,4882.3798828125,599300.0,0.0070541328480513,1866.0999755859373,120.0,0.0211776024159151,226.6000061035156,179035,0.0356490079660221,4.4070000648498535,1831.0,0.0004539965825769,5058.8798828125,0.0,133.52499389648438,56018.0,0.0105959802950568,19790.0,113950,0.0078940667175961,5.065000057220459,625498,0.0571906019982173,20.104999542236328,13200.0,-0.0464063008440526,4682.7998046875,19909710000,-0.0040199055320122,136.52174377441406,131652374.0,-0.1736841857360671,1551055.0,-0.0128158555821643,359216824.0,-0.1101694915254237,576.5,752721.0,0.0453309156844967,49.36000061035156,28966900.0,-0.0040355277925241,1263.25,503845,0.0237034035656402
2021-11-25,1970,2,12651,60,60102.24294923858,1043.46,5591314.08,104.35,10.43,1158.24,4920.0,103452.72,3535.325762846255,3420.2797892846934,3927.479047619048,5659.204849472991,1546.2668221022475,104.0,89.0,136.0,226.0,72.0,70.0,50.0,27.0,208.0,41.0,39.0,0.0,1389.0,245.0,2224.0,4907.234678714859,5659.204849472991,2453.5077128182274,3144.9623540706607,3509.3557936507937,4516.754725300093,2456.4217276422764,4659.168120300752,3852.42361164596,2091.030869565217,2624.765404761905,0.0,3511.360549836563,1096.2271325757577,0.0,4798.0,0.0,122.0,0.0,0.0,26.479999542236328,28900.0,-0.0210720780370032,79.69999694824219,140855.0,-0.0286411458392417,828.0,0.034508602099863,6.386199951171875,0.0011914574489413,11.81999969482422,142607659.0,0.0648648007757237,4912.39990234375,666000.0,0.0061486447699266,1806.0,187266.0,-0.0322061927936452,213.0,153693,-0.0600176775692707,4.395500183105469,52352.0,-0.0026094580383847,5058.8798828125,0.0,138.10000610351562,45138.0,0.0342633395705529,19580.0,103784,-0.010611419909045,5.447000026702881,367123,0.0754195390260377,20.104999542236328,13200.0,-0.0464063008440526,4682.93994140625,15654820000,2.9925840222766453e-05,134.3478240966797,132895390.0,-0.0159236149321863,2146233.0,-0.0510632714350572,381966681.0,0.0523809523809524,576.75,797743.0,0.0004336513443192,57.0,15684300.0,0.1547811850724776,1252.75,297608,-0.0083118939244013
2021-12-03,1671,2,10321,50,52952.99157989228,1004.08,7828535.0,100.41,10.04,1114.53,3008.0,260951.16666666663,3066.4969565685874,3312.700805442239,3843.310536458333,3639.213259847149,2692.2776939181845,90.0,71.0,202.0,650.0,51.0,41.0,77.0,6.0,68.0,24.0,27.0,0.0,934.0,256.0,511.0,4037.357922535212,3639.213259847149,6043.561391806723,2752.506720065877,2705.51496031746,3287.062083333333,2468.726875,3152.7883333333334,6487.133955908289,2588.5634,3761.317666666667,0.0,3065.743320090293,1090.289735571648,0.0,2922.0,0.0,86.0,0.0,0.0,26.88999938964844,133900.0,0.0154833781910816,73.44000244140625,271866.0,-0.0785444761171224,831.5499877929688,0.0042874248707351,6.392000198364258,0.0009082470384158,12.880000114440918,295636459.0,0.0896785488142486,4851.419921875,678500.0,-0.0124134805148204,1782.300048828125,35208.0,-0.0131228965514258,219.6000061035156,173622,0.0309859441479605,4.336999893188477,11156.0,-0.0133091314935769,5058.8798828125,0.0,137.6750030517578,49837.0,-0.0030775020490531,19660.0,156483,0.0040858018386107,4.131999969482422,786502,-0.2414173032447074,20.104999542236328,13200.0,-0.0464063008440526,4655.27001953125,26646380000,-0.0059086646895349,133.04347229003906,237400492.0,-0.0097087676366234,3118279.0,-0.0885993882965187,557446210.0,-0.004524886877828,581.0,199169.0,0.0073688773298656,57.630001068115234,19176700.0,0.0110526503178112,1267.25,509607,0.0115745360207544
2021-12-07,1879,2,11177,56,58315.88048962214,1018.71,5247756.36,101.88,10.2,1130.79,5767.0,99816.75,3049.730051699092,2463.4699117667315,3592.7334834494773,7063.970712698413,1721.669440321696,52.0,47.0,248.0,250.0,70.0,576.0,56.0,18.0,239.0,45.0,38.0,0.0,1461.0,285.0,2382.0,4705.18,7063.970712698413,2603.713980969697,2365.4125751901947,3047.041563271605,1816.5408138673251,3802.89652173913,4069.8503125,2596.255888380793,1400.32484962406,3351.4482619047617,0.0,3030.8607751987283,833.7728311570318,0.0,5660.0,0.0,107.0,0.0,0.0,28.239999771118164,63500.0,0.0502045523284548,73.08000183105469,150304.0,-0.0049019689322421,820.8054809570312,-0.0129210594596419,6.37529993057251,-0.0026126826147504,13.979999542236328,299257265.0,0.0854036815234264,4892.6201171875,924500.0,0.0084923993337968,1777.5,3072.0,-0.0026931766238131,211.0,57739,-0.0391621396379274,4.336999893188477,3729.0,0.0,5058.8798828125,0.0,136.85000610351562,14394.0,-0.0059923510437986,19920.0,129994,0.0132248219735504,3.924999952316284,760950,-0.0500968099455398,20.104999542236328,13200.0,-0.0464063008440526,4591.669921875,21271750000,-0.013661956747818,153.47825622558594,527639339.0,0.1535947881080432,2153522.0,-0.0065761130027356,537997197.0,0.1409090909090908,583.5,9411.0,0.0043029259896729,55.68000030517578,32998300.0,-0.0338365560783986,1267.75,584396,0.0003945551390807
2021-12-14,2046,2,12959,58,60799.80904203324,1052.6,13034008.56,105.26,10.53,1168.39,5544.0,199440.0,3201.9912915400078,3092.7273005148004,2141.2654257425743,3623.1604185714286,2247.107677025356,107.0,69.0,157.0,162.0,117.0,51.0,124.0,23.0,155.0,45.0,34.0,0.0,2303.0,285.0,1912.0,2400.8372267759564,3623.1604185714286,3000.8553951890035,3012.833678907721,4517.328822393823,2336.031388888889,4856.472287414967,4325.845833333334,3233.435469912343,1586.4295681818182,1939.738148148148,0.0,3179.785603557264,910.3952360495196,0.0,5192.0,0.0,352.0,0.0,0.0,28.3799991607666,22500.0,0.004957485509317,74.38999938964844,141145.0,0.017925527172566,835.8202514648438,0.0182927269080925,6.360000133514404,-0.0023998552577481,14.899999618530272,204846193.0,0.065808305180157,5083.7998046875,814500.0,0.0390751137265688,1786.300048828125,1486.0,0.0049508010284811,230.1999969482422,91725,0.0909952462001999,4.28000020980835,3328.0,-0.0131426527055369,5058.8798828125,0.0,134.75,8675.0,-0.0153453124578389,21400.0,121555,0.0742971887550201,3.690000057220459,614199,-0.0598725854651649,20.104999542236328,13200.0,-0.0464063008440526,4668.97021484375,26609380000,0.01683489760457,175.21739196777344,351818007.0,0.1416430983567784,1281061.0,0.0259030523398,367860569.0,0.0159362549800796,584.25,487571.0,0.0012853470437017,49.470001220703125,27144700.0,-0.1115301553598483,1285.25,548923,0.0138039834352199
2021-12-23,1409,2,7812,52,60999.04691270404,1020.6,5406309.0,102.06,10.21,1132.87,3869.0,72734.08,3120.382522359136,3014.168114945772,3577.2392009132423,5335.981234078591,1786.4307122756898,66.0,129.0,214.0,753.0,85.0,633.0,133.0,18.0,25.0,15.0,24.0,0.0,799.0,200.0,775.0,3162.681790780142,5335.981234078591,2225.518078626123,2849.6367126648206,4730.220232426304,2734.789121835256,3131.1483180272107,4408.486,3882.528293650794,1136.30975,6320.5825,0.0,3081.5842248398326,722.2640906122449,0.0,3791.0,0.0,78.0,0.0,0.0,28.34499931335449,115100.0,-0.0012332575210396,71.5199966430664,120393.0,-0.0385804916000765,842.7080078125,0.0082407148374126,6.374000072479248,0.0022012482187021,14.84000015258789,193565588.0,-0.004026809897885,4880.419921875,728600.0,-0.0400054861768895,1793.699951171875,1561.0,0.0041425864308768,233.6000061035156,91894,0.0147698053881288,4.288000106811523,3161.0,0.0018691347221995,5058.8798828125,0.0,137.0500030517578,3263.0,0.0170686682876275,22310.0,77891,0.0425233644859812,3.7309999465942383,425872,0.011111080958807,20.104999542236328,13200.0,-0.0464063008440526,4568.02001953125,14940780000,-0.0216215119538685,173.04347229003906,205623554.0,-0.0124069857068424,1427928.0,-0.0429232363486653,190899799.0,-0.0431372549019607,591.0,488885.0,0.011553273427471,50.66999816894531,9834500.0,0.0242570632430061,1332.0,294441,0.0363742462555922
2021-12-30,1885,2,11558,54,52113.606938992045,1005.24,5129103.96,100.52,10.05,1115.81,3504.0,69062.44,3641.868610206797,3398.826354026846,3635.036345993188,4751.439539529915,1524.4582454835006,93.0,100.0,125.0,158.0,59.0,666.0,161.0,27.0,110.0,28.0,51.0,0.0,1014.0,256.0,656.0,3643.555085513078,4751.439539529915,1963.8458199708457,3282.6820225694446,5155.688653819298,2652.572636486198,2308.6746842447915,5601.5982936507935,3609.200992138365,2372.656568627451,4437.1757963510845,0.0,3595.2083796486068,900.8074347826088,0.0,3332.0,0.0,172.0,0.0,0.0,29.57999992370605,90100.0,0.0435703171730084,78.5999984741211,77555.0,0.0989933188390477,864.9199829101562,0.0263578545495419,6.366600036621094,-0.0011609720385955,15.380000114440918,87174407.0,0.036388137217024,4919.31982421875,611100.0,0.0079706055967423,1808.0999755859373,1305.0,0.0080281121737524,263.3999938964844,71171,0.1275684375614418,4.465000152587891,2864.0,0.0412779947218753,5058.8798828125,0.0,138.89999389648438,17526.0,0.0134986559907475,23340.0,52725,0.0461676378305693,3.7300000190734863,434225,-0.0002680052358791,20.104999542236328,13200.0,-0.0464063008440526,4791.18994140625,14244290000,0.0488548475971655,173.04347229003906,107594377.0,0.0,1270056.0,0.1075772530669929,198644004.0,0.0040983606557376,614.75,567633.0,0.0401861252115058,54.959999084472656,13654300.0,0.0846655036620191,1328.75,164769,-0.0024399399399399
2022-01-05,1397,2,9741,58,57056.681954187545,1016.86,1488063.4500000002,101.69,10.17,1128.72,2725.0,51894.35,3775.625574614476,3592.1181990340237,2709.2864383561646,3290.1104705215416,1770.1601726170657,75.0,183.0,136.0,178.0,65.0,54.0,59.0,16.0,79.0,12.0,11.0,0.0,755.0,273.0,829.0,2777.873452380952,3290.1104705215416,2232.080688576855,3400.1676910185283,4430.276456207483,2738.358035714286,2675.2094,6143.56,4112.405102339181,2202.6422222222222,2799.152083333333,0.0,3720.127111519503,1388.8604091575091,0.0,2486.0,0.0,239.0,0.0,0.0,30.540000915527344,66900.0,0.032454394668606,78.9800033569336,164780.0,0.0048346678141173,851.5,-0.01551586640998,6.354899883270264,-0.0018377396543728,16.079999923706055,253043169.0,0.0455136413560801,4917.77001953125,675100.0,-0.0003150445067364,1799.4000244140625,209.0,-0.004811653829626,287.3999938964844,94370,0.0911161752320766,4.414500236511231,2907.0,-0.0113101711872035,5058.8798828125,0.0,137.3249969482422,134534.0,-0.0113390713999308,24100.0,112436,0.0325621251071122,3.9159998893737793,572865,0.0498659167155968,20.104999542236328,13200.0,-0.0464063008440526,4796.56005859375,21878940000,0.0011208316207818,163.04347229003906,152310759.0,-0.0577889467176141,1979473.0,0.0067487381009663,251639080.0,-0.0653061224489796,589.25,796603.0,-0.0414802765351769,56.7599983215332,13001400.0,0.0327510783669042,1401.5,7930,0.0547507055503293
2022-01-10,1700,2,10651,47,55732.32637058824,1005.3,5408080.2,100.53,10.05,1115.88,3752.0,123649.99666666666,3092.0421395323897,2891.962079490871,3174.6814704301078,4815.252333333333,2375.622338986182,118.0,40.0,98.0,252.0,88.0,625.0,42.0,21.0,121.0,50.0,19.0,0.0,894.0,253.0,1131.0,3670.9703625,4815.252333333333,6035.1692395833325,2652.590063796705,7246.074797482212,4152.629115822681,1992.181710526316,3449.084393939393,3355.009585259913,1709.9740476190475,3256.475,0.0,3086.0460100690657,1160.8057094390326,0.0,3569.0,0.0,183.0,0.0,0.0,30.07099914550781,56900.0,-0.015356966468887,80.87000274658203,159344.0,0.0239301001432854,818.8236083984375,-0.0383750928967263,6.376200199127197,0.0033517940877414,14.859999656677246,168979183.0,-0.0758706637324179,4844.0498046875,735700.0,-0.014990577955245,1798.4000244140625,3680.0,-0.0005557407949494,257.20001220703125,125416,-0.1050799663563338,4.3445000648498535,4760.0,-0.0158568734649562,5058.8798828125,0.0,137.97500610351562,145989.0,0.0047333636972037,23300.0,151765,-0.0331950207468879,4.26200008392334,847218,0.0883555169366694,20.104999542236328,13200.0,-0.0464063008440526,4670.2900390625,21251840000,-0.0263251200837189,156.0869598388672,153391289.0,-0.0426666112630188,2021601.0,0.0282597459796762,245410907.0,-0.0262008733624453,599.75,772383.0,0.0178192617734407,58.65999984741211,21875700.0,0.0334743055331996,1356.75,86883,-0.0319300749197288
2022-01-20,1722,2,9968,49,61424.82948315912,1032.63,6565972.27,103.26,10.33,1146.22,5282.0,72942.73000000001,3605.393341072408,2996.126978981362,3885.221936847874,3227.3344642857146,1665.1563941608345,64.0,35.0,127.0,254.0,27.0,594.0,93.0,19.0,196.0,20.0,558.0,0.0,1148.0,229.0,1918.0,4013.7148181818175,3227.3344642857146,2213.7117688172043,2934.600648321624,3442.799782608696,2815.7200268224574,3476.000005030181,5081.135357142857,3123.350916955736,2440.8285416666668,4184.424516053391,0.0,3577.9922956811797,905.4352278037384,0.0,5116.0,0.0,166.0,0.0,0.0,30.554000854492188,99400.0,0.016062043919699,87.51000213623047,143448.0,0.0821070751098629,819.2100219726562,0.0004719130839114,6.351500034332275,-0.0038738063460276,15.260000228881836,199541167.0,0.0269179395320411,4767.27978515625,704100.0,-0.0158483134209233,1812.300048828125,943.0,0.0077291059971995,261.20001220703125,131961,0.015552098795315,4.375999927520752,4665.0,0.0072505149500987,5058.8798828125,0.0,137.9250030517578,44067.0,-0.0003624065921062,22720.0,142184,-0.0248927038626609,3.999000072479248,519307,-0.0617081197243877,20.104999542236328,13200.0,-0.0464063008440526,4577.10986328125,19444410000,-0.0199516892959296,144.3478240966797,121172265.0,-0.0752089460535725,1318101.0,0.0920362602490423,206403474.0,-0.0538116591928251,599.5,636839.0,-0.0004168403501458,63.34000015258789,13928900.0,0.0797817987955935,1414.25,486027,0.0423806891468583
2022-01-24,1472,2,9241,45,55683.21614130434,1007.29,6186976.65,100.73,10.07,1118.09,4104.0,96677.79,3042.3307059468093,3022.761897321429,3363.857662108448,2125.269746009199,1373.4451086295685,91.0,139.0,69.0,90.0,25.0,618.0,64.0,16.0,47.0,641.0,18.0,0.0,775.0,689.0,822.0,2959.1341629464287,2125.269746009199,2536.2620965608467,2816.9735930735933,4340.967380952381,3076.730753600823,2281.7820386904764,2140.4346666666665,3475.4961666666663,5431.419629247171,1782.5787777777778,0.0,3063.9416334055986,928.3326908772266,0.0,4018.0,0.0,86.0,0.0,0.0,28.295000076293945,45900.0,-0.0739346964397991,86.2699966430664,119579.0,-0.0141698715906062,798.4600219726562,-0.0253292799690536,6.337699890136719,-0.0021727377975221,14.0,186954815.0,-0.0825688210998252,4786.740234375,603100.0,0.0040820866606872,1841.699951171875,224631.0,0.0162224253995693,243.6000061035156,126021,-0.0673813372166521,4.402999877929688,5557.0,0.0061700070512189,5058.8798828125,0.0,138.6999969482422,50710.0,0.0056189514543172,22000.0,133428,-0.0316901408450703,4.638999938964844,571534,0.1600399737149334,19.17200088500977,43000.0,-0.0464063008440526,4410.1298828125,27889090000,-0.0364815321144694,133.04347229003906,84532065.0,-0.0783132816679613,2342532.0,-0.0248156705959134,147628238.0,-0.053080554257072,621.0,1006282.0,0.0358632193494579,57.47999954223633,20421900.0,-0.0925165866156402,1470.0,675242,0.0394201873784691
2022-02-03,1195,2,6441,46,73479.57987447699,1019.84,5983691.85,101.98,10.2,1132.02,3892.0,157372.87,3648.307850473459,2787.631309061598,2524.1194645282067,7364.755075757575,1598.4125508905852,108.0,55.0,52.0,137.0,64.0,95.0,41.0,25.0,38.0,1169.0,26.0,0.0,716.0,197.0,1169.0,2973.0827517361117,7364.755075757575,2836.761171171171,3023.489818012956,9702.922530612244,3313.564005121422,3954.282948717949,5455.964888888889,2135.551901960785,1830.9772476105893,1777.9266315789473,0.0,3594.9321505202474,858.1015591397849,0.0,3789.0,0.0,103.0,0.0,0.0,29.87299919128418,90800.0,0.0557695391671799,91.20999908447266,174500.0,0.0572621146821765,794.6881713867188,-0.0047239066229249,6.35099983215332,0.0020985439902732,13.979999542236328,14897656.0,-0.0014286041259765,4786.740234375,603100.0,0.0040820866606872,1795.0,4685.0,-0.0253569812727419,263.6000061035156,174253,0.0821018041826371,4.317999839782715,3107.0,-0.0193050285040982,5058.8798828125,0.0,142.0500030517578,46685.0,0.0241528924096929,23670.0,114474,0.0759090909090909,4.572000026702881,961389,-0.014442749114783,19.9060001373291,261700.0,0.0382849581909436,4515.5498046875,23505280000,0.0239040401703021,133.04347229003906,84532065.0,-0.0783132816679613,2069481.0,0.0580963162780201,147628238.0,-0.053080554257072,626.0,1113152.0,0.0080515297906602,66.72000122070312,16970600.0,0.1607515962430938,1553.5,695436,0.0568027210884354
2022-02-10,1582,2,8572,42,65559.49123261694,1038.85,7828535.0,103.88,10.38,1153.11,4386.0,260951.16666666663,3488.333559600122,3828.159961352153,3102.493545399516,3476.347109557109,2643.601243471035,98.0,75.0,137.0,164.0,110.0,1208.0,42.0,18.0,136.0,26.0,35.0,0.0,822.0,292.0,1223.0,3073.77974,3476.347109557109,9018.412358870968,2582.639478359173,3914.316921626984,2618.0730804054065,3451.8,5708.025000000001,5775.701080213904,2824.1077777777778,3389.0727142857145,0.0,3429.92062695802,966.3939533926218,0.0,4273.0,0.0,113.0,0.0,0.0,30.63999938964844,191900.0,0.0256753663551814,92.69000244140624,207343.0,0.0162263279441863,828.0,0.0419181130570405,6.359499931335449,0.0013383875620804,14.199999809265137,225871089.0,0.0157367864257895,4634.08984375,756600.0,-0.0318902599996491,1820.5999755859373,1938.0,0.0142618248389623,238.0,127211,-0.097116864608351,4.46150016784668,2413.0,0.0332330554396653,5058.8798828125,0.0,141.875,19669.0,-0.0012319820344814,22170.0,161180,-0.0633713561470215,3.940999984741211,821015,-0.1380140066221125,20.25,215700.0,0.0172812147240875,4483.8701171875,23778810000,-0.0070156877612365,140.86956787109375,240953554.0,0.0588235968766175,2457272.0,0.0359614079872099,374189887.0,0.0810810645685806,635.25,1370556.0,0.0147763578274759,70.94000244140625,19223900.0,0.0632494176183207,1583.0,984907,0.0189893788220147
2022-02-15,1145,2,6981,50,88292.5434672489,1002.6,6795711.0,100.26,10.03,1112.89,5466.0,102813.56,3853.411527415989,3079.6943075396825,4896.567697740113,5333.85636783989,3922.688647124888,44.0,64.0,63.0,133.0,32.0,1731.0,77.0,19.0,34.0,12.0,16.0,0.0,997.0,24.0,2220.0,6218.130041666666,5333.85636783989,4125.155837209302,2455.235519704433,3761.496414565827,3418.8923548143352,4376.897902735563,3411.173,5666.737857142857,1638.0955,2643.4819444444447,0.0,3863.957756209693,2044.3183854166664,0.0,5352.0,0.0,114.0,0.0,0.0,31.77899932861328,240300.0,0.0371736279913126,96.4800033569336,219259.0,0.0408889935883127,793.6327514648438,-0.0415063388105751,6.353099822998047,-0.0010063854715788,15.039999961853027,142259605.0,0.0591549411176619,4551.68994140625,580600.0,-0.017781248340466,1868.0,643.0,0.0260353867130025,250.1999969482422,109287,0.0512604913791687,4.507500171661377,2470.0,0.0103104341777708,5058.8798828125,0.0,143.25,10967.0,0.009691629955947,22650.0,101465,0.0216508795669823,4.431000232696533,609646,0.124333988797896,20.420000076293945,36300.0,0.0083950654959972,4401.669921875,22562340000,-0.0183324211371358,156.52174377441406,303906180.0,0.1111111231465069,1674099.0,0.0453350788817741,275752938.0,0.0231481481481481,655.75,724761.0,0.0322707595434867,68.72000122070312,13538100.0,-0.0312940674415223,1601.5,594604,0.0116866708780796
2022-02-24,1955,2,12340,62,65695.52292071612,1088.67,6795711.0,108.87,10.89,1208.43,5682.0,135953.69,3898.243073682598,3216.7761852320727,3137.7065168539325,4497.433499157482,1902.053028978048,65.0,324.0,214.0,991.0,109.0,636.0,209.0,23.0,34.0,40.0,27.0,0.0,947.0,864.0,1199.0,3106.690333333333,4497.433499157482,3738.616622995418,3119.486974678888,4275.238936170213,4818.572506619385,2814.3573942533294,4449.687857142857,4055.316523809524,3510.6742307692307,2676.5158333333334,0.0,3882.0467933292193,944.9516126733956,0.0,5523.0,0.0,159.0,0.0,0.0,32.83000183105469,216800.0,0.0330722340113176,96.83999633789062,121801.0,0.0037312704024814,800.75,0.0089679370237929,6.32420015335083,-0.004548908478126,15.380000114440918,119588672.0,0.022606393181533,4634.31005859375,692900.0,0.0181515257522075,1906.0999755859373,3538.0,0.0203961325406516,249.3999938964844,159893,-0.0031974542826364,4.510000228881836,66821.0,0.000554643843649,5058.8798828125,0.0,139.27499389648438,4230.0,-0.0277487337069153,22320.0,121763,-0.014569536423841,4.46999979019165,462006,0.0088015245874595,20.82999992370605,36300.0,0.0200783470068681,4304.759765625,21848520000,-0.0220166795716292,169.56521606445312,290679724.0,0.083333292713873,2625652.0,-0.0325790974248755,406675554.0,0.0814479638009049,674.75,579967.0,0.0289744567289362,68.80000305175781,11499100.0,0.0011641709783698,1590.25,311912,-0.0070246643771464
2022-03-03,1058,2,6686,44,107158.5652268431,1105.43,7156246.5,110.54,11.05,1227.02,7732.0,122508.72,4857.052454933834,2852.825331088905,3539.168595238096,4638.198814894379,1961.3946101962376,62.0,129.0,163.0,2506.0,37.0,616.0,91.0,8.0,107.0,14.0,15.0,0.0,632.0,43.0,3309.0,3801.4788720930233,4638.198814894379,1917.8162478613344,2574.5199289634147,4207.5456699346405,2574.891219748977,1857.494806338028,3007.5729166666665,3409.4361353398854,2432.5525,3517.8505,0.0,4873.383400084095,2296.782734375,0.0,7568.0,0.0,164.0,0.0,0.0,34.1150016784668,404100.0,0.0391410227152835,100.98999786376952,226346.0,0.0428542098597242,791.4636840820312,-0.0115970226886903,6.315999984741211,-0.0012966333150089,15.699999809265137,266702541.0,0.0208062218753664,4581.64990234375,637400.0,-0.0113631059605837,1899.4000244140625,1215.0,-0.0035150051191912,269.20001220703125,166114,0.0793906126507966,4.444499969482422,7322.0,-0.0145233383758948,5058.8798828125,0.0,135.77499389648438,184607.0,-0.0251301393170504,21020.0,156435,-0.0582437275985663,5.015999794006348,623962,0.1221476575933546,21.25,40800.0,0.0201632298527258,4373.93994140625,28092740000,0.016070624041248,167.82608032226562,221788453.0,-0.0102564416367472,2927369.0,0.0364916383569449,574588963.0,0.0083682008368199,697.5,31892.0,0.0337161911819192,69.79000091552734,17801200.0,0.0143895031955849,1676.25,9393,0.0540795472409998
2022-03-09,1870,2,12409,55,56354.32347058824,1025.41,7156246.5,102.54,10.25,1138.2,4540.0,114717.6,3894.516202141383,3718.4686699432064,4653.977022727273,3207.705826727642,1352.4781067644224,74.0,179.0,201.0,126.0,51.0,660.0,96.0,22.0,49.0,19.0,25.0,0.0,811.0,831.0,1396.0,5002.198327868852,3207.705826727642,1923.931193417367,3048.1052549603173,4130.58024691358,3888.807613902119,2261.608723536737,4837.155555555556,5022.959639639639,4656.599166666666,3235.7793333333334,0.0,3867.4978767250527,1047.871096780828,0.0,4437.0,0.0,103.0,0.0,0.0,34.11000061035156,233500.0,-0.0001465943974551,123.20999908447266,159835.0,0.2200218010765464,792.3056640625,0.0010638264236284,6.316699981689453,0.0001108291561009,16.3799991607666,271947309.0,0.0433120611313748,4352.77978515625,822000.0,-0.049953645971601,1993.9000244140625,6886.0,0.0497525527984301,252.0,250261,-0.0638930587930411,4.7220001220703125,5175.0,0.0624367543015658,5058.8798828125,0.0,137.3000030517578,170512.0,0.0112318852795243,20090.0,158064,-0.044243577545195,4.724999904632568,551471,-0.0580143343948094,20.92200088500977,64800.0,-0.0154352524701285,4201.08984375,29765730000,-0.0395181689670566,156.52174377441406,253867588.0,-0.0673574484141235,2560019.0,0.2473882156622253,795991493.0,0.04149377593361,749.25,2351.0,0.0741935483870968,68.94000244140625,34121500.0,-0.0121793733052091,1690.75,1663,0.0086502609992542
2022-03-14,1780,2,11212,55,58161.19849438203,1071.93,9461575.35,107.2,10.72,1189.85,3699.0,122508.72,3907.811265042498,3083.5370926521614,3634.940027340715,4281.602802347768,1571.1030773860095,99.0,156.0,196.0,215.0,69.0,41.0,103.0,14.0,195.0,27.0,37.0,0.0,888.0,252.0,1407.0,3671.505835585586,4281.602802347768,2116.7815588998087,2633.9627795950155,8611.563518339768,3674.878793103449,2031.7179567901237,3864.44,3761.064578527015,2698.274621212121,4109.057530864197,0.0,3908.633169482079,1156.3568202683616,0.0,3607.0,0.0,92.0,0.0,0.0,34.470001220703125,244700.0,0.0105541074145367,106.9000015258789,89525.0,-0.132375600030738,805.4600219726562,0.0166026301550188,6.338699817657471,0.0034828052672739,13.739999771118164,415557821.0,-0.1611721321678555,4174.759765625,857600.0,-0.0408980073235797,1959.5999755859373,387.0,-0.0172024918040737,282.20001220703125,419559,0.11984131828187,4.512499809265137,3819.0,-0.0443668588287377,5058.8798828125,0.0,140.5,73857.0,0.0233066050773202,22920.0,184499,0.1408661025385764,4.86299991607666,402537,0.029206352217868,21.44700050354004,80100.0,0.0250931840322414,4173.10986328125,30540660000,-0.0066601718862013,158.2608642578125,225377039.0,0.0111110472031601,1324831.0,-0.1372696748759758,1079015376.0,0.0557768924302788,728.25,474663.0,-0.028028028028028,82.54000091552734,41310600.0,0.197272961887114,1668.0,350566,-0.0134555670560402
2022-03-24,1488,2,9504,57,67493.09176747312,1051.8200000000002,4023108.0,105.19,10.52,1167.53,3717.0,104468.4,3594.3720200460834,4197.401550893551,2034.1381578947369,4618.39756390435,2523.7704587280537,39.0,57.0,213.0,205.0,32.0,98.0,118.0,24.0,152.0,14.0,17.0,0.0,834.0,173.0,1741.0,2465.872258064516,4618.39756390435,2566.6604684981685,3876.59512214695,5059.473831168831,2958.767417153996,3862.712943722944,3118.557450980392,4637.364653174604,1853.37,1310.6334375,0.0,3607.7863611308535,1491.8409583333334,0.0,3530.0,0.0,187.0,0.0,0.0,36.52000045776367,208100.0,0.0594719804021732,115.62000274658205,66932.0,0.0815715724624397,803.010009765625,-0.0030417551960318,6.360199928283691,0.0033918802348595,14.880000114440918,196062339.0,0.0829694586836211,4258.75,588200.0,0.0201185790537161,1928.5999755859373,326.0,-0.0158195552083177,357.0,149258,0.2650601862415689,4.701499938964844,3093.0,0.0418836870223571,5058.8798828125,0.0,140.47500610351562,41684.0,-0.0001778925016681,23160.0,104797,0.0104712041884815,5.571000099182129,386447,0.1455891826699156,22.69799995422364,118600.0,0.0583298093585211,4461.18017578125,22611740000,0.0690301290734518,141.7391357421875,71744711.0,-0.1043955408249921,1312570.0,0.088438019817761,304068724.0,-0.0075471698113207,756.25,485162.0,0.0384483350497768,88.01000213623047,43765900.0,0.06627091301224,1710.25,375554,0.0253297362110311
2022-03-29,1152,2,7577,44,65388.66717881945,1236.08,9461575.35,123.61,12.36,1372.05,2860.0,122508.72,3537.7530441786807,3666.138487894189,3676.576133640553,4217.961777739804,2486.680973882384,75.0,198.0,160.0,726.0,143.0,66.0,71.0,13.0,91.0,26.0,8.0,0.0,487.0,123.0,673.0,3789.416133333333,4217.961777739804,3245.2074726555497,2607.774432591486,5615.72773877551,3158.415833333333,3498.711721311476,3497.036923076924,5430.07858006536,2056.162207792208,5801.035,0.0,3539.00436704942,1253.098077830189,0.0,2761.0,0.0,99.0,0.0,0.0,35.130001068115234,255300.0,-0.0380613190642209,112.4800033569336,66830.0,-0.0271579252296919,778.0800170898438,-0.0310456810906474,6.370699882507324,0.0016508843026992,13.720000267028809,297718435.0,-0.0779569783931882,4148.47021484375,624800.0,-0.025894871771353,1939.5999755859373,150456.0,0.0057036192778432,362.0,200408,0.0140056022408963,4.714000225067139,3734.0,0.0026587868264542,5058.8798828125,0.0,138.64999389648438,44297.0,-0.0129917218561029,21300.0,116292,-0.0803108808290155,5.71999979019165,601290,0.0267455911608036,21.70499992370605,68500.0,-0.0437483493047945,4575.52001953125,23169700000,0.0256299542373843,135.6521759033203,101688853.0,-0.0429448070710611,1819617.0,-0.0549411658152779,221509343.0,-0.0684410646387833,748.5,708731.0,-0.0102479338842975,72.33999633789062,19914600.0,-0.1780480106577463,1582.75,450759,-0.074550504312235
2022-04-08,1109,2,6637,46,87836.09804328224,1001.11,8899983.0,100.11,10.01,1111.23,4535.0,60222.67,3360.104537277537,2854.3119453648287,2979.8454336419754,5274.059291431262,2959.39633585034,113.0,126.0,135.0,629.0,110.0,45.0,93.0,15.0,21.0,17.0,31.0,0.0,542.0,43.0,2615.0,3355.7520729166667,5274.059291431262,3560.740741144019,2647.806417058325,3069.718006122449,3046.8029166666665,2294.4224714285715,6237.099848484848,3636.859210526316,1834.305,1967.8117333333328,0.0,3284.394134351029,2839.306304347826,0.0,4426.0,0.0,109.0,0.0,0.0,34.22999954223633,188800.0,-0.0256191716058832,107.52999877929688,90543.0,-0.0440078629970238,778.530029296875,0.0005783623755233,6.362400054931641,-0.0013028125211914,14.720000267028809,275941355.0,0.0728862959575262,4263.83984375,436800.0,0.0278101620432136,1929.199951171875,1385.0,-0.0053619429495612,313.79998779296875,141352,-0.133149204991799,4.776500225067139,1884.0,0.0132583786627014,5058.8798828125,0.0,137.8249969482422,18396.0,-0.0059502126545936,19475.0,177558,-0.0856807511737088,6.277999877929688,849968,0.0975524664694684,21.270000457763672,185900.0,-0.0200414405653729,4582.64013671875,23239490000,0.0015561328891813,135.6521759033203,52553844.0,0.0,1611850.0,-0.0252925663300473,140212051.0,0.0081632653061225,750.5,667782.0,0.0026720106880426,67.18000030517578,35492900.0,-0.0713297801207119,1689.0,443839,0.0671299952614121
2022-04-13,758,2,6025,39,99389.530646438,1095.66,8383505.85,109.56,10.97,1216.19,2858.0,52081.57,4098.656446641156,3416.845225236092,5719.497649122806,2824.4119911267485,2552.93132326622,59.0,401.0,55.0,269.0,91.0,589.0,28.0,9.0,116.0,14.0,20.0,0.0,359.0,173.0,675.0,6784.948180180179,2824.4119911267485,2240.440390804597,2987.414310183633,5381.296307319223,3758.847000508388,1979.292976190476,9058.642222222225,4136.773524000509,2697.745,4799.083333333334,0.0,3891.029135105205,2766.1499326599323,0.0,2804.0,0.0,54.0,0.0,0.0,31.200000762939453,190200.0,-0.0885188086420557,98.4800033569336,86227.0,-0.0841625176704243,816.75,0.0490924810410244,6.36870002746582,0.0009901880547886,12.520000457763672,152357431.0,-0.1494565060703766,4100.06982421875,667200.0,-0.038409045727012,1944.300048828125,714.0,0.007827129399976,298.6000061035156,81393,-0.0484384393905119,4.628499984741211,2157.0,-0.0309850797345764,5058.8798828125,0.0,140.6750030517578,8737.0,0.0206784412597222,17630.0,78218,-0.0947368421052631,7.300000190734863,836974,0.1627907506653541,19.290000915527344,20500.0,-0.0930888340208576,4412.52978515625,16329620000,-0.0371206000225673,131.7391357421875,89470398.0,-0.0288461289697383,1202364.0,-0.087044906758574,225287037.0,-0.0161943319838057,764.5,616300.0,0.0186542305129913,55.27000045776367,19490100.0,-0.177284903145416,1682.25,415398,-0.0039964476021314
2022-04-21,1357,2,8529,55,90008.54689756817,1142.21,8383505.85,114.22,11.42,1267.85,5344.0,90792.72,3829.671460575206,3427.3632807495283,4311.24662826416,4817.664210480358,2275.929650894188,383.0,203.0,104.0,245.0,54.0,669.0,64.0,25.0,158.0,26.0,19.0,0.0,787.0,49.0,2558.0,4140.253422220905,4817.664210480358,2758.044835858586,3404.238454779034,3259.274107142857,3225.5112760673665,1694.2970213498622,7435.76423076923,3641.6533347427767,4562.337750000001,5061.215,0.0,3739.3454374296903,2257.496972222222,0.0,5209.0,0.0,135.0,0.0,0.0,32.869998931884766,213700.0,0.0535255810291197,113.16000366210938,72387.0,0.1490657981800547,816.0900268554688,-0.0008080479271885,6.366199970245361,-0.0003925537723047,13.0600004196167,149619671.0,0.0431309857914719,4166.3798828125,599900.0,0.016172909593408,1982.9000244140625,1129.0,0.0198528903032237,333.79998779296875,77623,0.1178833923976891,4.796000003814697,3207.0,0.0361888343147205,5058.8798828125,0.0,142.4499969482422,11211.0,0.0126176922550433,19195.0,101153,0.0887691435053885,6.533999919891357,811899,-0.1049315412095072,19.958999633789062,28600.0,0.034681113867818,4391.68994140625,21597890000,-0.0047228788846038,131.30435180664062,74239234.0,-0.0033003399718497,965746.0,0.1476296323447485,206615315.0,-0.0041152263374485,813.25,629220.0,0.0637671680837148,56.83000183105469,24199900.0,0.0282251015084238,1716.0,415664,0.0200624164065983
2022-04-29,1495,2,11337,57,70240.9163076923,1011.53,8383505.85,101.15,10.12,1122.8,3712.0,122508.72,3651.416714416713,3527.677837190809,3895.341204049844,4085.081777986633,2223.55802283105,88.0,148.0,99.0,250.0,116.0,119.0,71.0,26.0,142.0,28.0,24.0,0.0,1041.0,130.0,1430.0,3508.7972149122807,4085.081777986633,2490.4464329004327,3072.014996835443,4455.604718152218,3155.451402157165,1720.8519444444446,8070.55804347826,4886.068946174732,1866.4733750000005,6722.9073684210525,0.0,3459.6426567404574,2298.5093939393937,0.0,3650.0,0.0,62.0,0.0,0.0,30.5,119700.0,-0.0721021907179255,102.31999969482422,77947.0,-0.0957935985903015,844.4099731445312,0.0347019879634897,6.557899951934815,0.0301121520821574,11.619999885559082,193943787.0,-0.1102603742565484,3814.909912109375,831300.0,-0.0843585992129614,1893.199951171875,3481.0,-0.0452368108012372,314.6000061035156,142350,-0.0575194199868018,4.448999881744385,30656.0,-0.0723519853616162,5058.8798828125,0.0,141.89999389648438,34194.0,-0.0038610253670812,18155.0,144633,-0.0541807762438134,7.24399995803833,478058,0.1086623885601116,19.40999984741211,41000.0,-0.0275063778971936,4296.1201171875,24637900000,-0.0217615144725239,128.69564819335938,89180692.0,-0.0198676096975281,1565234.0,-0.0893632589479698,253368120.0,0.0041322314049587,800.25,328873.0,-0.0159852443897939,51.459999084472656,23372200.0,-0.0944923908773762,1708.25,216234,-0.004516317016317
2022-05-02,1103,2,7053,40,63342.34879419764,1017.52,2858548.5,101.75,10.18,1129.45,2897.0,50836.395,3125.437059979028,3724.245959624211,2370.9578819444446,3163.097631578948,3483.8016644385025,32.0,40.0,140.0,138.0,58.0,42.0,83.0,18.0,127.0,13.0,19.0,0.0,864.0,47.0,1276.0,3233.894382716049,3163.097631578948,2950.025706521739,2895.9561092592594,3235.6658087557603,3393.8946969696967,3851.8221917808223,3841.3711666666654,4705.1155192669175,1317.013333333333,1219.809166666667,0.0,3097.83034635354,4494.796647727272,0.0,2804.0,0.0,93.0,0.0,0.0,32.38999938964844,85900.0,0.0619671931032275,107.58000183105467,118519.0,0.0514073705230526,860.760009765625,0.0193626758814882,6.607500076293945,0.0075634158377937,12.899999618530272,115014831.0,0.1101548834403971,4010.2099609375,277200.0,0.0511938822482278,1861.800048828125,1146.0,-0.0165856238926658,394.2000122070313,118379,0.2530197220572341,4.255499839782715,4962.0,-0.0434929303450107,5058.8798828125,0.0,132.75,141405.0,-0.0644819893590641,20190.0,127356,0.1120903332415312,8.043000221252441,725033,0.1102982147766991,20.1299991607666,23500.0,0.0370942462140455,4155.3798828125,25076170000,-0.0327598462184379,126.9565200805664,72540876.0,-0.0135134958889985,1355247.0,0.0672822934018591,240633645.0,0.0411522633744856,813.0,7987.0,0.0159325210871603,57.45000076293945,21483200.0,0.116401122911683,1655.5,4215,-0.0308795551002487
2022-05-10,1034,2,8169,45,83401.67760154739,1026.51,2001975.73,102.65,10.27,1139.43,2614.0,80339.015,3365.6193520639417,3512.304662393162,3905.0220608505983,3985.893121703297,3629.05793624023,152.0,146.0,110.0,78.0,100.0,22.0,47.0,14.0,29.0,24.0,32.0,0.0,848.0,115.0,897.0,3370.390414124828,3985.893121703297,2006.2833480392155,3402.024058823529,7213.816545787545,6643.493809523809,5325.840921052632,7190.700857142858,3720.612469135802,3085.11445,6994.120813492064,0.0,3301.86799364596,4359.918422222222,0.0,2446.0,0.0,168.0,0.0,0.0,31.56999969482422,83200.0,-0.0253164467513477,105.94000244140624,137685.0,-0.0152444632992655,868.260009765625,0.0087132300698333,6.729800224304199,0.018509291955824,12.420000076293944,164092239.0,-0.0372092679403517,3877.43994140625,618300.0,-0.0331079970436788,1857.0999755859373,3224.0,-0.002524477988464,399.7999877929688,67235,0.01420592443563,4.192999839782715,4566.0,-0.0146868763607311,5058.8798828125,0.0,132.0749969482422,181792.0,-0.0050847687514712,19610.0,105337,-0.0287270926201089,7.663000106811523,701108,-0.0472460653969427,19.802000045776367,38700.0,-0.0162940451398281,3991.239990234375,29126270000,-0.0395005744858709,128.69564819335938,86264393.0,0.0136986120263009,1705170.0,-0.0197775208449978,246390249.0,-0.0039525691699604,784.5,116713.0,-0.0350553505535055,59.43000030517578,20195900.0,0.0344647435324945,1723.25,84179,0.0409241920869827
2022-05-18,960,2,7782,49,67490.48161458333,1091.78,3686371.95,109.18,10.92,1211.88,2217.0,59483.92,3289.295999505725,3006.6721891240777,2983.3014457831323,5718.195000000001,4116.361674136321,59.0,32.0,102.0,124.0,46.0,26.0,77.0,11.0,91.0,18.0,20.0,0.0,749.0,59.0,803.0,2679.4722807017547,5718.195000000001,2645.68637009804,2608.646756678281,7505.513599624061,1956.3834615384617,6068.803196721311,2573.427407407408,4638.576462151842,1876.5218181818184,4949.490666666667,0.0,3305.403042827937,3320.819499007937,0.0,2154.0,0.0,63.0,0.0,0.0,34.22999954223633,185500.0,0.0842572021895904,114.23999786376952,108382.0,0.078346188701986,857.280029296875,-0.0126459589814736,6.785099983215332,0.008217147176438,12.079999923706056,177409009.0,-0.0273752134057426,3956.5400390625,593600.0,0.020400083264104,1813.5,714.0,-0.0234774520268791,427.7999877929688,125933,0.0700350196471226,4.196499824523926,3208.0,0.0008347209336865,5058.8798828125,0.0,131.5749969482422,58419.0,-0.0037857278936447,19830.0,140973,0.011218765935747,8.083000183105469,426939,0.0548088308025225,20.549999237060547,41200.0,0.0377739212986074,4008.010009765625,24603940000,0.0042017066305914,128.69564819335938,77051386.0,0.0,943867.0,0.1077699195364905,257649925.0,-0.0555555555555555,809.5,551727.0,0.0318674314850222,66.13999938964844,33419500.0,0.1129059237761485,1705.25,420319,-0.0104453793703757
2022-05-23,1596,2,10556,49,71674.80238095237,1003.56,5249783.54,100.36,10.04,1113.96,4047.0,86861.71,3316.527369869364,3615.757085624348,2968.367575123153,4237.5868935092685,2847.3970250137063,102.0,189.0,197.0,534.0,52.0,81.0,101.0,11.0,170.0,31.0,37.0,0.0,762.0,115.0,1665.0,3289.157507042253,4237.5868935092685,3076.34635386586,3186.988188070567,6107.708607503607,3514.5886833333334,2269.4845054945054,5405.7705000000005,5365.834218496922,1365.9827777777778,3193.065396825397,0.0,3278.8833495066497,3361.219431089744,0.0,3914.0,0.0,133.0,0.0,0.0,36.43999862670898,277700.0,0.0645632227293995,113.41999816894533,70460.0,-0.007177868611325,829.97998046875,-0.0318449606839855,6.649799823760986,-0.0199407760812729,13.600000381469728,197851403.0,0.1258278532585741,4053.97998046875,622900.0,0.0246275635894583,1847.800048828125,153695.0,0.0189137297094705,444.6000061035156,83535,0.039270731159247,4.347499847412109,4366.0,0.0359823732163062,5058.8798828125,0.0,132.1750030517578,38396.0,0.0045601832979835,20470.0,82813,0.0322743318204741,8.72700023651123,404957,0.079673393395661,21.624000549316406,68800.0,0.0522628395196711,3973.75,23231370000,-0.0085478852802636,142.17391967773438,187823850.0,0.1047298154489615,1083820.0,-0.0342381448091189,338349214.0,0.0672268907563025,786.25,568812.0,-0.028721432983323,69.7300033569336,33057400.0,0.0542788630241055,1732.25,486279,0.0158334555050578
2022-06-03,1105,2,7485,55,58538.53251583711,1015.96,2061339.28,101.6,10.16,1127.72,2073.0,27068.05,2923.9834796304885,3410.9842889979777,3688.237697642164,3389.420649717514,2354.294686259143,95.0,154.0,101.0,203.0,91.0,55.0,60.0,14.0,144.0,47.0,18.0,0.0,661.0,46.0,384.0,4145.952661830357,3389.420649717514,2540.0498094582185,3221.6782911041105,4424.751517857143,4765.826511111111,1867.0826923076925,2277.165,3793.3824047435896,2242.3219,4177.818928571428,0.0,2940.264951657801,2838.5608179012347,0.0,2010.0,0.0,63.0,0.0,0.0,36.20000076293945,275900.0,-0.0065861106699827,122.83999633789062,95711.0,0.083054120269987,829.989990234375,1.2060249476641973e-05,6.660299777984619,0.0015789880149645,13.68000030517578,148589353.0,0.0058823471663318,4029.02001953125,475400.0,-0.0061569028603377,1842.699951171875,6300.0,-0.0027600917423313,396.3999938964844,45480,-0.108412081748395,4.295000076293945,1929.0,-0.0120758534699926,5058.8798828125,0.0,133.60000610351562,38895.0,0.0107811841789766,20560.0,201674,0.0043966780654616,8.52299976348877,431685,-0.0233757840602527,21.5629997253418,34100.0,-0.0028209777296058,4132.14990234375,19471340000,0.0398615671201636,137.82608032226562,55450804.0,-0.0305811316542724,1299757.0,0.0397134574037467,149048755.0,0.0,753.5,618535.0,-0.0416534181240063,63.66999816894531,26463100.0,-0.0869067101139857,1697.75,449813,-0.0199162938374946
2022-06-09,1482,2,10778,53,71716.2112145749,1005.3,3012268.68,100.53,10.05,1115.88,3868.0,221518.95,3455.97653635739,3713.051315985184,4515.115796730231,3112.913550388494,3097.373557558153,192.0,281.0,104.0,524.0,54.0,53.0,66.0,12.0,167.0,63.0,36.0,0.0,926.0,140.0,1250.0,5319.397575801924,3112.913550388494,2663.140165934066,3122.221494009623,6454.012631578948,4832.178302590267,2917.1720892857143,5909.265,4993.182596932234,2840.0410263157896,3618.903433333333,0.0,3407.352801041951,3778.781811143984,0.0,3762.0,0.0,106.0,0.0,0.0,37.34000015258789,183100.0,0.0314916951829331,119.51000213623048,105833.0,-0.0271083873407198,822.239990234375,-0.0093374620069954,6.652900218963623,-0.0011109948902683,13.899999618530272,348870446.0,0.0160818207928881,4166.08984375,821500.0,0.034020636173135,1839.199951171875,3177.0,-0.0018993868197446,357.3999938964844,143778,-0.098385470737884,4.439499855041504,1579.0,0.0336437197161225,5058.8798828125,0.0,136.1999969482422,15609.0,0.0194610084277395,21000.0,160373,0.0214007782101166,8.850000381469727,898519,0.0383668458354038,22.0,201700.0,0.0202662097214896,4121.43017578125,21764190000,-0.0025942249956661,137.82608032226562,74532959.0,0.0,1575311.0,0.0334002083562594,260238539.0,-0.0039370078740157,742.5,965770.0,-0.0145985401459853,67.2300033569336,41345600.0,0.0559133860588778,1745.5,681453,0.0281254601678693
2022-06-13,1351,2,8011,51,85880.72071798668,1048.72,5308908.46,104.88,10.49,1164.09,4265.0,152668.28,3713.460580450149,3309.699992202434,3979.210624613482,4153.142381118881,3088.3346532039523,77.0,69.0,275.0,547.0,60.0,53.0,104.0,21.0,17.0,28.0,47.0,0.0,1153.0,375.0,1439.0,3865.922931129477,4153.142381118881,2521.938978159572,3500.0651311504835,6146.998311688312,3186.5155833333333,4156.140476190476,3800.5275,2111.519411764706,2344.2067708333334,5178.873024691357,0.0,3711.0165967434864,2777.633850532946,0.0,4145.0,0.0,120.0,0.0,0.0,31.14999961853028,110600.0,-0.1657739825592531,122.2699966430664,122213.0,0.0230942553552111,862.4600219726562,0.048915197771902,6.753499984741211,0.0151211896265683,12.739999771118164,269392851.0,-0.0834532287228049,4189.35009765625,939600.0,0.0055832338664383,1828.0,1077.0,-0.0060895777888307,286.6000061035156,154839,-0.1980973391215975,4.21649980545044,3080.0,-0.0502308946666197,5058.8798828125,0.0,138.02499389648438,10578.0,0.0133993905222751,18335.0,160077,-0.1269047619047618,6.943999767303467,806054,-0.2153672917525602,18.96699905395508,53500.0,-0.1378636793656781,3749.6298828125,30486930000,-0.09021147444243,124.34782409667967,94827668.0,-0.0977917691199736,1306165.0,0.020506331689247,305394097.0,-0.0474308300395256,769.25,639351.0,0.036026936026936,48.22999954223633,26469600.0,-0.2826119718278691,1702.0,482676,-0.0249212260097393
2022-06-22,1345,2,8960,49,64866.60215613384,1147.19,5104260.0,114.72,11.47,1273.38,3550.0,45996.975,3550.0570479392186,3631.8489337174624,3528.995461988304,4216.598992753623,2745.6629646464644,77.0,102.0,144.0,167.0,11.0,68.0,70.0,20.0,90.0,12.0,42.0,0.0,1627.0,72.0,1048.0,3396.3403448275867,4216.598992753623,2469.0868100358425,3110.306479530273,2932.7454545454543,4433.398791428572,2701.0538524590165,5443.846666666667,5215.1028125,4832.898749999999,3434.6082375478927,0.0,3496.03452315777,3392.088833333333,0.0,3453.0,0.0,97.0,0.0,0.0,31.239999771118164,97800.0,0.0028892505197446,114.6500015258789,91217.0,-0.0623210544401336,883.0999755859375,0.023931490257453,6.691400051116943,-0.009195222294303,12.539999961853027,249486201.0,-0.0156985724378535,4330.43017578125,828900.0,0.0336758864349695,1834.5999755859373,401.0,0.0036104899266615,263.79998779296875,112217,-0.0795534467026907,4.043000221252441,1744.0,-0.0411477747428626,5058.8798828125,0.0,135.35000610351562,5155.0,-0.0193804594186393,16965.0,122277,-0.0747204799563676,6.21999979019165,420844,-0.1042626730088391,18.520000457763672,20600.0,-0.0235671755410458,3764.7900390625,23570150000,0.0040431073796085,103.9130401611328,209808314.0,-0.1643356776364575,1527939.0,-0.0850078454755192,611889003.0,-0.0746887966804978,760.75,731750.0,-0.011049723756906,51.33000183105469,16842400.0,0.064275395360591,1610.75,423591,-0.0536133960047003
2022-07-01,1048,2,6313,48,75475.78153625954,1005.05,24418018.28,100.5,10.05,1115.6,3097.0,45964.26,3114.5140649353248,3098.268231658692,2941.4988898809524,6098.6598214285705,1598.102824389015,51.0,32.0,35.0,152.0,24.0,21.0,44.0,20.0,94.0,32.0,6.0,0.0,2281.0,5.0,300.0,3710.241803571428,6098.6598214285705,1579.308472906404,2646.0506877104376,3427.037904761905,4014.328125,1570.7890421455938,2383.2489473684213,4044.770067829457,1729.8322321428573,643.7683333333333,0.0,3139.4137732395743,1865.53,0.0,2983.0,0.0,114.0,0.0,0.0,30.8700008392334,88500.0,-0.0118437559089495,115.08999633789062,64094.0,0.0038377218155762,920.0900268554688,0.0418865952804361,6.690700054168701,-0.0001046114330177,11.300000190734863,130841033.0,-0.0988835546164491,4444.259765625,841000.0,0.0262859774256063,1820.9000244140625,1046.0,-0.0074675413464448,266.6000061035156,106182,0.0106141714939893,3.7790000438690186,33865.0,-0.0652980863062235,5058.8798828125,0.0,134.60000610351562,65165.0,-0.005541189258805,17465.0,118883,0.0294724432655466,5.730000019073486,495646,-0.0787781009077921,18.549999237060547,12700.0,0.0016198044576343,3900.110107421875,21693690000,0.0359435896704274,111.3043441772461,220283258.0,0.0711297061913689,1579950.0,-0.0097605225138844,589698255.0,-0.2278027042679722,744.25,291533.0,-0.0216891225764048,47.970001220703125,21130500.0,-0.0654588055813931,1626.0,176678,0.0094676392984633
2022-07-08,1239,2,8063,40,74407.07793381759,1025.55,2248932.23,102.55,10.26,1138.36,3521.0,115722.45,3375.0942732549765,3394.68300121319,4416.035334114779,4110.024861351611,4031.698073173772,119.0,188.0,161.0,239.0,85.0,58.0,50.0,18.0,44.0,22.0,24.0,0.0,757.0,147.0,1609.0,4482.760472773365,4110.024861351611,2691.485102490421,2865.0546399098803,4926.417261904762,3487.4119210526314,8813.867294117648,3392.295625,5330.565977011494,2097.3683333333333,6141.967000000001,0.0,3374.5798403055924,3374.623429421769,0.0,3394.0,0.0,127.0,0.0,0.0,27.209999084472656,90700.0,-0.1185617640187803,102.7699966430664,115623.0,-0.1070466598908749,928.25,0.0088686681806768,6.698599815368652,0.0011807077190717,10.9399995803833,265856291.0,-0.0318584605553136,4496.02978515625,707000.0,0.0116487384314651,1761.800048828125,4032.0,-0.0324564637231826,244.0,140584,-0.0847712137513623,3.424999952316284,2960.0,-0.0936755986883508,5058.8798828125,0.0,133.9499969482422,103325.0,-0.0048291911277741,16655.0,117706,-0.0463784712281706,6.033999919891357,418676,0.0530540837357669,17.479999542236328,10400.0,-0.0576819266216731,3831.389892578125,17073700000,-0.0176200704469794,100.43478393554688,156617003.0,-0.0976562084979364,1745643.0,-0.091904715915591,397663691.0,-0.0917537940288512,736.0,8700.0,-0.0110849848841114,42.47999954223633,13799100.0,-0.1144465611582555,1630.25,5687,0.0026137761377613
2022-07-11,1560,2,10613,52,62802.33690384615,1001.97,1452095.1,100.2,10.02,1112.19,3301.0,52183.51,4064.373450803213,4023.441463346436,3084.733335160819,2997.632148148148,2830.059563327516,59.0,112.0,304.0,236.0,67.0,48.0,187.0,17.0,71.0,27.0,34.0,0.0,832.0,215.0,1092.0,2982.6607,2997.632148148148,2390.054058837409,4049.7214840832926,5229.306537037037,3709.1825,3231.3409231527094,8332.482272727273,3937.267441860465,1929.21628968254,3779.0623391812874,0.0,3982.006438450292,3152.493190494416,0.0,3177.0,0.0,124.0,0.0,0.0,27.290000915527344,45900.0,0.002940162945479,107.0999984741211,109537.0,0.0421329373600483,993.2999877929688,0.070078090808477,6.717199802398682,0.0027766977491856,11.539999961853027,117808301.0,0.054844643919877,4354.6201171875,691200.0,-0.0314521199204723,1730.0,2904.0,-0.0180497490900156,278.0,65518,0.139344262295082,3.4375,2563.0,0.0036496490095605,5058.8798828125,0.0,134.9250030517578,159767.0,0.0072788811177977,17275.0,90061,0.0372260582407686,7.015999794006348,585162,0.1627444294252942,17.68199920654297,10800.0,0.0115560451714289,3854.429931640625,19693570000,0.0060134937212033,104.78260803222656,101963883.0,0.0432900229015265,1722605.0,0.0461306164612123,293384762.0,0.1278772428420764,781.25,187067.0,0.0614809782608696,43.869998931884766,14857100.0,0.0327212665872655,1466.0,46542,-0.1007514184940959
2022-07-20,1276,2,7818,49,74937.80862068966,1095.58,3500958.6,109.56,10.96,1216.1,2538.0,61540.29,4388.048485741758,2954.319097151759,3078.7013714285717,2961.7258392857143,3371.4094613812395,69.0,73.0,183.0,185.0,94.0,35.0,63.0,7.0,82.0,19.0,32.0,0.0,973.0,28.0,695.0,3843.882514880952,2961.7258392857143,3451.5561639550265,2584.3027424201528,5411.985104572847,3692.4259782608697,3644.1388181818174,7203.432000000001,3904.361089030207,2155.768181818182,1813.1570952380955,0.0,4364.389800747992,2313.6324206349204,0.0,2449.0,0.0,89.0,0.0,0.0,29.040000915527344,145100.0,0.0641260513481438,106.2699966430664,110290.0,-0.0077497837803913,1050.260009765625,0.057344229007006,6.742300033569336,0.0037367105206087,11.760000228881836,150499627.0,0.0190641479857927,4292.58984375,541900.0,-0.014244703732633,1709.199951171875,2322.0,-0.0120231496116329,276.79998779296875,59291,-0.0043165906727742,3.3480000495910645,2541.0,-0.0260363492098721,5058.8798828125,0.0,137.375,64693.0,0.0181582130281838,18475.0,108490,0.069464544138929,8.298999786376953,457388,0.1828677351824683,18.179000854492188,94600.0,0.0281077745872373,3830.85009765625,20385270000,-0.0061175931078187,105.21739196777344,137351547.0,0.004149390282528,1089917.0,-0.0143145154788245,248699068.0,-0.0294784417696389,612.25,419022.0,-0.2163199999999999,47.7599983215332,14701300.0,0.0886710618727912,1434.5,122431,-0.0214870395634378
2022-07-29,1560,2,11927,50,89465.52032692308,1024.18,26355481.47,102.41,10.24,1136.8300000000002,3458.0,189327.62,3346.9566434135004,4140.212960357022,5593.972551295095,5705.498115498426,2620.754074712644,192.0,142.0,122.0,301.0,48.0,62.0,85.0,21.0,129.0,38.0,30.0,0.0,826.0,102.0,1360.0,6531.244215743238,5705.498115498426,2583.8778588235296,3804.543157636042,3733.6498125,4907.899914285714,1704.0454794871796,4207.943703703703,5113.655388247863,2881.4675,4817.524577922078,0.0,3322.512215834284,3804.160433962264,0.0,3383.0,0.0,75.0,0.0,0.0,30.638999938964844,189400.0,0.0550619481069827,105.1500015258789,77572.0,-0.0105391470082498,936.4299926757812,-0.1083827014562288,6.749499797821045,0.0010678498755412,11.399999618530272,132589553.0,-0.0306122962028032,4212.64013671875,470000.0,-0.0186250515286608,1719.0,185654.0,0.0057337053054593,281.6000061035156,108423,0.0173411073779996,3.3510000705718994,3198.0,0.0008960636010746,5058.8798828125,0.0,136.4499969482422,36656.0,-0.0067334162093379,18280.0,106859,-0.0105548037889039,8.229000091552734,343596,-0.0084347146193599,18.97699928283692,66700.0,0.0438967154868434,3966.840087890625,20488830000,0.0354986456707284,104.0,86500431.0,-0.0115702541662152,1578721.0,-0.0575048890216801,215260632.0,0.0151869518099445,580.0,451948.0,-0.0526745610453246,46.470001220703125,11829800.0,-0.0270099904976015,1637.0,104721,0.1411641686998954
2022-08-04,1258,2,7994,51,75930.99631955485,1035.09,3889291.74,103.51,10.35,1148.95,5686.0,77766.97,3282.6544486228586,3427.037955921832,3247.158272330234,5045.141826441102,2741.137426239832,67.0,119.0,120.0,1342.0,100.0,32.0,390.0,16.0,35.0,10.0,60.0,0.0,861.0,90.0,2444.0,3363.4626960784312,5045.141826441102,2350.012004240052,3161.503680417803,5174.091919642857,4444.470769230769,2984.840836805325,2943.4069444444444,4551.133055555556,2485.551111111111,3298.4326523199024,0.0,3288.001607182588,3246.691267748479,0.0,5600.0,0.0,86.0,0.0,0.0,32.439998626708984,80400.0,0.0587812491051229,100.02999877929688,102877.0,-0.0486923696841024,891.2000122070312,-0.0483004397792818,6.7677001953125,0.0026965550095032,11.4399995803833,121077824.0,0.0035087687010104,4188.68017578125,558700.0,-0.0056876353450314,1769.0,3112.0,0.0290866783013379,342.3999938964844,102626,0.2159090428805559,3.552000045776367,1602.0,0.0599820862343831,5058.8798828125,0.0,137.875,42530.0,0.0104434084545883,19760.0,189416,0.0809628008752736,8.064000129699707,558555,-0.0200510341496293,19.790000915527344,33500.0,0.0428414219009702,4118.6298828125,21651540000,0.0382646619371513,107.5,61654271.0,0.0336538461538462,1773877.0,-0.0290589208611639,195553282.0,0.0356731693865151,607.0,509584.0,0.0465517241379309,49.72999954223633,11365000.0,0.0701527487819566,1614.75,4228,-0.0135919364691509
2022-08-12,1501,2,11300,55,72961.39337774816,1095.13,3662275.55,109.51,10.95,1215.59,4263.0,94524.46,4020.8490093800574,4165.061365995116,3727.869051767677,5319.033712962963,3663.365388235885,123.0,92.0,145.0,127.0,98.0,77.0,96.0,14.0,25.0,45.0,34.0,0.0,938.0,119.0,2330.0,3912.860625968992,5319.033712962963,2862.127033287101,3674.5889448590383,5290.134023313492,3865.629620829121,4732.698072289157,5131.594242424242,5534.296875,3050.2289080459773,3948.0036862745096,0.0,4001.9353908607295,3541.266129084968,0.0,4114.0,0.0,149.0,0.0,0.0,32.58700180053711,54900.0,0.0045315406920853,96.6500015258789,108414.0,-0.0337898359958545,905.4000244140624,0.0159335861900016,6.749899864196777,-0.0026301890748723,11.68000030517578,116771392.0,0.020979085104515,4148.06982421875,488100.0,-0.0096952619580046,1786.800048828125,2399.0,0.010062209625848,332.6000061035156,99173,-0.0286214601859237,3.587500095367432,1449.0,0.0099943832020152,5058.8798828125,0.0,140.22500610351562,16162.0,0.017044468565843,20690.0,93100,0.0470647773279351,8.767999649047852,527988,0.0873015262928027,19.84000015258789,8900.0,0.0025264898811256,4140.06005859375,21098400000,0.0052032293240722,107.5,60259341.0,0.0,1677155.0,-0.0333368545506992,218429719.0,0.012222205268012,608.5,642316.0,0.0024711696869852,52.150001525878906,15821400.0,0.0486628193428242,1669.25,18326,0.0337513546988696
2022-08-15,1663,2,12737,55,68984.46629585087,1039.8,2860432.2,103.98,10.4,1154.18,4116.0,70984.68,3598.0315548658577,4853.034201725624,3434.0492365754817,4243.674386639082,2916.581912658175,75.0,174.0,152.0,238.0,45.0,58.0,95.0,15.0,84.0,44.0,31.0,0.0,1079.0,106.0,1920.0,4548.25992948718,4243.674386639082,2577.1596979532496,4254.67472298581,4629.692083333333,3680.444547038327,2317.915268640351,6282.594285714285,6318.404353741497,1391.6136335403728,2857.052543859649,0.0,3547.6510210429647,4585.148290780142,0.0,3990.0,0.0,126.0,0.0,0.0,32.154998779296875,50800.0,-0.0132569121849409,95.0999984741211,107813.0,-0.0160372791235061,880.510009765625,-0.0274906273219345,6.771999835968018,0.0032741184633662,11.279999732971191,140770065.0,-0.0342466234377866,4185.68017578125,531200.0,0.0090669523793716,1781.4000244140625,765.0,-0.0030221761061648,300.0,85855,-0.098015650947912,3.628999948501587,1519.0,0.0115679030051438,5058.8798828125,0.0,141.60000610351562,7684.0,0.0098056690329895,19895.0,127493,-0.0384243595940068,9.336000442504885,454894,0.0647811149854133,19.479999542236328,8700.0,-0.0181451919144569,4297.14013671875,19013350000,0.0379414974425167,101.5,58081666.0,-0.0558139534883721,949898.0,-0.0148743768438299,192190826.0,-0.0395169981824286,626.75,276514.0,0.0299917830731306,50.56999969482422,31277300.0,-0.0302972537837918,1488.75,48597,-0.1081323947880784
2022-08-26,1589,2,9725,53,67437.51565135305,1025.39,3450775.17,102.54,10.25,1138.18,3169.0,109216.49,3419.4109713028665,4107.732143468991,4665.079179166667,3045.459480994152,3017.489892651888,110.0,110.0,163.0,360.0,416.0,42.0,82.0,9.0,187.0,17.0,55.0,0.0,948.0,65.0,605.0,5108.946376543209,3045.459480994152,2232.5050167690733,3774.5030230707534,6779.4304811992415,3755.468428571429,4006.4449305555554,2449.0775,4803.810750523088,2510.776818181818,4227.367857142857,0.0,3431.7131389263573,3668.265663265306,0.0,3039.0,0.0,130.0,0.0,0.0,31.51000022888184,69600.0,-0.0200590444690148,96.4800033569336,109033.0,0.0145110925862741,937.5,0.0647238414127111,6.847899913787842,0.0112079267067752,11.68000030517578,113706866.0,0.0354610444746195,4181.39990234375,545000.0,-0.0010225992569298,1734.0,1417.0,-0.0266082989583731,294.79998779296875,106514,-0.0173333740234374,3.670500040054321,2654.0,0.011435682596212,5058.8798828125,0.0,140.8000030517578,3096.0,-0.0056497388225603,19360.0,131333,-0.0268911786881126,9.29599952697754,321346,-0.0042845880067901,18.858999252319336,5600.0,-0.0318788657345985,4137.990234375,18714200000,-0.0370362374230771,96.3000030517578,55671827.0,-0.0512314970270167,1526929.0,0.0091712298539108,114265983.0,-0.0388571602957589,633.5,392598.0,0.0107698444355803,50.91999816894531,34699800.0,0.0069210693342542,1605.25,60255,0.0782535684298908
2022-09-01,1396,2,8060,53,78738.63406160459,1035.0,5129993.39,103.5,10.35,1148.85,3523.0,129797.46,3899.229306249453,4451.997501631957,4479.263372093024,6468.992110360361,2864.1506621716358,70.0,109.0,178.0,923.0,46.0,36.0,64.0,22.0,73.0,23.0,25.0,0.0,1197.0,61.0,696.0,5480.87925925926,6468.992110360361,2947.408273208273,4259.953124752099,4730.120966386555,4350.246129032258,2889.109375,5383.842291666667,4957.377440789474,1837.502307692308,3440.0863157894737,0.0,3865.867216689516,2221.045970982143,0.0,3382.0,0.0,141.0,0.0,0.0,30.413000106811523,111700.0,-0.0348143482736256,105.08999633789062,83575.0,0.0892412176759969,882.010009765625,-0.0591893229166666,6.9070000648498535,0.0086304052053998,11.239999771118164,483065740.0,-0.0376712776165457,4089.52001953125,504400.0,-0.0219734741852841,1736.5999755859375,4333.0,0.0014994092191105,270.3999938964844,123206,-0.0827679610136887,3.626499891281128,33900.0,-0.0119875080487784,5058.8798828125,0.0,144.5500030517578,80656.0,0.0266335221500066,18170.0,168146,-0.0614669421487603,8.78600025177002,449587,-0.0548622311917587,18.059999465942383,13300.0,-0.042367029962032,4030.610107421875,19592960000,-0.025949826092169,86.30000305175781,97161446.0,-0.1038421566261565,1596521.0,0.0751412892281122,263510581.0,-0.0535077298649978,683.75,154073.0,0.0793212312549329,39.34000015258789,30013000.0,-0.2274155230315726,1510.5,17219,-0.0590250739760161
2022-09-07,1605,2,13190,57,71804.66233021807,1134.75,3925917.0,113.47,11.35,1259.57,4332.0,59588.78,3802.8882266787145,3795.00096855016,3426.115135135135,3706.1685,3586.1519483287548,64.0,54.0,176.0,332.0,44.0,89.0,120.0,10.0,70.0,17.0,33.0,0.0,1748.0,136.0,1439.0,3975.975978260869,3706.1685,2397.80603060472,3475.91490784634,4090.496915584416,3642.8003785714286,4648.542820976491,7729.800555555556,4786.204476268412,2114.1272222222224,2716.3410526315797,0.0,3755.4490173365775,4326.655033088236,0.0,4187.0,0.0,145.0,0.0,0.0,28.34000015258789,38900.0,-0.0681616396588032,92.83000183105467,107733.0,-0.1166618606343558,881.25,-0.0008616792975251,6.93310022354126,0.0037787980956061,10.520000457763672,214884004.0,-0.0640568797167213,4015.429931640625,534300.0,-0.018117062035832,1700.4000244140625,3176.0,-0.0208453021310569,220.0,93484,-0.1863905141794445,3.469000101089477,2836.0,-0.0434302481492729,5058.8798828125,0.0,145.6750030517578,112676.0,0.0077827739622888,16610.0,139884,-0.0858558062740781,7.995999813079834,473034,-0.0899158224507258,16.558000564575195,8300.0,-0.0831671620035018,3908.18994140625,15886450000,-0.0303726142576289,76.19999694824219,76948556.0,-0.1170336702938262,1448987.0,-0.1044222725465671,210497343.0,-0.1105527084303181,680.75,5216.0,-0.0043875685557587,33.06999969482422,29939600.0,-0.1593797771592335,1489.25,204,-0.0140681893412777
2022-09-16,1518,2,9367,47,63981.22170619236,1021.82,5139297.89,102.18,10.22,1134.22,3637.0,65573.62,3780.348661587983,3899.55177696922,2787.273625396825,4031.534780797101,2292.154846344741,71.0,122.0,331.0,245.0,34.0,140.0,103.0,10.0,75.0,83.0,27.0,0.0,1507.0,119.0,770.0,2938.1277011494253,4031.534780797101,2013.5697184288904,3827.698728793831,6781.249516129032,3865.38437027027,2209.3100531914893,6494.634,4018.622542517007,1875.582754351396,3629.630714285714,0.0,3741.628471311064,2976.2232469806763,0.0,3550.0,0.0,87.0,0.0,0.0,29.113000869750977,81400.0,0.0272759602329253,94.0,131535.0,0.0126036641804085,897.8499755859375,0.0188368517287234,6.925000190734863,-0.001168313243027,10.300000190734863,107904353.0,-0.0209125720015012,4111.10986328125,463800.0,0.0238280665506549,1728.0999755859375,2621.0,0.0162902556893458,215.1999969482422,111599,-0.0218181956898082,3.625499963760376,2836.0,0.0451138247651674,5058.8798828125,0.0,145.5,140422.0,-0.0012013251971282,16550.0,209435,-0.0036122817579771,7.763999938964844,576000,-0.0290144921883921,16.954999923706055,6400.0,0.0239762861211767,4110.41015625,24728470000,0.051742678292393,76.9000015258789,105780422.0,0.009186412147919,1281670.0,0.0103591339126509,247347782.0,0.0028248155313777,712.25,352193.0,0.0462724935732647,32.529998779296875,28146400.0,-0.0163290269280486,1448.5,296611,-0.0273627664932012
2022-09-22,1508,2,8783,47,67380.40377320955,1099.25,3043013.05,109.93,10.99,1220.17,3675.0,75851.95,3799.5815611156095,3115.1829195488413,2686.8875643988144,3218.6022222222223,2148.4265917332937,82.0,19.0,447.0,163.0,91.0,57.0,374.0,26.0,112.0,39.0,46.0,0.0,1588.0,29.0,602.0,2721.103666666667,3218.6022222222223,2206.1389045104447,3255.760172624982,5961.477425087646,3002.13125,1864.14340075098,5518.832833333333,2896.918237141148,2702.589402173913,2574.4880463015243,0.0,3767.0199839902734,3215.9352499999995,0.0,3565.0,0.0,110.0,0.0,0.0,27.989999771118164,55400.0,-0.0385738695800209,92.0,111262.0,-0.0212765957446808,922.3200073242188,0.0272540317465754,7.0055999755859375,0.011638957780667,9.539999961853027,164486008.0,-0.0737864286221545,3928.0,444200.0,-0.0445402505334903,1666.199951171875,7944.0,-0.0358197009944835,188.1999969482422,107046,-0.1254646857940884,3.557499885559082,3172.0,-0.0187560554078075,5058.8798828125,0.0,144.25,73417.0,-0.0085910652920961,14960.0,147172,-0.0960725075528701,6.828000068664551,476231,-0.1205563984619361,15.75100040435791,8500.0,-0.0710114730030014,3899.889892578125,21332100000,-0.0512163642238409,74.0999984741211,121965398.0,-0.0364109622392599,1316885.0,-0.0233537873191082,305948399.0,-0.0422535211267606,678.25,598592.0,-0.0477360477360477,28.739999771118164,29150800.0,-0.1165078128004968,1425.75,527099,-0.0157059026579219
2022-09-27,1811,2,10527,56,67372.50951960242,1116.45,2363928.97,111.64,11.16,1239.25,3588.0,89141.38,3518.2150036519206,3751.709858234422,4782.600438790861,4139.78564426041,3256.782285996056,140.0,159.0,177.0,257.0,48.0,70.0,61.0,16.0,166.0,47.0,43.0,0.0,1740.0,94.0,570.0,5233.125312807076,4139.78564426041,2797.7873861283647,3292.0666299593745,11634.45390625,3759.778302469136,5138.556590909091,5103.550416666667,4556.085507715756,2434.9290441176468,5142.743513986014,0.0,3498.1050406961317,2027.3720245310249,0.0,3427.0,0.0,161.0,0.0,0.0,25.63999938964844,34100.0,-0.083958570942705,84.05999755859375,74461.0,-0.0863043743631114,993.510009765625,0.0771857943838154,7.1479997634887695,0.0203265656616258,8.90999984741211,209362913.0,-0.0660377481090207,3836.679931640625,444300.0,-0.0232484899081911,1623.300048828125,26980.0,-0.0257471513629427,168.89999389648438,112607,-0.1025504960930769,3.313499927520752,2471.0,-0.0685874816268572,5058.8798828125,0.0,143.27499389648438,58948.0,-0.0067591410988951,13960.0,182243,-0.0668449197860963,6.765999794006348,342457,-0.0090802978961201,14.3100004196167,7200.0,-0.0914862515235871,3655.0400390625,24475900000,-0.0627837862760173,69.4000015258789,104510403.0,-0.063427760391704,1428499.0,-0.1052140898082844,349247233.0,-0.0941176694982193,666.25,834619.0,-0.0176925912274235,24.1299991607666,23872700.0,-0.1604036411644065,1364.75,767181,-0.0427844993862879
2022-10-06,1847,2,11840,59,84883.70998917162,1071.13,28048227.17,107.11,10.71,1188.95,5637.0,116653.43,3791.978620067895,3864.8662687500746,3983.773610561056,4487.366236263736,3401.419989936964,83.0,78.0,161.0,311.0,106.0,211.0,57.0,19.0,123.0,20.0,32.0,0.0,3564.0,81.0,791.0,3238.170721393035,4487.366236263736,3071.501554089027,4051.301637885422,6068.876910299004,4845.646720792483,3748.263802083333,3889.518888888889,3387.8110594919785,9398.42488095238,2691.2874,0.0,3789.9106285027847,3843.48428396872,0.0,5483.0,0.0,154.0,0.0,0.0,24.55299949645996,45400.0,-0.0423946926312069,88.86000061035156,179856.0,0.0571021079130056,939.9600219726562,-0.0538997969488013,7.1149001121521,-0.0046306172960076,9.18000030517578,62005876.0,0.0303030821983785,3836.679931640625,444300.0,-0.0232484899081911,1692.9000244140625,1431.0,0.0428756073999889,181.0,107069,0.071640062408359,3.4579999446868896,2106.0,0.0436094825190644,5058.8798828125,0.0,145.3249969482422,34964.0,0.0143081705746848,14300.0,165519,0.0243553008595989,6.748000144958496,541678,-0.002660308837697,14.58899974822998,7600.0,0.01949680785689,3678.429931640625,22948200000,0.0063993533116328,70.30000305175781,107808595.0,0.0129683214134124,1583965.0,0.0902098585782154,276781959.0,0.0308441813789512,680.75,608279.0,0.0217636022514071,24.25,17873300.0,0.0049730975303352,1367.0,602011,0.0016486535995603
2022-10-11,1378,2,9301,53,78238.59855587808,1028.78,9832568.4,102.88,10.29,1141.95,4704.0,104305.22,3450.171918803848,4261.141111600614,4335.677224153297,4044.121333008658,3036.5046261484813,87.0,128.0,131.0,791.0,32.0,171.0,67.0,21.0,84.0,11.0,34.0,0.0,918.0,145.0,2084.0,4238.796305096418,4044.121333008658,2913.881201121795,3989.6732196525095,3398.35175925926,4183.169825338682,3371.14945,5129.997171717172,4945.980566287879,3521.7522222222224,5108.216254545454,0.0,3426.475324327014,2912.8909263191767,0.0,4592.0,0.0,112.0,0.0,0.0,24.46199989318848,31100.0,-0.0037062519911101,96.19000244140624,148121.0,0.0824893290649018,937.6799926757812,-0.0024256662449217,7.153600215911865,0.0054393038763349,8.949999809265137,145956616.0,-0.0250545194188028,3720.93994140625,509800.0,-0.0301667046239332,1667.300048828125,1322.0,-0.0151219653947362,177.0,86844,-0.0220994475138122,3.4535000324249268,1466.0,-0.0013013048970336,5058.8798828125,0.0,146.9499969482422,12866.0,0.01118183405556,14515.0,156335,0.015034965034965,6.453000068664551,561623,-0.0437166671542447,14.29699993133545,23400.0,-0.0200150676491689,3612.389892578125,21864890000,-0.0179533225560301,72.19999694824219,78464155.0,0.0270269390327837,1489995.0,0.0896807395230836,201579420.0,0.0031496183140071,698.25,798518.0,0.025706940874036,24.3700008392334,22984200.0,0.0049484882158101,1383.75,812686,0.0122531089978055
2022-10-20,1634,2,11243,57,62075.52309057528,1019.14,2068186.5,101.91,10.19,1131.24,3123.0,196975.73,3385.858956610888,3893.038147299475,3334.0696981103342,3895.714772727273,2912.584465530985,99.0,34.0,166.0,259.0,72.0,221.0,84.0,13.0,199.0,65.0,23.0,0.0,967.0,118.0,803.0,3455.13512195122,3895.714772727273,2416.7728723776227,3465.0488300066536,5802.493433179723,3851.74914281136,3414.121554726368,4676.97625,4714.5808598040885,2261.51697796659,3735.9296296296297,0.0,3364.006477738294,3039.342447777778,0.0,2984.0,0.0,139.0,0.0,0.0,25.951000213623047,16800.0,0.0608699340583835,91.62000274658205,175697.0,-0.0475101318102989,971.3499755859376,0.035907754429179,7.195499897003174,0.0058571460281091,9.100000381469728,159118064.0,0.0167598408269584,3846.409912109375,463200.0,0.0337199666425431,1657.0,1620.0,-0.0061776815968813,189.8999938964844,114460,0.0728813214490644,3.4554998874664307,1803.0,0.000579080649407,5058.8798828125,0.0,150.47500610351562,8852.0,0.0239878137358178,15215.0,129452,0.0482259731312435,4.959000110626221,547616,-0.2315202141858203,14.529999732971191,2400.0,0.0162971114747692,3677.949951171875,22634960000,0.0181486662689558,64.9000015258789,80738810.0,-0.1011079741124699,951780.0,-0.0622187900782871,290077896.0,-0.0580847836518725,683.5,609692.0,-0.0211242391693519,24.40999984741211,18883300.0,0.0016413215757595,1395.5,612069,0.0084914182475157
2022-10-26,1547,2,8813,47,72807.89038138332,1105.86,4901647.5,110.58,11.06,1227.5,4642.0,127960.48,3494.8107241567263,3513.3912372107475,3281.650341497412,4479.639872482131,2290.220395117653,68.0,190.0,85.0,212.0,96.0,58.0,396.0,17.0,46.0,56.0,22.0,0.0,1064.0,75.0,2257.0,3106.891651785714,4479.639872482131,2344.747423887588,3303.862831781835,5545.703389992361,3908.380326086956,2236.415430885336,3711.1464285714287,4357.854204545454,3198.832345679012,4002.004375,0.0,3490.6731560395056,2273.589092857143,0.0,4525.0,0.0,117.0,0.0,0.0,26.09499931335449,22400.0,0.0055488843800266,93.26000213623048,93076.0,0.0179000146309165,986.25,0.0153395015067296,7.261899948120117,0.0092279969519002,8.770000457763672,175443753.0,-0.03626372635962,3633.3701171875,599200.0,-0.0553866591938568,1648.699951171875,3922.0,-0.0050090819723144,193.5,99315,0.0189573787215495,3.4795000553131104,3033.0,0.0069454980837162,5058.8798828125,0.0,150.375,2610.0,-0.0006646027543393,15880.0,111094,0.043706868222149,5.684000015258789,349911,0.1461988079167466,14.380000114440918,9900.0,-0.0103234426212615,3797.340087890625,23555090000,0.0324610552899746,68.5,76573431.0,0.0554699289596409,1334309.0,-0.0102971830428892,202461131.0,0.0349999745686848,681.5,569724.0,-0.0029261155815655,24.09000015258789,17067300.0,-0.0131093689809319,1387.75,471282,-0.005553565030455
2022-11-03,997,2,7103,48,56896.08919759278,1012.56,1637500.92,101.26,10.13,1123.95,1478.0,163750.08000000002,3581.556779258341,3644.4491140353407,2770.804887387388,4280.136894736842,3079.977050314466,56.0,34.0,76.0,175.0,29.0,106.0,50.0,18.0,68.0,7.0,23.0,0.0,576.0,19.0,241.0,2747.716858974359,4280.136894736842,2646.7369622641518,3975.864857747431,3768.336696428572,3293.891710705774,3655.040875,7532.064,2222.123213937622,1949.225,3020.0769444444445,0.0,3448.6921866325006,3076.83641025641,0.0,1410.0,0.0,68.0,0.0,0.0,25.4950008392334,10400.0,-0.0229928526502789,94.83000183105467,125688.0,0.0168346521430569,942.9000244140624,-0.0439543478691382,7.251399993896484,-0.0014458962941716,8.470000267028809,292569357.0,-0.0342075456186877,3508.699951171875,689700.0,-0.0343125423490103,1635.9000244140625,3705.0,-0.0077636484120197,182.8999938964844,242838,-0.0547803932998222,3.4135000705718994,1861.0,-0.0189682378767117,5058.8798828125,0.0,151.64999389648438,112260.0,0.008478762403886,15760.0,179789,-0.0075566750629723,6.400000095367432,586032,0.1259676421862294,14.234999656677246,3100.0,-0.0100834809881578,3871.97998046875,24226300000,0.0196558356245586,67.69999694824219,77522523.0,-0.0116788766679972,1434500.0,0.0230550591868894,212793220.0,-0.0305957770993089,691.5,777412.0,0.0146735143066765,23.489999771118164,19870600.0,-0.0249066159264955,1451.5,19219,0.0459376688884884
2022-11-11,1764,2,10810,56,59844.53721655329,1162.61,3744635.65,116.26,11.63,1290.5,4286.0,36453.64,3306.7090400351635,3612.593605307909,3248.6119878005657,3990.683741975941,2610.1340598096454,83.0,155.0,240.0,624.0,92.0,118.0,116.0,24.0,50.0,35.0,43.0,0.0,1380.0,120.0,1206.0,3354.4785075757577,3990.683741975941,2440.534538046045,3327.3296189665552,5269.96366984127,3339.3825342384885,2792.410247311828,4445.745952380952,4887.3670442708335,5251.339678571429,1899.9197010869564,0.0,3276.583378625514,2638.538425747864,0.0,4137.0,0.0,149.0,0.0,0.0,27.32999992370605,20400.0,0.0719748587593231,97.91999816894533,133313.0,0.0325845858718389,926.260009765625,-0.0176476977596621,7.175099849700928,-0.0105221259701269,9.34000015258789,193059987.0,0.1027154496022548,3775.300048828125,611400.0,0.0759825865324299,1676.5,1144.0,0.0248181276239538,173.3000030517578,198599,-0.0524876498911196,3.629499912261963,1314.0,0.0632781125602481,5058.8798828125,0.0,151.52499389648438,165310.0,-0.000824266436076,15320.0,153077,-0.0279187817258883,5.879000186920166,664585,-0.0814062344818378,14.842000007629396,12600.0,0.0426414025705594,3806.800048828125,24968840000,-0.0168337470672392,70.0,118239050.0,0.0339734587213675,1696614.0,0.0607881914993042,268910002.0,0.0348836951413114,675.75,1099128.0,-0.0227765726681128,24.6299991607666,20163200.0,0.0485312644000153,1455.5,4288,0.0027557698932139
2022-11-17,1791,2,12669,63,60871.63747627024,1007.96,3173649.01,100.8,10.08,1118.84,3095.0,70256.45,3529.4489498307503,3671.901772426067,4137.001897727273,7149.043660813824,3000.253813112636,71.0,99.0,203.0,325.0,47.0,68.0,130.0,12.0,74.0,19.0,26.0,0.0,1249.0,108.0,664.0,4033.34679661017,7149.043660813824,2584.3235070434707,3592.7759618299265,6324.401682027649,3462.766156462585,3519.3303730158727,6185.484999999999,3941.306318027211,5185.257833333334,3756.800705882353,0.0,3498.989820815048,2869.93874465812,0.0,2981.0,0.0,114.0,0.0,0.0,28.39299964904785,29000.0,0.0388949772524425,93.13999938964844,139865.0,-0.0488153479236158,890.4600219726562,-0.0386500414738053,7.107100009918213,-0.0094771976985865,9.8100004196167,167948278.0,0.0503212269111776,3794.02001953125,662800.0,0.0049585385164117,1773.5999755859375,1150.0,0.0579182675728824,193.1000061035156,141264,0.1142527565094404,3.8550000190734863,2603.0,0.062129800871379,5058.8798828125,0.0,153.0749969482422,80401.0,0.0102293556455557,15425.0,95905,0.0068537859007833,6.302999973297119,510087,0.0721210704024615,16.18600082397461,8100.0,0.0905538886709569,3957.25,21831700000,0.0395213694552172,74.0999984741211,69238561.0,0.0585714067731584,1107886.0,-0.0644950224414244,172906268.0,0.0626002850552467,657.25,806935.0,-0.0273769885312615,26.21999931335449,30928600.0,0.0645554286140868,1428.25,426860,-0.0187220886293369
2022-11-22,1757,2,10891,62,62070.85019920319,1014.84,9848880.0,101.48,10.15,1126.47,5083.0,156404.79,2795.6991437147326,4104.727647023342,3069.9950505050506,3595.0436920512816,3906.1693689786057,103.0,145.0,210.0,972.0,36.0,243.0,85.0,23.0,84.0,60.0,30.0,0.0,998.0,34.0,2060.0,3254.370375,3595.0436920512816,2900.085868603309,3917.746518827531,4141.558088235294,3860.915085133585,6053.742511415526,4380.88675,4800.471379844961,2245.160061728395,3370.8158000000003,0.0,2754.093169796484,2110.9442083333333,0.0,4955.0,0.0,128.0,0.0,0.0,27.84000015258789,11500.0,-0.0194766140702046,87.44999694824219,102709.0,-0.0610908576196387,941.2999877929688,0.0570940464095013,7.118899822235107,0.001660285109317,9.350000381469728,258686882.0,-0.0468909295077221,3769.1298828125,628900.0,-0.0065603598796574,1737.4000244140625,814.0,-0.0204104373422285,190.0,74121,-0.0160538892052326,3.571500062942505,1591.0,-0.073540844287497,5058.8798828125,0.0,153.0749969482422,38623.0,0.0,14895.0,85088,-0.0343598055105348,7.02400016784668,275497,0.1143900043795183,15.515999794006348,7900.0,-0.0413938586346702,3949.93994140625,12724860000,-0.001847257209868,69.5,79321469.0,-0.0620782532907555,1390315.0,-0.0715034260307256,158900479.0,-0.0725074870640267,659.5,427079.0,0.0034233548877899,24.3700008392334,15319800.0,-0.0705567705022341,1436.25,247864,0.0056012602835637
2022-11-28,986,2,7018,48,61842.8796653144,1214.82,2972371.44,121.48,12.15,1348.45,1825.0,86307.81999999999,3187.4047165584416,4561.595963929031,2841.01825,5148.155816666667,2161.783175403226,37.0,41.0,75.0,261.0,19.0,59.0,55.0,21.0,165.0,7.0,18.0,0.0,552.0,35.0,480.0,2627.892016129032,5148.155816666667,1690.9117213114755,4281.768237602978,5701.379444444444,4618.868893004115,2910.219787234042,4148.0408125,5224.66601109294,1874.0191666666667,3795.549615384615,0.0,3169.615159226191,1758.448046875,0.0,1705.0,0.0,120.0,0.0,0.0,28.09499931335449,28700.0,0.0091594525635407,83.19000244140625,95160.0,-0.048713489485394,921.72998046875,-0.0207904043110674,7.170499801635742,0.007248308121919,7.889999866485596,237316207.0,-0.1561497813280982,3733.239990234375,750800.0,-0.009522063100501,1740.0999755859375,158300.0,0.0015540181500719,197.3999938964844,102848,0.0389473362972863,3.61050009727478,44050.0,0.0109197910247671,5058.8798828125,0.0,153.35000610351562,40651.0,0.0017965648261055,15250.0,133743,0.0238335011748909,6.281000137329102,525072,-0.1057801840493629,16.1299991607666,17900.0,0.0395720143665787,3963.93994140625,22280580000,0.0035443576883895,72.9000015258789,74784076.0,0.0489208852644447,1676103.0,-0.0312304701909625,196147162.0,0.0342019286959787,668.75,292055.0,0.0140257771038665,21.209999084472656,30213800.0,-0.1296676916675947,1438.5,512400,0.0015665796344648
2022-12-09,1514,2,9377,54,72917.82619550859,1019.61,9848880.0,101.96,10.2,1131.77,3862.0,76932.79000000001,3336.3858480368312,3657.6381394600894,3966.545344551282,4939.125373543124,2711.313596127354,89.0,119.0,152.0,993.0,66.0,50.0,92.0,18.0,107.0,35.0,24.0,0.0,1085.0,530.0,502.0,3979.99330952381,4939.125373543124,2753.427518785883,3482.4429139173653,4460.346326530612,3087.7019375,2818.932701149425,10773.7121875,4163.008982371794,4158.724944444444,3765.27947368421,0.0,3151.0319205735746,2198.9454858649738,0.0,3691.0,0.0,171.0,0.0,0.0,28.68000030517578,23400.0,0.0208222461690263,82.68000030517578,136248.0,-0.0061305700356203,883.0,-0.0420187921510958,7.023900032043457,-0.0204448467537566,8.369999885559082,177484483.0,0.0608365053480399,3946.8798828125,768800.0,0.0572264020360266,1767.4000244140625,3078.0,0.0156887818005584,195.5,85498,-0.0096250960244748,3.7894999980926514,3462.0,0.0495775920219421,5058.8798828125,0.0,153.6750030517578,19379.0,0.0021193148699505,15155.0,110076,-0.0062295081967213,6.244999885559082,786400,-0.0057316113648945,16.33300018310547,14200.0,0.0125853089213192,3998.840087890625,20662410000,0.0088044084926255,74.30000305175781,58014847.0,0.0192044101039137,1950672.0,-0.0040134330290959,164951767.0,0.0047243974340243,628.75,2814.0,-0.0598130841121495,19.56999969482422,23593900.0,-0.0773219924770785,1483.75,592801,0.0314563781717065
2022-12-14,1775,2,11710,62,58767.05912112676,1000.5,1355800.12,100.05,10.01,1110.56,3193.0,51234.74,3372.5635299252617,2829.267946185507,3037.285656028369,6305.266505456349,3461.5447199573227,55.0,62.0,140.0,268.0,112.0,108.0,82.0,21.0,183.0,36.0,28.0,0.0,1268.0,103.0,727.0,2770.921470588235,6305.266505456349,3047.2266273291925,2802.4105299770517,4407.90482224026,3145.054471153846,4017.272957746479,2361.890789473684,2896.81841725526,3464.3965,3256.518550724638,0.0,3394.9183402495687,3434.2092023809523,0.0,3041.0,0.0,152.0,0.0,0.0,28.83300018310547,31500.0,0.0053347237204204,77.98999786376953,131311.0,-0.0567247511380651,843.0218505859375,-0.0452753673998442,6.956600189208984,-0.009581549072089,8.260000228881836,164899035.0,-0.0131421335939359,3953.43994140625,507500.0,0.0016620872153514,1780.5,1991.0,0.0074120037371168,187.0,73939,-0.0434782608695651,3.798500061035156,3271.0,0.0023750001179665,5058.8798828125,0.0,155.0500030517578,8392.0,0.0089474538649392,14530.0,153358,-0.0412405146816232,6.599999904632568,735003,0.0568454804770113,16.268999099731445,16300.0,-0.0039185136016972,3990.56005859375,25443390000,-0.0020706077549709,69.30000305175781,108023353.0,-0.0672947482453933,1292767.0,-0.0488756287705032,284885978.0,-0.0313479627573134,641.25,252872.0,0.0198807157057654,17.940000534057617,17313600.0,-0.0832907095648906,1480.0,550597,-0.0025273799494524
2022-12-19,1809,2,11741,57,60569.83805417358,1047.77,10262359.8,104.77,10.48,1163.02,3494.0,65050.2,3144.4653250391507,3768.475885832004,3087.519797157622,5247.507620341616,2863.2594943820227,184.0,111.0,216.0,692.0,166.0,103.0,124.0,29.0,37.0,65.0,25.0,0.0,1055.0,50.0,637.0,3359.5095949074075,5247.507620341616,2985.1314797619048,3873.798344276095,3733.472181818182,4090.017654061625,2565.2554124579124,4944.343766666667,3373.5166666666664,2705.2913796296293,2810.2320634920634,0.0,3110.968827986529,3307.556857142857,0.0,3338.0,0.0,156.0,0.0,0.0,28.28300094604492,29800.0,-0.0190753384513492,79.80000305175781,81824.0,0.0232081707599216,865.8007202148438,0.0270204972896894,6.972099781036377,0.0022280411991242,7.949999809265137,79342447.0,-0.0375303161049263,3893.219970703125,403800.0,-0.015232296834059,1787.699951171875,625.0,0.0040437804952961,185.3000030517578,55242,-0.0090908927713485,3.7829999923706055,2725.0,-0.0040805761262319,5058.8798828125,0.0,156.89999389648438,4627.0,0.0119315756743907,14825.0,110713,0.0203028217481073,5.078999996185303,443581,-0.2304545349128973,16.249000549316406,17100.0,-0.0012292428251083,3817.659912109375,18506410000,-0.04332728838701,76.19999694824219,269880517.0,0.0995670071086578,1015617.0,0.0276070018178333,495168621.0,0.0404531366595559,647.25,474644.0,0.0093567251461987,16.290000915527344,16760000.0,-0.0919732201455559,1479.0,426940,-0.0006756756756757
2022-12-29,1692,2,11174,59,55013.82121749409,1031.31,2388533.31,103.13,10.31,1144.75,3167.0,58940.51,3249.239076063603,3402.9834221628043,4794.235464860101,4498.65162745098,2825.7823710386056,71.0,69.0,140.0,267.0,54.0,43.0,55.0,22.0,114.0,36.0,22.0,0.0,1291.0,73.0,910.0,4695.806991525424,4498.65162745098,2958.920832910679,3146.066521507016,4758.013582010583,2277.2055882352943,2886.495,5561.783888888889,4098.994662121212,6081.215169683258,4151.679215686274,0.0,3199.56627578812,2416.2896283783784,0.0,3066.0,0.0,101.0,0.0,0.0,28.51499938964844,38000.0,0.0082027520363239,84.33000183105469,52870.0,0.0567668998252888,877.5,0.013512670424036,6.988699913024902,0.0023809372369678,8.069999694824219,52467402.0,0.0150943255896975,3843.489990234375,393100.0,-0.0127734833487378,1814.800048828125,875.0,0.0151591980737513,191.3000030517578,51999,0.0323799239135689,3.8334999084472656,2334.0,0.0133491716041518,5058.8798828125,0.0,154.8249969482422,22123.0,-0.0132249651304077,16155.0,67137,0.0897133220910624,4.474999904632568,296898,-0.1189210655653439,14.076000213623049,17800.0,-0.1337313226803217,3829.25,12097370000,0.0030359141876052,82.4000015258789,137738947.0,0.0813648927289063,813085.0,0.0577203909691674,167787500.0,0.0108864216954815,674.75,440623.0,0.0424874468906912,17.100000381469727,14477800.0,0.0497237213271304,1519.25,139029,0.0272143340094659
2023-01-04,874,2,6339,42,66308.73035469107,1106.0,1935900.0,110.6,11.05,1227.65,1578.0,164589.77,3087.235152628324,4207.313640666666,5726.564632352942,4020.7802380952394,6098.4610740740745,41.0,45.0,46.0,148.0,27.0,20.0,34.0,7.0,105.0,31.0,21.0,0.0,578.0,55.0,420.0,8107.7342424242415,4020.7802380952394,2541.0094285714285,3970.958983122363,3437.84735042735,3103.7217647058824,11869.915185185186,6272.607142857143,4613.227074275362,2026.6872222222223,5021.811470588235,0.0,3028.2467824389014,4979.944880952381,0.0,1509.0,0.0,69.0,0.0,0.0,27.25,48800.0,-0.0443625957119137,82.0999984741211,104149.0,-0.0264437721868089,847.75,-0.0339031339031339,6.896900177001953,-0.0131354525398724,7.940000057220459,80683758.0,-0.0161090015514048,3887.89990234375,453300.0,0.0115545798798,1839.699951171875,104.0,0.0137204659873293,184.1000061035156,105925,-0.0376372024745561,3.766000032424927,2484.0,-0.0176078981699203,5058.8798828125,0.0,156.77499389648438,98886.0,0.0125948457075963,16305.0,105439,0.0092850510677808,3.7100000381469727,438328,-0.1709496944779059,13.821000099182127,6200.0,-0.0181159498842666,3824.139892578125,16190230000,-0.001334493026539,79.19999694824219,72735950.0,-0.0388350062910097,1249813.0,-0.0326920472026703,103659012.0,-0.0061538696289062,670.5,584291.0,-0.006298629121897,16.959999084472656,13958000.0,-0.0081872101680642,1501.5,8344,-0.0116833964127036
2023-01-10,1594,2,11495,61,61757.484855708906,1181.2,5228700.68,118.12,11.81,1311.13,5400.0,142644.73,3213.378390234912,3048.090055590897,4603.626608980154,4026.222252905687,3262.461359145346,109.0,172.0,96.0,2504.0,105.0,31.0,108.0,23.0,83.0,33.0,28.0,0.0,1396.0,58.0,654.0,5003.751109015805,4026.222252905687,3125.2794029850747,3038.5775782488845,7165.586468027211,3626.111458333333,3572.3575375836285,3359.427,3073.8297001633987,1595.2668888888888,6555.36938888889,0.0,3210.779660523789,2624.599851449276,0.0,5283.0,0.0,117.0,0.0,0.0,27.266000747680664,19800.0,0.0005871834011252,79.6500015258789,128738.0,-0.0298416198998402,840.8800048828125,-0.0081037984278236,6.837399959564209,-0.0086270956387263,8.029999732971191,87415657.0,0.0113349716753325,4013.1201171875,505400.0,0.0322076745772861,1872.699951171875,1970.0,0.0179377077109663,186.1999969482422,102730,0.0114067939983979,4.018499851226807,3074.0,0.0670472163111732,5058.8798828125,0.0,157.72500610351562,199602.0,0.0060597177102015,15465.0,127602,-0.0515179392824286,3.4189999103546143,611549,-0.0784366913208183,14.041999816894531,6600.0,0.0159901393623087,3892.090087890625,20846120000,0.0177687525093883,77.5,72883102.0,-0.0214646087594314,1578855.0,-0.0298973487928488,120694800.0,-0.0201238276744128,652.75,805623.0,-0.0264727815063385,17.059999465942383,19678000.0,0.0058962492257019,1538.25,106875,0.0244755244755243
2023-01-18,1568,2,11245,55,81298.71243622448,1023.83,33267809.87,102.39,10.23,1136.45,5900.0,126954.205,2771.2210832188416,3616.129818714786,4389.657789115647,3793.12050678733,3739.3803148148154,91.0,142.0,128.0,228.0,64.0,99.0,95.0,14.0,165.0,12.0,35.0,0.0,2763.0,116.0,1948.0,4599.037948717949,3793.12050678733,4114.6012121212125,3225.356356122197,5173.756118421053,4763.388939257808,3430.5226175213675,3179.1142307692307,4248.56581738437,3663.724444444444,3845.3104365079366,0.0,2762.999981020152,3588.0491525423727,0.0,5775.0,0.0,125.0,0.0,0.0,28.280000686645508,27300.0,0.0371891700711222,85.91999816894531,116315.0,0.078719353709356,805.4324340820312,-0.0421553260809446,6.7017998695373535,-0.0198321132051338,7.909999847412109,85528018.0,-0.014943946394713,4137.9599609375,549300.0,0.0311079260287605,1907.199951171875,3450.0,0.0184225988676995,203.0,179112,0.0902255817782193,4.215000152587891,1717.0,0.048898919655576,5058.8798828125,0.0,156.625,75417.0,-0.0069742023201678,15290.0,98144,-0.0113158745554478,3.174000024795532,581664,-0.071658348049992,14.218000411987305,11000.0,0.0125338696330858,3990.969970703125,16539130000,0.0254053427797427,73.69999694824219,26537818.0,-0.0490322974420363,763832.0,0.0743669202199204,43725971.0,-0.034755146752852,685.25,640229.0,0.0497893527384143,17.90999984741211,16997700.0,0.0498241739788221,1506.5,475003,-0.0206403380464813
2023-01-29,1451,2,10259,55,69370.19950379049,1048.5,3897948.29,104.85,10.48,1163.83,5090.0,114711.3,3365.9382016238924,3344.120584857852,3469.545804195804,3993.0381208827407,3274.8772569183257,83.0,74.0,544.0,2426.0,77.0,62.0,114.0,16.0,39.0,22.0,42.0,0.0,890.0,82.0,619.0,3068.9522142857145,3993.0381208827407,2388.8657832208,2639.871906745455,5365.839283424909,2881.773933333333,3701.433686379929,5528.041875,6513.239636363636,3380.858333333333,5015.433349282297,0.0,3309.5048267886277,4480.376551851852,0.0,4992.0,0.0,98.0,0.0,0.0,28.42399978637696,43900.0,0.0050919058074652,88.19000244140625,91958.0,0.0264199758011796,814.7999877929688,0.0116304649708003,6.782599925994873,0.0120564711018589,7.960000038146973,29016353.0,0.0063211367508713,4137.9599609375,549300.0,0.0311079260287605,1927.0999755859373,151459.0,0.0104341573634347,217.8000030517578,104530,0.0729064189741763,4.254000186920166,2614.0,0.0092526768494494,5058.8798828125,0.0,156.72500610351562,60141.0,0.0006385066465481,15280.0,114532,-0.000654022236756,3.108999967575073,410070,-0.020478908857175,14.460000038146973,41400.0,0.0170206512271329,4019.81005859375,18707010000,0.0072263354779249,73.69999694824219,26537818.0,-0.0490322974420363,1541165.0,0.0179596213011401,43725971.0,-0.034755146752852,666.25,763882.0,-0.0277271068952936,18.790000915527344,17101000.0,0.049134621753913,1509.5,608457,0.0019913707268504
2023-02-02,1202,2,7310,51,70762.55027454242,1278.81,9931477.5,127.88,12.79,1419.48,3470.0,65175.03,3049.896935951711,3841.323085146212,3918.530139573071,4620.347820247934,2570.7362504951475,94.0,53.0,78.0,395.0,61.0,46.0,94.0,15.0,114.0,19.0,18.0,0.0,1451.0,73.0,959.0,3618.54088377724,4620.347820247934,2908.940513392857,3897.983471722816,9631.94471139971,3437.224866666667,2494.09804503367,5251.876538461539,3688.7758905168894,3022.456153846154,5875.085333333333,0.0,2994.9531070982985,2033.8767333333333,0.0,3367.0,0.0,103.0,0.0,0.0,27.81999969482422,28600.0,-0.0212496515653023,84.9000015258789,113816.0,-0.0373058263346033,790.1696166992188,-0.0302287327721564,6.782400131225586,-2.9456959199536392e-05,7.860000133514404,181059778.0,-0.0125628020293134,4201.35009765625,681000.0,0.0153191759507476,1922.9000244140625,33160.0,-0.0021794153002351,203.0,117582,-0.0679522628300457,4.203499794006348,3137.0,-0.0118712719075783,5058.8798828125,0.0,160.27499389648438,65092.0,0.0226510617624351,14775.0,134146,-0.0330497382198953,2.4100000858306885,829670,-0.2248310997216199,14.095000267028809,31500.0,-0.0252420311310689,4017.77001953125,23657120000,-0.0005074963823573,75.5999984741211,75926106.0,0.0257802117307173,1754188.0,-0.0455770778672132,154250032.0,0.0032733349907392,683.75,708290.0,0.026266416510319,18.71999931335449,27022100.0,-0.0037254709293286,1532.0,581209,0.0149055978800927
2023-02-06,1386,2,9312,49,71795.00145743146,1028.66,8725506.3,102.87,10.28,1141.81,3042.0,190804.64,3425.121034878224,3916.961656614219,4468.416172240803,5497.57205050505,2876.8000366848883,91.0,59.0,457.0,149.0,56.0,671.0,81.0,7.0,24.0,7.0,33.0,0.0,892.0,72.0,443.0,3976.119130434783,5497.57205050505,2726.744865679477,4117.44534796832,4190.498527131783,2463.3091491097234,2503.205857843137,8273.003333333334,2814.3013541666664,1504.9183333333333,6521.273111111111,0.0,3381.836371499161,3920.102064814815,0.0,2958.0,0.0,84.0,0.0,0.0,28.979999542236328,54800.0,0.0416966161084437,80.98999786376953,147052.0,-0.0460542236965395,777.9078369140625,-0.0155179084667637,6.774199962615967,-0.001209036395813,8.40999984741211,90808666.0,0.0699745171189694,4086.8798828125,485400.0,-0.0272460547640644,1866.199951171875,1201.0,-0.0294867504926392,215.0,259325,0.0591133004926107,4.043499946594238,1416.0,-0.0380634840616023,5058.8798828125,0.0,161.1999969482422,21174.0,0.0057713497862008,15700.0,222525,0.0626057529610828,2.513999938964844,1030567,0.0431534644938855,14.774999618530272,5300.0,0.0482440112535595,4111.080078125,20661640000,0.0232243404027978,76.0999984741211,47169849.0,0.0066137567472459,1821993.0,-0.0486521288997443,88110629.0,0.0065253104544424,679.0,937779.0,-0.0069469835466179,22.25,20070400.0,0.1885684196648061,1542.5,837017,0.0068537859007833
2023-02-13,1595,2,10716,63,71774.88729780565,1018.37,8725506.3,101.84,10.18,1130.39,4718.0,97938.55,3390.384414369317,3931.2775455836063,3454.5018548976605,5312.345512387387,3930.552479536489,59.0,89.0,120.0,421.0,71.0,710.0,70.0,34.0,107.0,16.0,34.0,0.0,1239.0,57.0,1691.0,3586.83390625,5312.345512387387,4896.276419753087,3290.655815062289,5416.947396313364,3464.449416140065,3019.6586263736267,5571.298082505729,5591.664479791917,2547.746363636364,3667.5825571895434,0.0,3343.214525872728,2719.458621212121,0.0,4590.0,0.0,128.0,0.0,0.0,30.202999114990234,48800.0,0.042201504212292,86.61000061035156,107452.0,0.069391318617334,792.5676879882812,0.0188452286743554,6.808300018310547,0.0050338129790623,8.489999771118164,67744949.0,0.00951247623752,4143.56982421875,628500.0,0.0138712032239218,1851.9000244140625,1850.0,-0.0076625908969898,259.79998779296875,125913,0.2083720362463663,4.086999893188477,2220.0,0.0107579936116672,5058.8798828125,0.0,163.5749969482422,12116.0,0.0147332508992699,15205.0,157452,-0.0315286624203822,2.275000095367432,844166,-0.0950675614160204,14.704999923706056,9100.0,-0.00473771212396,4137.2900390625,19642940000,0.0063754440291647,73.80000305175781,34726118.0,-0.0302233307290462,1076590.0,0.0813655205725989,86068592.0,-0.0437601414838429,685.0,725840.0,0.0088365243004417,20.96999931335449,17914400.0,-0.0575281207481128,1527.25,619068,-0.0098865478119934
2023-02-22,1055,2,7124,44,59420.24917535545,1001.2,2673599.1299999994,100.12,10.01,1111.33,1715.0,27117.67,3394.079591259509,3687.912538056206,5288.6970833333335,5701.187767857143,3007.2211595483554,53.0,30.0,54.0,162.0,50.0,26.0,46.0,12.0,72.0,14.0,13.0,0.0,850.0,29.0,304.0,5748.739767441861,5701.187767857143,3174.682420634921,3774.375262158055,3446.957793880837,2629.161315789474,2306.3691860465115,6343.82909090909,3397.644821428571,3025.969722222222,4724.563333333333,0.0,3334.761045562717,4346.55612962963,0.0,1649.0,0.0,66.0,0.0,0.0,30.18000030517578,41700.0,-0.0007614743730214,83.05000305175781,80084.0,-0.0411037701594042,782.6790771484375,-0.0124766767428322,6.857600212097168,0.0072411899672504,8.270000457763672,84659960.0,-0.0259127584552947,4133.490234375,616500.0,-0.0024325859757052,1833.0,1835.0,-0.0102057476996051,280.0,110943,0.0777521676526342,4.234499931335449,55050.0,0.0360900518722304,5058.8798828125,0.0,165.1999969482422,6238.0,0.0099342810962372,16085.0,135267,0.0578756987832949,2.450999975204468,525574,0.0773625813007321,14.434000015258787,13700.0,-0.0184290996160012,3997.340087890625,16031550000,-0.0338264781657868,74.0,91777265.0,0.0027099856364765,1397461.0,-0.0496630366589839,190846433.0,0.0254237288135592,680.5,590656.0,-0.0065693430656934,21.8799991607666,16202700.0,0.0433953208015887,1529.0,363660,0.0011458503846784
2023-03-03,1715,2,12267,57,65965.00606413995,1001.29,3607882.32,100.13,10.01,1111.43,4325.0,186276.64,3477.0183359428506,3601.057495036528,4828.072575925926,5323.04382643739,3854.136707625759,157.0,156.0,132.0,216.0,78.0,72.0,105.0,26.0,88.0,25.0,52.0,0.0,1819.0,102.0,1297.0,3212.714060283688,5323.04382643739,3091.1131891025643,3470.2726893274853,6385.678551587302,3178.746123529412,5180.235462776661,6482.03909090909,4039.571255355083,3663.9889743589742,7863.237144444444,0.0,3403.234344191447,3048.6209594651814,0.0,4192.0,0.0,133.0,0.0,0.0,31.541000366210938,58600.0,0.0450960916922771,82.44999694824219,102887.0,-0.007224636742538,798.2564697265625,0.0199026561881259,6.954999923706055,0.0142031772918269,8.260000228881836,147897363.0,-0.0012092174520315,4043.840087890625,668600.0,-0.0216887282662058,1817.0,1873.0,-0.0087288597926895,272.0,112239,-0.0285714285714285,4.008999824523926,12825.0,-0.0532530665882917,5058.8798828125,0.0,165.4250030517578,104040.0,0.0013620224435362,16310.0,142579,0.0139881877525644,3.009000062942505,876164,0.2276622168025468,14.930999755859377,11400.0,0.0344325717109041,3982.239990234375,21459460000,-0.0037775363927611,78.5999984741211,47181641.0,0.0621621415421769,1542837.0,-0.0063025647827326,149102380.0,0.0545454419348849,642.75,129546.0,-0.0554739162380601,24.540000915527344,28917400.0,0.121572296928166,1530.5,59145,0.0009810333551341
2023-03-09,1554,2,8486,46,65480.79894465895,1002.29,3434284.8,100.23,10.02,1112.54,4579.0,166500.0,3252.049382616655,4071.6415778303617,3822.747867924528,4480.303482822882,2744.239902376535,194.0,102.0,165.0,185.0,46.0,46.0,71.0,29.0,162.0,27.0,22.0,0.0,1415.0,33.0,2082.0,4268.248460093897,4480.303482822882,2723.4691902013333,3787.3086278195487,5172.5788398268405,2516.954596354167,2687.3443785310733,4183.248461538462,4931.102540363047,1925.4238888888888,3971.059019607843,0.0,3219.5511597281084,2930.8555333333334,0.0,4483.0,0.0,96.0,0.0,0.0,31.73500061035156,60500.0,0.0061507321228926,86.18000030517578,126111.0,0.045239581503867,802.6599731445312,0.0055164017893611,6.906799793243408,-0.0069302848298181,8.859999656677246,86566921.0,0.072639153894628,4109.009765625,717200.0,0.0161157900208583,1847.9000244140625,1110.0,0.0170060673715257,296.20001220703125,114817,0.0889706331140853,4.100500106811523,3401.0,0.0228237182071873,5058.8798828125,0.0,164.27499389648438,156103.0,-0.0069518460574766,16950.0,124156,0.0392397302268547,2.430000066757202,793779,-0.1924227265117096,15.15999984741211,26600.0,0.0153372242513678,4048.419921875,21422390000,0.0166187702908207,80.5999984741211,74418646.0,0.0254452931148401,1748316.0,0.0631606601482792,403880918.0,0.0579937430593286,644.5,3016.0,0.0027226760015557,21.559999465942383,18623900.0,-0.1214344473679056,1513.0,2738,-0.0114341718392682
2023-03-15,1423,2,10162,56,69509.5734855938,1015.9,7910706.2,101.59,10.16,1127.65,5378.0,84930.79,3330.305299385522,3932.681109659091,4175.408359307359,3992.2871705898265,3428.778993634342,61.0,122.0,211.0,228.0,26.0,70.0,67.0,11.0,118.0,27.0,16.0,0.0,1084.0,112.0,3225.0,4498.889733333333,3992.2871705898265,2849.8417492746617,3706.595368436844,4980.881086956521,4312.501591970121,4581.961242937853,7134.79,4319.709242937853,3067.9421875,4315.898363636364,0.0,3264.607761384331,3112.0894183064997,0.0,5305.0,0.0,73.0,0.0,0.0,30.42799949645996,33800.0,-0.0411848460297578,80.7699966430664,182598.0,-0.0627756282542558,779.7490844726562,-0.0285437039822957,6.905200004577637,-0.0002316251684805,8.5600004196167,144423904.0,-0.033859960348244,4008.68994140625,766000.0,-0.0244145986359053,1911.699951171875,1650.0,0.034525637704909,297.0,188502,0.0027008364618485,4.069499969482422,3730.0,-0.0075600869458839,5058.8798828125,0.0,162.3249969482422,152207.0,-0.0118703212338632,15555.0,152457,-0.0823008849557521,2.338000059127808,605287,-0.037860084404099,14.649999618530272,63700.0,-0.0336411763862185,3855.760009765625,33867970000,-0.0475889151390565,80.5,144539841.0,-0.0012406758810696,1924820.0,-0.0703454647914247,344851034.0,0.0237036810980901,624.5,619271.0,-0.0310318076027928,20.86000061035156,44615200.0,-0.0324674801915737,1476.5,450099,-0.0241242564441507
2023-03-22,1243,2,7460,45,85618.1222284795,1068.59,8080209.0,106.86,10.69,1186.14,4111.0,106925.504,2897.5484781587934,3476.450003280429,4534.8741,4388.053523982325,2926.260836514919,91.0,737.0,177.0,759.0,71.0,90.0,47.0,22.0,78.0,35.0,30.0,0.0,661.0,39.0,1274.0,5025.129322580645,4388.053523982325,3018.646357154494,3396.7436782776804,5296.826226600985,3380.8212692837465,3020.6648863636365,4696.056363636364,3738.641861842105,1858.563552631579,5387.127291666667,0.0,2857.256040805936,2321.717893939394,0.0,4019.0,0.0,92.0,0.0,0.0,30.224000930786133,27300.0,-0.0067043042280042,73.79000091552734,98528.0,-0.0864181752833865,801.855224609375,0.0283503252224646,6.886099815368652,-0.0027660587957368,8.770000457763672,158708934.0,0.0245327135341864,3939.080078125,817900.0,-0.0173647411744772,1979.199951171875,538.0,0.0353088882795766,298.6000061035156,118594,0.0053872259377629,3.975500106811523,2680.0,-0.0230986271964155,5058.8798828125,0.0,163.0,57912.0,0.0041583432277718,16070.0,139994,0.0331083252973321,2.2160000801086426,513960,-0.0521813412890492,14.633000373840332,30300.0,-0.0011603580295277,3951.570068359375,24375960000,0.0248485534242506,69.5999984741211,40246039.0,-0.135403745663092,1540100.0,-0.0957219701870201,99657016.0,-0.0477568089035367,633.0,781548.0,0.0136108887109687,22.65999984741211,25285500.0,0.0862895102777379,1428.25,666627,-0.0326786318997629
2023-03-30,1129,2,8700,50,74339.92156775908,1013.6,7931781.0,101.37,10.14,1125.11,6238.0,229867.37,2850.393651969377,3774.456274956868,4375.897955555556,4644.120397541852,3169.670489721897,57.0,121.0,530.0,1365.0,42.0,77.0,67.0,17.0,74.0,13.0,15.0,0.0,1379.0,110.0,2371.0,4377.571203703704,4644.120397541852,3011.781720881045,3050.5535209350137,5813.734516129032,3859.739360119048,3029.8698148148146,3797.4060606060607,5203.211710526316,5379.903888888889,3615.363888888889,0.0,2826.555811019713,3553.8099545454543,0.0,6148.0,0.0,90.0,0.0,0.0,30.725000381469727,25100.0,0.0165762121246255,78.12000274658203,87978.0,0.0586800620318672,805.72998046875,0.0048322387139929,6.884399890899658,-0.0002468631757559,9.050000190734863,202796870.0,0.0319269918308067,4012.47998046875,722800.0,0.0186337675010375,1952.4000244140625,100537.0,-0.0135407879036902,297.79998779296875,103761,-0.0026792307240259,4.104499816894531,2854.0,0.0324486747873515,5058.8798828125,0.0,168.35000610351562,44654.0,0.0328221233344516,15500.0,342849,-0.0354698195395146,2.2160000801086426,575960,0.0,14.899999618530272,11500.0,0.0182463772205774,3977.530029296875,20849370000,0.0065695307152375,69.69999694824219,23379966.0,0.0014367597171467,1568843.0,0.0764340363039171,89229387.0,-0.0243162010533202,648.25,758880.0,0.0240916271721958,22.39999961853028,15320900.0,-0.0114739731082357,1505.5,604663,0.054087169613163
2023-04-04,727,2,4818,42,119526.49441540576,1159.04,8318593.42,115.91,11.59,1286.54,6680.0,59761.09,3261.8329300156784,3882.854350208044,4521.441087018141,4198.056316017316,3244.431079710145,26.0,56.0,76.0,179.0,22.0,26.0,37.0,5.0,102.0,38.0,8.0,0.0,621.0,51.0,5433.0,3498.271439393939,4198.056316017316,3208.342163461539,4043.277626984128,6320.599066666666,4204.844999999999,3190.870431034483,6887.77875,3684.0689855072474,5162.853499149661,6776.434166666666,0.0,3210.9424623667755,3345.309975490196,0.0,6084.0,0.0,596.0,0.0,0.0,29.549999237060547,36200.0,-0.0382425103277728,84.93000030517578,98936.0,0.0871735447921717,810.22998046875,0.0055849975911062,6.877299785614014,-0.001031332490582,8.510000228881836,93552041.0,-0.0596685028146036,4090.570068359375,658600.0,0.0194618012477914,1983.9000244140625,2073.0,0.0161339887349436,291.6000061035156,102331,-0.0208192812075042,4.059500217437744,1044.0,-0.0109634794650408,5058.8798828125,0.0,171.0749969482422,25913.0,0.0161864612172988,11865.0,129380,-0.234516129032258,2.010999917984009,469810,-0.09250909508748,14.800000190734863,19600.0,-0.0067113711648049,4124.509765625,15917210000,0.0369525145619347,67.80000305175781,16943598.0,-0.0272595979867154,1145670.0,0.1045186219684655,58719453.0,-0.0031152174104217,657.75,437529.0,0.0146548399537216,23.46999931335449,38384300.0,0.0477678443324196,1492.5,358012,-0.0086350049817336
2023-04-11,1727,2,11171,63,63103.86819339896,1031.62,3026954.22,103.16,10.32,1145.1,3777.0,125366.11000000002,3504.9199555141577,4751.45625783208,5747.017617391304,4302.807269641495,3978.900507595346,79.0,112.0,251.0,311.0,109.0,60.0,79.0,26.0,59.0,29.0,33.0,0.0,1127.0,52.0,1450.0,7099.475202702703,4302.807269641495,5166.941139663182,4058.520658152501,8037.183797442867,2402.090612244898,2317.672462686567,4539.900833333333,8172.82578125,2847.79675,3742.377428571429,0.0,3471.6675578332206,2855.457967741936,0.0,3659.0,0.0,118.0,0.0,0.0,29.683000564575195,16700.0,0.004500891064249,84.18000030517578,133491.0,-0.0088308018050753,818.8699951171875,0.0106636570562828,6.881100177764893,0.0005525994604493,8.75,180406642.0,0.028202087504491,4104.81005859375,779500.0,0.0034811749942926,1989.0999755859373,2653.0,0.0026210752093773,298.79998779296875,152564,0.0246912947145041,3.986500024795532,1878.0,-0.0179825566528207,5058.8798828125,0.0,174.75,16440.0,0.0214818244472607,12090.0,189316,0.0189633375474083,2.114000082015991,1175962,0.0512183830098005,14.940999984741213,18800.0,0.0095270129857578,4109.10986328125,17894880000,-0.0037337533958817,68.80000305175781,36235948.0,0.0147492618729914,1467081.0,-0.0084556120449946,112627255.0,0.0265624523162841,654.0,801615.0,-0.0057012542759407,17.6299991607666,32703700.0,-0.248828305217074,1500.5,645400,0.00536013400335
2023-04-18,1470,2,9218,55,55914.4008707483,1041.89,3146692.12,104.19,10.42,1156.5,2723.0,59816.8,2738.727155918089,3481.971534601551,4613.811865942029,5540.483109375,2812.606338507672,70.0,57.0,159.0,271.0,48.0,106.0,97.0,18.0,184.0,30.0,27.0,0.0,1127.0,50.0,479.0,4926.467037037037,5540.483109375,2864.127155448718,2884.6101057957194,5066.00880952381,2883.0175613501788,2604.272582380306,4586.4665625,4987.820136382919,1688.1134375,5974.166212121211,0.0,2694.7333605232816,3077.462547619048,0.0,2617.0,0.0,106.0,0.0,0.0,32.560001373291016,21000.0,0.0969241907487392,84.76000213623047,132163.0,0.0068900193508198,800.22998046875,-0.0227630939704537,6.878799915313721,-0.0003342870168646,9.56999969482422,198148598.0,0.0937142508370538,4149.3798828125,865100.0,0.0108579504489956,1994.199951171875,983.0,0.0025639614139734,349.20001220703125,216888,0.1686747873931757,4.065999984741211,2248.0,0.0199422951087919,5058.8798828125,0.0,173.97500610351562,8916.0,-0.0044348720828862,13865.0,188543,0.1468155500413566,2.2330000400543213,658172,0.0562913686951456,15.89799976348877,25700.0,0.0640519228783154,4151.31982421875,18104210000,0.010272288242932,70.5,49255265.0,0.0247092568726092,1044175.0,0.0136694757522737,122483654.0,0.0304414017184138,676.5,640683.0,0.0344036697247707,21.559999465942383,18410100.0,0.2229155128901829,1483.5,465939,-0.0113295568143951
2023-04-24,1751,2,11665,64,58387.54816676185,1030.79,1775695.41,103.08,10.3,1144.17,3227.0,177569.54,3101.2963509654323,3576.8653581267217,4308.391698113208,6253.303462940631,4267.322867240131,81.0,84.0,242.0,271.0,48.0,104.0,105.0,23.0,109.0,28.0,21.0,0.0,1170.0,88.0,853.0,4696.565046296297,6253.303462940631,5462.824432424165,3466.4804066339066,4120.012216748769,2662.9089437134503,3271.872602880658,3903.282890625,3844.684584699454,2106.32,5234.450444444445,0.0,3085.435059698988,2786.267574404762,0.0,3131.0,0.0,96.0,0.0,0.0,31.59000015258789,23700.0,-0.0297911910255267,82.7300033569336,84968.0,-0.023949961398469,813.7999877929688,0.0169576342494315,6.894899845123291,0.0023405143350263,9.539999961853027,132041437.0,-0.0031347684355118,3982.639892578125,838700.0,-0.0401843154744743,1989.0999755859373,1573.0,-0.0025574043279565,318.20001220703125,187557,-0.0887743382483644,3.953000068664551,47181.0,-0.0277914206838966,5058.8798828125,0.0,175.1750030517578,22408.0,0.0068975249670528,12700.0,123959,-0.0840245221781463,2.4100000858306885,553718,0.079265581102301,15.56999969482422,16100.0,-0.0206315306041098,4137.0400390625,18944960000,-0.0034398181207195,65.5,43903063.0,-0.0709219858156028,1840423.0,-0.0256092991207743,108039738.0,-0.0443131482309157,651.25,374332.0,-0.0373244641537324,18.479999542236328,23729700.0,-0.1428571428571429,1444.25,227149,-0.0264577013818672
2023-05-05,1283,2,8962,51,57658.07721745908,1044.45,1104062.4,104.44,10.44,1159.33,2509.0,77899.77,3249.077291170137,3868.7209867634256,4057.1493774349374,3729.007365424431,3327.259349876314,100.0,61.0,112.0,204.0,32.0,24.0,75.0,24.0,89.0,14.0,26.0,0.0,871.0,36.0,841.0,4208.268109253066,3729.007365424431,2737.9634333333333,3468.501671549594,7574.008377976191,5430.480476190476,3673.255859126984,3364.461083333333,4805.598020104895,2392.708125,4231.79,0.0,3245.1257914385205,4560.806885964912,0.0,2394.0,0.0,115.0,0.0,0.0,29.80599975585937,53200.0,-0.0564735798705708,79.30999755859375,133624.0,-0.0413393649167936,806.1199951171875,-0.0094371993007882,6.910999774932861,0.0023350491190901,9.06999969482422,120553641.0,-0.0492662755668936,4030.25,434200.0,0.011954409312928,1983.4000244140625,4444.0,-0.0028655931033308,271.20001220703125,197204,-0.1477058397138598,3.9170000553131104,3718.0,-0.0091070105555557,5058.8798828125,0.0,161.9250030517578,159655.0,-0.0756386457495028,12425.0,89071,-0.0216535433070865,2.13700008392334,600512,-0.1132780050558587,15.005000114440918,23200.0,-0.0362877065804387,4167.8701171875,21160370000,0.0074522068517342,63.20000076293945,37725101.0,-0.0351144921688633,1866440.0,-0.0393600608181682,91317861.0,-0.0432765928042189,639.5,13837.0,-0.0180422264875239,16.899999618530273,15192500.0,-0.0854978334872217,1469.0,2634,0.0171369222779989
2023-05-11,1637,2,9552,55,65019.350830788026,1016.9,3111602.12,101.67,10.17,1128.74,4768.0,90731.34,2833.479648836509,3218.43828718231,4284.284108018207,5695.247624160068,3353.233571707502,107.0,145.0,226.0,266.0,66.0,26.0,86.0,15.0,68.0,41.0,40.0,0.0,1121.0,128.0,2433.0,4671.579822880372,5695.247624160068,3956.3576392671903,2719.4402886756693,9477.029492481202,3327.477045454545,2507.4349807692306,6427.786923076923,4932.944230769231,2026.4721,5135.561748768473,0.0,2769.118774779862,3053.4526583710403,0.0,4667.0,0.0,101.0,0.0,0.0,28.78499984741211,41300.0,-0.0342548452261377,77.01000213623047,131025.0,-0.0290000692619371,795.989990234375,-0.0125663734235247,6.911499977111816,7.237768705614656e-05,9.449999809265137,194399030.0,0.0418963756589498,4062.659912109375,1031700.0,0.0080416629512747,2026.300048828125,697.0,0.0216295371009365,195.1999969482422,128364,-0.2802360318508078,3.9179999828338623,2388.0,0.0002552789141261,5058.8798828125,0.0,164.39999389648438,178222.0,0.0152847972708418,12075.0,115198,-0.028169014084507,2.2660000324249268,664748,0.0603649711911824,14.84000015258789,5300.0,-0.0109963319289968,4138.1201171875,18795580000,-0.0071379383626463,59.400001525878906,38001400.0,-0.0601265694808167,1600402.0,-0.0330425572164226,82341463.0,-0.0226171484873647,656.5,173737.0,0.0265832681782642,17.639999389648438,10214500.0,0.0437869696935839,1435.0,125798,-0.023144996596324
2023-05-15,1589,2,10900,64,60731.174959093776,1130.94,2646953.33,113.09,11.31,1255.34,3039.0,201727.59,3007.7563285707884,4560.546234964583,5400.047450957854,4197.820415079365,2609.762833515403,108.0,140.0,121.0,284.0,39.0,100.0,104.0,14.0,104.0,24.0,33.0,0.0,1414.0,73.0,481.0,5935.668814689266,4197.820415079365,2672.7852818558254,4144.272756686296,3064.2836857142856,3505.1325225,2167.9682263374484,4847.309166666667,5778.146158928571,2858.1615,5902.095820512821,0.0,2979.4555156770057,3364.2173373983737,0.0,2967.0,0.0,72.0,0.0,0.0,28.67399978637696,33500.0,-0.0038561772320152,75.2300033569336,121207.0,-0.0231138648217157,784.0900268554688,-0.0149498907334278,6.951600074768066,0.005801938477761,9.699999809265137,95885371.0,0.0264550269889836,3998.889892578125,688200.0,-0.0156966177112619,2018.0,194.0,-0.0040961598125238,185.6999969482422,99249,-0.0486680335477615,3.737499952316284,2776.0,-0.0460694311660062,5058.8798828125,0.0,165.72500610351562,81789.0,0.0080596852568348,12215.0,70412,0.0115942028985507,2.5850000381469727,765863,0.1407766995398816,14.83199977874756,6700.0,-0.0005391087438051,4136.27978515625,19277850000,-0.0004447265857765,60.20000076293945,36371016.0,0.0134680002779463,915862.0,-0.0280208166913957,70089156.0,0.0115702605444538,592.5,927060.0,-0.0974866717440975,17.639999389648438,12661900.0,0.0,1307.25,666794,-0.0890243902439024
2023-05-24,1236,2,9155,54,90022.92633495147,1055.25,27094220.12,105.52,10.55,1171.32,4911.0,97926.42,3069.0216482243163,5009.389429566496,4169.028310712762,5698.57617480695,3744.08027955922,94.0,624.0,119.0,196.0,43.0,67.0,470.0,11.0,99.0,8.0,20.0,0.0,2579.0,76.0,505.0,4603.657188762626,5698.57617480695,3652.930370370371,4032.945713581291,5905.4781309523805,1875.4910658307208,4508.69837546682,2987.1036363636363,7477.622156084656,1669.3358333333333,3824.085294117647,0.0,3070.616512172046,2679.242850877193,0.0,4761.0,0.0,150.0,0.0,0.0,28.32999992370605,21300.0,-0.0119969263176998,75.98999786376953,139120.0,0.0101022793157419,797.3800048828125,0.0169495562654229,7.030900001525879,0.0114074351091693,9.470000267028809,133805934.0,-0.0237112934802987,3969.330078125,589600.0,-0.0073920050932103,1974.800048828125,166235.0,-0.0214073097977577,186.3000030517578,70607,0.0032310506913086,3.674000024795532,2740.0,-0.0169899473795039,5058.8798828125,0.0,167.35000610351562,55489.0,0.0098054001517731,11770.0,126595,-0.0364306180925092,2.180999994277954,395483,-0.1562862815888471,14.6899995803833,27500.0,-0.0095739077995219,4192.6298828125,15747060000,0.0136233767015645,60.20000076293945,28923542.0,0.0,1652309.0,0.0123751546317645,56804881.0,0.0147058447706203,571.0,758922.0,-0.0362869198312236,14.68000030517578,40309000.0,-0.1678004074200623,1337.25,585959,0.0229489386115893
2023-05-29,1637,3,11296,57,57954.72890042761,1005.16,5336534.66,100.52,10.05,1115.73,3988.0,95417.58,2804.668194026128,4411.209176943235,3865.070147916667,6761.999390819391,2913.9083599226497,107.0,89.0,143.0,300.0,60.0,76.0,66.0,28.0,88.0,25.0,29.0,0.0,1532.0,116.0,1329.0,4486.448026153846,6761.999390819391,3016.501124867725,4186.218568116264,4433.3665705128205,2372.899726568005,2530.79349137931,5756.588947368421,4975.731068181818,2411.8250000000003,2686.0036764705883,0.0,2731.63890455542,3178.955574829932,0.0,3089.0,668.0,231.0,0.0,0.0,27.43000030517578,24200.0,-0.0317684299666081,73.54000091552734,105869.0,-0.0322410450995721,800.6500244140625,0.0041009550167119,7.072299957275391,0.0058882868111518,8.789999961853027,275584747.0,-0.0718057324183296,3833.93994140625,655500.0,-0.0341090647676004,1958.0,44903.0,-0.0085072151168389,186.1999969482422,52025,-0.000536801405676,3.6579999923706055,2655.0,-0.0043549353067346,5058.8798828125,0.0,176.4250030517578,60245.0,0.0542276463535278,11860.0,158276,0.0076465590484282,2.171999931335449,701158,-0.0041265763255925,14.161999702453612,9800.0,-0.0359428109606462,4205.52001953125,19055240000,0.0030744752289231,60.0,42330652.0,-0.0033222717675209,1603638.0,-0.0351437540543413,85601891.0,-0.0016102814263797,594.0,699819.0,0.0402802101576182,13.529999732971191,18626900.0,-0.0783379120093837,1352.5,518021,0.0114040007478033
2023-06-09,1495,3,9300,52,60337.23253511706,1011.6,2645925.77,101.16,10.12,1122.88,3826.0,78152.03,2707.9175540001115,4255.558834314073,4656.478537663604,4325.644223958333,3089.0822981516344,98.0,118.0,134.0,179.0,24.0,99.0,47.0,23.0,88.0,38.0,37.0,0.0,1098.0,136.0,1707.0,3664.1075304414007,4325.644223958333,3520.121814086814,3781.119152642111,3539.761666666667,2682.939850719551,2564.1293604651164,3175.409730769231,5345.760656028368,6358.699642857142,6474.004782608695,0.0,2701.3052176950323,2850.006712031558,0.0,1326.0,2114.0,386.0,0.0,0.0,27.479999542236328,44300.0,0.0018227938937029,76.70999908447266,169001.0,0.0431057673304433,797.0999755859375,-0.0044339583087167,7.105000019073486,0.0046236814043014,7.099999904632568,142794488.0,-0.1922639436353522,3844.25,593900.0,0.0026891549558203,1958.0,1498.0,0.0,182.8999938964844,58731,-0.0177228953052833,3.762500047683716,1872.0,0.0285675384174586,5058.8798828125,0.0,178.22500610351562,23228.0,0.0102026528021639,12055.0,125597,0.016441821247892,2.253999948501587,866528,0.0377532319329863,14.213000297546388,18100.0,0.0036012283691786,4273.7900390625,19960900000,0.0162334311129637,58.0,53378067.0,-0.0333333333333333,1784152.0,0.0387273607380105,107433147.0,-0.0177419108729208,597.5,882059.0,0.0058922558922558,13.5,15869900.0,-0.0022172752079281,1386.5,666217,0.0251386321626616
2023-06-13,1717,3,10876,58,65678.0356144438,1060.64,6259548.02,106.06,10.61,1177.31,5561.0,51638.24,2883.904819907186,3993.167559418146,4070.974283185807,4401.445227891156,3677.830907415997,117.0,121.0,148.0,163.0,67.0,52.0,103.0,27.0,84.0,23.0,37.0,0.0,1505.0,118.0,2996.0,4369.955765398167,4401.445227891156,2748.8636397849464,3433.154935994561,6568.328327922078,3214.1901851851853,5067.632932489451,4355.144117647059,5253.195962121212,4767.9595,3093.903038461539,0.0,2854.549106219888,3062.030799755069,0.0,1607.0,3337.0,617.0,0.0,0.0,28.09000015258789,28900.0,0.022197984734825,71.83999633789062,129616.0,-0.0634858923830674,788.2000122070312,-0.0111654292453892,7.144599914550781,0.0055735250346218,7.159999847412109,134345372.0,0.0084506962796424,3844.429931640625,630900.0,4.680539523316263e-05,1955.300048828125,1205.0,-0.0013789331827758,181.5,72085,-0.0076544228715325,3.750499963760376,1802.0,-0.0031893910355502,5058.8798828125,0.0,178.35000610351562,6932.0,0.000701360615622,12180.0,167604,0.0103691414350892,2.631999969482422,950224,0.1677018764938844,14.378000259399414,20900.0,0.0116090873424881,4338.93017578125,23498470000,0.0152417727879394,62.09999847412109,39977968.0,0.0706896288641567,1290370.0,-0.0697158513225076,122499367.0,0.0344827327012253,617.25,1016409.0,0.0330543933054392,13.220000267028809,15235800.0,-0.020740720960829,1466.5,710885,0.0576992426974396
2023-06-22,1217,3,7073,45,69050.2717748562,1036.83,6084284.17,103.68,10.37,1150.88,4275.0,31450.39,2716.361855185228,3564.406147067772,3175.305459183673,3181.9256398809525,3343.7272809624915,72.0,72.0,101.0,1441.0,55.0,82.0,86.0,26.0,25.0,40.0,30.0,0.0,782.0,91.0,1372.0,3272.4851785714286,3181.9256398809525,3654.998951612903,3404.176479423061,5398.493271889401,3280.940250749967,3279.8358641025643,8252.159260204082,4174.804880952381,1678.3932,5056.525588235294,0.0,2575.7063857292133,2838.863898148148,0.0,153.0,3729.0,393.0,0.0,0.0,28.12800025939941,21800.0,0.001352798383948,75.9000015258789,103666.0,0.0565145517114524,794.0800170898438,0.0074600416033336,7.160399913787842,0.0022114603233249,7.130000114440918,69784784.0,-0.0041899069288436,3930.909912109375,375700.0,0.0224948775257933,1935.5,1092.0,-0.0101263480456577,184.3999938964844,37848,0.0159779278043217,3.878499984741211,1539.0,0.0341287887528727,5058.8798828125,0.0,177.5,4929.0,-0.004765943787085,11970.0,116762,-0.0172413793103448,2.7290000915527344,517219,0.0368541501500805,14.413999557495115,43700.0,0.0025037764255266,4388.7099609375,17329740000,0.0114728246686492,61.09999847412109,19021653.0,-0.0161030599769939,1438971.0,0.0503575255528441,87522525.0,0.0079365079365079,643.75,563480.0,0.0429323612798704,12.539999961853027,9600700.0,-0.0514372383843083,1494.5,416347,0.0190930787589498
2023-06-28,1714,3,11984,59,70695.5595974329,1012.18,11373594.67,101.22,10.12,1123.52,4834.0,274475.805,2699.1059570497514,6042.641899078526,3367.9977625570777,3965.940209199804,3746.0073485958487,94.0,354.0,136.0,261.0,58.0,76.0,94.0,13.0,88.0,21.0,20.0,0.0,1874.0,51.0,1694.0,3339.603,3965.940209199804,3303.3933593750003,6806.466325272912,6048.126928571428,2976.3242691622104,4075.079095982143,7828.90076923077,4735.078050847457,2912.614,3827.50358974359,0.0,2622.188618458802,4358.303095238095,0.0,1667.0,2563.0,604.0,0.0,0.0,27.98500061035156,53100.0,-0.0050838896376953,74.18000030517578,84086.0,-0.0226614122019045,805.1799926757812,0.0139784094134705,7.236499786376953,0.0106278802169381,6.980000019073486,79779947.0,-0.0210378812005381,3809.699951171875,557600.0,-0.0308350900039978,1923.699951171875,1482.0,-0.0060966410891888,185.3999938964844,64715,0.0054229936719052,3.786499977111816,28771.0,-0.0237205125670597,5058.8798828125,0.0,181.5,34149.0,0.0225352112676056,11920.0,113758,-0.0041771094402673,2.7980000972747803,506536,0.0252839880568807,14.321000099182127,51100.0,-0.0064520231141973,4328.81982421875,18347970000,-0.0136464102781485,58.79999923706055,45918141.0,-0.0376431963093207,1625901.0,-0.0160283298357158,231819948.0,-0.0377952996201403,637.25,349234.0,-0.0100970873786407,12.09000015258789,10525800.0,-0.0358851523631615,1557.25,164525,0.0419872867179658
2023-07-05,1394,3,9584,50,73080.54044476326,1006.19,6664130.79,100.62,10.06,1116.87,6188.0,90413.63,2786.964967434985,3750.766687176776,5168.113454545455,4509.816378637566,3148.87350177683,57.0,95.0,118.0,803.0,34.0,69.0,69.0,38.0,57.0,10.0,14.0,0.0,2158.0,100.0,2566.0,5437.858725490196,4509.816378637566,3055.668102240896,3078.3057507084845,3784.921870748299,4913.886018518518,2819.108152542373,2415.472596153846,5479.951952380952,2705.700625,6017.012571428572,0.0,2801.53329572052,3629.200073099416,0.0,2481.0,3312.0,395.0,0.0,0.0,26.46999931335449,18100.0,-0.054136189528496,74.6500015258789,115955.0,0.006335956036257,798.7999877929688,-0.0079237002171531,7.239799976348877,0.0004560478227522,7.400000095367432,159464259.0,0.0601719305367129,3892.8798828125,541300.0,0.0218337225258484,1921.699951171875,376.0,-0.0010396631755288,191.1000061035156,75823,0.0307444034233017,3.7790000438690186,3096.0,-0.0019807033640913,5058.8798828125,0.0,177.0,101154.0,-0.024793388429752,12400.0,123184,0.0402684563758388,2.5820000171661377,417424,-0.0771980245172343,14.927000045776367,18800.0,0.0423154767402627,4455.58984375,12829400000,0.0292851226613777,58.900001525878906,148280629.0,0.0017007192196583,1518301.0,0.0060544637785242,756981189.0,0.1342062975846036,557.25,6263.0,-0.1255394272263632,12.800000190734863,8997700.0,0.0587262224306088,1485.5,3828,-0.0460748113661904
2023-07-14,1550,3,11064,58,69115.89250967742,1088.1,4907680.87,108.81,10.88,1207.79,5702.0,84985.41,3132.816029399838,4730.646552247458,2845.6895294117644,4728.299296213624,2915.934399986709,70.0,136.0,175.0,1229.0,91.0,52.0,92.0,10.0,143.0,19.0,36.0,0.0,1004.0,76.0,2569.0,3193.8586728395057,4728.299296213624,2436.520865497076,4812.241852431425,6098.047090354091,2528.6802368421054,3782.091285714285,2513.9620000000004,4522.125229555097,1722.694,2485.157222222222,0.0,3141.9842372427984,2590.503662981163,0.0,971.0,3929.0,802.0,0.0,0.0,26.707000732421875,23400.0,0.0089535861433822,77.69000244140625,121265.0,0.0407233871853769,812.3900146484375,0.017013053409048,7.230599880218506,-0.0012707666179212,7.769999980926514,56769675.0,0.0499999838906366,3844.330078125,532700.0,-0.0124714366096556,1925.0,758.0,0.0017172549887991,197.6999969482422,129969,0.0345368426683958,3.7715001106262207,3139.0,-0.0019846343359972,5058.8798828125,0.0,180.1750030517578,219766.0,0.0179378703489141,12515.0,132942,0.0092741935483871,2.5390000343322754,687318,-0.0166537500185831,14.960000038146973,52600.0,0.0022107585093726,4409.52978515625,18461090000,-0.0103375894570636,53.59999847412109,56770012.0,-0.0899830715527088,1660088.0,0.0458517969087779,316168951.0,-0.2950938481541381,570.75,109781.0,0.0242261103633916,12.75,16603300.0,-0.0039062648429533,1495.75,28215,0.0069000336587008
2023-07-21,1138,3,8274,46,57291.61695957821,1007.37,4391415.98,100.74,10.07,1118.18,3793.0,74356.64,2714.9423545295144,3468.814616036243,3868.4264335915086,4810.525408866995,3522.329946068876,56.0,55.0,131.0,251.0,69.0,21.0,65.0,10.0,100.0,60.0,12.0,0.0,746.0,83.0,2134.0,4614.815354609929,4810.525408866995,3641.623096021948,3127.068491950581,5589.703973616473,3157.338333333333,3207.204930555556,3674.0949999999993,4068.613935860058,2439.5504563492063,4257.245555555555,0.0,2697.9159762075533,3652.407460317461,0.0,1727.0,1671.0,395.0,0.0,0.0,27.472999572753903,42900.0,0.0286815748427384,78.5,141258.0,0.0104260205063662,817.97998046875,0.0068808893751994,7.170599937438965,-0.0082980587743056,7.96999979019165,63289499.0,0.0257400012556097,3867.169921875,440800.0,0.0059411765602446,1952.4000244140625,835.0,0.0142337789163962,226.6000061035156,83208,0.1461811310135701,3.8320000171661377,2715.0,0.016041337601836,5058.8798828125,0.0,180.02499389648438,95317.0,-0.0008325747341896,13575.0,119084,0.0846983619656411,2.713000059127808,607852,0.0685309265233202,15.369999885559082,18900.0,0.0274064068426898,4522.7900390625,19075880000,0.0256853359484081,51.0,34698443.0,-0.0485074355995813,1111865.0,0.0158926386636486,212116426.0,-0.0777891372724123,499.25,658845.0,-0.1252737625930793,12.800000190734863,17909600.0,0.003921583587048,1501.0,142387,0.0035099448437239
2023-07-27,1722,3,11428,61,60222.45817653891,1045.95,4804244.83,104.6,10.45,1161.0,3389.0,55775.36,3034.1501564599625,4267.13189254386,3611.410942367602,6075.632113378685,3384.1435370171566,100.0,100.0,112.0,250.0,71.0,153.0,86.0,22.0,80.0,13.0,23.0,0.0,1181.0,159.0,1039.0,3714.031385416667,6075.632113378685,3607.5685251322743,4198.470909391534,8202.495491663509,4189.858670634921,3581.3518783068785,4651.967807017544,4402.308203125,3622.7545454545457,3090.51,0.0,2995.141862855148,2806.517157333408,0.0,347.0,2514.0,528.0,0.0,0.0,27.549999237060547,31000.0,0.0028027396172278,82.73999786376953,99018.0,0.0540127116403761,828.0599975585938,0.012323060870105,7.185299873352051,0.0020500287341838,8.010000228881836,74423480.0,0.0050188757519682,3805.219970703125,636900.0,-0.0160194541288318,1960.300048828125,217480.0,0.0040463144413416,205.8000030517578,49879,-0.0917917144373593,3.8405001163482666,4417.0,0.002218188711913,5058.8798828125,0.0,178.14999389648438,43295.0,-0.0104152204614329,13610.0,86010,0.0025782688766113,2.638000011444092,430287,-0.0276446907663643,15.333000183105469,20500.0,-0.0024072675815942,4554.64013671875,20193230000,0.0070421349169798,49.29999923706055,28473979.0,-0.0333333482929304,1713821.0,0.0619015002486369,138765631.0,0.0155383079865536,560.5,513678.0,0.1226840260390584,13.880000114440918,14598000.0,0.0843749927822501,1486.75,124400,-0.009493670886076
2023-08-04,1629,3,14105,67,63941.731160221,1016.33,4275428.24,101.63,10.16,1128.12,3237.0,132189.24,3313.576239082063,4103.792062770563,3947.202178333333,4416.496437962963,3500.7814505658766,79.0,128.0,143.0,191.0,62.0,64.0,91.0,15.0,56.0,38.0,39.0,0.0,1187.0,104.0,1040.0,4249.505178160919,4416.496437962963,3001.514178333333,3740.5951570247935,4145.858360544218,3817.243583333333,3808.9199652777775,3306.473214285714,5435.514050505051,2378.4860294117643,4312.5862,0.0,3313.704386436636,4044.717806722689,0.0,195.0,2517.0,473.0,0.0,0.0,28.89999961853028,39000.0,0.0490018300854866,85.55999755859375,135334.0,0.034082665792031,840.22998046875,0.0146969820375788,7.095699787139893,-0.0124699160496357,8.229999542236328,61261515.0,0.0274655814067565,4014.6298828125,775100.0,0.0550322750646872,1970.5,3428.0,0.0052032601733456,207.3999938964844,40172,0.0077744937852317,3.994499921798706,5250.0,0.0400988935776598,5058.8798828125,0.0,180.8999938964844,56396.0,0.0154364305036009,13935.0,148359,0.0238795003673768,2.57699990272522,624174,-0.0231236195808349,15.789999961853027,33900.0,0.029804980975028,4588.9599609375,21109110000,0.007535134102488,50.400001525878906,19823387.0,0.0223124199967825,1743468.0,0.0388621446660755,87853250.0,0.0163934426229508,504.0,584083.0,-0.1008028545941124,15.140000343322754,11481300.0,0.0907781137242871,1444.0,7016,-0.0287539936102236
2023-08-09,1700,3,9548,54,62136.34539411765,1002.43,3540366.71,100.24,10.02,1112.69,4827.0,121322.22,3120.392435293757,3661.1887285902985,3600.518095709571,4181.433234457672,3253.1451302040814,95.0,155.0,121.0,253.0,59.0,68.0,92.0,21.0,122.0,16.0,30.0,0.0,1410.0,29.0,2356.0,3544.072502283105,4181.433234457672,2351.990882936508,2994.402358656198,5663.348489326765,2537.774057017544,3830.2875579150577,3860.737416666667,5098.228318965517,3186.932727272728,4110.516176470588,0.0,3109.739989518608,5193.640254901961,0.0,2015.0,2185.0,512.0,0.0,0.0,28.88599967956543,15800.0,-0.0004844269601952,85.33999633789062,137047.0,-0.0025713093382507,858.5999755859375,0.0218630560015713,7.192299842834473,0.0136138870854789,7.980000019073486,58230035.0,-0.0303766144675762,3990.14990234375,549100.0,-0.0060976929837428,1933.5,1617.0,-0.0187769601623953,195.3000030517578,57015,-0.058341326908456,3.812999963760376,3177.0,-0.0454374669149076,5058.8798828125,0.0,180.375,19610.0,-0.0029021222454259,13005.0,100269,-0.0667384284176534,2.7699999809265137,1122424,0.0748933199404442,15.579999923706056,27800.0,-0.0132995591294685,4518.43994140625,19439590000,-0.0153673207287786,50.5,22072739.0,0.0019840966486825,1889163.0,0.001711483917181,86122643.0,-0.0021505048198084,482.25,677401.0,-0.0431547619047618,14.5,8676100.0,-0.0422721485343304,1401.25,805,-0.0296052631578946
2023-08-18,1675,3,10826,60,61204.35504477612,1024.98,3763578.57,102.5,10.25,1137.73,3904.0,67222.26,3302.1070842826502,4139.541408480264,4800.814774160206,2737.39709375,2843.701771749756,144.0,72.0,101.0,254.0,55.0,73.0,96.0,14.0,79.0,8.0,9.0,0.0,1674.0,70.0,1255.0,4492.358860630051,2737.39709375,3184.3897573839663,3603.743576093274,4854.040141025641,3138.438365384616,2327.047894736842,5747.506944444444,5746.934905641233,8592.456666666667,3621.897142857143,0.0,3268.9865444158986,3242.132216520039,0.0,337.0,3076.0,452.0,0.0,0.0,28.679000854492188,24800.0,-0.0071660606303917,86.20999908447266,146687.0,0.0101945486748955,859.5499877929688,0.001106466613143,7.257299900054932,0.0090374509740742,7.760000228881836,63932927.0,-0.0275688959480971,3855.909912109375,507700.0,-0.0336428438830141,1910.5999755859373,405.0,-0.0118438191952742,182.8999938964844,44198,-0.0634921093779358,3.724499940872192,2654.0,-0.0232100770336503,5058.8798828125,0.0,178.52499389648438,11135.0,-0.0102564440943346,13320.0,84528,0.0242214532871971,2.5510001182556152,642475,-0.0790613228082576,15.385000228881836,16500.0,-0.0125160266867212,4489.72021484375,19366670000,-0.0063561155918698,49.5,37998077.0,-0.0198019801980198,1269633.0,0.0069563055631076,142679467.0,-0.0506465993865901,475.75,370065.0,-0.013478486262312,13.920000076293944,20128100.0,-0.0399999947383487,1362.75,56930,-0.0274754683318465
2023-08-24,1249,3,8365,52,59851.37648518816,1038.01,2900087.39,103.8,10.38,1152.19,3010.0,36826.96,3001.5323408658005,4265.230587380656,3889.000069651741,4287.664077733861,3551.0034932530707,59.0,64.0,114.0,139.0,21.0,33.0,50.0,20.0,38.0,20.0,9.0,0.0,1161.0,66.0,1216.0,4044.910644927536,4287.664077733861,3621.481584385763,4072.132243120864,4139.824270833334,3029.8032608695653,3335.4103750000004,7683.019930555555,5011.877518518519,2053.6438461538464,5974.968125,0.0,2922.74152589206,3685.544618226601,0.0,944.0,1662.0,350.0,0.0,0.0,28.302000045776367,23800.0,-0.0131455349727348,84.45999908447266,138854.0,-0.0202992694418807,869.030029296875,0.0110290752586104,7.197999954223633,-0.0081710755581217,7.340000152587891,77448828.0,-0.0541237195755166,3729.56005859375,513600.0,-0.0327678437504016,1893.300048828125,2001.0,-0.0090547089808826,182.0,43511,-0.0049206884992777,3.711999893188477,1741.0,-0.0033561680446121,5058.8798828125,0.0,180.6750030517578,6542.0,0.0120431829087197,13605.0,91534,0.0213963963963963,2.539999961853028,415852,-0.0043120956066867,15.0,19800.0,-0.0250243888953011,4399.77001953125,18106530000,-0.0200346994931019,49.29999923706055,35162735.0,-0.0040404194533222,1542148.0,-0.0216943506142675,74810859.0,-0.0215664195094967,469.25,401780.0,-0.0136626379400945,12.619999885559082,10210600.0,-0.0933908177880536,1381.0,61326,0.013392038158136
2023-08-28,1929,3,13226,63,74678.97618455159,1014.97,5303124.9,101.5,10.15,1126.62,6107.0,170692.20333333334,3476.2006912732045,4426.877715378295,5214.549034575805,5049.484964114832,3413.203773382643,442.0,94.0,226.0,296.0,93.0,253.0,126.0,35.0,57.0,29.0,105.0,0.0,1452.0,57.0,2842.0,4475.133464787656,5049.484964114832,3530.158043003833,4166.195174210682,6066.715549076773,4213.5121227452655,3400.5489678899085,5870.4415320910975,5546.279215686275,1651.2502777777777,8536.924968380254,0.0,3416.083290248301,2757.0559916666666,0.0,2613.0,2826.0,579.0,0.0,0.0,28.089000701904297,18500.0,-0.0075259467008536,84.41999816894531,108249.0,-0.0004736078138876,849.4500122070312,-0.0225308866549591,7.289100170135498,0.0126563234914178,7.579999923706055,105949358.0,0.0326975158213787,3752.6201171875,704500.0,0.006183050609579,1917.9000244140625,2827.0,0.0129931732696906,181.8999938964844,65793,-0.0005494840852505,3.753999948501587,40862.0,0.0113146703991506,5058.8798828125,0.0,180.1499938964844,46307.0,-0.0029058206525836,12980.0,136719,-0.0459389930172731,2.765000104904175,653740,0.0885827348150827,15.015000343322754,33500.0,0.0010000228881836,4433.31005859375,16568780000,0.0076231345987656,46.09999847412109,24727824.0,-0.0649087385894705,1619479.0,-0.0076809060605292,54226127.0,-0.0255220072636793,478.5,276360.0,0.0197123068726692,11.800000190734863,9606000.0,-0.0649762046164941,1356.25,30254,-0.0179217958001448
2023-09-06,1456,3,12066,52,72760.40841346154,1008.58,8128301.3,100.87,10.09,1119.54,4526.0,224381.8566666667,2915.335228275223,3141.8173195729137,7949.870760942761,4653.377969924812,3359.270982656425,83.0,75.0,128.0,1448.0,45.0,83.0,89.0,14.0,74.0,30.0,42.0,0.0,1459.0,167.0,789.0,4591.562827160494,4653.377969924812,3125.5851136363635,2668.980110675051,5030.126996190476,3199.8864229559745,3194.0397569444444,3958.078461538461,4356.149242424242,2746.8979411764703,17585.555273809525,0.0,2893.4712572551875,3938.931781317641,0.0,632.0,3435.0,459.0,0.0,0.0,28.104999542236328,13600.0,0.0005695767002116,90.04000091552734,121739.0,0.0665719363714627,857.3099975585938,0.0092530287110605,7.271900177001953,-0.0023596867558516,8.029999732971191,86627560.0,0.0593667300520395,3848.949951171875,506600.0,0.0256700201395743,1926.199951171875,283.0,0.004327611790061,188.6999969482422,33431,0.0373831956015762,3.811000108718872,3688.0,0.0151838468298426,5058.8798828125,0.0,183.2250061035156,112911.0,0.01706917741445,12830.0,97303,-0.0115562403697997,2.6050000190734863,536554,-0.0578662132948575,15.043999671936035,6200.0,0.0019313571728405,4496.830078125,13968150000,0.0143278991750463,46.5,30387519.0,0.0086768229743752,1325196.0,0.0822722108966615,57940726.0,0.0214286077590215,471.0,3368.0,-0.0156739811912225,11.6899995803833,7836200.0,-0.0093220854723318,1349.5,695,-0.0049769585253456
2023-09-14,1392,3,9509,53,62914.4608908046,1078.72,4743979.7,107.87,10.79,1197.38,5738.0,84539.76999999999,2846.4670808260944,3472.237478432622,3478.174305555556,9213.999651360544,2509.6774841269844,80.0,81.0,100.0,604.0,34.0,114.0,70.0,10.0,89.0,9.0,30.0,0.0,1557.0,96.0,2864.0,3277.238692307692,9213.999651360544,2358.061761904762,3007.140252327976,2083.318105590062,2777.434707692308,2484.9442727272726,4796.977777777777,4304.516725146199,1558.850625,5149.668676470588,0.0,2820.7272035935944,2809.013163690476,0.0,2030.0,3344.0,364.0,0.0,0.0,28.006000518798828,19700.0,-0.0035224702028093,90.63999938964844,164635.0,0.0066636880055563,886.239990234375,0.0337450779276653,7.288000106811523,0.0022139921365378,8.050000190734863,80386097.0,0.0024907171144166,3767.5400390625,476200.0,-0.0211512004941992,1923.300048828125,607.0,-0.0015055043179633,184.6000061035156,54482,-0.0217275617966817,3.7699999809265137,2916.0,-0.01075836437227,5058.8798828125,0.0,186.9250030517578,169643.0,0.0201937335242976,12475.0,99086,-0.0276695245518316,2.6440000534057617,786642,0.0149712222828106,14.940999984741213,13300.0,-0.0068465627121067,4487.4599609375,20916040000,-0.0020837160899366,46.0,70427317.0,-0.010752688172043,1619770.0,0.0069211957229626,192619611.0,-0.009324044560642,471.25,224653.0,0.0005307855626326,11.43000030517578,11141700.0,-0.0222411706193573,1340.25,253936,-0.0068543905150055
2023-09-19,1422,3,8556,55,94754.90863572434,1028.34,13707769.95,102.83,10.28,1141.45,8240.0,63524.61,2645.381691954483,3659.538405052044,4019.32874549554,4600.759608465609,3314.7174214105,92.0,88.0,136.0,126.0,39.0,98.0,91.0,11.0,18.0,19.0,1019.0,0.0,2914.0,168.0,3421.0,4471.690895081967,4600.759608465609,2555.0446649484534,3163.58069306184,2671.5828846153845,3441.693983050848,4788.929702702703,2566.9390909090907,6294.31375,2476.61125,2721.9742913776017,0.0,2646.641354161051,2545.0771727408355,0.0,1903.0,5528.0,809.0,0.0,0.0,28.459999084472656,31300.0,0.0162107604536065,94.43000030517578,191269.0,0.0418137791377808,886.1199951171875,-0.0001353979943465,7.290599822998047,0.0003567118754697,8.130000114440918,82754672.0,0.0099378784857833,3727.7099609375,438500.0,-0.0105719057294773,1931.5,154.0,0.0042634799374499,182.6999969482422,57032,-0.0102925736319204,3.741499900817871,3447.0,-0.0075597029848362,5058.8798828125,0.0,187.0749969482422,72684.0,0.0008024282147147,12445.0,86918,-0.0024048096192385,2.63700008392334,586035,-0.0026474921864714,15.159000396728516,8000.0,0.0145907511016625,4453.52978515625,17096470000,-0.0075611094197175,50.900001525878906,39265691.0,0.1065217723017153,1424828.0,0.0480009439507398,118978851.0,0.0705882352941176,471.5,649067.0,0.0005305039787797,11.550000190734863,13342900.0,0.0104986773714035,1296.25,650390,-0.0328296959522477
2023-09-25,2071,3,13314,65,57107.14935779816,1002.6,3131976.43,100.26,10.03,1112.89,5238.0,62228.19500000001,3016.690539332061,3966.02468889576,3663.699322916667,4044.8917578685086,2856.284758495145,74.0,121.0,121.0,207.0,47.0,84.0,99.0,28.0,42.0,28.0,35.0,0.0,2052.0,99.0,2201.0,4141.799583333333,4044.8917578685086,2377.356404320988,3467.9515449922246,5354.14069124424,3426.0271168582376,3569.7578065134103,5906.216416666667,6196.526159420289,2316.142395833333,3307.4440833333333,0.0,2967.7155244619826,2243.6805877192983,0.0,1444.0,3124.0,670.0,0.0,0.0,28.694000244140625,32600.0,0.0082221070694143,93.29000091552734,117658.0,-0.0120724281050961,902.9000244140624,0.0189365203238143,7.309899806976318,0.0026472422635774,8.1899995803833,83265932.0,0.0073800080071104,3714.60009765625,347400.0,-0.0035168678407461,1916.5999755859373,18785.0,-0.0077142243924736,172.5,45245,-0.055829212471918,3.649499893188477,5262.0,-0.0245890712463424,5058.8798828125,0.0,184.1999969482422,60447.0,-0.0153681680978213,12295.0,93246,-0.0120530333467255,2.928999900817871,467610,0.110731819340746,15.236000061035156,18300.0,0.0050794684538209,4337.43994140625,18256060000,-0.0260669287846532,49.20000076293945,15566590.0,-0.0333988352058325,1913506.0,-0.0196764646447882,42834391.0,0.00989012665801,481.25,668630.0,0.02067868504772,10.890000343322754,11767400.0,-0.0571428429881365,1275.0,703748,-0.0163934426229508
2023-10-06,1502,3,9222,53,67235.52900798935,1061.63,4334226.83,106.16,10.62,1178.41,6418.0,104053.455,2964.127639793872,3734.476176509456,4044.283852840434,4047.4507936507935,2515.7594763654997,115.0,31.0,105.0,171.0,49.0,101.0,67.0,26.0,36.0,27.0,24.0,0.0,1984.0,536.0,3146.0,4735.32414048583,4047.4507936507935,2343.2265492957745,2781.9390489937987,7453.289691609978,3562.651010928962,2658.028694444444,5470.522380952381,7091.035578231293,1877.7992857142856,3732.9887962962966,0.0,2894.9630017329937,2602.124237696052,0.0,3267.0,2560.0,591.0,0.0,0.0,27.597999572753903,35300.0,-0.0381961616387219,90.70999908447266,223581.0,-0.0276557166441754,908.0800170898438,0.0057370611758957,7.179900169372559,-0.0177840519072084,7.739999771118164,27884618.0,-0.0549450344714274,3714.60009765625,347400.0,-0.0035168678407461,1830.0,3759.0,-0.0451841681566661,175.6999969482422,38358,0.0185507069463315,3.631999969482422,2243.0,-0.0047951566565921,5058.8798828125,0.0,183.0749969482422,51637.0,-0.0061074919578641,12765.0,87289,0.0382269215128101,3.338000059127808,876888,0.1396381605187937,14.836000442504885,16800.0,-0.0262535847287923,4288.39013671875,19153590000,-0.011308468901035,47.34999847412109,24635922.0,-0.0376016719538733,2072283.0,-0.0095896588695921,57719980.0,-0.0326441779128284,488.75,738772.0,0.0155844155844155,9.920000076293944,11130600.0,-0.0890725653304106,1266.0,774673,-0.0070588235294117
2023-10-09,1709,3,11854,63,70552.38712697483,1034.98,13605887.84,103.5,10.35,1148.83,6384.0,103784.15,2868.2837633182644,3613.949668134882,4666.242232445823,4502.219898258863,2576.786630479344,105.0,525.0,134.0,188.0,49.0,101.0,38.0,15.0,172.0,1025.0,31.0,0.0,1210.0,100.0,2691.0,3957.188842105263,4502.219898258863,2784.524097866419,2993.921291231644,4347.948220899471,2674.7368154158216,2098.1477272727275,5634.406923076923,4366.841268660242,8295.37886892881,4640.099761904762,0.0,2823.7793065399687,2571.8914796747968,0.0,1537.0,4275.0,572.0,0.0,0.0,28.11100006103516,15300.0,0.0185883214806523,88.1500015258789,189645.0,-0.0282217791250309,920.5499877929688,0.0137322377636808,7.29040002822876,0.0153901664716122,7.849999904632568,92690448.0,0.0142119039750969,3684.72998046875,516100.0,-0.0080412740004898,1849.5,622.0,0.0106557377049181,178.0,67510,0.0130905127587188,3.642499923706055,1819.0,0.0028909565836614,5058.8798828125,0.0,185.125,14748.0,0.0111976134695082,13230.0,126038,0.036427732079906,3.236000061035156,889324,-0.03055721877947,15.008999824523926,23500.0,0.0116607830182722,4335.66015625,17576230000,0.0110227889777347,45.25,20116512.0,-0.0443505499851035,1928441.0,-0.0274713178314549,46606266.0,-0.0427446905122,488.25,674800.0,-0.0010230179028133,9.770000457763672,13329800.0,-0.0151209291710319,1280.25,884914,0.011255924170616
2023-10-17,1404,3,9986,55,65981.5647934473,1063.34,12175293.6,106.33,10.63,1180.3,3494.0,84191.27,3026.345257470294,3938.4824241881306,5204.913595165041,6671.797373333334,3062.335528903904,141.0,67.0,100.0,269.0,33.0,82.0,63.0,9.0,40.0,1025.0,31.0,0.0,1212.0,69.0,353.0,5196.869717387763,6671.797373333334,2430.820313296904,3790.7643533915193,6007.58511904762,3221.349912121212,3295.217533333333,3734.639375,4583.518,5124.36769667708,5321.082380952381,0.0,3018.238887026463,3788.776824324324,0.0,199.0,2944.0,351.0,0.0,0.0,27.924999237060547,10000.0,-0.0066166562402889,89.6500015258789,156282.0,0.0170164489397046,946.5800170898438,0.0282766059877772,7.309299945831299,0.0025924390334355,7.710000038146973,75873134.0,-0.0178343781129191,3626.60009765625,487300.0,-0.0157758867327111,1921.0999755859373,2725.0,0.0387131525201067,162.10000610351562,55587,-0.0893258084072156,3.586999893188477,2191.0,-0.0152367966177222,5058.8798828125,0.0,184.2749938964844,9665.0,-0.0045915252046757,12355.0,107941,-0.0661375661375661,2.8989999294281006,704155,-0.1041409534149554,14.88700008392334,12500.0,-0.0081284390716858,4373.6298828125,18864600000,0.0087575421490924,45.0,23445724.0,-0.005524861878453,909676.0,0.0032415653808131,57867119.0,-0.0035252106667723,490.0,878771.0,0.0035842293906809,9.6899995803833,9775200.0,-0.0081884210472885,1302.25,736142,0.0171841437219293
2023-10-24,1773,3,10047,51,54507.113451776655,1000.95,5258867.35,100.1,10.01,1111.06,3457.0,37419.69,2747.7275334379497,3543.7484292703825,3331.134185139573,4968.453679316488,2416.9446764705885,79.0,162.0,109.0,262.0,106.0,76.0,69.0,29.0,91.0,35.0,39.0,0.0,1324.0,61.0,1015.0,4085.701225490197,4968.453679316488,2269.7939590163937,3271.147169173752,4619.571260504202,3423.6587031408308,2645.4042,4636.267545454545,4258.68380952381,1705.5910869565218,2774.2114857142856,0.0,2700.6210932289187,2319.0733800000003,0.0,203.0,2774.0,480.0,0.0,0.0,27.31100082397461,309400.0,-0.021987410200931,89.83000183105469,170011.0,0.0020078115126838,932.47998046875,-0.0148957683096276,7.3140997886657715,0.0006566761345194,7.579999923706055,65681767.0,-0.0168612339556047,3474.239990234375,565400.0,-0.0420118301767928,1976.300048828125,1127.0,0.0287335765674305,159.6999969482422,51224,-0.014805731430638,3.572999954223633,2936.0,-0.0039029660947103,5058.8798828125,0.0,184.0,4770.0,-0.001492301753318,11680.0,112317,-0.0546337515176041,3.1640000343322754,425582,0.09141086973274,14.5,10200.0,-0.0259958407833467,4217.0400390625,19764430000,-0.0358031767537914,44.5,12256319.0,-0.011111111111111,1791119.0,-0.0135011048799598,30235849.0,-0.0106132251590791,490.25,781834.0,0.0005102040816327,8.050000190734863,12930700.0,-0.1692465903681251,1297.25,569888,-0.0038395085429064
2023-10-31,1711,3,11845,57,59041.549836353006,1042.22,6994181.05,104.22,10.42,1156.86,7188.0,67343.05,2706.989454219504,3430.702565906556,3153.8587122807016,3647.862293664432,3093.894153738154,85.0,634.0,178.0,3187.0,35.0,130.0,93.0,26.0,46.0,24.0,32.0,471.0,917.0,128.0,1202.0,3364.762101190476,3647.862293664432,3115.654027432217,2721.3055741946305,7770.48064516129,2523.7855392857145,3677.841753246753,2845.9567647058825,6014.934464285715,2396.638,3135.01375,2493.6075338105684,2813.65385840695,2153.2710904761902,0.0,3520.0,2894.0,774.0,0.0,0.0,28.05699920654297,224500.0,0.0273149412347237,87.44999694824219,155005.0,-0.0264945434075425,918.446044921875,-0.0150501199391114,7.158699989318848,-0.0212466063954633,7.960000038146973,74181931.0,0.0501319417237047,3583.77001953125,542100.0,0.0315263279464714,1996.199951171875,333.0,0.0100692717968355,137.3000030517578,117179,-0.1402629575737818,3.649499893188477,2751.0,0.0214105625370675,5058.8798828125,0.0,183.875,100655.0,-0.0006793478260869,11595.0,226659,-0.0072773972602739,3.515000104904175,737739,0.110935545753233,14.786999702453612,17400.0,0.0197930829278352,4166.81982421875,21626250000,-0.0119088778808262,47.45000076293945,26492789.0,0.0662921519761674,1788930.0,-0.0371973375206207,36917267.0,0.030989254193507,478.25,855139.0,-0.0244773074961753,7.900000095367432,13253500.0,-0.0186335517780575,1327.5,92059,0.0233185584891115
2023-11-10,1628,3,9646,51,67725.21242014742,1028.11,12357823.09,102.81,10.28,1141.1999999999998,5341.0,52951.9,2959.633343755489,4199.128282288547,3790.869565426846,4321.921025641026,2940.207623284734,86.0,50.0,139.0,260.0,57.0,75.0,102.0,17.0,97.0,2072.0,20.0,1646.0,0.0,47.0,673.0,4310.414078947368,4321.921025641026,2756.471751482213,4216.534407022458,4690.045899267399,2677.875409356725,3114.0653294573644,4948.821176470588,4153.098752436647,1715.2441916464925,2601.3335714285718,2916.7193930497065,0.0,2997.617549019608,0.0,566.0,4158.0,617.0,0.0,0.0,27.8759994506836,127400.0,-0.0064511444907893,85.18000030517578,153913.0,-0.0259576526275915,869.6134033203125,-0.0531687646449784,7.298500061035156,0.0195286954230373,7.670000076293945,126813007.0,-0.0364321558370918,3632.610107421875,587900.0,0.013628131164793,1981.5999755859373,578.0,-0.0073138843517989,115.0,232460,-0.1624180812534389,3.7095000743865967,1972.0,0.016440658433805,5058.8798828125,0.0,174.1750030517578,217022.0,-0.0527532124989378,10020.0,193669,-0.1358344113842173,3.032999992370605,793972,-0.1371266282072302,14.670000076293944,15000.0,-0.0079123303248768,4365.97998046875,18742940000,0.0477966805985763,47.45000076293945,20609470.0,0.0,1667495.0,-0.018102270780762,49167692.0,-0.0219653355592936,477.25,1157944.0,-0.0020909566126502,7.739999771118164,11118100.0,-0.0202532053566799,1333.5,3657,0.0045197740112994
2023-11-16,1527,3,10528,55,89125.76726915521,1079.1,11644169.5,107.91,10.79,1197.8,7312.0,64050.99999999999,2796.6232829990463,3694.784469192471,4921.530262749799,4956.48252515015,2606.631449026785,44.0,149.0,145.0,642.0,63.0,101.0,54.0,16.0,81.0,2123.0,26.0,1479.0,0.0,120.0,2269.0,4742.659324324324,4956.48252515015,2539.903617496808,3386.496847714824,5922.531231398809,3216.0249878024983,2510.224418604651,3684.4595,4280.53095,1799.9506315147823,8961.78017857143,2784.7060183413155,0.0,2813.940275094697,0.0,1499.0,5161.0,652.0,0.0,0.0,27.57299995422364,75200.0,-0.0108695473680148,82.5199966430664,153123.0,-0.0312280306712765,901.6378173828124,0.0368260355006326,7.18179988861084,-0.0159896103923256,7.769999980926514,107531768.0,0.0130377970844672,3579.409912109375,477300.0,-0.0146451707558169,1945.5,270.0,-0.0182175898418968,119.3000030517578,83595,0.0373913308848503,3.662499904632568,2551.0,-0.0126702166899944,5058.8798828125,0.0,175.75,81032.0,0.0090426118596027,9944.0,128891,-0.0075848303393213,2.9600000381469727,805560,-0.0240685639324962,14.699999809265137,15700.0,0.0020449715620431,4411.5498046875,20115520000,0.0104374789675185,45.75,40291070.0,-0.0358272020148675,1034855.0,-0.0316752978007953,87722525.0,-0.0200945269373995,477.25,992939.0,0.0,7.130000114440918,29900700.0,-0.078811327482652,1340.25,498907,0.0050618672665916
2023-11-23,1936,3,12759,58,55517.27422004132,1021.5,5470498.4,102.15,10.22,1133.87,3713.0,86760.0,2906.6440706183325,4871.797713072682,4022.330986394558,4677.3863472906405,3320.045577218852,78.0,63.0,285.0,284.0,50.0,125.0,131.0,22.0,112.0,33.0,15.0,1758.0,0.0,103.0,654.0,4293.410132275132,4677.3863472906405,3046.43462444773,3898.126425205213,5230.347039473684,2669.2673213044086,3680.983292079208,4373.974461538462,7414.161631393298,3279.777142857143,3810.280204081632,2886.958523578124,0.0,3079.9923528368795,0.0,125.0,2904.0,684.0,0.0,0.0,28.166000366210938,29900.0,0.0215065612364193,82.31999969482422,147478.0,-0.0024236179881012,860.1034545898438,-0.046065462198037,7.209700107574463,0.0038848505105062,7.300000190734863,122704909.0,-0.0604890336351849,3576.320068359375,454300.0,-0.0008632271312505,1977.699951171875,12411.0,0.0165509900652145,122.1999969482422,36918,0.0243084142690781,3.8125,2408.0,0.0409556585046466,5058.8798828125,0.0,170.25,40147.0,-0.0312944523470839,10420.0,115068,0.0478680611423973,2.8550000190734863,369941,-0.0354729789595607,15.121000289916992,11000.0,0.0286394888513199,4547.3798828125,11838180000,0.030789650834424,46.95000076293945,21365717.0,0.0262295248729935,1569064.0,-0.0084334736020129,40889095.0,0.0132689801432357,469.5,680478.0,-0.0162388685175484,7.019999980926514,13362600.0,-0.0154277884640721,1330.75,461688,-0.0070882298078717
2023-11-30,2114,3,15653,73,73866.92522705771,1044.8,11835335.35,104.48,10.44,1159.72,5845.0,68850.0,2798.03997460187,4686.886422430681,3797.953673844874,3610.261983959668,3954.695671789179,109.0,144.0,245.0,216.0,100.0,98.0,153.0,16.0,82.0,1082.0,48.0,1668.0,0.0,221.0,1663.0,3850.8924357142855,3610.261983959668,4263.2288451797385,4391.798898960856,4405.656494427559,3667.9889736263735,4614.329555555555,4853.46625,5557.3946166666665,4312.681947598024,3437.6530555555555,2765.607212859888,0.0,2366.193325365419,0.0,344.0,4794.0,707.0,0.0,0.0,28.670000076293945,135200.0,0.0178939041230583,79.9800033569336,127172.0,-0.02842561159579,855.2303466796875,-0.0056657229826847,7.081900119781494,-0.0177261170209704,7.179999828338623,97999550.0,-0.0164384053782004,3511.93994140625,497100.0,-0.0180017799644703,2011.800048828125,193303.0,0.0172423009041609,118.5999984741211,52522,-0.0294598900493089,3.762500047683716,44580.0,-0.0131147415911565,5058.8798828125,0.0,169.27499389648438,47624.0,-0.005726908097008,10775.0,149497,0.0340690978886755,2.813999891281128,676762,-0.0143608152428887,15.324999809265137,15200.0,0.0134911391731258,4550.43017578125,21205410000,0.0006707803278716,46.0,35555500.0,-0.0202343077210203,1816495.0,-0.0353092515160717,93621136.0,0.0,455.5,519370.0,-0.0298189563365282,6.630000114440918,21733400.0,-0.0555555366873552,1325.0,580750,-0.0043208716888972
2023-12-09,1937,3,13299,69,51917.84940113578,1002.03,11510417.52,100.2,10.02,1112.25,4241.0,43490.7,2925.0979874282275,3362.222641387419,2657.7496810807656,3984.424188988096,2443.917178130512,121.0,63.0,113.0,265.0,47.0,89.0,83.0,21.0,62.0,1081.0,28.0,1489.0,0.0,53.0,726.0,2781.758275,3984.424188988096,2349.7691853932583,3098.710801369863,2400.9427651515152,1909.2939735449736,2623.5597222222223,6022.619545454546,4256.937260981912,1756.2399486461252,2811.686842105263,2890.7504701517264,0.0,2281.235327380952,0.0,146.0,3549.0,546.0,0.0,0.0,28.809999465942383,94600.0,0.0048831318198774,78.02999877929688,145614.0,-0.0243811514852564,855.7864379882812,0.000650224013627,7.061800003051758,-0.00283823781609,7.269999980926514,81899746.0,0.0125348404929859,3460.139892578125,530700.0,-0.0147496966612086,2024.0999755859373,2293.0,0.0061138912711413,112.3000030517578,65657,-0.0531196922716484,3.820499897003174,3627.0,0.0154152421486781,5058.8798828125,0.0,165.4499969482422,18955.0,-0.0225963496450117,10940.0,145091,0.0153132250580045,2.5810000896453857,939528,-0.0828002169998892,15.378999710083008,16200.0,0.0035236477318076,4569.77978515625,20051430000,0.0042522593749454,52.5,80340270.0,0.1413043478260869,1825588.0,-0.024312044883587,145827575.0,0.0750000363304501,460.25,3552.0,0.0104281009879254,8.0600004196167,17813500.0,0.215686316816356,1304.0,674200,-0.0158490566037735
2023-12-15,1830,3,11283,58,61413.56432786885,1000.28,10857447.13,100.03,10.0,1110.31,5620.0,54000.0,2670.279225791465,3007.920057353742,3509.9749997674107,4341.108886867637,2628.524843253968,75.0,86.0,150.0,665.0,41.0,152.0,92.0,19.0,78.0,1107.0,20.0,1759.0,0.0,53.0,1323.0,3794.416418128655,4341.108886867637,2522.635961221122,2840.3723947353533,2642.280642857143,2722.652035221984,3011.903059360731,5549.576346153846,3657.16725,1711.0851032460016,5435.703333333333,2632.2397313151328,0.0,2148.196157407407,0.0,122.0,4772.0,726.0,0.0,0.0,27.549999237060547,150500.0,-0.0437348230558399,76.02999877929688,125520.0,-0.0256311679006542,859.9549560546875,0.0048709793487791,7.126599788665772,0.0091761003690293,6.989999771118164,80584958.0,-0.03851447187661,3419.449951171875,522000.0,-0.0117596232145203,1978.0,3495.0,-0.0227755427804855,109.8000030517578,139566,-0.0222617981483738,3.7799999713897705,4066.0,-0.0106006875291821,5058.8798828125,0.0,168.22500610351562,9301.0,0.0167724944482261,10475.0,243759,-0.0425045703839122,2.490999937057495,1157673,-0.0348702632553011,15.119999885559082,28800.0,-0.0168411359260327,4622.43994140625,27228260000,0.0115235654070362,52.400001525878906,96332275.0,-0.0019047328404018,1277141.0,-0.0235487568338389,140330756.0,-0.0254706863125963,460.5,215878.0,0.0005431830526887,7.619999885559082,29571600.0,-0.054590634137776,1315.75,640069,0.0090107361963189
2023-12-19,1671,3,9152,47,66350.22039497308,1002.7,10280299.94,100.26,10.02,1112.98,4192.0,47969.97,2594.2167521410192,4209.263298823983,4003.380883084112,4734.032499665722,2483.0379027777776,84.0,185.0,140.0,210.0,47.0,95.0,85.0,15.0,66.0,1036.0,31.0,1502.0,0.0,50.0,646.0,4305.964710144927,4734.032499665722,2245.207395833333,3692.412585102136,4961.742209302326,3193.030626388889,3194.174617486339,4948.924666666667,5567.498895348837,2762.4683745,4222.267888888889,2550.1760804229584,0.0,1758.836129032258,0.0,147.0,3321.0,724.0,0.0,0.0,30.200000762939453,280400.0,0.0961888057809488,77.94999694824219,117477.0,0.0252531658525836,857.5003662109375,-0.0028543237369212,7.070499897003174,-0.0078719015135129,7.71999979019165,191157450.0,0.1044349131583319,3329.3701171875,474400.0,-0.0263433696268909,2026.300048828125,1286.0,0.0244186293367669,135.8000030517578,188017,0.2367941646389944,3.848000049591065,3131.0,0.0179894388137502,5058.8798828125,0.0,170.0500030517578,7491.0,0.0108485473742185,12185.0,209201,0.1632458233890215,2.609999895095825,577373,0.0477719634866387,16.190000534057617,118300.0,0.0707672391929368,4740.56005859375,18766580000,0.0255536294002265,52.900001525878906,331178946.0,0.0095419844549635,1051929.0,0.0161245307178872,1370895035.0,0.0874999653209338,477.0,579587.0,0.0358306188925081,9.770000457763672,50743900.0,0.282152310301097,1299.75,468072,-0.0121603648109442
2023-12-29,1528,3,9318,56,69890.53863874346,1027.57,10363062.44,102.76,10.27,1140.6,6634.0,156262.13,3084.1297879141694,2845.2555269192007,3441.9041746600096,5034.031713541666,2709.3104809027777,51.0,101.0,84.0,364.0,16.0,57.0,77.0,26.0,59.0,2046.0,11.0,1603.0,0.0,43.0,2096.0,3976.9112601626016,5034.031713541666,2403.783858585859,2371.789927812673,4240.310357142857,2109.496416666667,3463.183734567901,5390.578913043479,4795.933795238096,1160.3565347704323,3301.768,3024.323328074289,0.0,1451.1425087719297,0.0,1476.0,4460.0,698.0,0.0,0.0,30.3700008392334,193400.0,0.0056291414569289,81.06999969482422,62945.0,0.0400256942749295,863.5426635742188,0.0070464079099821,7.0833001136779785,0.0018103694026259,7.820000171661377,56965474.0,0.0129534176408629,3347.449951171875,506600.0,0.005430406758035,2058.199951171875,1035.0,0.0157429312416976,135.39999389648438,67073,-0.0029455754512831,3.8954999446868896,3097.0,0.0123440474229912,5058.8798828125,0.0,173.6750030517578,22918.0,0.0213172592469561,12190.0,87985,0.0004103405826836,2.513999938964844,385684,-0.0367815938657178,15.18000030517578,90700.0,-0.0623841998496035,4774.75,11087280000,0.007212215641962,54.5,122646733.0,0.0302457169748542,939272.0,0.0427762994605207,641906096.0,0.0825496528505795,480.25,431195.0,0.0068134171907756,10.25,36286100.0,0.0491299406086414,1293.5,102275,-0.0048086170417388
2024-01-02,1072,3,7443,49,61609.08495335821,1138.46,5914392.47,113.85,11.38,1263.69,2665.0,41094.6,3005.574966641879,2830.2059401709403,3807.530030737705,2985.533084289,3371.927851851852,62.0,613.0,122.0,115.0,25.0,44.0,32.0,6.0,13.0,25.0,15.0,0.0,1126.0,72.0,395.0,4336.647253787879,2985.533084289,3245.5370890410964,2741.1954975124377,3744.38478021978,3379.294671717172,3960.273103448276,4514.193333333334,3372.360454545454,2099.160546875,2739.2853703703704,0.0,2989.610751121335,3134.4888636363635,0.0,98.0,1910.0,657.0,0.0,0.0,30.461000442504883,330900.0,0.0029963648586379,75.88999938964844,124911.0,-0.0638954030427422,871.8646850585938,0.0096370704487604,7.068600177764893,-0.0020752948028701,7.929999828338623,120046819.0,0.0140664519517366,3386.35009765625,454900.0,0.011620829900909,2064.39990234375,215.0,0.0030123172281415,139.39999389648438,180376,0.0295420988206105,3.86899995803833,2076.0,-0.0068027177576277,5058.8798828125,0.0,170.5749969482422,101270.0,-0.0178494662389139,12915.0,211728,0.0594749794913864,2.8929998874664307,692740,0.1507557508762875,15.220000267028809,181600.0,0.0026350435473569,4742.830078125,15253660000,-0.0066851504005445,54.70000076293945,141592863.0,0.0036697387695312,1335845.0,-0.0686780794278832,790449062.0,0.0231660382357863,463.75,613729.0,-0.034357105674128,11.1899995803833,65926200.0,0.0917072761349562,1249.75,6391,-0.0338229609586393
2024-01-11,1778,3,12371,62,54189.302007874016,1028.5,7255608.75,102.85,10.29,1141.64,4013.0,86377.25,2758.0034463228503,2644.1167827660406,3077.73526140873,3295.663350490196,3503.983680110505,115.0,67.0,122.0,209.0,74.0,199.0,105.0,22.0,71.0,44.0,47.0,0.0,1361.0,161.0,1416.0,3162.775434920635,3295.663350490196,2655.250745614035,2266.8341199223414,7379.42393877551,2212.415650271389,5186.204712719298,5203.948245614035,3360.1838775510205,1234.257869565217,4715.097397727272,0.0,2704.027893260676,2799.219953228364,0.0,10.0,3243.0,760.0,0.0,0.0,31.608999252319336,391800.0,0.0376874952607448,76.12000274658203,162237.0,0.0030307465909,877.2498779296875,0.0061766383744878,7.09250020980835,0.0033811548881541,8.239999771118164,137785252.0,0.0390920491160322,3286.06005859375,526600.0,-0.0296159688662764,2026.5999755859373,1062.0,-0.0183103703477692,152.6999969482422,188992,0.0954089213349185,3.799499988555908,2187.0,-0.0179632903169272,5058.8798828125,0.0,171.375,167136.0,0.0046900370281146,13185.0,193035,0.0209059233449477,3.312999963760376,1348381,0.1451780479195814,15.550000190734863,204600.0,0.0216819919787345,4763.5400390625,18017190000,0.0043665829465446,56.20000076293945,98060968.0,0.0274223030910136,1885747.0,0.0055413385175928,648268897.0,0.0660377358490567,455.0,1102268.0,-0.0188679245283018,13.670000076293944,65379100.0,0.2216265048175894,1205.75,238185,-0.0352070414082816
2024-01-19,1675,3,11128,60,62790.2387880597,1020.76,5732106.9,102.08,10.21,1133.05,3856.0,150081.38,3019.1260257194217,3678.254146649363,3811.2451401285584,4961.221752136752,2958.12685411449,102.0,98.0,277.0,190.0,73.0,71.0,92.0,30.0,83.0,26.0,27.0,0.0,1281.0,134.0,1372.0,3784.85717849224,4961.221752136752,2235.440228726775,3247.4461173076925,5197.922398589065,2822.6148774509807,4277.224076923077,5280.8915625,4572.384018867924,3412.1849230769226,4301.351518518519,0.0,2963.4175149612797,2717.603512250161,0.0,102.0,3019.0,735.0,0.0,0.0,31.520000457763672,165900.0,-0.0028156156999856,78.29000091552734,134558.0,0.0285075944646198,895.7639770507812,0.0211047041292125,7.100599765777588,0.0011419888233541,8.119999885559082,111633554.0,-0.0145630933121735,3280.919921875,604400.0,-0.0015642248245911,2026.0,2334.0,-0.0002960503272303,161.1999969482422,111158,0.0556647031426011,3.766499996185303,1167.0,-0.0086853513541258,5058.8798828125,0.0,174.375,70196.0,0.0175054704595185,13135.0,141849,-0.0037921880925293,2.5190000534057617,934623,-0.2396619133836015,15.557000160217283,39100.0,0.0004501588036371,4765.97998046875,16495350000,0.0005122117975795,52.79999923706055,50873828.0,-0.0604982469701496,910996.0,0.0230324284319745,309800966.0,-0.0761061811869123,443.5,710410.0,-0.0252747252747252,13.3100004196167,35416100.0,-0.0263350149720587,1213.25,487670,0.0062201948994402
2024-01-25,1771,3,12656,62,53834.424985883685,1010.52,2583538.64,101.05,10.1,1121.67,3825.0,73059.65000000001,2670.253952796674,3944.4651686897614,3475.742979191677,5586.318141998734,3511.3269604812203,103.0,68.0,122.0,215.0,53.0,136.0,111.0,19.0,102.0,23.0,26.0,0.0,1232.0,136.0,1479.0,3683.2579159663865,5586.318141998734,3549.8243695887445,3070.841025271512,4530.798380952381,3259.4903626373625,3579.83742248062,5575.6175,6057.047188228438,2495.747333333333,3321.0674561403507,0.0,2613.8391266373865,3361.6548357487923,0.0,26.0,2988.0,811.0,0.0,0.0,31.42300033569336,146400.0,-0.0030774149956086,80.05999755859375,118637.0,0.0226082082305272,896.9052124023438,0.0012740357737088,7.107100009918213,0.000915450011977,7.820000171661377,136002823.0,-0.0369457780943121,3218.89990234375,802600.0,-0.0189032408617295,2019.800048828125,877.0,-0.0030601930759501,153.3000030517578,96191,-0.049007407233518,3.763999938964844,2462.0,-0.0006637613760761,5058.8798828125,0.0,178.4499969482422,66943.0,0.0233691581261201,13165.0,138991,0.00228397411496,2.711999893188477,374234,0.076617640210755,15.59000015258789,62400.0,0.0021212310876614,4850.43017578125,19914270000,0.0177193768455976,50.70000076293945,30842937.0,-0.0397726989482055,1687703.0,0.0385359234354445,164134937.0,-0.0459770400536629,445.75,726091.0,0.0050732807215332,13.140000343322754,36038400.0,-0.0127723569447371,1209.25,583492,-0.003296929734185
2024-02-01,1642,3,13128,67,67827.0846772229,1006.6,7457398.23,100.66,10.07,1117.33,4085.0,88600.235,3054.392444998889,3751.367870937264,3866.6118703463208,5652.008694444445,2855.5409944792223,108.0,40.0,597.0,115.0,35.0,45.0,190.0,38.0,72.0,14.0,16.0,418.0,1004.0,76.0,1317.0,3505.43023243069,5652.008694444445,3628.352577916032,3138.163045910494,4374.455860805861,2800.846,2259.7689743589744,5511.908917460318,5089.269307359307,4027.447727272728,5133.807083333333,2697.9229124728186,3149.5913887262736,2503.209255148005,0.0,18.0,3291.0,776.0,0.0,0.0,31.780000686645508,263100.0,0.0113611159704132,82.4000015258789,134896.0,0.0292281293859966,894.8502197265625,-0.0022912038500445,7.086599826812744,-0.0028844652638713,8.4399995803833,104264419.0,0.0792838101166184,3303.9599609375,800200.0,0.0264251953071967,2025.199951171875,181457.0,0.0026734836187785,154.60000610351562,149874,0.0084801241087966,3.872999906539917,3242.0,0.0289585465841026,5058.8798828125,0.0,180.5500030517578,64356.0,0.0117680366457204,12525.0,162290,-0.048613748575769,2.0789999961853027,733624,-0.2334070508605225,15.835000038146973,53900.0,0.0157151945581226,4927.93017578125,20417850000,0.0159779642611836,50.0,24377335.0,-0.0138067209547487,2069364.0,0.0211463796550568,128498396.0,-0.0200803215927725,440.25,817122.0,-0.0123387549074593,14.449999809265137,67540500.0,0.09969554274845,1188.5,644745,-0.017159396320033
2024-02-08,1518,3,10601,55,74250.74698945982,1040.7,7724521.05,104.07,10.4,1155.17,3440.0,87045.61285714286,2993.832531920056,4074.2279830729167,4261.210369458128,3574.9074242424244,3753.9956528001553,39.0,86.0,156.0,192.0,70.0,58.0,82.0,15.0,32.0,29.0,7.0,1299.0,0.0,217.0,1158.0,4921.317105263158,3574.9074242424244,4351.921302622498,3725.362826984127,5118.0646875,2550.657427849928,3401.9949626865678,5583.659999999999,5666.8732608695655,2502.474725274725,3943.997142857143,2947.228952802936,0.0,3270.532367476383,0.0,30.0,2729.0,681.0,0.0,0.0,30.86000061035156,442400.0,-0.02894902631895,77.98999786376953,135101.0,-0.0535194609277325,927.764404296875,0.0367817807323889,7.112599849700928,0.003668899546128,8.149999618530273,88271796.0,-0.0343601867619828,3200.419921875,812300.0,-0.031338163987048,2025.699951171875,1135.0,0.0002468892020812,141.5,160695,-0.0847348356166574,3.7720000743865967,1757.0,-0.0260779330210602,5058.8798828125,0.0,184.625,24526.0,0.0225699079444159,12515.0,301444,-0.0007984031936127,1.847000002861023,962258,-0.1115921085858441,15.229000091552734,37300.0,-0.0382696523608694,4942.81005859375,21614960000,0.0030194995224623,47.75,3513005.0,-0.045,1637271.0,-0.0520969010627097,23275388.0,-0.0307377053985862,442.75,1005591.0,0.0056785917092561,13.18000030517578,35647400.0,-0.0878892401974325,1183.5,659819,-0.0042069835927639
2024-02-12,1041,3,5682,47,88038.79838616715,1089.0,12553910.91,108.89,10.89,1208.78,5391.0,65546.6,3117.235281051074,2772.3294775339605,3940.2117547928265,3918.391793333333,3488.530163629652,81.0,76.0,123.0,93.0,67.0,57.0,68.0,7.0,50.0,17.0,15.0,1393.0,0.0,12.0,3332.0,2999.495418792517,3918.391793333333,3240.8070932088744,2950.270303030303,4497.142846638655,2420.270583333333,3896.915766233766,4035.38,2397.3827380952384,8518.1375,4567.562424242424,3104.038129033327,0.0,2827.837,0.0,1298.0,3470.0,623.0,0.0,0.0,31.121999740600582,121200.0,0.0084899262821511,82.0,145881.0,0.051416877113332,956.61083984375,0.0310924146402629,7.178999900817871,0.0093355527542766,7.940000057220459,30551749.0,-0.0257668185446718,3200.419921875,812300.0,-0.031338163987048,2018.199951171875,2749.0,-0.0037024239427271,132.8000030517578,50670,-0.0614840773727363,3.7284998893737793,1363.0,-0.0115323924058753,5058.8798828125,0.0,184.7749938964844,12942.0,0.0008124246255079,11005.0,121576,-0.1206552137435077,1.6089999675750732,1091420,-0.1288576258350217,15.180999755859377,26400.0,-0.0031519033032235,5021.83984375,19924770000,0.0159888371633551,47.20000076293945,11583712.0,-0.0115183086295402,1118926.0,0.0568837518423552,61794632.0,-0.0137420237138683,430.5,1006402.0,-0.0276679841897232,12.109999656677246,20895600.0,-0.0811836588560885,1172.25,611487,-0.0095057034220532
2024-02-22,1629,3,12555,65,77564.35130755065,1053.94,15454516.5,105.39,10.53,1169.86,5669.0,77415.84,3067.432247602268,4576.924760135135,4408.440335144927,3827.277363636363,2779.911920054717,75.0,106.0,220.0,190.0,46.0,74.0,94.0,24.0,31.0,34.0,28.0,2078.0,0.0,108.0,2561.0,3900.7666228070175,3827.277363636363,3004.1112859464865,4174.1131044973545,5870.053551020408,2296.9013848396503,2374.3004144144143,3908.7871323529416,6883.93696969697,5534.1882051282055,5058.562121212121,3049.6424055117686,0.0,2998.1193102796674,0.0,1309.0,3048.0,1312.0,0.0,0.0,31.016000747680664,74800.0,-0.0034059184436543,82.33999633789062,104931.0,0.0041462968035441,951.2039184570312,-0.0056521640373653,7.118599891662598,-0.0084134294455683,8.380000114440918,124357131.0,0.0554156239357117,3403.81005859375,798700.0,0.063551078197136,2027.5,2327.0,0.0046080908993804,134.5,65978,0.0128011815450006,3.866499900817871,1467.0,0.0370122074664376,5058.8798828125,0.0,185.6000061035156,5282.0,0.0044649559425415,10740.0,127856,-0.024079963652885,1.6030000448226929,677906,-0.003728976304097,15.232000350952148,8500.0,0.0033595017398697,4975.509765625,15547770000,-0.0092257179771794,47.900001525878906,31192279.0,0.0148305243988275,1442426.0,0.0163806833882527,229820751.0,0.0053590566307122,418.75,816045.0,-0.027293844367015,12.670000076293944,13814300.0,0.0462428105279031,1133.0,520432,-0.0334826188952868
2024-02-26,1450,3,11870,62,79763.25431724139,1018.33,13001357.79,101.83,10.18,1130.34,5591.0,79940.40857142858,3085.791291002707,3767.0764991378296,3562.451375,4786.337354978355,2992.2521085109684,92.0,123.0,493.0,212.0,72.0,118.0,73.0,16.0,110.0,29.0,27.0,802.0,0.0,177.0,3247.0,3368.7677976190475,4786.337354978355,2557.149065434642,3193.6200896589658,5492.711151960784,3174.922393162393,3796.3253879310346,3250.0155,4765.681625988954,1450.6478125,6944.359047619048,3082.4680355086643,0.0,3003.073772743239,0.0,755.0,4337.0,499.0,0.0,0.0,31.40999984741211,83900.0,0.0127030916376575,82.52999877929688,90803.0,0.0023075352180799,965.7730712890624,0.0153165399651256,7.194399833679199,0.0106481531719992,8.65999984741211,97233555.0,0.0334128555068489,3453.360107421875,799100.0,0.0145572308604657,2028.5,3604.0,0.0004932182490751,133.39999389648438,64524,-0.0081784840410084,3.8239998817443848,34875.0,-0.0109918583120864,5058.8798828125,0.0,188.4499969482422,69066.0,0.0153555536153218,9952.0,218206,-0.0733705772811917,1.8350000381469729,686921,0.1447286256002204,15.32699966430664,20200.0,0.0062368245250568,5069.52978515625,21367100000,0.0188965601436097,48.79999923706055,48565686.0,0.0187890956683038,1555345.0,-0.0076745775361857,126713619.0,0.0383795134008113,407.0,497986.0,-0.0280597014925373,12.1899995803833,21099800.0,-0.0378848060789472,1143.0,220967,0.0088261253309795
2024-03-08,1300,3,8278,53,56336.42656153847,1121.22,2536607.5300000003,112.12,11.21,1244.55,2447.0,48731.4,3276.918507385405,4252.920206185567,3752.25049086758,4047.801689708141,2366.8553888888887,63.0,70.0,103.0,80.0,71.0,46.0,70.0,10.0,50.0,20.0,19.0,1220.0,0.0,21.0,604.0,4008.4116987179486,4047.801689708141,2565.135725694445,3476.7122794117645,4561.301442307692,3041.478,2180.962049180328,4268.950000000001,6072.993965517242,2052.818846153846,4848.7790625,3263.7886788066817,0.0,2099.8835227272725,0.0,41.0,1910.0,496.0,0.0,0.0,31.0,109900.0,-0.0130531629864331,82.80000305175781,158063.0,0.0032715894396531,945.7276000976562,-0.0207558812596115,7.195799827575684,0.000194594952859,8.520000457763672,65603509.0,-0.0161662115606473,3540.8701171875,746600.0,0.0253405399505111,2117.699951171875,2946.0,0.043973355273293,134.1999969482422,50921,0.0059970246503804,3.8519999980926514,4988.0,0.0073222063844557,5058.8798828125,0.0,187.6000061035156,132726.0,-0.0045104317245494,9572.0,145249,-0.0381832797427652,1.8049999475479128,752196,-0.0163488228748784,15.031000137329102,36000.0,-0.0193122942167774,5130.9501953125,22082750000,0.0121156029768463,49.650001525878906,34492252.0,0.0174180799612151,1935240.0,0.0149522558048007,171039500.0,0.0041067917824686,417.5,8700.0,0.0257985257985258,10.949999809265137,23843400.0,-0.1017227082692954,1170.5,2413,0.0240594925634296
2024-03-15,1735,3,9650,58,73405.24469164266,1023.21,12638177.31,102.32,10.23,1135.76,5664.0,44042.57000000001,3030.038922502282,3765.030965597148,4597.451897237731,3682.788629607844,3152.339533934708,77.0,189.0,145.0,267.0,57.0,97.0,77.0,16.0,86.0,2082.0,20.0,1705.0,0.0,111.0,735.0,5007.641402597403,3682.788629607844,3241.987153558053,3726.319472960373,8684.008938492063,3642.393760278305,3922.262892655367,3711.22,3890.843316666667,1469.4193189411371,5584.779861111111,3018.30706325582,0.0,1991.380483695652,0.0,230.0,4794.0,640.0,0.0,0.0,31.086000442504883,99800.0,0.0027742078227381,82.20999908447266,150486.0,-0.0071256515161762,953.6156616210938,0.0083407331271954,7.185200214385986,-0.0014730278000615,8.670000076293945,97803245.0,0.0176055880834595,3589.260009765625,752800.0,0.0136661021095461,2182.5,1923.0,0.0305992587818053,133.39999389648438,174380,-0.005961274738824,3.922499895095825,3977.0,0.0183021539558885,5058.8798828125,0.0,187.25,160815.0,-0.0018657041158222,9526.0,191196,-0.0048056832427915,1.6549999713897705,859046,-0.0831024822809091,15.109999656677246,16900.0,0.0052557726449586,5117.93994140625,24701470000,-0.0025356422126521,49.29999923706055,58049478.0,-0.0070493913003392,1438713.0,-0.0102869898472076,167736810.0,-0.0061350315418507,428.25,294807.0,0.0257485029940118,11.40999984741211,50007300.0,0.0420091366355781,1198.25,282091,0.0237078171721487
2024-03-19,1833,3,13730,53,90946.70281505727,1002.45,15006211.43,100.24,10.03,1112.72,7710.0,45898.2,3052.716044083049,3084.0212185748223,3217.8535486616543,6110.461929931973,3054.887760111234,83.0,106.0,147.0,778.0,50.0,98.0,69.0,19.0,104.0,1082.0,36.0,2004.0,0.0,177.0,2957.0,3568.4546890547263,6110.461929931973,2495.097779069767,2956.689511153488,4735.988418367347,3157.750327141383,3479.194111111111,6845.753333333333,3316.214332107844,1796.6527235714286,3597.37201754386,2989.986651206804,0.0,3414.944225342558,0.0,570.0,6292.0,848.0,0.0,0.0,30.65999984741211,80100.0,-0.0137039371108766,86.88999938964844,137643.0,0.0569273854433081,925.2318725585938,-0.0297643906290812,7.195000171661377,0.0013639087266865,8.520000457763672,110492402.0,-0.017300993911224,3603.530029296875,705400.0,0.0039757553067831,2160.699951171875,132.0,-0.009988567618843,122.8000030517578,55952,-0.0794602048704136,4.114500045776367,4627.0,0.0489484144844958,5058.8798828125,0.0,187.5,73869.0,0.0013351134846462,8912.0,124624,-0.0644551753096788,1.659000039100647,502696,0.0024169593837015,15.062000274658203,12200.0,-0.003176663342797,5149.419921875,19715260000,0.0061509085353002,45.650001525878906,37686791.0,-0.0740364658755979,1010654.0,0.0614654291899086,126925965.0,-0.070987593756392,436.0,660595.0,0.0180969060128428,9.539999961853027,15644600.0,-0.1638913155623936,1192.5,634369,-0.0047986647193823
2024-03-26,1009,3,6033,46,57191.67556987116,1091.45,1861760.76,109.14,10.91,1211.5,2535.0,71982.0,2600.106662097696,4763.659073669616,3617.028157894737,5713.552690476191,3598.659099614846,41.0,29.0,108.0,225.0,15.0,32.0,67.0,7.0,94.0,20.0,18.0,679.0,0.0,72.0,1128.0,4479.604765625,5713.552690476191,2340.182994169096,4429.44870865536,6923.082222222222,3380.4155,5469.644270833333,3504.6220000000003,5546.414928571428,1681.66675,3067.105666666667,2589.9663556189703,0.0,2877.070405982906,0.0,226.0,1304.0,1005.0,0.0,0.0,29.690000534057617,77500.0,-0.0316372902211989,86.75,73120.0,-0.0016112255798348,964.0664672851562,0.0419728241950541,7.228099822998047,0.0046003683873474,8.010000228881836,78042779.0,-0.0598591785775209,3525.760009765625,663700.0,-0.0215816210490757,2174.800048828125,235692.0,0.0065257083236396,125.0999984741211,63847,0.0187296039511815,4.006999969482422,3095.0,-0.0261271296871892,5058.8798828125,0.0,185.0,74359.0,-0.0133333333333333,9104.0,147836,0.0215439856373429,1.7630000114440918,508582,0.0626883483377274,14.899999618530272,13700.0,-0.0107555871181663,5218.18994140625,15051920000,0.013354906100998,45.400001525878906,19696409.0,-0.00547645107653,1079943.0,-0.0093085621506038,86418410.0,0.00996670948027,437.75,799192.0,0.0040137614678898,9.56999969482422,9751700.0,0.0031446261101835,1191.5,490535,-0.0008385744234801
2024-04-01,1576,3,11331,61,68564.71311548224,1047.47,7902035.3,104.75,10.47,1162.69,3885.0,60161.05,3045.5821847890143,3595.996790871141,3390.8969764049766,4980.818595679012,4095.558667198723,101.0,119.0,144.0,487.0,81.0,49.0,66.0,15.0,76.0,27.0,39.0,1165.0,0.0,116.0,1400.0,3579.568497716895,4980.818595679012,4074.313184210526,3363.0879983942527,7375.367687074829,3001.4099288888888,5392.99487654321,5196.692857142857,4334.367218085106,1463.309705882353,4295.466621315192,3003.0460980475536,0.0,2698.683185617104,0.0,197.0,2897.0,791.0,0.0,0.0,30.06599998474121,129200.0,0.0126641779696932,87.41999816894531,181645.0,0.0077233218322225,984.97998046875,0.0216930200284706,7.229700088500977,0.0002213950474005,8.4399995803833,70550220.0,0.0536828138844498,3595.64990234375,439700.0,0.0198226460066892,2236.5,1715.0,0.0283704017779113,138.8000030517578,67993,0.1095124280155028,4.046000003814697,3094.0,0.009732975949414,5058.8798828125,0.0,178.25,78030.0,-0.0364864864864864,9022.0,130928,-0.0090070298769771,1.784999966621399,843229,0.012478703933352,15.05500030517578,19800.0,0.0104027309136802,5243.77001953125,18378230000,0.0049020979328526,44.54999923706055,12768461.0,-0.0187225167455962,1700388.0,0.0214765369343703,39189307.0,-0.0285087561526633,435.5,970413.0,-0.0051399200456881,10.670000076293944,19723900.0,0.1149425722620074,1185.0,720772,-0.005455308434746
2024-04-12,1394,3,12734,58,115551.59222381636,1119.6,28323996.8,111.96,11.2,1242.76,8046.0,82386.90000000001,3667.1288763741,3782.599525992686,5026.813543846686,5307.923562610229,3646.200082746781,91.0,61.0,2289.0,330.0,68.0,113.0,72.0,17.0,101.0,1454.0,34.0,1388.0,0.0,108.0,1920.0,5734.16734299517,5307.923562610229,2854.4307744663474,3136.773706500489,10018.339031198686,2519.0989019841268,4892.409583333334,2478.4733333333334,5384.2475583333335,2565.292759123592,5196.491446078431,3692.173482629416,0.0,3515.153771426173,0.0,1125.0,5974.0,947.0,0.0,0.0,30.39999961853028,76200.0,0.0111088815924491,90.37999725341795,215168.0,0.0338595189484245,933.3106079101562,-0.0524572819581615,7.229700088500977,0.0,8.619999885559082,109916399.0,0.0213270514366075,3536.409912109375,669200.0,-0.0164754611386833,2331.699951171875,1657.0,0.0425664883397607,140.6999969482422,79693,0.0136887165324908,4.276999950408936,1352.0,0.0570934123520625,5058.8798828125,0.0,178.89999389648438,18138.0,0.0036465295735448,9480.0,142392,0.0507647971624916,1.7699999809265137,999315,-0.0084033534876064,15.255000114440918,21700.0,0.0132846101103285,5202.39013671875,17997390000,-0.0078912466905249,44.09999847412109,27444534.0,-0.0101010273994597,1840753.0,0.032493145985563,91866133.0,0.0180586738338197,435.5,1098297.0,0.0,10.960000038146973,14107000.0,0.0271790027909499,1174.0,806817,-0.0092827004219409
2024-04-18,1585,3,13779,54,76932.30705993691,1087.36,2351281.13,108.73,10.87,1206.96,3862.0,107363.565,3391.000075914131,5272.981167652342,4454.467001718213,4672.505552721089,3215.929414750958,92.0,124.0,98.0,346.0,42.0,133.0,76.0,20.0,67.0,16.0,20.0,2129.0,0.0,81.0,618.0,4856.193797619048,4672.505552721089,2719.467555555556,5438.726758874196,5855.8244117647055,4058.125730393637,3770.5784242424247,4657.2778125,4750.631425619835,2928.591794871795,3862.717142857143,3365.0251479841645,0.0,3368.859958333334,0.0,542.0,2318.0,1002.0,0.0,0.0,30.34000015258789,48100.0,-0.0019736666676078,90.0999984741211,199602.0,-0.0030980171255345,972.2999877929688,0.0417753527629096,7.236999988555908,0.0010097099417087,8.6899995803833,115229676.0,0.0081206143565601,3549.080078125,854500.0,0.0035827764118181,2365.800048828125,2167.0,0.0146245650685508,148.0,45195,0.0518834627583053,4.379000186920166,1380.0,0.0238485475085117,5058.8798828125,0.0,181.4750061035156,9726.0,0.0143935846555767,9684.0,82298,0.021518987341772,1.7519999742507937,869313,-0.0101694954066032,15.13700008392334,20500.0,-0.0077351707395842,5061.81982421875,19051050000,-0.0270203327328043,45.09999847412109,39512453.0,0.0226757377460415,1006146.0,-0.0118014189455617,135297899.0,0.0022173457250946,431.5,783954.0,-0.0091848450057405,10.239999771118164,12399500.0,-0.0656934547922264,1150.5,621010,-0.0200170357751278
2024-04-23,1453,3,10762,56,134472.20686854783,1031.86,28569449.32,103.19,10.32,1145.37,10284.0,69749.8,3449.097300762827,4840.255842707369,5833.667163752665,7205.349626086956,3623.384292572464,67.0,63.0,66.0,1933.0,23.0,2710.0,28.0,67.0,27.0,2109.0,7.0,2026.0,0.0,55.0,1103.0,5507.7046666666665,7205.349626086956,4043.0250666666666,4758.526836239452,4774.384824561404,3348.8479223902896,3311.7075000000004,5112.244949074074,5531.808974358974,10023.88466095238,5401.788571428572,3412.678009193968,0.0,2873.284532407408,0.0,657.0,8598.0,1029.0,0.0,0.0,31.030000686645508,81800.0,0.0227422719376211,87.0,134501.0,-0.0344061989636047,952.1300048828124,-0.0207446088279198,7.242499828338623,0.0007599612811126,9.109999656677246,209829099.0,0.0483314265333278,3530.89990234375,727800.0,-0.0051225036857592,2332.199951171875,2060.0,-0.0142024249567893,157.3000030517578,127784,0.062837858457823,4.500500202178955,57826.0,0.0277460630446426,5058.8798828125,0.0,184.6750030517578,5886.0,0.01763326541186,9291.4501953125,138044,-0.0405359153952396,1.6139999628067017,431737,-0.0787671309773305,15.359000205993652,18600.0,0.0146660580590267,5010.60009765625,18790580000,-0.0101188363752962,43.84999847412109,64022419.0,-0.0277161871904999,1557011.0,-0.0299731305259735,355396788.0,0.0088495067351768,439.75,831377.0,0.0191193511008112,11.0600004196167,26531200.0,0.0800781901198222,1159.5,497526,0.0078226857887875
2024-04-29,1379,3,10888,51,138908.05831036984,1040.26,28679873.86,104.03,10.4,1154.69,9880.0,222356.52,4196.030890209218,5154.839691776353,8166.485385406088,4071.385872564935,3978.463415709842,728.0,113.0,133.0,2242.0,77.0,152.0,38.0,26.0,86.0,1090.0,20.0,1711.0,0.0,124.0,3340.0,3979.1970068694527,4071.385872564935,3492.2035338203464,4895.176139408586,10723.657309027778,2970.821773155416,6129.273266666667,6738.225625,5839.407238927739,2188.411215688717,31446.748452380947,4101.875529661412,0.0,3626.105298894558,0.0,5469.0,3690.0,721.0,0.0,0.0,32.439998626708984,51200.0,0.0454398294831588,88.4000015258789,174536.0,0.0160919715618264,941.5399780273438,-0.0111224589091403,7.23769998550415,-0.0006627328889524,9.529999732971191,162776273.0,0.0461031934272471,3623.909912109375,414000.0,0.0263417293998866,2345.39990234375,810.0,0.0056598711295068,167.3000030517578,76985,0.0635727896121503,4.658999919891357,17329.0,0.0352182447710287,5058.8798828125,0.0,176.6750030517578,129810.0,-0.043319344079057,10194.9990234375,195855,0.0972451887629808,2.1419999599456787,808338,0.3271375522343875,15.939000129699709,16000.0,0.0377628697133372,5116.169921875,20380740000,0.0210692975214947,49.54999923706055,91579092.0,0.1299886194135999,1863732.0,-0.0026554161105005,415358532.0,0.1600877915796579,439.25,141697.0,-0.0011370096645821,13.06999969482422,16462200.0,0.1817359131056146,1201.75,70535,0.0364381198792582
2024-05-08,1354,3,9895,50,197561.7979320532,1553.1,28619514.0,155.3,15.52,1723.92,7323.0,108547.04,6244.805123831567,7723.523741643262,9390.4005667154,8279.49981092437,6174.026084848485,110.0,67.0,122.0,856.0,75.0,76.0,81.0,17.0,78.0,1279.0,50.0,851.0,0.0,143.0,3518.0,9837.2356449553,8279.49981092437,6199.442083333333,6919.570255664293,9156.00988888889,5572.971877192982,6220.5326811594205,6395.495294117647,10152.861449275362,7946.144883040935,8531.863933333334,6239.577097515518,0.0,6084.690811111111,0.0,504.0,5968.0,851.0,0.0,0.0,33.391998291015625,125300.0,0.0293464767141766,83.33000183105469,142372.0,-0.0573529367342826,929.3900146484376,-0.0129043520853591,7.208000183105469,-0.0041034862536669,10.420000076293944,214122775.0,0.0933893355992019,3657.8798828125,800100.0,0.0093738452464322,2321.60009765625,169.0,-0.0101474399584126,142.5,117376,-0.1482367160751658,4.634500026702881,4456.0,-0.0052586163575309,5058.8798828125,0.0,176.14999389648438,142738.0,-0.0029716097139086,9824.0,84136,-0.0363902951422165,2.252000093460083,846390,0.0513539381752341,16.389999389648438,29800.0,0.0282953294609971,5180.740234375,18858510000,0.0126208303254196,49.79999923706055,221407367.0,0.0050454087557889,1534292.0,-0.0502238174322668,783255361.0,-0.0434783173046345,457.0,4451.0,0.0404097894137733,13.420000076293944,40518800.0,0.0267789127499615,1205.0,772,0.0027043894320781
2024-05-16,1466,3,11953,63,168904.09695770804,1008.0,14192586.46,100.8,10.08,1118.88,5740.0,176413.46000000002,6742.673693105369,8003.270935637034,8170.360257021727,11614.922190768386,6727.004097315436,87.0,120.0,71.0,318.0,52.0,75.0,84.0,8.0,98.0,16.0,28.0,1284.0,0.0,53.0,3446.0,8181.195238095238,11614.922190768386,5593.535745614035,6229.451155112839,13014.271416666665,5420.376029827316,7787.847344262295,6937.17,13116.04559714795,6437.317777777778,9835.985076252724,6740.41210814148,0.0,6723.657580645162,0.0,802.0,4042.0,896.0,0.0,0.0,36.52999877929688,116700.0,0.0939746241280072,83.36000061035156,155247.0,0.000359999743642,923.4099731445312,-0.0064343724482217,7.2322998046875,0.0033712015766851,12.359999656677246,230918143.0,0.1861803806313691,3664.68994140625,733400.0,0.0018617501973612,2336.10009765625,269.0,0.0062456923630551,163.60000610351562,70619,0.1480702182702851,4.804500102996826,4563.0,0.0366814274062887,5058.8798828125,0.0,181.0500030517578,122524.0,0.0278172541870933,11240.0,214061,0.1441368078175895,2.625999927520752,908421,0.1660745197776778,17.465999603271484,29500.0,0.0656498019336488,5221.419921875,20775690000,0.0078520994413278,70.0999984741211,577921579.0,0.4076305130132118,1240807.0,0.0081549358087775,1353198033.0,0.3162055431322406,458.5,887275.0,0.0032822757111596,18.8700008392334,31437600.0,0.4061103377016166,1228.0,472803,0.0190871369294605
2024-05-22,1506,3,8862,54,132496.37937583,1112.3,16162434.42,111.22,11.12,1234.64,4353.0,137922.3,6084.57693821129,6084.582568564861,8758.891194017368,8298.560459770115,6364.295281200686,119.0,50.0,199.0,188.0,60.0,123.0,589.0,12.0,100.0,174.0,17.0,1319.0,0.0,74.0,1329.0,8991.440576444173,8298.560459770115,5634.446929403929,5572.757283189033,9723.169904761904,6027.626033063428,7465.446949265607,9244.316666666668,7301.89676081007,6274.548817016316,11453.466875,6030.64112492329,0.0,5451.434646074646,0.0,147.0,3484.0,722.0,0.0,0.0,37.06999969482422,153500.0,0.0147823962105735,83.70999908447266,129114.0,0.0041986380945111,887.0900268554688,-0.0393324171769343,7.23169994354248,-8.294196330627113e-05,12.800000190734863,132133660.0,0.0355987496989869,3690.9599609375,734600.0,0.0071684153233355,2433.89990234375,616.0,0.0418645608489207,159.6999969482422,43767,-0.0238386858788119,5.087500095367432,3693.0,0.0589031088154381,5058.8798828125,0.0,183.6999969482422,65409.0,0.0146368066932691,11505.0,104835,0.023576512455516,2.5199999809265137,738740,-0.0403655557958505,17.785999298095703,27500.0,0.0183212929172562,5308.1298828125,17804500000,0.0166065863759072,70.80000305175781,52076961.0,0.0099858001836496,1400237.0,0.0085945434981062,132831849.0,0.0885886135293454,460.5,865100.0,0.0043620501635768,19.18000030517578,38550100.0,0.0164281638662067,1248.0,666091,0.01628664495114
2024-05-27,1504,3,10359,55,197361.86706117023,1040.4,30995221.5,104.04,10.4,1154.84,6068.0,171211.5,5941.107234491633,9741.890286885246,7092.490511695906,10956.463289377289,5908.50740552687,108.0,128.0,162.0,151.0,74.0,64.0,118.0,11.0,26.0,44.0,21.0,1340.0,0.0,103.0,3718.0,8822.974234234234,10956.463289377289,4817.636631601731,9026.82688118812,13824.77137377451,4449.932458333334,7583.805592391304,6485.778181818182,13181.004761904764,3292.864565217391,4700.467058823529,5932.204737581392,0.0,5182.302127659575,0.0,420.0,4245.0,1403.0,0.0,0.0,38.27000045776367,106300.0,0.0323712104887607,84.22000122070312,82098.0,0.0060924876574879,901.8699951171876,0.0166611818578441,7.241499900817871,0.0013551388127133,13.18000030517578,227141253.0,0.0296875084983181,3635.7099609375,605800.0,-0.014969005512042,2355.199951171875,152871.0,-0.0323349169356101,170.89999389648438,84788,0.0701314787868909,4.875500202178955,3305.0,-0.0416707398947312,5058.8798828125,0.0,181.5500030517578,47393.0,-0.0117038319662582,12210.0,178275,0.061277705345502,2.586999893188477,546613,0.0265872669718552,18.31999969482422,28700.0,0.0300236375690001,5306.0400390625,16560200000,-0.0003937062197303,82.0999984741211,122532433.0,0.1596044482385474,1312567.0,0.0003759245382159,501631812.0,0.0800000420932112,462.5,732483.0,0.004343105320304,22.06999969482422,25165600.0,0.1506777551441729,1205.0,478005,-0.0344551282051281
2024-06-06,1417,3,9907,63,178412.82622441775,1280.26,26915123.2,128.02,12.8,1421.08,8701.0,113835.24,6084.675713743863,10478.176562146891,5641.737328767124,8361.054027137738,6386.895965179265,49.0,94.0,126.0,283.0,66.0,70.0,115.0,17.0,60.0,23.0,17.0,1147.0,0.0,58.0,6576.0,5730.873636363636,8361.054027137738,5330.9417164502165,9976.686903921567,9743.786833333334,5924.747903047091,7425.010316017316,10894.356666666668,11769.89234848485,5301.185625,5759.185769230769,5979.354233022926,0.0,6006.974270833333,0.0,2872.0,5085.0,744.0,0.0,0.0,38.720001220703125,231800.0,0.0117585774119886,78.36000061035156,183576.0,-0.069579678525474,904.010009765625,0.0023728637830549,7.242000102996826,6.907438870484839e-05,13.880000114440918,242583516.0,0.0531107581985601,3588.75,645500.0,-0.0129163111034827,2346.60009765625,2414.0,-0.0036514324447679,174.5,91448,0.0210649867295851,4.677000045776367,2291.0,-0.0407138033373221,5058.8798828125,0.0,182.1750030517578,44852.0,0.0034425777443904,12055.0,156249,-0.0126945126945127,2.9179999828338623,1060626,0.1279474693898914,18.51099967956543,29000.0,0.0104257635329094,5283.39990234375,18649030000,-0.0042668612660431,82.0,479520721.0,-0.0012180082336129,1731028.0,-0.070274338991299,1078465697.0,-0.0306513592891236,443.5,1166992.0,-0.0410810810810811,21.450000762939453,53278800.0,-0.0280923851589434,1179.25,757569,-0.0213692946058091
2024-06-13,1462,3,9502,55,130879.4168262654,1005.86,29169578.98,100.58,10.06,1116.5,5040.0,76539.24,5327.471712445061,9208.799428312535,8235.412252747254,6246.582222222222,5151.550990626105,79.0,78.0,211.0,1400.0,55.0,71.0,95.0,14.0,63.0,17.0,18.0,981.0,0.0,91.0,1867.0,8802.621015625,6246.582222222222,4736.287651515151,8544.3883465566,7474.244285714285,5605.744608879493,5783.190461187214,13365.634615384615,10604.0627,4133.610833333333,9096.762666666667,5164.705173912017,0.0,5380.94239716312,0.0,161.0,4371.0,508.0,0.0,0.0,37.95800018310547,144300.0,-0.0196797782431428,81.62999725341797,190930.0,0.0417304315670772,919.9400024414062,0.017621478195702,7.246799945831299,0.0006627786200232,13.100000381469728,282050576.0,-0.0561959457161436,3542.8798828125,552000.0,-0.0127816418495297,2307.699951171875,2318.0,-0.0165772372221529,179.10000610351562,63554,0.0263610664957916,4.55649995803833,2272.0,-0.0257643973826462,5058.8798828125,0.0,186.8249969482422,16635.0,0.0255248734381152,12300.0,146037,0.0203235172127747,2.88100004196167,1086185,-0.0126798975633506,18.641000747680664,66800.0,0.0070229091008382,5360.7900390625,18122180000,0.0146477908447586,88.19999694824219,324922406.0,0.0756097188810023,1507655.0,0.0474265236482445,879658069.0,-0.0158103366734131,451.75,1303994.0,0.0186020293122886,20.540000915527344,30650900.0,-0.042424233801631,1179.75,743218,0.0004239983040068
2024-06-17,1424,3,9181,57,119098.84896067416,1242.32,4297032.0,124.24,12.42,1378.98,2836.0,85274.36000000002,6385.472557626187,9305.372646428572,8675.68070652174,8803.420643939393,6645.115561538462,80.0,70.0,124.0,190.0,41.0,103.0,97.0,17.0,78.0,20.0,26.0,1126.0,0.0,83.0,781.0,8869.774892473119,8803.420643939393,5365.715408045977,8737.427796511627,10816.577976190476,6348.3713612899,9946.814615384616,9658.50393939394,10209.877407407408,9341.77625,7563.07037037037,6331.250652205336,0.0,4242.728930232558,0.0,173.0,2176.0,487.0,0.0,0.0,35.643001556396484,71600.0,-0.0609884244570754,84.25,156266.0,0.0320960778480527,926.3900146484376,0.0070113400764331,7.255000114440918,0.0011315571936461,13.199999809265137,205363458.0,0.0076335438842323,3536.199951171875,588500.0,-0.0018854524741387,2312.39990234375,412.0,0.0020366387621095,173.60000610351562,50618,-0.0307091000143301,4.521500110626221,2098.0,-0.0076813009402896,5058.8798828125,0.0,187.6000061035156,6083.0,0.0041483161671782,11690.0,154768,-0.0495934959349593,2.7049999237060547,565713,-0.061089939497459,17.440000534057617,14200.0,-0.0644278829167729,5473.22998046875,17613030000,0.020974509463518,89.0999984741211,405825473.0,0.0102040992859335,978441.0,0.0333162340938553,484169117.0,-0.0133868814036616,443.75,811089.0,-0.0177089097952407,18.84000015258789,14801700.0,-0.0827653693848828,1160.5,545219,-0.0163170163170163
2024-06-27,1719,3,11209,57,120004.56169866202,1116.74,3915648.2,111.68,11.18,1239.6,3595.0,261341.96,5925.906156410918,7875.602253117316,10294.385068115942,10934.249299803683,5469.908918955177,108.0,177.0,165.0,342.0,19.0,52.0,85.0,14.0,32.0,19.0,18.0,1611.0,0.0,64.0,889.0,8482.971153256705,10934.249299803683,5723.555533786137,6852.54313132886,13810.293529411763,5619.129481481481,5685.993333333334,9091.181538461538,12801.442469135802,33842.66125,5967.176666666667,5880.286888155199,0.0,4329.747303030303,0.0,567.0,2289.0,739.0,0.0,0.0,37.43999862670898,171800.0,0.0504165471998527,86.01000213623047,122877.0,0.0208902330709848,944.9199829101562,0.0200023402332878,7.257699966430664,0.0003721367260038,14.020000457763672,144360463.0,0.0621212621475171,3476.81005859375,592600.0,-0.0167948343979936,2330.0,2814.0,0.0076111824941746,173.10000610351562,35640,-0.0028801842305342,4.526999950408936,36493.0,0.0012163750189433,5058.8798828125,0.0,193.5,31840.0,0.0314498598322479,11690.0,90357,0.0,2.6010000705718994,556317,-0.0384472665683729,17.996999740600586,35200.0,0.0319380269200815,5447.8701171875,21641380000,-0.0046334364482667,88.80000305175781,226069774.0,-0.0033669520482698,1432787.0,0.0161831867637367,264629100.0,0.0067842607965253,433.5,695791.0,-0.0230985915492957,20.25,16868800.0,0.0748407556259191,1150.5,276570,-0.0086169754416199
2024-07-02,1345,3,8865,52,135510.43232713753,1116.88,6814702.22,111.7,11.16,1239.74,3663.0,82130.76,6202.9897920135045,9428.207468472538,6874.379628482972,9898.173045351474,4955.800466652611,55.0,125.0,68.0,205.0,24.0,55.0,44.0,19.0,73.0,15.0,20.0,1670.0,0.0,46.0,1244.0,7231.265768500949,9898.173045351474,4950.490392156863,7220.743946416581,9682.245111111111,8456.518006966215,5242.882395833333,9333.976470588235,13545.97596153846,8020.338333333333,5101.881428571428,6134.837713222506,0.0,4064.219673202615,0.0,277.0,2358.0,1028.0,0.0,0.0,37.0,66200.0,-0.0117521005034196,86.5999984741211,198256.0,0.0068596247324368,946.4000244140624,0.001566314111961,7.266900062561035,0.001267632469367,14.279999732971191,104451232.0,0.0185448835034482,3478.179931640625,568400.0,0.0003940028427751,2327.60009765625,398.0,-0.0010300010059013,172.10000610351562,69293,-0.0057770073064121,4.426499843597412,3201.0,-0.0222001563756248,5058.8798828125,0.0,186.4250030517578,113185.0,-0.0365632917221818,12860.0,172743,0.1000855431993157,2.319000005722046,618632,-0.1084198605145936,17.93000030517578,21000.0,-0.0037228113791465,5475.08984375,12251260000,0.0049963978540208,86.0,189241414.0,-0.0315315648145395,1364609.0,0.0214381974627191,259832521.0,-0.0067385447515418,398.25,3477.0,-0.0813148788927335,22.96999931335449,15402100.0,0.1343209537459007,1188.5,4424,0.0330291177748804
2024-07-11,1402,3,8431,53,118279.83383737518,1426.98,5150070.64,142.7,14.26,1583.94,3051.0,178336.84,6135.224663450922,7865.727957845434,6197.162146892655,10576.438194444445,6074.693623630673,52.0,120.0,129.0,77.0,26.0,31.0,115.0,14.0,18.0,11.0,11.0,2063.0,0.0,70.0,314.0,6852.028560606061,10576.438194444445,4180.699664750958,6600.244896103896,15534.236296296294,14220.134999999998,8531.759456790125,4337.024285714286,11141.095882352942,2833.9271428571424,5538.2275,6166.038378614096,0.0,5313.696777777777,0.0,611.0,2023.0,417.0,0.0,0.0,35.029998779296875,235100.0,-0.0532432762352196,85.75,228682.0,-0.0098152250473203,939.489990234375,-0.0073013884207848,7.267099857330322,2.749380995559214e-05,12.380000114440918,299731123.0,-0.1330531970629769,3401.760009765625,651100.0,-0.0219712388021724,2355.199951171875,519.0,0.0118576440787299,154.39999389648438,96917,-0.1028472491534077,4.622000217437744,3538.0,0.0441659055118024,5058.8798828125,0.0,182.375,212608.0,-0.0217245701244988,11680.0,193395,-0.0917573872472783,2.3289999961853027,715942,0.0043121994129289,17.389999389648438,23600.0,-0.0301171726902572,5572.85009765625,17475920000,0.0178554611332719,78.0,174324084.0,-0.0930232558139535,1577711.0,-0.012592893463069,270702494.0,-0.084124792469073,395.75,212853.0,-0.0062774639045825,18.76000022888184,40349000.0,-0.1832825080680348,1134.5,44029,-0.045435422801851
2024-07-15,1365,3,9848,53,126738.32552380952,1004.4,6526220.98,100.44,10.04,1114.88,7182.0,116341.2,6195.289633211485,9507.90302128106,7211.330932539682,9519.374494708994,5742.318723756224,78.0,97.0,163.0,2449.0,73.0,46.0,88.0,9.0,33.0,27.0,10.0,1200.0,0.0,135.0,2774.0,7402.695388888888,9519.374494708994,6967.523748876909,8408.012975110056,8618.87308080808,8801.196774193548,5198.140700483092,5200.175,14054.115212121213,4607.7615625,10983.23625,6207.425177518943,0.0,3777.9900204169353,0.0,3623.0,2547.0,1012.0,0.0,0.0,33.880001068115234,111600.0,-0.0328289395163011,84.8499984741211,218011.0,-0.0104956446166636,909.27001953125,-0.0321663572973097,7.258900165557861,-0.0011283306867168,11.399999618530272,157726431.0,-0.0791599747052912,3476.25,627200.0,0.0218974854253481,2422.89990234375,660.0,0.0287448847551943,147.60000610351562,49014,-0.0440413734570982,4.52899980545044,2447.0,-0.0201212478607064,5058.8798828125,0.0,183.1000061035156,97909.0,0.0039753590322992,10885.0,99914,-0.0680650684931506,2.128000020980835,794387,-0.0863031238873713,17.110000610351562,30700.0,-0.0161011379599902,5631.22021484375,19676760000,0.0104740153000075,77.9000015258789,124988449.0,-0.0012820317195012,1041642.0,-0.005101398756278,185781613.0,-0.0651852077907987,390.5,615763.0,-0.0132659507264687,18.11000061035156,20634800.0,-0.0346481668763296,1097.25,175967,-0.0328338475099162
2024-07-23,1741,3,11763,58,109876.21671453188,1056.0,5590954.36,105.6,10.56,1172.16,3754.0,84793.72,5926.703407187487,7193.098825472467,6555.090818869604,8486.028842592592,4680.97781005291,99.0,77.0,92.0,486.0,80.0,120.0,84.0,31.0,83.0,20.0,24.0,1354.0,0.0,82.0,1122.0,6476.891284461153,8486.028842592592,4573.244453125,5934.349622444578,15799.174126984128,6283.433011387164,4524.231184210526,9501.012121212125,10461.00541025641,4281.194615384616,8527.525000000001,5889.8548637439335,0.0,5151.169770238095,0.0,654.0,2514.0,586.0,0.0,0.0,34.25,66500.0,0.0109208654138142,82.4000015258789,208464.0,-0.0288744489369605,943.5999755859376,0.0377555130129392,7.27269983291626,0.0019010686252272,10.800000190734863,89535199.0,-0.052631530515153,3514.919921875,643200.0,0.0111240336209996,2392.0,191.0,-0.0127532723551061,155.0,30287,0.0501354579300936,4.180500030517578,2484.0,-0.0769485073753942,5058.8798828125,0.0,188.5749969482422,72735.0,0.029901642065655,10715.0,86337,-0.0156178226917776,2.00600004196167,429458,-0.0573308166430059,17.364999771118164,17400.0,0.0149035155856351,5564.41015625,19051830000,-0.0118642241014905,71.0,70107970.0,-0.0885751141299615,1941556.0,-0.0260042093466272,129615550.0,-0.071315374149265,400.25,717777.0,0.024967989756722,17.75,17243300.0,-0.019878553187115,1077.5,226562,-0.0179995443153337
2024-08-01,1918,3,12980,66,141744.03706986443,1029.76,24408497.84,102.98,10.3,1143.04,5428.0,164586.5,6790.359640293269,8961.957366751642,6858.496748384949,8839.205620560599,6667.904535320088,229.0,144.0,101.0,1405.0,94.0,66.0,53.0,16.0,107.0,34.0,45.0,2312.0,0.0,84.0,738.0,6857.078120657121,8839.205620560599,7306.36738028169,7902.279642168451,8479.340431547618,6772.462166666667,8445.31956521739,13421.81625,11495.249427083334,3792.6784375,9444.718360902256,6686.641843856018,0.0,2929.905906862745,0.0,233.0,3868.0,1327.0,0.0,0.0,33.36000061035156,63600.0,-0.0259853836393704,79.77999877929688,195298.0,-0.0317961492483611,956.3099975585938,0.0134697141813338,7.258299827575684,-0.0019800082048487,11.0,114791020.0,0.0185185005308345,3390.739990234375,639700.0,-0.0353293771695323,2377.300048828125,154906.0,-0.006145464536737,162.39999389648438,64788,0.0477418961063507,4.061999797821045,4468.0,-0.0283459470951999,5058.8798828125,0.0,184.1000061035156,59383.0,-0.0237305629969323,11065.0,141466,0.0326644890340643,1.9670000076293943,868052,-0.0194416916831853,17.076000213623047,74400.0,-0.0166426467782503,5463.5400390625,21564690000,-0.0181277286100489,72.9000015258789,122895473.0,0.0267605848715339,2093228.0,-0.0497618611362193,204691565.0,0.0238908116439147,396.25,652300.0,-0.00999375390381,18.790000915527344,22532600.0,0.0585916008747799,1029.25,58995,-0.0447795823665893
2024-08-07,1745,3,13155,68,137587.3050888252,1040.16,25326438.64,104.0,10.42,1154.58,5834.0,87799.17,6284.6686296389735,5908.667260182132,6852.055174961996,8403.42123931624,7080.131630738522,77.0,85.0,129.0,165.0,87.0,79.0,85.0,17.0,13.0,1064.0,15.0,2223.0,0.0,46.0,1749.0,6547.595706214689,8403.42123931624,6026.250884146341,5519.760205369522,13841.069912536444,6686.87067251462,8815.418959064327,13851.46125,7883.118461538462,4866.433296552232,10831.709090909091,6162.37703173415,0.0,6633.947470238096,0.0,1934.0,3172.0,728.0,0.0,0.0,31.559999465942383,71500.0,-0.0539568678500156,76.30000305175781,227099.0,-0.0436199019902985,953.1599731445312,-0.0032939365081452,7.120200157165527,-0.019026448850389,10.699999809265137,113658705.0,-0.0272727446122602,3343.320068359375,541200.0,-0.0139851247844344,2401.699951171875,1439.0,0.010263703294743,154.3000030517578,43890,-0.0498767927903346,3.983999967575073,2182.0,-0.0192023225328108,5058.8798828125,0.0,184.25,16620.0,0.0008147413987593,10765.0,157850,-0.0271125169453231,2.1429998874664307,947477,0.0894762985024841,16.18000030517578,17900.0,-0.052471298737303,5186.330078125,22114930000,-0.050738158585009,75.0,281056869.0,0.0288065628280627,1870704.0,-0.0378577392113654,285425245.0,0.0,390.75,778343.0,-0.0138801261829653,18.61000061035156,14021100.0,-0.0095795793722947,1028.0,1149,-0.0012144765606023
2024-08-12,1535,3,9467,56,143956.8897198697,1370.64,21441478.5,137.06,13.7,1521.4,3355.0,189885.54,6051.071085116066,8442.077306511945,8728.506806239737,14350.25894658385,6746.831993004419,62.0,120.0,177.0,646.0,79.0,48.0,91.0,19.0,78.0,55.0,50.0,1096.0,0.0,61.0,773.0,11043.743881987575,14350.25894658385,5953.378425685425,7438.129682490047,11351.489098639457,6868.620484848485,8978.527923280422,4044.1388888888887,11007.721234567902,5199.649126984127,7108.762095238095,6099.954413305632,0.0,4807.927604166666,0.0,413.0,1996.0,946.0,0.0,0.0,32.63999938964844,69200.0,0.0342205304810452,82.30000305175781,212964.0,0.0786369562256756,933.52001953125,-0.020605096905704,7.173999786376953,0.0075559152866346,10.600000381469728,61789279.0,-0.0093457410820529,3325.860107421875,444400.0,-0.0052223420374071,2462.39990234375,1832.0,0.0252737446000519,161.5,46005,0.0466623253780951,4.054999828338623,1451.0,0.0178212503366974,5058.8798828125,0.0,182.8000030517578,5456.0,-0.0078697256349643,10770.0,83589,0.0004644681839294,2.122999906539917,879517,-0.0093327027423033,16.60300064086914,24800.0,0.0261434071517321,5344.39013671875,17470190000,0.030476282113323,82.5,202056562.0,0.1,1401078.0,0.0976144074427074,277501315.0,0.0583333333333333,383.25,790758.0,-0.019193857965451,18.6200008392334,14615000.0,0.0005373577944041,938.75,48462,-0.0868190661478599
2024-08-22,1374,3,9952,54,137927.44535662298,1133.54,9678688.2,113.36,11.34,1258.24,3860.0,83989.8,6706.961009538713,7802.294020078431,5568.460416666667,12122.8565,4971.276378813801,93.0,52.0,132.0,188.0,78.0,60.0,52.0,22.0,56.0,16.0,31.0,955.0,0.0,122.0,2003.0,5551.706690476191,12122.8565,4889.980023519163,5718.191523101194,13726.571071428572,6059.692227272727,4336.261069767442,8374.466785714287,12573.791842105264,5104.05,5841.559347826086,6669.608880152381,0.0,5780.132555555556,0.0,1141.0,2116.0,603.0,0.0,0.0,34.04999923706055,41300.0,0.0431985255446811,77.66000366210938,183193.0,-0.0563790913437801,922.9099731445312,-0.0113656334783761,7.140500068664551,-0.0046696011583408,10.81999969482422,77171434.0,0.0207546514563417,3356.969970703125,487200.0,0.0093539301944258,2501.800048828125,675.0,0.0160007098956076,149.5,27599,-0.0743034055727553,4.166500091552734,1464.0,0.0274969834609819,5058.8798828125,0.0,182.5749969482422,3524.0,-0.001230886760171,10860.0,116088,0.0083565459610028,2.0220000743865967,649954,-0.0475741105038156,17.211000442504883,17200.0,0.0366198746110457,5608.25,15609610000,0.0493713700780178,79.5,70851200.0,-0.0363636363636363,1485856.0,-0.0710716335938852,110810465.0,0.0031496183140071,378.0,640072.0,-0.0136986301369863,22.25,55325900.0,0.1949516110180826,952.0,76725,0.0141145139813581
2024-08-27,1984,3,13284,65,123872.08765120967,1033.4,6600937.6,103.34,10.34,1147.08,5181.0,126018.84,6850.810628979853,7601.240437106918,6058.931396078431,10535.674047325105,5539.086460130719,69.0,150.0,183.0,177.0,48.0,40.0,105.0,26.0,57.0,37.0,18.0,2353.0,0.0,157.0,1761.0,6282.62487654321,10535.674047325105,5200.40868724778,6136.071383838384,11778.898636363634,8533.173035714286,7510.967837301588,9700.909904761906,10018.769375,4438.436222222223,7373.505641025641,6798.492373043295,0.0,3167.877809523809,0.0,1656.0,2968.0,557.0,0.0,0.0,33.59000015258789,35600.0,-0.013509518202044,81.43000030517578,123764.0,0.0485448939645853,906.3599853515624,-0.0179323967391747,7.118100166320801,-0.0031370215150686,10.760000228881836,89814705.0,-0.0055452373044969,3324.219970703125,601900.0,-0.0097558215550973,2517.699951171875,6917.0,0.0063553849362172,152.1999969482422,40472,0.0180601802558006,4.21150016784668,32269.0,0.0108004500912359,5058.8798828125,0.0,185.8500061035156,25393.0,0.0179378842120525,10370.0,108947,-0.0451197053406998,2.127000093460083,570365,0.0519287909053809,17.260000228881836,8600.0,0.0028470039577677,5616.83984375,16042500000,0.0015316442294832,79.9000015258789,104165048.0,0.0050314657343257,1913618.0,0.0410110973473569,128549784.0,0.007849233584211,362.0,572914.0,-0.0423280423280423,19.850000381469727,30365500.0,-0.107865151394619,982.0,54947,0.0315126050420169
