NUMERO DE ACEPTACION,FECHA,RUT PROBABLE IMPORTADOR,PESO BRUTO TOTAL,US$ CIF UNIT,IMPUESTO US$,CANTIDAD DE BULTO,ITEMS TOTALES,FOB TOTAL,FLETE TOTAL,SEGURO TOTAL,TOTAL IVA,DIFF FECHA DIN Y DOC TRANSPORTE,TEU,FOB_per_TEU,FLETE_per_TEU,SEGURO_per_TEU,PESO BRUTO PER TEU,ITEMS PER TEU,SUM_TEU_VALPARAISO_x,SUM_TEU_ALEMANIA,SUM_TEU_BANGLADESH,SUM_TEU_BELGICA,SUM_TEU_BRASIL,SUM_TEU_CANADA,SUM_TEU_COLOMBIA,SUM_TEU_COREA DEL SUR,SUM_TEU_ECUADOR,SUM_TEU_ESPANA,SUM_TEU_FRANCIA,SUM_TEU_HOLANDA,SUM_TEU_INDIA,SUM_TEU_INDONESIA,SUM_TEU_ITALIA,SUM_TEU_JAPON,SUM_TEU_MALASIA,SUM_TEU_MEXICO,SUM_TEU_PERU,SUM_TEU_POLONIA,SUM_TEU_REINO UNIDO,SUM_TEU_THAILANDIA,SUM_TEU_TURQUIA,SUM_TEU_U_S_A,SUM_TEU_VIETNAM,MEAN_FLETE_per_TEU_ALEMANIA,MEAN_FLETE_per_TEU_BANGLADESH,MEAN_FLETE_per_TEU_BELGICA,MEAN_FLETE_per_TEU_BRASIL,MEAN_FLETE_per_TEU_CANADA,MEAN_FLETE_per_TEU_CHINA,MEAN_FLETE_per_TEU_COLOMBIA,MEAN_FLETE_per_TEU_COREA DEL SUR,MEAN_FLETE_per_TEU_ECUADOR,MEAN_FLETE_per_TEU_ESPANA,MEAN_FLETE_per_TEU_FRANCIA,MEAN_FLETE_per_TEU_HOLANDA,MEAN_FLETE_per_TEU_INDIA,MEAN_FLETE_per_TEU_INDONESIA,MEAN_FLETE_per_TEU_ITALIA,MEAN_FLETE_per_TEU_JAPON,MEAN_FLETE_per_TEU_MALASIA,MEAN_FLETE_per_TEU_MEXICO,MEAN_FLETE_per_TEU_PERU,MEAN_FLETE_per_TEU_POLONIA,MEAN_FLETE_per_TEU_REINO UNIDO,MEAN_FLETE_per_TEU_THAILANDIA,MEAN_FLETE_per_TEU_TURQUIA,MEAN_FLETE_per_TEU_U_S_A,MEAN_FLETE_per_TEU_VIETNAM,MEAN_FLETE_per_TEU_other_countries,SUM_TEU_BUSAN CY (PUSAN),SUM_TEU_CORONEL,SUM_TEU_LIRQUEN,SUM_TEU_PUERTO ANGAMOS,SUM_TEU_SAN VICENTE,SUM_TEU_other_ports_y,SUM_TEU_CMA CGM,SUM_TEU_COSCO,SUM_TEU_EVERGREEN,SUM_TEU_HAMBURG,SUM_TEU_HYUNDAI,SUM_TEU_MAERSK,SUM_TEU_ONE,SUM_TEU_OOCL,SUM_TEU_SEALAND,SUM_TEU_WAN HAI,SUM_TEU_YANG MING,SUM_TEU_ZIM,SUM_TEU_other_companies,MEAN_FLETE_per_TEU_CMA CGM,MEAN_FLETE_per_TEU_COSCO,MEAN_FLETE_per_TEU_EVERGREEN,MEAN_FLETE_per_TEU_HAMBURG,MEAN_FLETE_per_TEU_HAPAG-LLOYD,MEAN_FLETE_per_TEU_HYUNDAI,MEAN_FLETE_per_TEU_MAERSK,MEAN_FLETE_per_TEU_MSC,MEAN_FLETE_per_TEU_ONE,MEAN_FLETE_per_TEU_OOCL,MEAN_FLETE_per_TEU_SEALAND,MEAN_FLETE_per_TEU_WAN HAI,MEAN_FLETE_per_TEU_YANG MING,MEAN_FLETE_per_TEU_ZIM,MEAN_FLETE_per_TEU_other_companies,SUM_TEU_CYS,SUM_TEU_SIN CLAUSULA,SUM_TEU_CONTENEDOR REFRIGERADO 20,SUM_TEU_AF,SUM_TEU_ME,SUM_TEU_OC,SUM_TEU_SE,FE,NAE,NAW,NE,SAE,SAW,SE,boat_price,boat_volume,boat_weekly_pct_change,brent_oil_price,brent_oil_volume,brent_oil_weekly_pct_change,clp_price,clp_weekly_pct_change,cny_price,cny_weekly_pct_change,cosco_shipping_price,cosco_shipping_volume,cosco_shipping_weekly_pct_change,csi300_price,csi300_volume,csi300_weekly_pct_change,gcfgold_price,gcfgold_volume,gcfgold_weekly_pct_change,hapag_price,hapag_volume,hapag_weekly_pct_change,hgfcopper_price,hgfcopper_volume,hgfcopper_weekly_pct_change,ipsa_price,ipsa_weekly_pct_change,lefcattle_price,lefcattle_volume,lefcattle_weekly_pct_change,maersk_price,maersk_volume,maersk_weekly_pct_change,ngfnaturalgas_price,ngfnaturalgas_volume,ngfnaturalgas_weekly_pct_change,sea_price,sea_volume,sea_weekly_pct_change,sp500_price,sp500_volume,sp500_weekly_pct_change,wan_hai_price,wan_hai_volume,wan_hai_weekly_pct_change,wti_oil_price,wti_oil_volume,wti_oil_weekly_pct_change,yang_ming_price,yang_ming_volume,yang_ming_weekly_pct_change,zcfcorn_price,zcfcorn_volume,zcfcorn_weekly_pct_change,zim_price,zim_volume,zim_weekly_pct_change,zsfsoybean_price,zsfsoybean_volume,zsfsoybean_weekly_pct_change,series,time_idx,dow,month
3801,2024-01-05,1723,28273.22943962115,6835.438137332281,584.4676783479349,1.8474085766903448,4.661667982109971,78300.26027624309,3442.890586687713,279.195851091818,15149.389476453563,37.05261773217574,138.0,31248.74727217973,1215.9561184632887,116.77383167833412,8542.950500022098,2.4309643860308947,1059.0,280.0,74.0,162.0,301.0,95.0,218.0,278.0,520.0,322.0,201.0,370.0,146.0,71.0,212.0,37.0,68.0,277.0,492.0,38.0,53.0,99.0,162.0,933.0,114.0,1436.4017613636363,734.5081081081081,807.7984695767196,2455.814548295454,1864.7742307692304,1098.0007658139027,604.5054310344829,1461.517128384687,862.2553028404344,1363.4233116477274,1367.37697405828,985.3067780888836,1029.341373873874,1567.6375,1701.8620716873704,2697.2060795454545,2077.0835,795.3535064102564,435.5509417685119,1066.066,1298.9205648148147,1309.035996212121,1220.6982720588237,1487.1641715546618,1291.215357142857,1698.2212983490567,1203.0,458.0,264.0,315.0,153.0,153.0,2406.0,972.0,579.0,2.0,54.0,1987.0,875.0,118.0,0.0,248.0,89.0,386.0,182.0,1111.397317713885,1134.605321257073,1089.3978401360544,2675.0,1320.295295554908,1365.3383,1157.210459409065,1513.3590473905858,1151.9331961645544,1368.3234146341465,0.0,1051.666303508772,1039.662984375,995.6843602654176,1047.776903508772,559.0,25.0,6.0,24.0,0.0,6.0,326.0,1151.90568668968,1650.8370434679898,1133.9595505540167,1256.840315741448,2474.051100187266,1107.2555818542612,1435.2489739729226,30.461000442504883,330900.0,0.0029963648586379,75.88999938964844,124911.0,-0.0638954030427422,871.8646850585938,0.0096370704487604,7.068600177764893,-0.0020752948028701,7.929999828338623,120046819.0,0.0140664519517366,3386.35009765625,454900.0,0.011620829900909,2064.39990234375,215.0,0.0030123172281415,139.39999389648438,180376.0,0.0295420988206105,3.86899995803833,2076.0,-0.0068027177576277,5058.8798828125,0.0,170.5749969482422,101270.0,-0.0178494662389139,12915.0,211728.0,0.0594749794913864,2.8929998874664307,692740.0,0.1507557508762875,15.220000267028809,181600.0,0.0026350435473569,4742.830078125,15253660000.0,-0.0066851504005445,54.70000076293945,141592863.0,0.0036697387695312,70.37999725341797,1335845.0,-0.0686780794278832,53.0,790449062.0,0.0231660382357863,463.75,613729.0,-0.034357105674128,11.1899995803833,65926200.0,0.0917072761349562,1249.75,6391.0,-0.0338229609586393,chile,763,4,1
7484,2024-01-08,2942,25586.62438401924,4085.4918639764833,503.5153768690876,1.7569481560662747,4.994922501336184,68342.0588241582,3569.9235275253877,244.4850841795831,13625.196794494925,60.6256012827365,140.0,27430.05724532175,1282.6261781027197,104.1680668626287,7814.883368839826,2.575618794399585,2095.0,389.0,246.0,275.0,771.0,83.0,271.0,189.0,718.0,334.0,228.0,210.0,292.0,124.0,169.0,75.0,92.0,429.0,404.0,258.0,140.0,254.0,124.0,1910.0,323.0,1323.3654796296296,640.9472094801223,948.31770377886,1683.3219088397789,1473.579982078853,1292.3230103185488,555.4389766081872,1454.3114434185609,796.6683262890956,1636.6273622816034,1430.7458124021368,1030.1021142857144,1291.9650186567164,1319.34375,1702.126154761905,1236.8151953125,1535.067935483871,778.0712126245847,427.8294392523365,1340.99564995005,1451.320566066066,1351.721496212121,1938.6521951219515,1385.9273669419626,1280.529383640553,1528.2041324680545,3003.0,553.0,586.0,816.0,241.0,214.0,3630.0,1011.0,856.0,4.0,173.0,5389.0,1854.0,220.0,1.0,391.0,64.0,610.0,582.0,1281.587710034292,1290.795013460529,1422.6451831349846,3135.475,1110.918403149575,1183.6830065789477,1256.3286531387266,1525.36460593124,1208.8054520833334,1068.6470833333335,1828.0,1492.5578374413146,1199.2650675675677,1223.3933932496077,1279.3195355191258,929.0,30.0,7.0,4.0,2.0,0.0,264.0,1287.0324531424158,1335.5292545464852,1230.1917923237477,1332.1279303186996,1749.8246705338188,1119.9782572306997,1723.695481557377,31.608999252319336,391800.0,0.0376874952607448,76.12000274658203,162237.0,0.0030307465909,877.2498779296875,0.0061766383744878,7.09250020980835,0.0033811548881541,8.239999771118164,137785252.0,0.0390920491160322,3286.06005859375,526600.0,-0.0296159688662764,2026.5999755859373,1062.0,-0.0183103703477692,152.6999969482422,188992.0,0.0954089213349185,3.799499988555908,2187.0,-0.0179632903169272,5058.8798828125,0.0,171.375,167136.0,0.0046900370281146,13185.0,193035.0,0.0209059233449477,3.312999963760376,1348381.0,0.1451780479195814,15.550000190734863,204600.0,0.0216819919787345,4763.5400390625,18017190000.0,0.0043665829465446,56.20000076293945,98060968.0,0.0274223030910136,70.7699966430664,1885747.0,0.0055413385175928,56.5,648268897.0,0.0660377358490567,455.0,1102268.0,-0.0188679245283018,13.670000076293944,65379100.0,0.2216265048175894,1205.75,238185.0,-0.0352070414082816,chile,764,0,1
8174,2024-01-20,3305,26654.75295571324,4925.388732566675,518.5591718512374,1.8393687301198924,5.370198189380964,76538.02313799853,3623.607385612919,282.8444103254221,14878.169836065574,52.12772204551016,214.0,30220.218361653813,1268.3724095016166,117.04701980508828,7901.939741991287,2.661100735108884,3373.0,593.0,99.0,254.0,811.0,135.0,553.0,178.0,610.0,654.0,320.0,326.0,307.0,113.0,511.0,93.0,115.0,710.0,510.0,170.0,184.0,266.0,244.0,1789.0,295.0,1283.007491608481,1063.6025,982.7303270299782,1656.8774810325683,1863.6925968992248,1221.8211956680773,534.0654741034685,1591.9868055555555,797.5373638344226,1528.868263793498,1359.5504969202898,1094.611749125398,1569.8413242009133,1426.0935204081634,1785.1666333057624,1793.7494560185185,1694.5812789115648,775.6214303221288,410.4610729028453,1492.9409441714442,1395.21278424015,1250.9669285714283,1604.319204710145,1499.4795375357794,1377.0954366666667,1520.2224894226383,2997.0,743.0,580.0,825.0,403.0,263.0,5074.0,1535.0,914.0,1.0,161.0,4596.0,2120.0,219.0,2.0,417.0,142.0,1114.0,446.0,1219.4313584643512,1362.7773319737616,1193.1973978713768,5540.06,1181.5736569083117,1263.8858920187793,1230.5418369900528,1489.247823905435,1139.9405658204043,1186.6937647058824,930.0,1531.920299823633,1603.133230994152,1276.7432311746988,1227.2635794117648,1143.0,42.0,9.0,0.0,0.0,0.0,702.0,1267.0066332372855,1588.8627636262838,1221.268028526472,1263.261524353373,1546.8176757279346,1106.09815898711,1625.6221708410635,31.520000457763672,165900.0,-0.0028156156999856,78.29000091552734,134558.0,0.0285075944646198,895.7639770507812,0.0211047041292125,7.100599765777588,0.0011419888233541,8.119999885559082,111633554.0,-0.0145630933121735,3280.919921875,604400.0,-0.0015642248245911,2026.0,2334.0,-0.0002960503272303,161.1999969482422,111158.0,0.0556647031426011,3.766499996185303,1167.0,-0.0086853513541258,5058.8798828125,0.0,174.375,70196.0,0.0175054704595185,13135.0,141849.0,-0.0037921880925293,2.5190000534057617,934623.0,-0.2396619133836015,15.557000160217283,39100.0,0.0004501588036371,4765.97998046875,16495350000.0,0.0005122117975795,52.79999923706055,50873828.0,-0.0604982469701496,72.4000015258789,910996.0,0.0230324284319745,52.20000076293945,309800966.0,-0.0761061811869123,443.5,710410.0,-0.0252747252747252,13.3100004196167,35416100.0,-0.0263350149720587,1213.25,487670.0,0.0062201948994402,chile,765,5,1
6777,2024-01-22,2755,25970.506287442822,2519.809712262063,555.0577427952691,1.8090600560720085,5.263833554670208,74171.38414785304,3491.3924081451974,261.8779120554818,14709.417234764644,38.530323151837095,116.0,28998.86529994869,1240.6863842991786,109.07023841809465,7866.35837956005,2.6724907758620158,2949.0,433.0,87.0,345.0,997.0,109.0,379.0,274.0,642.0,347.0,298.0,98.0,316.0,152.0,313.0,83.0,113.0,471.0,543.0,207.0,138.0,167.0,204.0,1652.0,266.0,1347.6502685714286,896.1692857142857,1074.0082699018703,1684.687464040154,1735.9362368421057,1167.1350932144285,551.3813590342679,1689.1202123397436,790.271838607595,1615.6104213752667,1213.2141645502645,1088.1501875,1724.665714285714,1462.1068,1545.1881194225723,1674.121571428571,1842.064211672474,829.9542688172043,445.6228720238095,1212.205512121212,1513.5751011904763,1536.7690051020406,1696.1459155701757,1384.4064940711462,1239.536484375,1503.5937790782334,2005.0,288.0,474.0,424.0,279.0,184.0,4266.0,1029.0,1061.0,0.0,178.0,3853.0,1117.0,224.0,2.0,524.0,125.0,644.0,1189.0,1141.442096112463,1305.8012660603715,1276.44793896542,0.0,1136.00583455744,1171.6064506172838,1168.887601104554,1457.7222610614883,1388.1362432950193,1118.5196082502769,2550.0,1377.0056111236122,1152.4678369565218,1344.522250423012,1184.7354997082168,984.0,18.0,6.0,0.0,0.0,2.0,359.0,1226.6754463413272,1367.1908287477174,1220.714319845779,1279.851715865319,1638.4283201172232,1141.75537510175,1453.6484198473283,31.42300033569336,146400.0,-0.0030774149956086,80.05999755859375,118637.0,0.0226082082305272,896.9052124023438,0.0012740357737088,7.107100009918213,0.000915450011977,7.820000171661377,136002823.0,-0.0369457780943121,3218.89990234375,802600.0,-0.0189032408617295,2019.800048828125,877.0,-0.0030601930759501,153.3000030517578,96191.0,-0.049007407233518,3.763999938964844,2462.0,-0.0006637613760761,5058.8798828125,0.0,178.4499969482422,66943.0,0.0233691581261201,13165.0,138991.0,0.00228397411496,2.711999893188477,374234.0,0.076617640210755,15.59000015258789,62400.0,0.0021212310876614,4850.43017578125,19914270000.0,0.0177193768455976,50.70000076293945,30842937.0,-0.0397726989482055,75.19000244140625,1687703.0,0.0385359234354445,49.79999923706055,164134937.0,-0.0459770400536629,445.75,726091.0,0.0050732807215332,13.140000343322754,36038400.0,-0.0127723569447371,1209.25,583492.0,-0.003296929734185,chile,766,0,1
5812,2024-01-30,2708,27466.166397109428,5689.925049896766,595.221185647426,1.814693737095664,5.231761871988988,74885.91305058499,3495.556976944253,266.5474105299381,14710.181465932554,67.72883688919477,140.0,29999.71791850429,1231.4013617033966,114.84264146741673,8083.826461348976,2.666261192663262,2390.0,399.0,0.0,87.0,813.0,32.0,402.0,335.0,575.0,491.0,209.0,273.0,314.0,87.0,257.0,67.0,55.0,704.0,640.0,136.0,207.0,116.0,296.0,1392.0,410.0,1368.5236628014843,843.5667522321428,1134.899730392157,1549.1824195134575,1591.163076923077,1182.1866903543046,584.0755600358423,1690.1342411523185,734.6345279720281,1436.689038260582,1216.3133830532213,1090.898130952381,1570.0272825454545,1556.4751333333334,1443.3663146551723,1781.592470238095,1962.82,862.7734132553605,395.3119412331407,1099.6569010695189,1483.0353636363636,1460.5389338235295,1396.5323686540733,1483.3669570937366,1227.8252296587928,1599.5028184646355,2304.0,465.0,651.0,587.0,294.0,292.0,3483.0,933.0,778.0,0.0,175.0,2481.0,1730.0,158.0,0.0,360.0,109.0,372.0,373.0,1260.1914493764732,1311.041037003695,1328.856532129329,0.0,1099.8854832972902,1524.417107142857,1164.30663973036,1311.678099821022,1291.169969269103,1101.177524250441,0.0,1216.600809352518,1222.0751098901098,1201.4758484432236,1236.0298635057472,867.0,17.0,47.0,2.0,0.0,2.0,406.0,1244.8008079960837,1511.208927284427,1101.683353314775,1271.8240310348615,1679.9562465277777,1073.4868562827346,1336.9138435099846,31.780000686645508,263100.0,0.0113611159704132,82.4000015258789,134896.0,0.0292281293859966,894.8502197265625,-0.0022912038500445,7.086599826812744,-0.0028844652638713,8.4399995803833,104264419.0,0.0792838101166184,3303.9599609375,800200.0,0.0264251953071967,2025.199951171875,181457.0,0.0026734836187785,154.60000610351562,149874.0,0.0084801241087966,3.872999906539917,3242.0,0.0289585465841026,5058.8798828125,0.0,180.5500030517578,64356.0,0.0117680366457204,12525.0,162290.0,-0.048613748575769,2.0789999961853027,733624.0,-0.2334070508605225,15.835000038146973,53900.0,0.0157151945581226,4927.93017578125,20417850000.0,0.0159779642611836,50.0,24377335.0,-0.0138067209547487,76.77999877929688,2069364.0,0.0211463796550568,48.79999923706055,128498396.0,-0.0200803215927725,440.25,817122.0,-0.0123387549074593,14.449999809265137,67540500.0,0.09969554274845,1188.5,644745.0,-0.017159396320033,chile,767,1,1
8706,2024-02-11,3539,25165.12799793246,6709.920869515277,542.0718916857361,1.7995635194118995,5.226165862623478,77576.68560647829,3452.064463588329,281.4510670801746,15268.614237307604,51.626809097174366,200.0,31807.38799307468,1259.1974238365965,124.195545059241,7813.602529294754,2.697226743663855,3643.0,810.0,58.0,416.0,932.0,121.0,476.0,204.0,620.0,770.0,209.0,478.0,452.0,59.0,414.0,181.0,80.0,262.0,780.0,161.0,189.0,221.0,398.0,2252.0,249.0,1249.1081635763978,790.96421875,987.37512316998,1405.3282266610202,1908.443266666667,1170.4192132328676,568.4631015895278,1593.4373015873016,790.382880794702,1580.2522293833188,1325.08662749066,1121.2523527813853,1743.2596563981042,1534.62359375,2119.360318322981,1490.0157027363184,3887.689919270833,856.2437631578947,441.9880789728682,964.8988323135198,1573.762575,1396.433107638889,1452.7230394949968,1515.1045140573167,1206.0395202020202,1542.580439867109,3625.0,597.0,597.0,720.0,341.0,147.0,5042.0,1897.0,1235.0,4.0,189.0,3677.0,1876.0,207.0,0.0,428.0,330.0,1216.0,1107.0,1247.0621382124505,1310.8483004718755,1203.8993783634442,635.2049999999999,1183.9219655753982,1432.9502577319586,1200.5079430522644,1414.8730158409692,1228.85745695753,1040.478143274854,0.0,1260.7937283236995,1109.1152371794872,1162.9486121619727,1421.9624176954733,1404.0,78.0,11.0,3.0,0.0,0.0,594.0,1213.22105589661,1457.9486432825734,1429.9255861942488,1257.2983375326562,1414.1395337741526,1199.81920712981,1588.1122358518044,30.86000061035156,442400.0,-0.02894902631895,77.98999786376953,135101.0,-0.0535194609277325,927.764404296875,0.0367817807323889,7.112599849700928,0.003668899546128,8.149999618530273,88271796.0,-0.0343601867619828,3200.419921875,812300.0,-0.031338163987048,2025.699951171875,1135.0,0.0002468892020812,141.5,160695.0,-0.0847348356166574,3.7720000743865967,1757.0,-0.0260779330210602,5058.8798828125,0.0,184.625,24526.0,0.0225699079444159,12515.0,301444.0,-0.0007984031936127,1.847000002861023,962258.0,-0.1115921085858441,15.229000091552734,37300.0,-0.0382696523608694,4942.81005859375,21614960000.0,0.0030194995224623,47.75,3513005.0,-0.045,72.77999877929688,1637271.0,-0.0520969010627097,47.29999923706055,23275388.0,-0.0307377053985862,442.75,1005591.0,0.0056785917092561,13.18000030517578,35647400.0,-0.0878892401974325,1183.5,659819.0,-0.0042069835927639,chile,768,6,2
5590,2024-02-18,2474,27592.4341216458,6962.38436135957,609.9344791260243,1.8189624329159213,5.215026833631485,82219.05909302326,3490.628220035778,291.714511627907,16385.907409660107,35.38372093023256,100.0,33143.84302317354,1254.6758357350072,124.38947158859423,8131.859663159396,2.660590711711833,2470.0,841.0,60.0,499.0,579.0,70.0,516.0,378.0,606.0,659.0,383.0,280.0,346.0,121.0,354.0,62.0,101.0,779.0,558.0,252.0,294.0,187.0,133.0,1480.0,179.0,1436.6109151640676,794.1529838709678,1016.529094790968,1473.7882979691876,2153.4842424242424,1129.471848706927,539.1600099835564,1348.2518822246457,796.4434589041095,1329.956587546077,1311.4681013239044,1086.3606722826494,1849.772002314815,1595.2572857142857,1613.2178759700178,1578.7401190476191,1223.7024652777775,869.041174025974,459.4677375201288,1395.9645422494173,1655.242101800977,1548.8305855855856,1232.0536483739838,1539.3387344062317,1153.307380952381,1596.7246216556916,2074.0,242.0,355.0,716.0,376.0,294.0,2623.0,1306.0,639.0,0.0,105.0,2873.0,1329.0,221.0,0.0,170.0,147.0,177.0,309.0,1229.377231088126,1191.124472090229,1221.902117515323,1166.8274999999999,1223.8265944970506,1037.1567777777775,1265.214614038597,1418.659129176157,1179.1833211934684,1085.9871822916666,0.0,1339.8764502164502,1057.893125,1315.357623539982,1242.3276514364015,1278.0,26.0,21.0,0.0,0.0,1.0,310.0,1217.0199264941564,1513.844480008476,1253.1801247908693,1333.1335834036809,1466.132434679984,1037.5677089730066,1508.700248397436,31.121999740600582,121200.0,0.0084899262821511,82.0,145881.0,0.051416877113332,956.61083984375,0.0310924146402629,7.178999900817871,0.0093355527542766,7.940000057220459,30551749.0,-0.0257668185446718,3200.419921875,812300.0,-0.031338163987048,2018.199951171875,2749.0,-0.0037024239427271,132.8000030517578,50670.0,-0.0614840773727363,3.7284998893737793,1363.0,-0.0115323924058753,5058.8798828125,0.0,184.7749938964844,12942.0,0.0008124246255079,11005.0,121576.0,-0.1206552137435077,1.6089999675750732,1091420.0,-0.1288576258350217,15.180999755859377,26400.0,-0.0031519033032235,5021.83984375,19924770000.0,0.0159888371633551,47.20000076293945,11583712.0,-0.0115183086295402,76.91999816894531,1118926.0,0.0568837518423552,46.650001525878906,61794632.0,-0.0137420237138683,430.5,1006402.0,-0.0276679841897232,12.109999656677246,20895600.0,-0.0811836588560885,1172.25,611487.0,-0.0095057034220532,chile,769,6,2
5250,2024-02-20,2164,31647.106064761905,7308.075137142857,750.3916436407964,2.0024761904761905,4.77352380952381,88522.37899619048,3654.9699980952378,322.76586095238093,17558.41089904762,39.43961904761905,268.0,33721.502007197625,1245.1271920014638,118.54147578438288,8688.230591288297,2.5048614809390326,1722.0,543.0,31.0,291.0,931.0,109.0,903.0,286.0,953.0,426.0,321.0,172.0,321.0,108.0,413.0,101.0,70.0,851.0,1212.0,233.0,92.0,370.0,239.0,2153.0,180.0,1176.2025168128653,1615.7632352941175,1018.4638582516338,1932.8919919231523,1891.4334453781512,1170.992348993418,489.3138623471247,1534.2429369440083,765.0085347371779,1351.6175429808286,1306.3605024509802,939.9333119172494,1720.1930293103449,1454.055243902439,1640.402681255161,1726.0164302325582,1706.6621847826086,827.8668988526571,495.0640239916029,1134.77488869863,1404.047160493827,1373.480985915493,1249.6328978696745,1484.433836792221,1113.2046464646464,1639.909478174321,1963.0,386.0,513.0,552.0,471.0,343.0,2856.0,789.0,685.0,1.0,169.0,4090.0,1420.0,117.0,0.0,287.0,63.0,531.0,335.0,1165.7905373006065,938.5895151277724,1183.023491516775,1698.45,1189.831354859133,1214.0187142857142,1287.0828559325569,1385.5337798192277,1286.2791091913832,1098.756230620155,0.0,1200.3424335548173,1322.6708870967743,1236.6989492055563,1460.6475126646403,1114.0,30.0,11.0,0.0,0.0,0.0,230.0,1274.3778437164074,1466.2736541442453,1160.0571730402407,1252.5386826499582,1990.9056353331025,951.7672873030548,1883.5730808950088,31.016000747680664,74800.0,-0.0034059184436543,82.33999633789062,104931.0,0.0041462968035441,951.2039184570312,-0.0056521640373653,7.118599891662598,-0.0084134294455683,8.380000114440918,124357131.0,0.0554156239357117,3403.81005859375,798700.0,0.063551078197136,2027.5,2327.0,0.0046080908993804,134.5,65978.0,0.0128011815450006,3.866499900817871,1467.0,0.0370122074664376,5058.8798828125,0.0,185.6000061035156,5282.0,0.0044649559425415,10740.0,127856.0,-0.024079963652885,1.6030000448226929,677906.0,-0.003728976304097,15.232000350952148,8500.0,0.0033595017398697,4975.509765625,15547770000.0,-0.0092257179771794,47.900001525878906,31192279.0,0.0148305243988275,78.18000030517578,1442426.0,0.0163806833882527,46.900001525878906,229820751.0,0.0053590566307122,418.75,816045.0,-0.027293844367015,12.670000076293944,13814300.0,0.0462428105279031,1133.0,520432.0,-0.0334826188952868,chile,770,1,2
2799,2024-02-26,1411,33228.98312968917,10546.265298320828,662.1326573146292,2.163629867809932,5.041800643086817,90095.11723472668,4439.98848874598,277.07324758842446,18031.991357627725,35.53876384423008,350.0,32308.542536154167,1361.816855900649,113.55843595503622,8727.77257916787,2.569130107590955,1090.0,188.0,76.0,71.0,564.0,62.0,469.0,278.0,414.0,354.0,101.0,32.0,208.0,47.0,286.0,46.0,81.0,559.0,261.0,33.0,112.0,208.0,163.0,1151.0,163.0,1145.0186409026296,830.9088461538462,1008.4311342592594,1510.058815124168,1822.0053216374267,1390.9678396568202,604.3052768860354,1530.6734222132036,737.6898422496571,1560.28460478008,2062.470574074074,1264.8373611111112,2342.007929964539,1196.6762037037035,1515.547743852459,2296.409404761905,1351.2780555555555,739.2986148648649,476.0678222222223,1742.168541666667,1965.363,1435.2315674603174,1497.011353773585,1266.9723216386556,1717.8515094339623,1593.8738867924528,1472.0,213.0,381.0,302.0,174.0,204.0,1205.0,452.0,439.0,3.0,79.0,2155.0,889.0,55.0,0.0,109.0,44.0,270.0,185.0,1596.4781394155398,2449.190596063177,1024.589313063063,2061.25,1178.8554947807118,1248.4856818181818,1227.5117900584175,1459.447757839473,1246.0160925123896,961.7925,0.0,1486.7613541666667,794.6073015873015,1415.038943661972,1745.310323129252,638.0,7.0,7.0,0.0,0.0,4.0,190.0,1487.629086058775,1494.2779902740936,1081.8274727825808,1379.6264215830874,1481.8783712698412,1106.3910162841034,1329.3168553921569,31.40999984741211,83900.0,0.0127030916376575,82.52999877929688,90803.0,0.0023075352180799,965.7730712890624,0.0153165399651256,7.194399833679199,0.0106481531719992,8.65999984741211,97233555.0,0.0334128555068489,3453.360107421875,799100.0,0.0145572308604657,2028.5,3604.0,0.0004932182490751,133.39999389648438,64524.0,-0.0081784840410084,3.8239998817443848,34875.0,-0.0109918583120864,5058.8798828125,0.0,188.4499969482422,69066.0,0.0153555536153218,9952.0,218206.0,-0.0733705772811917,1.8350000381469729,686921.0,0.1447286256002204,15.32699966430664,20200.0,0.0062368245250568,5069.52978515625,21367100000.0,0.0188965601436097,48.79999923706055,48565686.0,0.0187890956683038,77.58000183105469,1555345.0,-0.0076745775361857,48.70000076293945,126713619.0,0.0383795134008113,407.0,497986.0,-0.0280597014925373,12.1899995803833,21099800.0,-0.0378848060789472,1143.0,220967.0,0.0088261253309795,chile,771,0,2
5786,2024-03-04,2335,31784.42677670239,9612.41578119599,816.4035230402056,1.9597303836847564,4.772035948842032,87140.19974421017,3784.098852402351,308.1805686138956,17359.461652264086,33.784825440718976,120.0,33211.72428255278,1297.2858588028266,124.62492005546798,9099.938928443336,2.46328149873912,2590.0,977.0,89.0,532.0,1063.0,87.0,559.0,482.0,744.0,766.0,178.0,581.0,384.0,155.0,418.0,117.0,75.0,828.0,630.0,430.0,430.0,173.0,340.0,1509.0,255.0,1268.1412748525393,954.664375,993.4336095210916,1461.1599291660589,2137.2357407407408,1336.4094663822093,603.3200422222222,1490.512537635567,789.8774708994708,1432.983752096763,1130.856332478006,994.0119274383054,1623.463015536723,1523.6982429834677,1527.420293314501,1286.0128911564625,2009.476,839.2959048197721,440.5110126582279,1243.4267573099414,1559.0904809631058,1607.8913647727272,1223.0880300654403,1424.337476726727,1339.0225164473684,1592.8059262020338,1978.0,88.0,654.0,388.0,541.0,298.0,2681.0,1017.0,711.0,0.0,49.0,4027.0,1001.0,160.0,0.0,259.0,91.0,933.0,254.0,1370.0851979725924,1218.8391030585103,1110.6684813452846,1681.125,1165.1249736556297,1813.556,1326.7167428294715,1470.982776754527,1185.4078556864945,1176.984561437075,0.0,1413.9335085034013,998.1372222222222,1302.203583258393,1485.9181960570877,1290.0,22.0,7.0,1.0,0.0,13.0,305.0,1392.7183375010964,1445.7479494220452,1161.955748310331,1233.059428833082,1452.5702258846534,1086.314379569175,1412.872866104869,31.0,109900.0,-0.0130531629864331,82.80000305175781,158063.0,0.0032715894396531,945.7276000976562,-0.0207558812596115,7.195799827575684,0.000194594952859,8.520000457763672,65603509.0,-0.0161662115606473,3540.8701171875,746600.0,0.0253405399505111,2117.699951171875,2946.0,0.043973355273293,134.1999969482422,50921.0,0.0059970246503804,3.8519999980926514,4988.0,0.0073222063844557,5058.8798828125,0.0,187.6000061035156,132726.0,-0.0045104317245494,9572.0,145249.0,-0.0381832797427652,1.8049999475479128,752196.0,-0.0163488228748784,15.031000137329102,36000.0,-0.0193122942167774,5130.9501953125,22082750000.0,0.0121156029768463,49.650001525878906,34492252.0,0.0174180799612151,78.73999786376953,1935240.0,0.0149522558048007,48.900001525878906,171039500.0,0.0041067917824686,417.5,8700.0,0.0257985257985258,10.949999809265137,23843400.0,-0.1017227082692954,1170.5,2413.0,0.0240594925634296,chile,772,0,3
5358,2024-03-14,2406,29362.470634565136,4542.887696901829,637.0381473982588,1.891190742814483,4.841358715938783,78459.06326427772,3618.232603583426,318.5341955953714,15508.389365434865,34.895483389324376,136.0,30625.347315859577,1258.8119382106738,128.74281305939283,8635.782785120991,2.4766333154613016,2730.0,589.0,82.0,233.0,520.0,111.0,642.0,306.0,613.0,569.0,116.0,276.0,276.0,72.0,224.0,78.0,92.0,737.0,646.0,171.0,133.0,197.0,330.0,1360.0,142.0,1219.5393322798147,606.8424404761905,1101.482817115252,1620.6620484330483,1643.1339646464648,1189.6511464442797,553.1968536792007,1435.6517238372094,764.0907378015694,1418.2427509157508,1581.280974074074,1218.2508621784466,1785.0026102941176,1572.8882,1394.185543478261,2317.827076190476,1522.854054054054,1141.9379383429673,466.4587610229277,1139.7002420634922,1346.094656862745,1486.5879310344828,1317.3321357989569,1599.30393642662,1308.290880376344,1510.0187845381597,2122.0,136.0,734.0,620.0,351.0,360.0,2319.0,1505.0,835.0,6.0,133.0,2887.0,903.0,182.0,0.0,343.0,180.0,592.0,393.0,1304.7662660469402,1136.7926172278544,1114.0212411850237,1301.0,1198.3345556169222,1069.504652777778,1197.673802319937,1407.062583360463,1174.154254117743,982.9389267676768,0.0,1197.164020356234,1098.4664636752136,1184.1743759827043,2259.3361267605637,1092.0,28.0,6.0,16.0,0.0,0.0,265.0,1243.9653478797695,1580.2605044444445,1214.023707819958,1267.859298566107,1576.299204202429,1078.9023366420004,1336.3313424908424,31.086000442504883,99800.0,0.0027742078227381,82.20999908447266,150486.0,-0.0071256515161762,953.6156616210938,0.0083407331271954,7.185200214385986,-0.0014730278000615,8.670000076293945,97803245.0,0.0176055880834595,3589.260009765625,752800.0,0.0136661021095461,2182.5,1923.0,0.0305992587818053,133.39999389648438,174380.0,-0.005961274738824,3.922499895095825,3977.0,0.0183021539558885,5058.8798828125,0.0,187.25,160815.0,-0.0018657041158222,9526.0,191196.0,-0.0048056832427915,1.6549999713897705,859046.0,-0.0831024822809091,15.109999656677246,16900.0,0.0052557726449586,5117.93994140625,24701470000.0,-0.0025356422126521,49.29999923706055,58049478.0,-0.0070493913003392,77.93000030517578,1438713.0,-0.0102869898472076,48.59999847412109,167736810.0,-0.0061350315418507,428.25,294807.0,0.0257485029940118,11.40999984741211,50007300.0,0.0420091366355781,1198.25,282091.0,0.0237078171721487,chile,773,3,3
6184,2024-03-20,2611,29605.33601552393,6195.706662354463,645.9589614855571,1.8481565329883567,4.842658473479948,82024.43555627426,3556.2798512289783,280.0522445019405,16313.379273932733,33.21086675291074,180.0,32635.00501217383,1274.9001976032694,118.1316450563412,8913.011256305326,2.5307899018813838,2329.0,457.0,88.0,454.0,777.0,64.0,477.0,314.0,717.0,697.0,423.0,375.0,307.0,141.0,444.0,81.0,102.0,706.0,903.0,115.0,229.0,179.0,184.0,2628.0,315.0,1260.94899185573,1258.6629375,1027.2642918372917,1587.6714581682943,1904.5241176470588,1233.7498370815488,541.3305583058306,1657.5352397003744,767.7015805988883,1458.572496999213,1244.1817328431373,1101.8344724801782,2013.1221981981985,1406.6502083333337,1557.8481154626622,1858.5340595238097,1755.865683760684,698.5764644383395,469.08351192523793,1193.4232536231884,1445.3333763693272,1589.365625,1425.1411367127496,1367.938078365072,1234.8571767241378,1599.913755995049,1590.0,97.0,900.0,618.0,567.0,211.0,2604.0,1361.0,1072.0,0.0,163.0,3671.0,1233.0,212.0,0.0,354.0,154.0,498.0,314.0,1294.1700876090351,1240.197581739102,1073.6394977596808,720.5,1202.7048182780602,1236.323390151515,1339.896470348434,1449.156588274691,1101.010753131313,896.2102206349206,0.0,1287.8893402777778,1189.4195652173912,1159.3036377952756,1535.932527006173,1043.0,27.0,4.0,10.0,0.0,2.0,502.0,1291.0679602445848,1420.75891034942,1180.7817126638492,1246.571380982052,1625.2780397204365,1111.7560656636776,1448.972420659568,30.65999984741211,80100.0,-0.0137039371108766,86.88999938964844,137643.0,0.0569273854433081,925.2318725585938,-0.0297643906290812,7.195000171661377,0.0013639087266865,8.520000457763672,110492402.0,-0.017300993911224,3603.530029296875,705400.0,0.0039757553067831,2160.699951171875,132.0,-0.009988567618843,122.8000030517578,55952.0,-0.0794602048704136,4.114500045776367,4627.0,0.0489484144844958,5058.8798828125,0.0,187.5,73869.0,0.0013351134846462,8912.0,124624.0,-0.0644551753096788,1.659000039100647,502696.0,0.0024169593837015,15.062000274658203,12200.0,-0.003176663342797,5149.419921875,19715260000.0,0.0061509085353002,45.650001525878906,37686791.0,-0.0740364658755979,82.72000122070312,1010654.0,0.0614654291899086,45.150001525878906,126925965.0,-0.070987593756392,436.0,660595.0,0.0180969060128428,9.539999961853027,15644600.0,-0.1638913155623936,1192.5,634369.0,-0.0047986647193823,chile,774,2,3
6705,2024-03-30,2895,29577.050477255776,5037.830565249813,584.3822351256761,1.954660700969426,4.998806860551827,82756.00927665921,3576.25591349739,309.04227889634603,16404.538742729306,34.023117076808354,160.0,32380.421951761244,1232.1203945923185,120.1267582408151,8608.587322611555,2.587573404967101,3475.0,639.0,47.0,231.0,885.0,171.0,612.0,377.0,640.0,426.0,191.0,192.0,415.0,151.0,470.0,111.0,105.0,1097.0,1018.0,156.0,118.0,146.0,213.0,1965.0,224.0,1257.2909922907488,1455.4839583333332,916.9536789493576,1819.699443930786,2075.5010946327684,1166.34059501394,498.4097100938968,1461.9091666666668,741.9084542489474,1500.8154278752436,1422.784550194932,1046.861362824675,1878.019800664452,1482.9387209302324,1383.102672138047,1418.0575289855071,1196.336905982906,851.9620100623583,435.34671275694006,1395.0077584134615,1474.0392631578948,1579.2512310606062,1794.2867899659864,1428.530383565817,1224.929513888889,1461.3749621010638,3380.0,360.0,569.0,404.0,510.0,370.0,2146.0,1282.0,984.0,2.0,164.0,3704.0,2735.0,164.0,2.0,319.0,101.0,859.0,525.0,1291.6441169370464,1285.674180497821,1147.724237225007,140.0,1132.0287523397335,1278.486239316239,1262.1759779600743,1382.162963296588,1038.4371173257866,1064.7644784946235,787.5,1363.486437659033,1410.7450333333334,1132.618885842376,1369.574265873016,1092.0,19.0,5.0,3.0,0.0,2.0,167.0,1213.3220659856602,1459.705458914772,1118.4129499020555,1378.922768010703,1846.219856086797,979.4606029273784,1433.4299941860463,29.690000534057617,77500.0,-0.0316372902211989,86.75,73120.0,-0.0016112255798348,964.0664672851562,0.0419728241950541,7.228099822998047,0.0046003683873474,8.010000228881836,78042779.0,-0.0598591785775209,3525.760009765625,663700.0,-0.0215816210490757,2174.800048828125,235692.0,0.0065257083236396,125.0999984741211,63847.0,0.0187296039511815,4.006999969482422,3095.0,-0.0261271296871892,5058.8798828125,0.0,185.0,74359.0,-0.0133333333333333,9104.0,147836.0,0.0215439856373429,1.7630000114440918,508582.0,0.0626883483377274,14.899999618530272,13700.0,-0.0107555871181663,5218.18994140625,15051920000.0,0.013354906100998,45.400001525878906,19696409.0,-0.00547645107653,81.94999694824219,1079943.0,-0.0093085621506038,45.59999847412109,86418410.0,0.00996670948027,437.75,799192.0,0.0040137614678898,9.56999969482422,9751700.0,0.0031446261101835,1191.5,490535.0,-0.0008385744234801,chile,775,5,3
3396,2024-04-04,1766,28090.74511189635,3624.1961042402822,740.9595104895105,1.8462897526501767,5.941401648998822,76412.83684040047,3563.935141342756,257.07935512367493,15167.12000588928,38.4658421672556,150.0,31050.858575029764,1273.990286825962,110.06727366312818,8440.32224832293,2.9630117342243136,1400.0,442.0,122.0,276.0,204.0,67.0,299.0,217.0,91.0,372.0,107.0,154.0,162.0,72.0,171.0,50.0,74.0,264.0,336.0,95.0,82.0,49.0,122.0,876.0,166.0,1116.7804816284538,574.371875,967.8430769787644,1595.678875886525,2383.7581333333333,1294.633651866027,417.4494181459566,1441.1308984375,630.2714444444445,1428.7253334763334,1171.864525462963,1015.9054991319445,1727.5881388888888,1230.4347826086955,1519.8414825102882,1624.6605606060607,1989.1857857142857,629.7158771929825,510.3485447994987,932.8699821428572,1390.160256198347,1580.875,1399.2965000000002,1456.5305480964316,1131.1867524509803,1521.9378987644147,1204.0,194.0,285.0,409.0,205.0,108.0,2182.0,542.0,613.0,0.0,92.0,1645.0,545.0,84.0,0.0,240.0,82.0,760.0,194.0,1173.1517287696684,1247.7009702380954,1173.3968221202854,0.0,1235.73586305177,1592.7667391304349,1220.0921020629492,1485.8526919097117,1279.859603007519,957.5872916666668,0.0,1380.9614841137125,1119.3373076923076,1234.0118159486017,1416.4841666666666,717.0,10.0,7.0,5.0,0.0,0.0,166.0,1305.3807230106004,1540.013552059052,1173.6745368867244,1127.5357485214167,1561.1263063063063,1130.0285934733938,1494.3732997002996,30.06599998474121,129200.0,0.0126641779696932,87.41999816894531,181645.0,0.0077233218322225,984.97998046875,0.0216930200284706,7.229700088500977,0.0002213950474005,8.4399995803833,70550220.0,0.0536828138844498,3595.64990234375,439700.0,0.0198226460066892,2236.5,1715.0,0.0283704017779113,138.8000030517578,67993.0,0.1095124280155028,4.046000003814697,3094.0,0.009732975949414,5058.8798828125,0.0,178.25,78030.0,-0.0364864864864864,9022.0,130928.0,-0.0090070298769771,1.784999966621399,843229.0,0.012478703933352,15.05500030517578,19800.0,0.0104027309136802,5243.77001953125,18378230000.0,0.0049020979328526,44.54999923706055,12768461.0,-0.0187225167455962,83.70999908447266,1700388.0,0.0214765369343703,44.29999923706055,39189307.0,-0.0285087561526633,435.5,970413.0,-0.0051399200456881,10.670000076293944,19723900.0,0.1149425722620074,1185.0,720772.0,-0.005455308434746,chile,776,3,4
6334,2024-04-12,2645,28690.990726239343,4151.323792232396,604.4833793817993,1.867224502683928,5.65550994632144,75566.39736501421,3642.8510451531415,276.95354594253234,15140.59220555731,36.86422481844016,220.0,30667.14229522236,1287.408598197471,117.57253602672164,8412.110216659814,2.861778134873901,2397.0,496.0,277.0,276.0,831.0,116.0,506.0,267.0,763.0,607.0,337.0,197.0,411.0,142.0,357.0,62.0,75.0,759.0,628.0,93.0,189.0,190.0,268.0,2189.0,293.0,1204.0473967603434,751.3474146981627,868.5640064802436,1503.8994110973028,1561.2720175438596,1323.0351638419336,442.5599929854097,1639.7054878787876,800.9097829045118,1434.701507918793,1134.683515993266,1187.6202015931372,1660.8814771929824,1497.905773809524,1475.9578726708075,1764.3847416666663,1527.1385984848484,700.71684714795,393.93169372294375,1067.8206354166666,1745.7438883928571,1897.67355259324,1402.4107250000002,1396.7661088490772,1143.0667433035717,1526.5866453617705,2438.0,324.0,372.0,851.0,324.0,406.0,2618.0,944.0,718.0,0.0,60.0,3882.0,2445.0,55.0,0.0,317.0,98.0,1051.0,382.0,1298.047395395893,1241.91525010838,1340.8100572404835,0.0,1161.895708304986,1622.8647701149423,1274.151189316333,1439.1008386492736,1226.1424311093187,1229.6547916666666,0.0,1556.2030862068966,1185.0621739130436,1257.0256537627022,1290.1717271929824,967.0,27.0,12.0,7.0,0.0,3.0,249.0,1347.0428956227863,1407.1286712522044,1195.2696248872655,1265.696559982712,1476.64448714539,1078.795985352895,1377.461406542056,30.39999961853028,76200.0,0.0111088815924491,90.37999725341795,215168.0,0.0338595189484245,933.3106079101562,-0.0524572819581615,7.229700088500977,0.0,8.619999885559082,109916399.0,0.0213270514366075,3536.409912109375,669200.0,-0.0164754611386833,2331.699951171875,1657.0,0.0425664883397607,140.6999969482422,79693.0,0.0136887165324908,4.276999950408936,1352.0,0.0570934123520625,5058.8798828125,0.0,178.89999389648438,18138.0,0.0036465295735448,9480.0,142392.0,0.0507647971624916,1.7699999809265137,999315.0,-0.0084033534876064,15.255000114440918,21700.0,0.0132846101103285,5202.39013671875,17997390000.0,-0.0078912466905249,44.09999847412109,27444534.0,-0.0101010273994597,86.43000030517578,1840753.0,0.032493145985563,45.09999847412109,91866133.0,0.0180586738338197,435.5,1098297.0,0.0,10.960000038146973,14107000.0,0.0271790027909499,1174.0,806817.0,-0.0092827004219409,chile,777,4,4
7218,2024-04-17,2964,26180.0644693821,4582.794603768357,480.89168013165767,1.757689110556941,5.174147963424772,77102.42784289276,3747.4747755610974,273.5780008312552,15417.817450817402,34.781241341091715,300.0,31635.94939913661,1396.4167571632145,118.88267460652756,8213.223187865407,2.6738161958652253,2753.0,663.0,122.0,160.0,906.0,96.0,470.0,136.0,765.0,721.0,321.0,145.0,267.0,88.0,381.0,102.0,62.0,660.0,797.0,119.0,121.0,281.0,77.0,1725.0,391.0,1298.4133836996336,822.594007936508,967.9365327380953,1609.6562872344814,2055.760350877193,1511.2079748156275,530.6759107142857,1461.7121213768116,706.6188590155163,1367.0150369429502,1381.270486882716,926.3432791666668,1763.092053340716,1359.76328125,1317.735877081252,2267.2772043010755,1795.131691176471,887.0220961850649,428.0121031746032,964.3340343915344,1412.1706403508772,1544.550311827957,1072.499761904762,1489.5019473478935,1355.3413616557734,1389.6135606198184,2720.0,426.0,496.0,566.0,430.0,348.0,2537.0,1326.0,771.0,4.0,142.0,4196.0,1716.0,152.0,0.0,327.0,103.0,961.0,391.0,1411.4035326692706,1167.658394760875,1385.6675045454544,1055.455,1236.8445560611897,1565.9799722222224,1304.9003134160366,1544.5356721077642,1397.0294580489194,1433.5935621468927,0.0,1819.1967283950617,2063.220032051282,1626.8891990422233,1519.305816395664,1148.0,21.0,5.0,2.0,0.0,1.0,348.0,1514.3738623692614,1348.807109913793,1209.912463982963,1151.172419079127,1638.6742609819496,1188.0556754269107,1331.8853260367366,30.34000015258789,48100.0,-0.0019736666676078,90.0999984741211,199602.0,-0.0030980171255345,972.2999877929688,0.0417753527629096,7.236999988555908,0.0010097099417087,8.6899995803833,115229676.0,0.0081206143565601,3549.080078125,854500.0,0.0035827764118181,2365.800048828125,2167.0,0.0146245650685508,148.0,45195.0,0.0518834627583053,4.379000186920166,1380.0,0.0238485475085117,5058.8798828125,0.0,181.4750061035156,9726.0,0.0143935846555767,9684.0,82298.0,0.021518987341772,1.7519999742507937,869313.0,-0.0101694954066032,15.13700008392334,20500.0,-0.0077351707395842,5061.81982421875,19051050000.0,-0.0270203327328043,45.09999847412109,39512453.0,0.0226757377460415,85.41000366210938,1006146.0,-0.0118014189455617,45.20000076293945,135297899.0,0.0022173457250946,431.5,783954.0,-0.0091848450057405,10.239999771118164,12399500.0,-0.0656934547922264,1150.5,621010.0,-0.0200170357751278,chile,778,2,4
7238,2024-04-24,2896,25363.132040618955,3220.4661080408955,505.5191058504222,1.7777010223818734,5.596849958552086,74145.341251727,3807.163887814313,259.62578612876484,14791.154662890302,38.36501796076264,96.0,30195.330162782288,1444.686505057976,110.82421325171288,7959.75014022194,2.8328802355853724,2777.0,568.0,56.0,325.0,599.0,69.0,537.0,342.0,698.0,831.0,220.0,236.0,410.0,85.0,406.0,91.0,69.0,707.0,526.0,163.0,236.0,68.0,221.0,1879.0,261.0,1148.6657961977255,1275.9586666666669,860.1449905045351,1593.6298436661018,1816.3755913978496,1617.3002656475626,471.8302527964206,1853.592766961652,760.3629813498109,1243.5406824875513,1204.3183369565218,1045.6600983146068,1725.975645491803,1676.1773232323233,1413.652810863095,1740.3894517543858,2569.8543333333337,805.327838064713,428.0800963098134,1028.7314870689654,1370.0327950549452,1582.3452083333334,1237.5311936936937,1433.009104202031,1371.311814903846,1396.4248600671997,3230.0,495.0,352.0,469.0,380.0,226.0,2638.0,1209.0,862.0,0.0,180.0,3711.0,2610.0,167.0,0.0,355.0,136.0,1048.0,256.0,1478.4193505407447,1395.3677252252776,1703.598946722081,0.0,1137.364922115239,1979.5576841085276,1271.8782420134194,1523.1617933878038,1601.5749124890217,1443.689394977169,0.0,2122.1805644586893,1851.1582421875,1628.050948471779,2246.8204324169533,940.0,33.0,8.0,0.0,0.0,5.0,318.0,1654.3136087085811,1347.9337007225777,1210.1809141745266,1148.5249771947224,1498.6491836734697,1051.903567568098,1497.4175842993234,31.030000686645508,81800.0,0.0227422719376211,87.0,134501.0,-0.0344061989636047,952.1300048828124,-0.0207446088279198,7.242499828338623,0.0007599612811126,9.109999656677246,209829099.0,0.0483314265333278,3530.89990234375,727800.0,-0.0051225036857592,2332.199951171875,2060.0,-0.0142024249567893,157.3000030517578,127784.0,0.062837858457823,4.500500202178955,57826.0,0.0277460630446426,5058.8798828125,0.0,184.6750030517578,5886.0,0.01763326541186,9291.4501953125,138044.0,-0.0405359153952396,1.6139999628067017,431737.0,-0.0787671309773305,15.359000205993652,18600.0,0.0146660580590267,5010.60009765625,18790580000.0,-0.0101188363752962,43.84999847412109,64022419.0,-0.0277161871904999,82.8499984741211,1557011.0,-0.0299731305259735,45.59999847412109,355396788.0,0.0088495067351768,439.75,831377.0,0.0191193511008112,11.0600004196167,26531200.0,0.0800781901198222,1159.5,497526.0,0.0078226857887875,chile,779,2,4
4340,2024-04-30,1941,27066.474149769587,2410.6446175115207,445.6764859536717,1.7737327188940093,5.277188940092166,75048.39458064517,4035.238705069125,307.47600230414747,15176.799085253457,32.86129032258064,60.0,30907.61808583213,1537.138730020912,120.48787842903155,8396.774597018692,2.7254218002314907,1879.0,193.0,42.0,127.0,653.0,107.0,368.0,324.0,595.0,273.0,121.0,83.0,217.0,71.0,204.0,47.0,50.0,525.0,744.0,113.0,115.0,62.0,238.0,1003.0,259.0,1149.8357591575093,493.83095238095234,748.1289292929293,1703.0468683497877,1217.1751793345543,1817.7840665479853,494.3247942386831,2038.3916357600733,692.1283823529412,1235.967520300752,1191.897936026936,935.4115625,1938.8393731563424,1607.3775714285714,1410.9046580756014,2012.013425925926,1740.3372115384616,726.9453915435139,363.46133333333336,745.4663888888889,1235.1410463800903,1595.2381818181818,1429.2157960199004,1394.9186572769954,1343.498740942029,1735.8466316925735,1848.0,215.0,203.0,291.0,264.0,266.0,1894.0,849.0,564.0,0.0,70.0,2771.0,948.0,148.0,4.0,297.0,137.0,955.0,261.0,1373.045409608225,2124.1679068428184,1957.59982603626,0.0,1104.5917656978063,2364.6331944444446,1349.422757268935,1611.3510550472545,1607.3812865378854,1099.4840004960315,820.36,2039.584365384616,2181.614122807018,1816.8453343896715,2222.6665432098766,496.0,9.0,3.0,0.0,0.0,1.0,223.0,1853.069862911004,1315.4526838576585,1188.409964356688,1201.7693420498294,1790.3354736666668,1018.5255052634448,1397.7054563994377,32.439998626708984,51200.0,0.0454398294831588,88.4000015258789,174536.0,0.0160919715618264,941.5399780273438,-0.0111224589091403,7.23769998550415,-0.0006627328889524,9.529999732971191,162776273.0,0.0461031934272471,3623.909912109375,414000.0,0.0263417293998866,2345.39990234375,810.0,0.0056598711295068,167.3000030517578,76985.0,0.0635727896121503,4.658999919891357,17329.0,0.0352182447710287,5058.8798828125,0.0,176.6750030517578,129810.0,-0.043319344079057,10194.9990234375,195855.0,0.0972451887629808,2.1419999599456787,808338.0,0.3271375522343875,15.939000129699709,16000.0,0.0377628697133372,5116.169921875,20380740000.0,0.0210692975214947,49.54999923706055,91579092.0,0.1299886194135999,82.62999725341797,1863732.0,-0.0026554161105005,52.900001525878906,415358532.0,0.1600877915796579,439.25,141697.0,-0.0011370096645821,13.06999969482422,16462200.0,0.1817359131056146,1201.75,70535.0,0.0364381198792582,chile,780,1,4
8294,2024-05-07,3035,25472.14944055944,3432.688181818182,485.97639060244126,1.695563057632023,5.771039305522065,71298.75659030624,4245.67767422233,270.584801061008,14239.083085362912,37.24367012298047,78.0,28975.70445643836,1597.0124028757875,113.58771164564152,7931.604662921901,2.840584898204328,4093.0,595.0,162.0,301.0,744.0,202.0,346.0,307.0,921.0,698.0,177.0,268.0,483.0,121.0,351.0,69.0,75.0,688.0,651.0,85.0,153.0,190.0,302.0,2249.0,386.0,958.2118138661202,807.4061176470589,883.4545939974658,1335.4523670006463,1749.5651408125575,1818.3424438448592,479.9978098290599,2172.027843888889,718.7858492456388,1474.7918696157235,1074.854086419753,1107.97006347539,2486.8762211838007,1750.2834210526316,1293.071279040404,1823.3760401234567,2066.72051724138,781.3109802831706,430.0302553763441,1547.1260919540232,1195.7149444444444,1661.7257291666667,1340.5328225806452,1333.724117501546,1499.6090174731185,1648.304462131845,3462.0,338.0,327.0,667.0,395.0,374.0,2582.0,1782.0,912.0,6.0,230.0,5113.0,1932.0,341.0,0.0,396.0,89.0,451.0,359.0,1556.1076913774473,1734.0532634180602,1999.383064019314,1133.1916666666668,1217.5631851645392,2406.8006666666665,1319.4061699724882,1811.7613129618103,1722.7805904565462,1486.874482883621,0.0,2333.868354519774,2472.131171875,3000.835015001936,2053.297411186697,860.0,19.0,4.0,0.0,22.0,1.0,631.0,1883.02053613331,1401.6864100312257,1232.098379026474,1151.3403571528402,1335.582758610726,1101.8996637006944,1359.1816603050097,33.391998291015625,125300.0,0.0293464767141766,83.33000183105469,142372.0,-0.0573529367342826,929.3900146484376,-0.0129043520853591,7.208000183105469,-0.0041034862536669,10.420000076293944,214122775.0,0.0933893355992019,3657.8798828125,800100.0,0.0093738452464322,2321.60009765625,169.0,-0.0101474399584126,142.5,117376.0,-0.1482367160751658,4.634500026702881,4456.0,-0.0052586163575309,5058.8798828125,0.0,176.14999389648438,142738.0,-0.0029716097139086,9824.0,84136.0,-0.0363902951422165,2.252000093460083,846390.0,0.0513539381752341,16.389999389648438,29800.0,0.0282953294609971,5180.740234375,18858510000.0,0.0126208303254196,49.79999923706055,221407367.0,0.0050454087557889,78.4800033569336,1534292.0,-0.0502238174322668,50.59999847412109,783255361.0,-0.0434783173046345,457.0,4451.0,0.0404097894137733,13.420000076293944,40518800.0,0.0267789127499615,1205.0,772.0,0.0027043894320781,chile,781,1,5
7153,2024-05-17,2746,24510.09150845799,2444.0466727247317,497.8324202626642,1.673982944219209,6.223262966587446,67191.13706277087,4503.088727806515,257.64541870543826,13615.846871242837,37.722074653991335,120.0,27894.183820456077,1690.9573520718018,112.98816354754088,7762.202216793276,3.0477289040945568,3862.0,515.0,86.0,188.0,654.0,112.0,597.0,360.0,735.0,759.0,261.0,185.0,208.0,143.0,371.0,81.0,75.0,647.0,692.0,170.0,93.0,232.0,172.0,1355.0,206.0,1159.4998788998355,939.8221153846154,750.7219442355889,1549.0643938518588,1906.502804878049,2077.531848004924,437.5110967813051,1935.380358173077,726.6384618055556,1326.446204041527,993.5154578291026,973.0386019230768,1733.6160353535352,1837.1051219512196,1452.089826023392,1187.7150428571429,2404.3023046875,689.2716746031746,447.12090820637695,770.8406794871795,1167.0422297297298,1454.8209734848483,1229.719797979798,1408.0677153191073,1242.8668684210525,1402.0667130783788,3092.0,370.0,229.0,450.0,247.0,234.0,2084.0,1002.0,446.0,8.0,269.0,3704.0,1946.0,138.0,0.0,333.0,52.0,1208.0,244.0,1450.1768284509112,1431.283076026707,1677.198629432624,1830.841,1227.341270630679,2583.1335143442625,1367.934599354597,2028.379261233457,1909.467745723684,1594.0076842105263,0.0,2809.9063267973856,2631.9206547619046,2282.3532687447787,2392.66257751938,1106.0,21.0,7.0,42.0,0.0,5.0,628.0,2044.7971947861972,1350.035256922214,1271.0156518986726,1100.8060550122066,1521.5615724386726,1015.1420519801358,1208.8579715640446,36.52999877929688,116700.0,0.0939746241280072,83.36000061035156,155247.0,0.000359999743642,923.4099731445312,-0.0064343724482217,7.2322998046875,0.0033712015766851,12.359999656677246,230918143.0,0.1861803806313691,3664.68994140625,733400.0,0.0018617501973612,2336.10009765625,269.0,0.0062456923630551,163.60000610351562,70619.0,0.1480702182702851,4.804500102996826,4563.0,0.0366814274062887,5058.8798828125,0.0,181.0500030517578,122524.0,0.0278172541870933,11240.0,214061.0,0.1441368078175895,2.625999927520752,908421.0,0.1660745197776778,17.465999603271484,29500.0,0.0656498019336488,5221.419921875,20775690000.0,0.0078520994413278,70.0999984741211,577921579.0,0.4076305130132118,79.12000274658203,1240807.0,0.0081549358087775,66.5999984741211,1353198033.0,0.3162055431322406,458.5,887275.0,0.0032822757111596,18.8700008392334,31437600.0,0.4061103377016166,1228.0,472803.0,0.0190871369294605,chile,782,4,5
7494,2024-05-20,2873,24869.10845476381,3954.2962169735774,613.4557749244713,1.6976247664798505,6.096343741659995,74754.14662263144,4640.233424072591,272.32317720843344,15033.51985721911,35.81118227915666,120.0,30777.413236412343,1764.174392632523,114.17596582619548,7957.943622680847,3.0943664918279423,3614.0,681.0,134.0,327.0,569.0,94.0,496.0,256.0,634.0,813.0,197.0,245.0,342.0,194.0,400.0,55.0,73.0,907.0,745.0,85.0,194.0,152.0,268.0,1959.0,451.0,1310.022491082251,851.6854385964912,965.8171931089744,1494.2021978803716,1713.7856041666666,2264.796971534868,503.2856102202786,2068.824686507937,695.5089460784313,1495.4545991140642,1179.9134364583333,1016.7006006493506,1732.061756310958,1746.548287878788,1330.77191712204,1923.2811538461535,2867.1798148148146,1096.4253526444318,424.2188564814815,828.3207432432432,1536.881935164835,2118.50245,1481.9992346938775,1240.108437502078,1823.2346529605263,1465.5263234973092,2764.0,396.0,246.0,456.0,415.0,339.0,2151.0,1357.0,627.0,12.0,156.0,4045.0,1572.0,82.0,0.0,492.0,107.0,992.0,549.0,1506.9637327864325,1548.6717208767768,1820.2481917989417,1143.3333333333333,1233.495414569711,2683.550120772947,1474.4344762678095,2088.496916854958,1955.4399872845731,1667.16109375,0.0,2436.3508738399223,2540.808293650793,2461.3515273843245,4015.359268728957,1228.0,38.0,4.0,2.0,0.0,22.0,796.0,2266.2077306144224,1417.0551975579888,1142.7724457199547,1209.1368420283536,1580.107090627096,1024.364053516665,1332.6575109649125,37.06999969482422,153500.0,0.0147823962105735,83.70999908447266,129114.0,0.0041986380945111,887.0900268554688,-0.0393324171769343,7.23169994354248,-8.294196330627113e-05,12.800000190734863,132133660.0,0.0355987496989869,3690.9599609375,734600.0,0.0071684153233355,2433.89990234375,616.0,0.0418645608489207,159.6999969482422,43767.0,-0.0238386858788119,5.087500095367432,3693.0,0.0589031088154381,5058.8798828125,0.0,183.6999969482422,65409.0,0.0146368066932691,11505.0,104835.0,0.023576512455516,2.5199999809265137,738740.0,-0.0403655557958505,17.785999298095703,27500.0,0.0183212929172562,5308.1298828125,17804500000.0,0.0166065863759072,70.80000305175781,52076961.0,0.0099858001836496,79.80000305175781,1400237.0,0.0085945434981062,72.5,132831849.0,0.0885886135293454,460.5,865100.0,0.0043620501635768,19.18000030517578,38550100.0,0.0164281638662067,1248.0,666091.0,0.01628664495114,chile,783,0,5
7782,2024-05-30,3177,24439.98939732717,4039.663425854536,526.7946557724315,1.6489334361346697,6.154587509637626,71509.29575173477,5054.399691595991,264.8133744538679,14240.71202904138,33.20932922127988,108.0,29648.14217130975,1992.0876847313816,117.2275087866334,7981.835459704842,3.0637693640414283,2697.0,790.0,26.0,218.0,789.0,101.0,402.0,250.0,722.0,630.0,123.0,142.0,369.0,163.0,431.0,71.0,32.0,364.0,573.0,134.0,143.0,182.0,244.0,1708.0,256.0,1099.9601061282467,1650.8046296296295,1124.915955532213,2116.8933103603604,1999.4892210144928,2386.9175692266654,406.1567378246753,2836.544246794872,725.1959803921569,1476.7194710102433,1179.9185115007542,1049.4146282798831,1658.765231755424,1898.511682692308,1430.195470127926,2171.4758333333334,2526.8429166666665,741.7464240506329,426.3624155730533,1126.6469795918367,1314.2456151406734,1640.9028787878788,1287.9466920731709,1439.07435422769,2165.181437355525,1522.9470545438194,3039.0,437.0,523.0,802.0,322.0,301.0,2449.0,1630.0,969.0,4.0,134.0,3432.0,1705.0,362.0,0.0,378.0,197.0,964.0,407.0,1897.935652656849,1991.849268049343,2493.5316053418805,1107.9875,1444.9619072656171,3302.287549019608,1503.4501183048328,2198.6595907242595,2195.814460208031,1520.489193866288,0.0,3015.1056498951784,3447.629336734694,2832.365261972211,2866.666003703704,1072.0,46.0,4.0,3.0,0.0,5.0,608.0,2404.936727894929,1470.6608121284617,1282.084012218254,1176.492345811576,1283.433747142857,1359.3943282195542,1318.2523594470297,38.27000045776367,106300.0,0.0323712104887607,84.22000122070312,82098.0,0.0060924876574879,901.8699951171876,0.0166611818578441,7.241499900817871,0.0013551388127133,13.18000030517578,227141253.0,0.0296875084983181,3635.7099609375,605800.0,-0.014969005512042,2355.199951171875,152871.0,-0.0323349169356101,170.89999389648438,84788.0,0.0701314787868909,4.875500202178955,3305.0,-0.0416707398947312,5058.8798828125,0.0,181.5500030517578,47393.0,-0.0117038319662582,12210.0,178275.0,0.061277705345502,2.586999893188477,546613.0,0.0265872669718552,18.31999969482422,28700.0,0.0300236375690001,5306.0400390625,16560200000.0,-0.0003937062197303,82.0999984741211,122532433.0,0.1596044482385474,79.83000183105469,1312567.0,0.0003759245382159,78.30000305175781,501631812.0,0.0800000420932112,462.5,732483.0,0.004343105320304,22.06999969482422,25165600.0,0.1506777551441729,1205.0,478005.0,-0.0344551282051281,chile,784,3,5
6786,2024-06-04,2698,25032.94794429708,4312.667497789567,515.5840400638184,1.6917182434423814,6.204538756262894,72052.55181844975,5659.646889183613,261.15061302681994,14635.722763041556,39.17609784851164,140.0,30090.08707024141,2211.6027018363734,120.23822084697512,7971.880621660418,3.178738319737983,3085.0,486.0,104.0,136.0,745.0,102.0,434.0,351.0,492.0,480.0,144.0,127.0,234.0,178.0,416.0,36.0,45.0,1020.0,518.0,49.0,70.0,129.0,243.0,1551.0,245.0,1144.3820180481284,1245.2888120567377,1226.6020481000485,1319.039877008472,1827.8852857142856,2866.31677245165,420.6414780701754,3364.402392325315,678.2891393442623,1185.6105792124542,1336.2128211805557,972.5097376543208,1480.8817005242463,1788.890625,1421.179993482309,2268.7278125,3034.189,802.9410719732338,383.886081871345,1144.1603804347826,1542.4871875,2595.283571428572,1408.9728048142335,1281.4573784722863,2057.6736333333333,1722.75559677826,2881.0,327.0,279.0,585.0,359.0,293.0,1775.0,1250.0,798.0,2.0,268.0,3571.0,1711.0,125.0,0.0,345.0,157.0,611.0,559.0,1982.191798840049,2402.164484662237,2806.642395021645,1274.165,1425.6490767069208,3246.8355303030303,1714.1719701270372,2618.097378025644,2486.520519717725,2048.44549382716,0.0,3596.937443045563,2938.699234972677,2978.351891216082,3161.392479262673,951.0,29.0,5.0,1.0,0.0,0.0,458.0,2862.1826737224264,1470.009148339098,1203.2605705610654,1209.6912620660162,1243.7810756646218,1188.3852018751063,1175.1459493727598,38.720001220703125,231800.0,0.0117585774119886,78.36000061035156,183576.0,-0.069579678525474,904.010009765625,0.0023728637830549,7.242000102996826,6.907438870484839e-05,13.880000114440918,242583516.0,0.0531107581985601,3588.75,645500.0,-0.0129163111034827,2346.60009765625,2414.0,-0.0036514324447679,174.5,91448.0,0.0210649867295851,4.677000045776367,2291.0,-0.0407138033373221,5058.8798828125,0.0,182.1750030517578,44852.0,0.0034425777443904,12055.0,156249.0,-0.0126945126945127,2.9179999828338623,1060626.0,0.1279474693898914,18.51099967956543,29000.0,0.0104257635329094,5283.39990234375,18649030000.0,-0.0042668612660431,82.0,479520721.0,-0.0012180082336129,74.22000122070312,1731028.0,-0.070274338991299,75.9000015258789,1078465697.0,-0.0306513592891236,443.5,1166992.0,-0.0410810810810811,21.450000762939453,53278800.0,-0.0280923851589434,1179.25,757569.0,-0.0213692946058091,chile,785,1,6
7923,2024-06-14,2900,25190.65195632967,2986.750795153351,515.736926300578,1.6784046447052885,5.799949514072952,70780.31384828979,5362.168866590938,282.83172283226054,14522.48296857251,36.61643316925407,100.0,29668.40315014623,2062.531207762464,122.31518072173289,7903.694062695538,3.01064805619746,4274.0,688.0,151.0,419.0,764.0,136.0,749.0,282.0,731.0,733.0,372.0,237.0,615.0,165.0,434.0,62.0,32.0,833.0,682.0,184.0,173.0,129.0,278.0,1959.0,316.0,1283.5910347259658,1322.3543636363638,767.9852464630779,1309.0826963696848,2081.835043103448,2879.04544950361,452.09516855256953,3352.3014415064104,709.4823293407342,1312.988391168282,1145.1961151079138,938.2413915857604,1537.6517635046112,1882.5242717086835,1504.8364790640394,2008.9089030612245,3240.2388333333333,677.7928811057434,471.6748254799302,785.6712640692641,1475.7682954545455,2917.3622039473685,1485.1809916666666,1370.179431925159,2460.54470993117,1400.6343413933027,2205.0,504.0,330.0,460.0,338.0,194.0,2702.0,1352.0,1020.0,0.0,184.0,4038.0,1784.0,240.0,2.0,444.0,337.0,882.0,801.0,1629.5326013249503,2198.041324688619,3107.1196711623875,0.0,1341.0339406925448,3247.143912037037,1583.8734678930182,2291.0333908814487,2257.0258805336834,2313.372600401606,765.0,4050.0143114035086,2960.444736211032,3070.164714518489,3803.8734387152776,983.0,34.0,9.0,0.0,2.0,6.0,607.0,2899.116076716441,1315.6285040850428,1231.7121656271947,1121.4552217879698,1250.7947071057347,1089.239414584529,1478.1382927942102,37.95800018310547,144300.0,-0.0196797782431428,81.62999725341797,190930.0,0.0417304315670772,919.9400024414062,0.017621478195702,7.246799945831299,0.0006627786200232,13.100000381469728,282050576.0,-0.0561959457161436,3542.8798828125,552000.0,-0.0127816418495297,2307.699951171875,2318.0,-0.0165772372221529,179.10000610351562,63554.0,0.0263610664957916,4.55649995803833,2272.0,-0.0257643973826462,5058.8798828125,0.0,186.8249969482422,16635.0,0.0255248734381152,12300.0,146037.0,0.0203235172127747,2.88100004196167,1086185.0,-0.0126798975633506,18.641000747680664,66800.0,0.0070229091008382,5360.7900390625,18122180000.0,0.0146477908447586,88.19999694824219,324922406.0,0.0756097188810023,77.73999786376953,1507655.0,0.0474265236482445,74.69999694824219,879658069.0,-0.0158103366734131,451.75,1303994.0,0.0186020293122886,20.540000915527344,30650900.0,-0.042424233801631,1179.75,743218.0,0.0004239983040068,chile,786,4,6
7514,2024-06-21,3114,24994.55474048443,5255.593830183657,515.7065496205922,1.6929731168485491,5.525286132552568,71340.96066542454,5816.659715198297,276.85579451690177,14452.75357865318,36.50013308490817,78.0,29418.85631234938,2283.4487395276246,122.2616400548664,7925.611405485144,2.7554565415223067,3630.0,493.0,141.0,109.0,471.0,131.0,518.0,307.0,641.0,697.0,315.0,228.0,200.0,153.0,467.0,77.0,63.0,870.0,1067.0,159.0,108.0,118.0,183.0,2276.0,333.0,1208.5205227465983,908.2348571428572,1197.5798039215686,1514.4153156288155,1710.5388043478265,3021.0424874296127,486.0451178451178,3390.505399691358,695.0795252242311,1392.9884936858075,1227.4855312151617,942.9005066179031,2108.426823529412,1986.6429393939395,1361.1000917467948,2383.7077298850577,2930.6798863636363,1617.5554121772473,422.7967430555556,1006.2401041666668,1122.022528138528,3709.256666666666,1262.0494827586206,1270.0649931474716,2437.975872093024,1694.991270094127,2152.0,340.0,523.0,539.0,461.0,231.0,2892.0,1488.0,1037.0,0.0,185.0,4045.0,1692.0,274.0,0.0,405.0,109.0,890.0,418.0,1977.977367200951,2355.5681197693034,3552.066957792208,0.0,1409.7273233739409,2590.082625,1863.7430971077256,2724.955821479332,2671.710066362305,2495.4583071895427,0.0,3414.9633010752686,3344.977234042553,2585.96926188313,5068.469686379928,1109.0,24.0,4.0,0.0,4.0,12.0,583.0,3044.67872918558,1730.80173526915,1340.4242449201606,1203.6419125866098,1521.0125066041014,1247.403315799855,1497.003428831358,35.643001556396484,71600.0,-0.0609884244570754,84.25,156266.0,0.0320960778480527,926.3900146484376,0.0070113400764331,7.255000114440918,0.0011315571936461,13.199999809265137,205363458.0,0.0076335438842323,3536.199951171875,588500.0,-0.0018854524741387,2312.39990234375,412.0,0.0020366387621095,173.60000610351562,50618.0,-0.0307091000143301,4.521500110626221,2098.0,-0.0076813009402896,5058.8798828125,0.0,187.6000061035156,6083.0,0.0041483161671782,11690.0,154768.0,-0.0495934959349593,2.7049999237060547,565713.0,-0.061089939497459,17.440000534057617,14200.0,-0.0644278829167729,5473.22998046875,17613030000.0,0.020974509463518,89.0999984741211,405825473.0,0.0102040992859335,80.33000183105469,978441.0,0.0333162340938553,73.69999694824219,484169117.0,-0.0133868814036616,443.75,811089.0,-0.0177089097952407,18.84000015258789,14801700.0,-0.0827653693848828,1160.5,545219.0,-0.0163170163170163,chile,787,4,6
8713,2024-06-26,3355,24778.478573396074,2679.749952943877,491.0225937739219,1.699644209801446,5.381843222770573,73552.25820498106,6277.940956042695,263.2799322850912,15110.956159761276,37.56341099506484,132.0,30794.564960752443,2425.9111758886897,116.31898793798308,7973.669648888106,2.700493510756052,5448.0,570.0,218.0,195.0,482.0,95.0,594.0,239.0,680.0,1100.0,270.0,194.0,510.0,215.0,423.0,119.0,106.0,400.0,1051.0,195.0,208.0,232.0,303.0,2287.0,394.0,1078.7465015262514,815.570462962963,658.7632608024692,1405.400204854669,1939.655119047619,3322.692379336087,442.0792755294919,3802.644786231884,704.5365043752544,1311.0755970958362,1172.6775028985508,986.8985897435896,1794.0068362068969,3100.1416049382715,1317.9806070478724,2969.6261779661017,3228.6253409090914,752.5979202586207,440.6651652661064,735.1655091324201,1413.9174439197168,2993.114305555556,1543.9702307692307,1261.4134111233884,2035.11893757259,1551.3039071269072,3382.0,346.0,514.0,486.0,504.0,227.0,2846.0,1421.0,1160.0,0.0,235.0,5317.0,2404.0,345.0,0.0,447.0,167.0,872.0,1212.0,2316.204961890685,2377.203937015504,3516.3482783646323,0.0,1452.0406369136394,3496.2476010101013,1935.9500455376235,2730.920658382422,2495.5328458702065,2940.7352217514126,0.0,4504.36810625,3250.3606875,3224.081885263929,3883.5625902105935,1143.0,53.0,8.0,9.0,0.0,4.0,1138.0,3278.552247273832,1296.8044414842448,1581.295846179284,1206.9043756958763,1422.8563319672132,1431.1547397164506,1261.1181249286833,37.43999862670898,171800.0,0.0504165471998527,86.01000213623047,122877.0,0.0208902330709848,944.9199829101562,0.0200023402332878,7.257699966430664,0.0003721367260038,14.020000457763672,144360463.0,0.0621212621475171,3476.81005859375,592600.0,-0.0167948343979936,2330.0,2814.0,0.0076111824941746,173.10000610351562,35640.0,-0.0028801842305342,4.526999950408936,36493.0,0.0012163750189433,5058.8798828125,0.0,193.5,31840.0,0.0314498598322479,11690.0,90357.0,0.0,2.6010000705718994,556317.0,-0.0384472665683729,17.996999740600586,35200.0,0.0319380269200815,5447.8701171875,21641380000.0,-0.0046334364482667,88.80000305175781,226069774.0,-0.0033669520482698,81.62999725341797,1432787.0,0.0161831867637367,74.19999694824219,264629100.0,0.0067842607965253,433.5,695791.0,-0.0230985915492957,20.25,16868800.0,0.0748407556259191,1150.5,276570.0,-0.0086169754416199,chile,788,2,6
4235,2024-07-05,2001,22960.48901534829,4364.837404958677,542.1629986431478,1.607556080283353,5.775914994096812,74999.7213742621,5895.264791027154,257.7117804014167,15290.177147579692,39.22432113341204,46.0,32721.786447709383,2278.9537136662047,118.64081906377784,7588.804061919242,2.9446469885378006,1778.0,194.0,101.0,164.0,198.0,114.0,316.0,163.0,175.0,238.0,287.0,234.0,179.0,69.0,257.0,21.0,52.0,249.0,602.0,106.0,182.0,65.0,125.0,1047.0,209.0,1648.7306586021505,1147.52759009009,817.0934502164503,1358.393050023708,1754.186875,3095.728937790911,505.4398890532544,3757.9845663265305,762.2642391304347,1436.09779653092,1156.5332022058824,965.606190710712,1847.898343373494,2642.107884615385,1428.3768970352564,3069.811818181818,3716.833684210526,641.1647356321839,554.107350440724,1245.6220945945947,1366.811902777778,2753.1708695652173,1334.6316579558652,1241.5533020567043,2790.261966269841,1885.8876582954892,1443.0,201.0,159.0,409.0,252.0,177.0,1452.0,1214.0,565.0,0.0,129.0,1701.0,832.0,64.0,0.0,151.0,52.0,945.0,195.0,1852.2883040060976,2240.1172586994344,3022.0757675902983,0.0,1403.6717407050492,4304.683816666667,1626.243198651916,2908.644874871728,2531.569125916023,1103.2715625,0.0,4688.641212121212,2243.844305555556,3445.773786127224,2858.6640579710147,656.0,19.0,7.0,0.0,2.0,0.0,242.0,3080.71096543097,1477.2563033971762,1409.947879844961,1237.3278294025995,1396.3339979757084,1291.635253018787,1550.021345,37.0,66200.0,-0.0117521005034196,86.5999984741211,198256.0,0.0068596247324368,946.4000244140624,0.001566314111961,7.266900062561035,0.001267632469367,14.279999732971191,104451232.0,0.0185448835034482,3478.179931640625,568400.0,0.0003940028427751,2327.60009765625,398.0,-0.0010300010059013,172.10000610351562,69293.0,-0.0057770073064121,4.426499843597412,3201.0,-0.0222001563756248,5058.8798828125,0.0,186.4250030517578,113185.0,-0.0365632917221818,12860.0,172743.0,0.1000855431993157,2.319000005722046,618632.0,-0.1084198605145936,17.93000030517578,21000.0,-0.0037228113791465,5475.08984375,12251260000.0,0.0049963978540208,86.0,189241414.0,-0.0315315648145395,83.37999725341797,1364609.0,0.0214381974627191,73.69999694824219,259832521.0,-0.0067385447515418,398.25,3477.0,-0.0813148788927335,22.96999931335449,15402100.0,0.1343209537459007,1188.5,4424.0,0.0330291177748804,chile,789,4,7
7904,2024-07-09,2942,23513.30543901822,3377.5215726214574,524.3315833900613,1.678264170040486,5.309337044534413,69780.97910172066,5992.251792763158,234.0088297064777,14468.490808451415,39.07932692307692,118.0,29663.52425366197,2301.203782746264,116.8721123210452,7524.143124706179,2.645781781698925,3647.0,389.0,148.0,52.0,956.0,62.0,552.0,81.0,762.0,784.0,128.0,244.0,462.0,127.0,391.0,73.0,141.0,807.0,632.0,135.0,62.0,155.0,225.0,1938.0,466.0,1086.2656455761316,1500.1526811594204,1243.6865666666663,1335.595857454967,1841.777840909091,2932.92664701943,494.5422419753086,4624.538750000001,704.7438028179625,1354.8963782738097,1365.2600505050505,942.706107071314,2175.7981279620853,3081.7964500000003,1326.752582383874,2235.4422580645164,4649.331883333333,792.6930524553571,442.8260045836517,949.796085978836,1573.5085,3838.124042553192,1468.5970117029865,1247.975135791186,3079.9766139240505,2093.921218293103,2143.0,331.0,526.0,447.0,413.0,236.0,2432.0,1482.0,954.0,0.0,200.0,3976.0,1702.0,55.0,0.0,380.0,175.0,1413.0,916.0,1855.3340085921784,2422.814350596359,3030.1782940691337,0.0,1420.4684018976277,2895.540658783784,1883.132458705982,2705.3182143500235,2509.363283412416,1610.7355333333337,0.0,4137.106418593449,3553.3723125,3298.301997298013,3605.450050277777,929.0,52.0,4.0,19.0,0.0,0.0,689.0,2967.136365332489,1469.9143265543808,1440.8975652199183,1290.9680617511835,1276.6108414502164,1346.342225311289,1533.2974075091574,35.029998779296875,235100.0,-0.0532432762352196,85.75,228682.0,-0.0098152250473203,939.489990234375,-0.0073013884207848,7.267099857330322,2.749380995559214e-05,12.380000114440918,299731123.0,-0.1330531970629769,3401.760009765625,651100.0,-0.0219712388021724,2355.199951171875,519.0,0.0118576440787299,154.39999389648438,96917.0,-0.1028472491534077,4.622000217437744,3538.0,0.0441659055118024,5058.8798828125,0.0,182.375,212608.0,-0.0217245701244988,11680.0,193395.0,-0.0917573872472783,2.3289999961853027,715942.0,0.0043121994129289,17.389999389648438,23600.0,-0.0301171726902572,5572.85009765625,17475920000.0,0.0178554611332719,78.0,174324084.0,-0.0930232558139535,82.33000183105469,1577711.0,-0.012592893463069,67.5,270702494.0,-0.084124792469073,395.75,212853.0,-0.0062774639045825,18.76000022888184,40349000.0,-0.1832825080680348,1134.5,44029.0,-0.045435422801851,chile,790,1,7
8742,2024-07-20,3054,25399.82196179364,3734.9521619766647,545.8516266241726,1.7364447494852435,5.191260581102722,75737.84624571036,5911.746889727751,242.9064035689773,15586.50796156486,36.30050331731869,124.0,29974.74806694588,2208.8541682612536,103.41201605316326,7901.2431403162045,2.565665901561111,3729.0,612.0,181.0,296.0,1764.0,143.0,311.0,518.0,1027.0,653.0,265.0,227.0,533.0,204.0,500.0,112.0,98.0,858.0,776.0,193.0,99.0,186.0,290.0,1888.0,369.0,1239.6543993731086,1131.0102109704642,835.8805462962963,1491.2952623852232,1780.9823469387754,2834.8806711831626,475.95023684210526,3661.778480828221,736.5739539227251,1405.3119560058756,1051.7401592578522,1258.7732960199005,2579.581197154472,3319.6319,1443.3461884341148,2871.280813492064,3930.7850701754382,715.5588210227272,460.7069360626539,733.253585907336,1013.5546153846152,3793.396691919192,1586.7861578947368,1278.590706585564,2906.8895517241376,1755.417571689658,3510.0,315.0,370.0,534.0,724.0,189.0,3010.0,2161.0,990.0,0.0,188.0,5089.0,2510.0,379.0,0.0,454.0,91.0,1098.0,472.0,1879.8592962938053,2393.1571966026177,2864.9023248132585,0.0,1374.7261900980218,2726.865960144928,1858.8773631959857,2759.39340085563,2777.399593002636,2420.308297564935,0.0,3556.320793560606,3047.5654914529914,2661.4573337311062,2875.7430038126363,1136.0,42.0,7.0,0.0,0.0,2.0,643.0,2925.730938067649,1451.3108103515076,1393.0298030181723,1105.9442323907683,1460.6832369733231,1236.214933378777,1794.6677253605767,33.880001068115234,111600.0,-0.0328289395163011,84.8499984741211,218011.0,-0.0104956446166636,909.27001953125,-0.0321663572973097,7.258900165557861,-0.0011283306867168,11.399999618530272,157726431.0,-0.0791599747052912,3476.25,627200.0,0.0218974854253481,2422.89990234375,660.0,0.0287448847551943,147.60000610351562,49014.0,-0.0440413734570982,4.52899980545044,2447.0,-0.0201212478607064,5058.8798828125,0.0,183.1000061035156,97909.0,0.0039753590322992,10885.0,99914.0,-0.0680650684931506,2.128000020980835,794387.0,-0.0863031238873713,17.110000610351562,30700.0,-0.0161011379599902,5631.22021484375,19676760000.0,0.0104740153000075,77.9000015258789,124988449.0,-0.0012820317195012,81.91000366210938,1041642.0,-0.005101398756278,63.09999847412109,185781613.0,-0.0651852077907987,390.5,615763.0,-0.0132659507264687,18.11000061035156,20634800.0,-0.0346481668763296,1097.25,175967.0,-0.0328338475099162,chile,791,5,7
6995,2024-07-22,2643,24277.48394567548,5138.97474624732,483.6849035294117,1.7611150822015726,5.629735525375268,76318.9667319514,5867.75044603288,245.59089349535384,15462.430247319511,41.17140814867763,90.0,29797.07303239489,2124.864437952757,105.10225701708242,7496.5671597696655,2.7797916202044832,3815.0,509.0,45.0,146.0,810.0,174.0,289.0,345.0,490.0,582.0,209.0,169.0,254.0,265.0,399.0,60.0,100.0,471.0,714.0,126.0,205.0,371.0,305.0,1622.0,365.0,1091.8873306451612,1530.6142000000002,834.5253982371795,1697.2546470048655,1549.627739564962,2567.181246376901,441.703051948052,3906.982839613798,694.9425322997416,1444.3355528964162,1120.806645698052,903.857149543379,2857.287217741936,3229.076837213599,1538.048485776439,2453.89346969697,3402.9371875,920.8808178746928,449.2749537037037,1052.2382222222222,1505.015612637363,3092.447233122363,1763.16,1626.650146496016,2387.5930675526024,1509.6198905296728,3901.0,439.0,374.0,398.0,370.0,321.0,2208.0,1835.0,862.0,0.0,101.0,4402.0,1614.0,220.0,0.0,382.0,264.0,656.0,601.0,2010.5350754364604,2289.611374334768,2370.283315981374,0.0,1210.1782953830414,3705.933289473684,1856.296717802947,2463.660707833495,2557.922067870671,1359.4060634920636,0.0,3789.7946815286623,2889.3560599415205,2683.4829846335697,3437.64802946593,1000.0,47.0,12.0,4.0,0.0,0.0,739.0,2694.9792943511648,1718.404772843644,1398.2286589358562,1123.998542862839,1685.6166544637122,1347.5765902937503,1646.7082844222962,34.25,66500.0,0.0109208654138142,82.4000015258789,208464.0,-0.0288744489369605,943.5999755859376,0.0377555130129392,7.27269983291626,0.0019010686252272,10.800000190734863,89535199.0,-0.052631530515153,3514.919921875,643200.0,0.0111240336209996,2392.0,191.0,-0.0127532723551061,155.0,30287.0,0.0501354579300936,4.180500030517578,2484.0,-0.0769485073753942,5058.8798828125,0.0,188.5749969482422,72735.0,0.029901642065655,10715.0,86337.0,-0.0156178226917776,2.00600004196167,429458.0,-0.0573308166430059,17.364999771118164,17400.0,0.0149035155856351,5564.41015625,19051830000.0,-0.0118642241014905,71.0,70107970.0,-0.0885751141299615,79.77999877929688,1941556.0,-0.0260042093466272,58.59999847412109,129615550.0,-0.071315374149265,400.25,717777.0,0.024967989756722,17.75,17243300.0,-0.019878553187115,1077.5,226562.0,-0.0179995443153337,chile,792,0,7
5552,2024-07-30,2259,23445.77644632565,4309.636741714698,456.46502916918126,1.694344380403458,6.20407060518732,74898.87802773775,5470.240162103746,233.05813940922192,15349.26676152738,34.81646253602305,60.0,30406.74418818534,1958.63000106748,102.75258216553902,7406.914384469884,3.045958450859244,4228.0,725.0,44.0,203.0,682.0,96.0,347.0,208.0,566.0,677.0,144.0,75.0,254.0,111.0,431.0,74.0,94.0,230.0,257.0,204.0,105.0,90.0,171.0,1221.0,223.0,1024.2108274049217,222.3142,1175.2353647342995,1550.5607383932493,1879.4108823529407,2453.461581431969,499.343457977208,4139.454505726341,720.5296167247386,1467.4351311659193,1391.0085784313726,886.4548717948718,2596.307611111112,2488.9936359649123,1488.1904585005352,2873.7563440860217,2553.463,870.2724571078431,442.20900537634407,687.8761329113925,1355.4693771626298,2899.3208783783784,1761.5070999999998,1214.3677979564611,2776.141846846847,1524.053404094166,2047.0,265.0,359.0,412.0,275.0,198.0,2092.0,1135.0,599.0,0.0,73.0,3103.0,938.0,160.0,0.0,331.0,286.0,788.0,313.0,1606.0012985499309,2511.3048102830417,2975.436050141243,0.0,1312.6209006782235,2754.555892857143,1554.3937408729837,2237.1897382899365,2201.2170317002883,1787.1919409013606,0.0,3698.494818548387,3124.72968847352,2502.6209269117026,3167.600463998964,1049.0,39.0,9.0,1.0,0.0,8.0,471.0,2606.7752837371872,1258.1290492212536,1365.9866000305906,1088.758822092352,1647.6035559109614,1367.166207854067,1457.5500312591294,33.36000061035156,63600.0,-0.0259853836393704,79.77999877929688,195298.0,-0.0317961492483611,956.3099975585938,0.0134697141813338,7.258299827575684,-0.0019800082048487,11.0,114791020.0,0.0185185005308345,3390.739990234375,639700.0,-0.0353293771695323,2377.300048828125,154906.0,-0.006145464536737,162.39999389648438,64788.0,0.0477418961063507,4.061999797821045,4468.0,-0.0283459470951999,5058.8798828125,0.0,184.1000061035156,59383.0,-0.0237305629969323,11065.0,141466.0,0.0326644890340643,1.9670000076293943,868052.0,-0.0194416916831853,17.076000213623047,74400.0,-0.0166426467782503,5463.5400390625,21564690000.0,-0.0181277286100489,72.9000015258789,122895473.0,0.0267605848715339,75.80999755859375,2093228.0,-0.0497618611362193,60.0,204691565.0,0.0238908116439147,396.25,652300.0,-0.00999375390381,18.790000915527344,22532600.0,0.0585916008747799,1029.25,58995.0,-0.0447795823665893,chile,793,1,7
9267,2024-08-08,3175,22859.33291572245,4381.146102298479,517.5647646236308,1.7254775008093235,5.802956728175245,74152.76229200388,5055.700197474911,247.0621689867271,15053.673121830148,40.01122261789144,98.0,30695.040732925623,1896.6916528282488,114.27440495029887,7426.676472736248,2.9089832353584697,6583.0,589.0,330.0,61.0,808.0,111.0,487.0,102.0,816.0,824.0,265.0,232.0,534.0,317.0,476.0,89.0,133.0,510.0,421.0,189.0,219.0,192.0,279.0,2806.0,259.0,1165.3339783332792,783.8129340277778,1204.8545652173912,1559.6867097188012,1632.5165142857145,2204.8248425042666,464.53948875661376,3408.8194782608693,735.2911103693815,1327.2349935549164,1217.6364328282828,1074.2807183626874,2644.312829218107,2593.0511619585686,1655.691410692951,2615.6049468085107,2752.585267295597,918.6294620253165,635.2502016129032,1058.770329946524,1536.2551288265306,2741.823234848485,1924.7292087719295,1241.848727578842,2462.0215546218487,1905.733518144608,4025.0,492.0,484.0,587.0,343.0,272.0,3475.0,1735.0,1177.0,14.0,172.0,5231.0,3522.0,187.0,0.0,451.0,380.0,1136.0,994.0,1678.2103330872244,2071.733405909125,2180.542915565345,1244.21625,1312.8095353068516,2249.7680845771147,1567.2633400302116,2211.247277987406,2244.9558209578927,1808.284626068376,0.0,3231.5125276243093,2309.4845166666664,2330.8821238901032,2981.5945479549846,1316.0,52.0,14.0,30.0,0.0,3.0,885.0,2317.937437434443,1413.8711526360737,1266.295127801527,1284.3752191046954,1513.6303717991914,1374.2790153715616,1673.5115176426427,31.559999465942383,71500.0,-0.0539568678500156,76.30000305175781,227099.0,-0.0436199019902985,953.1599731445312,-0.0032939365081452,7.120200157165527,-0.019026448850389,10.699999809265137,113658705.0,-0.0272727446122602,3343.320068359375,541200.0,-0.0139851247844344,2401.699951171875,1439.0,0.010263703294743,154.3000030517578,43890.0,-0.0498767927903346,3.983999967575073,2182.0,-0.0192023225328108,5058.8798828125,0.0,184.25,16620.0,0.0008147413987593,10765.0,157850.0,-0.0271125169453231,2.1429998874664307,947477.0,0.0894762985024841,16.18000030517578,17900.0,-0.052471298737303,5186.330078125,22114930000.0,-0.050738158585009,75.0,281056869.0,0.0288065628280627,72.94000244140625,1870704.0,-0.0378577392113654,60.0,285425245.0,0.0,390.75,778343.0,-0.0138801261829653,18.61000061035156,14021100.0,-0.0095795793722947,1028.0,1149.0,-0.0012144765606023,chile,794,3,8
7978,2024-08-13,2989,22198.014484833293,5495.143998495863,509.9382616462828,1.6548007019303084,5.977688643770368,70595.57788292806,4635.685201804964,249.92522562045625,14119.808469541238,41.28917021809978,120.0,28274.221956418685,1769.8296990887025,112.77066363302612,7158.635913461107,2.9443798062404243,4251.0,510.0,77.0,153.0,1178.0,31.0,577.0,388.0,598.0,761.0,103.0,57.0,450.0,291.0,440.0,104.0,76.0,529.0,708.0,128.0,95.0,107.0,328.0,1798.0,229.0,1380.742487164297,1490.9604545454545,974.2057054761904,1575.487674663464,1961.5295370370368,1963.360456079582,422.4145603741497,2752.667233151961,753.0960444444444,1414.9282363560649,1174.137232142857,1276.860125,2608.571889908257,2281.792312727273,1482.800116216216,4525.420131578947,4414.42309139785,728.8002953471465,444.9361033106576,1065.6925218658891,1506.2674404761904,2952.5533333333333,1604.2344884488448,1260.6557606907895,2136.447164948453,1740.2711687195504,3331.0,268.0,357.0,399.0,512.0,196.0,2562.0,1509.0,833.0,0.0,131.0,4558.0,2072.0,112.0,0.0,217.0,98.0,1482.0,505.0,1475.2008820361657,1698.4790188510265,2143.4199578680527,0.0,1370.0612742713934,2571.410799319728,1520.7394364637316,2109.17867670081,2060.674627561328,1631.5579905660377,0.0,2613.8195560747663,2308.4972159090908,1993.0143364468584,2207.494434769491,1033.0,23.0,6.0,3.0,0.0,2.0,859.0,2081.251941989088,1538.2664435823458,1058.672860723813,1341.4880260428963,1572.7130555666154,1321.4055389315963,1603.164725974026,32.63999938964844,69200.0,0.0342205304810452,82.30000305175781,212964.0,0.0786369562256756,933.52001953125,-0.020605096905704,7.173999786376953,0.0075559152866346,10.600000381469728,61789279.0,-0.0093457410820529,3325.860107421875,444400.0,-0.0052223420374071,2462.39990234375,1832.0,0.0252737446000519,161.5,46005.0,0.0466623253780951,4.054999828338623,1451.0,0.0178212503366974,5058.8798828125,0.0,182.8000030517578,5456.0,-0.0078697256349643,10770.0,83589.0,0.0004644681839294,2.122999906539917,879517.0,-0.0093327027423033,16.60300064086914,24800.0,0.0261434071517321,5344.39013671875,17470190000.0,0.030476282113323,82.5,202056562.0,0.1,80.05999755859375,1401078.0,0.0976144074427074,63.5,277501315.0,0.0583333333333333,383.25,790758.0,-0.019193857965451,18.6200008392334,14615000.0,0.0005373577944041,938.75,48462.0,-0.0868190661478599,chile,795,1,8
8217,2024-08-23,3088,25730.424137763173,5174.911504198612,561.552771289857,1.7991967871485943,5.6308871851040525,77814.33444079348,4830.298744067178,276.85271145186806,15746.50149202872,39.130339539978095,102.0,30274.95032921592,1715.7946457320097,106.95311427213927,7606.628740826252,2.6475759435770443,4282.0,510.0,302.0,135.0,1194.0,166.0,880.0,240.0,759.0,722.0,139.0,260.0,383.0,138.0,672.0,86.0,126.0,1109.0,750.0,156.0,152.0,191.0,264.0,1857.0,334.0,1054.3850846524952,860.0569069343065,786.7137541666667,1520.8172607552146,1601.120658914729,2010.659812598132,427.0516665539801,2764.103181372549,728.0758563535912,1592.4321636856866,1062.9026778455284,960.6264839409722,2385.463968034728,2331.0969212962964,1442.321994612069,2145.4039467787115,2452.1307705026456,815.3531773740606,397.49502032520326,1097.0774458333333,1130.0066702586207,2258.6916,1976.9665990990989,1406.6750705804154,2042.482142857143,1711.7012270871276,4006.0,568.0,774.0,417.0,616.0,202.0,3373.0,2159.0,1186.0,0.0,199.0,4910.0,2577.0,314.0,0.0,332.0,60.0,1379.0,536.0,1615.3936537826164,1792.4228132421583,1997.2164644915488,0.0,1299.938907248561,2258.4616116352204,1600.160220742183,2057.39412493491,1773.958093584784,1559.639430916306,0.0,2274.0885579004325,1756.356346153846,1990.7743494196145,2032.0613992895544,1216.0,25.0,7.0,0.0,0.0,3.0,839.0,2068.2979400630693,1349.877546747285,1246.171351721991,1162.3256540470743,1505.498934491399,1219.1231536072323,1657.37286239134,34.04999923706055,41300.0,0.0431985255446811,77.66000366210938,183193.0,-0.0563790913437801,922.9099731445312,-0.0113656334783761,7.140500068664551,-0.0046696011583408,10.81999969482422,77171434.0,0.0207546514563417,3356.969970703125,487200.0,0.0093539301944258,2501.800048828125,675.0,0.0160007098956076,149.5,27599.0,-0.0743034055727553,4.166500091552734,1464.0,0.0274969834609819,5058.8798828125,0.0,182.5749969482422,3524.0,-0.001230886760171,10860.0,116088.0,0.0083565459610028,2.0220000743865967,649954.0,-0.0475741105038156,17.211000442504883,17200.0,0.0366198746110457,5608.25,15609610000.0,0.0493713700780178,79.5,70851200.0,-0.0363636363636363,74.37000274658203,1485856.0,-0.0710716335938852,63.70000076293945,110810465.0,0.0031496183140071,378.0,640072.0,-0.0136986301369863,22.25,55325900.0,0.1949516110180826,952.0,76725.0,0.0141145139813581,chile,796,4,8
7658,2024-08-30,3062,26846.124693131365,5900.732832332202,452.0364388849178,1.7579002350483155,6.159049360146252,74757.80513188822,4673.04428049099,273.7649843301123,14865.79819273962,37.49203447375294,120.0,29924.860980549594,1688.5049929080667,106.99564298691756,8099.230668539778,3.0856206057947007,5142.0,1024.0,43.0,597.0,810.0,107.0,234.0,325.0,755.0,473.0,430.0,313.0,333.0,280.0,314.0,46.0,100.0,447.0,838.0,71.0,165.0,224.0,324.0,2055.0,206.0,1064.0330183389283,1701.487,914.915443872549,1262.2536606495858,1377.89375,1998.9609510841824,514.1780136713777,2900.5394846153845,687.7427374784111,1308.0624313872256,1012.0605942881192,856.4562060755336,2666.6334352517983,2301.180481195757,1449.5493719135802,2089.3708,2812.0612109375,647.437958296362,476.4517216981132,1456.2571825396826,1169.7069953703704,2996.451057692308,1769.1324264705884,1193.5041199824177,2355.521823529412,1773.929203857483,2776.0,283.0,509.0,526.0,323.0,216.0,2311.0,2458.0,938.0,0.0,71.0,4633.0,1476.0,164.0,2.0,610.0,460.0,1065.0,522.0,1374.0271385254082,2061.9348606744493,2176.404143256059,0.0,1145.371257640286,2886.39765625,1544.3047959130802,2005.1806084324144,1731.4199130859374,1625.3178873239438,795.0,2538.9105035919542,2002.488053303303,1825.3456937151948,2131.92150149795,1106.0,37.0,7.0,24.0,0.0,2.0,639.0,2122.0050134881844,1410.3342458151385,1125.6758014393763,1039.9270874294166,1225.2595438212095,1298.1044714336922,1545.4625064139043,33.59000015258789,35600.0,-0.013509518202044,81.43000030517578,123764.0,0.0485448939645853,906.3599853515624,-0.0179323967391747,7.118100166320801,-0.0031370215150686,10.760000228881836,89814705.0,-0.0055452373044969,3324.219970703125,601900.0,-0.0097558215550973,2517.699951171875,6917.0,0.0063553849362172,152.1999969482422,40472.0,0.0180601802558006,4.21150016784668,32269.0,0.0108004500912359,5058.8798828125,0.0,185.8500061035156,25393.0,0.0179378842120525,10370.0,108947.0,-0.0451197053406998,2.127000093460083,570365.0,0.0519287909053809,17.260000228881836,8600.0,0.0028470039577677,5616.83984375,16042500000.0,0.0015316442294832,79.9000015258789,104165048.0,0.0050314657343257,77.41999816894531,1913618.0,0.0410110973473569,64.19999694824219,128549784.0,0.007849233584211,362.0,572914.0,-0.0423280423280423,19.850000381469727,30365500.0,-0.107865151394619,982.0,54947.0,0.0315126050420169,chile,797,4,8
4896,2024-09-04,2222,27631.56302083333,6119.356531862744,476.8677019056262,1.805555555555556,5.684027777777778,75808.81913807189,5002.718886846405,250.1493647875817,14949.401805555555,40.48692810457516,80.0,29851.602550151973,1774.5049757171462,104.9592503232234,8114.4686597082045,2.8245610406548893,3756.0,367.0,43.0,106.0,745.0,34.0,496.0,199.0,468.0,443.0,90.0,161.0,423.0,127.0,275.0,55.0,69.0,551.0,818.0,78.0,36.0,64.0,149.0,1552.0,201.0,1081.4193767806266,2374.3707843137254,1281.0075846560846,1622.6583212687249,1286.1775,2126.910326804595,477.8622359154929,2572.177355555556,545.7887788778878,1482.5521393034826,1153.461793154762,901.9729591346154,2823.340600218938,2184.8645454545454,1634.944783768315,2076.3763750000003,2828.3925,812.4768441938179,361.6303990715783,1264.0064761904762,955.0901666666666,2606.934523809524,1620.312825203252,1360.209979738253,1761.777464838256,1721.525172787179,2434.0,385.0,263.0,223.0,282.0,208.0,1319.0,1263.0,745.0,0.0,66.0,2743.0,1839.0,132.0,0.0,277.0,462.0,515.0,628.0,1584.5274453577729,1892.5544587832487,2051.829352589641,0.0,1218.2427784218582,2397.037098214286,1714.7507105816896,2309.416425743514,1698.3533789721905,1292.3586904761903,0.0,2596.507764216366,1839.5589102564104,2288.735838023088,1986.2303513071895,847.0,26.0,5.0,1.0,0.0,2.0,488.0,2203.16600849762,1469.8953897630147,1309.207593694467,1205.049758794794,1583.991833020267,1075.8325071551692,1977.5762809959351,32.494998931884766,32700.0,-0.032599023987166,73.75,211539.0,-0.0943141382339849,915.0999755859376,0.0096429568555866,7.116600036621094,-0.000210748607726,10.739999771118164,81338009.0,-0.0018587785630326,3265.010009765625,560800.0,-0.0178116855861906,2489.89990234375,826.0,-0.0110418434949666,145.1999969482422,41353.0,-0.0459921165595059,4.0320000648498535,3280.0,-0.0426214165601241,5058.8798828125,0.0,175.1750030517578,83634.0,-0.0574388092611197,9978.0,103597.0,-0.037801350048216,2.275000095367432,689534.0,0.0695815681261164,16.878000259399414,7300.0,-0.0221320952732785,5528.93017578125,14688940000.0,-0.0156510903665109,79.5,72505700.0,-0.0050062768240292,70.33999633789062,1785312.0,-0.091449263736803,62.29999923706055,112720291.0,-0.02959498133175,386.5,5525.0,0.0676795580110496,17.3700008392334,20396900.0,-0.1249370022456747,989.25,1331.0,0.0073828920570264,chile,798,2,9
7218,2024-09-11,2963,24214.370489055134,3223.1888071487947,634.8199267344497,1.672069825436409,6.115128844555279,72032.96767802715,4930.271720698254,264.89615267387086,14672.54464394569,40.815045719035744,98.0,30601.413103059054,1916.4988625387327,117.2045473810376,7785.892905115245,3.1459877392752804,4849.0,643.0,271.0,438.0,602.0,132.0,620.0,306.0,624.0,679.0,249.0,235.0,436.0,154.0,531.0,63.0,89.0,446.0,516.0,121.0,123.0,144.0,215.0,1884.0,131.0,1299.1527792432328,1229.2566727493916,954.77274845679,1708.2883491935484,1910.1402604166667,2309.238742903148,437.9875262006512,2693.8031434018053,673.4959259259259,1444.922329394391,932.2937214947092,1030.2506875,2746.128860815603,2544.668764150944,1674.1990543672016,3344.346047619048,4348.110511532738,830.5349195402299,553.5962512487512,1175.4540036375663,1289.821745283019,2880.2588333333333,2067.826777777778,1315.8742815033804,2639.6905,1674.939286192695,2719.0,302.0,387.0,396.0,264.0,277.0,2525.0,1724.0,978.0,4.0,132.0,3736.0,2175.0,352.0,0.0,362.0,122.0,1251.0,315.0,1618.941131819813,2084.4533580583184,2447.464450811168,832.5,1433.5373938408898,2360.375287114846,1785.0625739869206,2288.0082810707104,1781.747589148032,2123.5983799579326,0.0,2929.141602067184,1957.353017676768,2369.0802158423303,2653.6892605941457,1230.0,47.0,8.0,2.0,7.0,1.0,751.0,2384.1678963076743,1499.738359638047,1290.2389259847823,1277.9845018234205,1629.145320900538,1358.4805650786398,1782.1887460179194,31.63999938964844,34400.0,-0.0263117270454003,71.83999633789062,203924.0,-0.025898354740466,943.4000244140624,0.0309256360869252,7.11359977722168,-0.0004215860641282,9.779999732971191,161697137.0,-0.0893854803171029,3192.949951171875,489700.0,-0.0220703943872204,2501.800048828125,354.0,0.0047793674248404,133.1999969482422,38309.0,-0.0826446298361666,4.084499835968018,3161.0,0.0130207763575815,5058.8798828125,0.0,177.64999389648438,150858.0,0.0141286759047196,9582.0,108195.0,-0.0396873120865904,2.305000066757202,909026.0,0.0131868000581005,16.606000900268555,19700.0,-0.0161156152950869,5471.0498046875,18669430000.0,-0.0104686384623353,75.19999694824219,70872073.0,-0.0540880887013561,68.70999908447266,1848199.0,-0.0231731211015137,60.59999847412109,103388887.0,-0.0272873320025367,384.25,230068.0,-0.0058214747736092,16.309999465942383,22151400.0,-0.0610248314379354,986.75,120275.0,-0.0025271670457417,chile,799,2,9
7013,2024-09-17,2974,27451.05496221303,17203.336977042636,616.302374023587,1.8401539997148155,5.720091259090261,90833.2517082561,5467.838501354627,276.12846713246824,16010.785591045202,41.080992442606586,460.0,31280.59376519728,1849.2290227226692,113.3625391767612,8176.635162260821,2.891271212049308,4956.0,351.0,113.0,131.0,967.0,119.0,478.0,105.0,628.0,766.0,322.0,439.0,395.0,176.0,532.0,70.0,118.0,523.0,613.0,209.0,219.0,119.0,265.0,2608.0,206.0,1209.8254857951674,887.5438851351352,1287.3362444444442,1843.5917448059504,2013.3376633444077,2224.1817737990477,473.3565999109924,3082.330630081301,722.0738255033557,1548.9030172462997,1254.787400058003,959.560604580574,3206.967394542167,2385.143169312169,1980.29691318614,2153.410545454545,2770.657,745.5620401622188,406.6557625272331,1058.1800705128203,1505.9322454844007,2801.934528571429,1996.166862745098,1323.8939410085993,1961.808373493976,1816.4763891867103,2562.0,381.0,440.0,379.0,497.0,730.0,2086.0,1612.0,755.0,6.0,53.0,5097.0,1901.0,211.0,0.0,300.0,319.0,595.0,1352.0,1599.6322902270488,1796.3174731296183,2113.509528207835,1114.3333333333333,1442.0025952256906,2668.825757575757,1746.845889800144,2246.4940908649983,1853.019214389535,1620.9194587775407,0.0,2637.9537076271185,1845.9098307291667,2156.802127749577,2627.5676464547228,1014.0,42.0,11.0,0.0,0.0,0.0,893.0,2323.663919634401,1512.6077355169946,1202.2376178067277,1366.3151666502258,1874.4023366674733,1202.27543339507,2158.8383208656774,33.17499923706055,60500.0,0.0485145346720299,72.75,174159.0,0.0126670894835418,922.3499755859376,-0.0223129619285294,7.09250020980835,-0.0029660886294015,10.479999542236328,95837814.0,0.0715746245784891,3171.010009765625,328200.0,-0.0068713702819543,2580.39990234375,191.0,0.0314173203219987,143.5,59350.0,0.0773273520100763,4.2129998207092285,2155.0,0.0314603965973123,5058.8798828125,0.0,182.4750061035156,94084.0,0.0271602160022743,10110.0,188370.0,0.0551033187226048,2.434000015258789,825500.0,0.0559652688787428,17.173999786376953,18600.0,0.0342044354640023,5633.08984375,22463850000.0,0.0296177232610215,78.30000305175781,48459985.0,0.0412234870920176,70.08999633789062,1043339.0,0.0200843730433089,61.70000076293945,80404082.0,0.018151853407853,410.75,753870.0,0.0689655172413792,18.530000686645508,20453000.0,0.1361128935251534,1012.0,551524.0,0.0255890549784647,chile,800,1,9
8212,2024-09-24,3474,26733.24151972723,5727.646016804677,518.051005932762,1.7680224062347785,5.692401363857769,76160.34078665367,5003.446072820263,270.1820141256697,14991.575361665857,40.98453482708232,82.0,30778.329698804013,1844.4260218934744,117.10824068963366,8113.142322589795,2.926330790967771,5735.0,649.0,175.0,319.0,923.0,106.0,542.0,237.0,774.0,601.0,195.0,213.0,474.0,229.0,394.0,63.0,89.0,642.0,525.0,152.0,226.0,145.0,328.0,2292.0,324.0,1198.647468444056,1336.322962962963,956.7809722963952,1976.679666323095,2396.90703989704,2067.980786545206,468.1451991341992,2855.605660705415,703.7954822954823,1638.7948388480393,1205.4003178608114,879.0306867469878,2711.0190318320824,2065.8092220982144,2064.1443110486475,2726.712121212121,2500.1366304347825,830.2715391236893,461.5554470709147,1194.5285659722222,1887.7432382629108,2702.6597333333334,2108.041989247312,1423.688151703909,2087.8438333333334,1765.5081139300514,2480.0,495.0,789.0,491.0,300.0,261.0,2736.0,2441.0,1266.0,0.0,172.0,3748.0,2399.0,392.0,0.0,459.0,370.0,1596.0,587.0,1758.7003580812857,1888.078897297204,1932.0114900283893,1372.6544444444444,1472.810664120307,2093.991534090909,1665.233483095867,2249.039847190044,1634.4865293342054,1767.21446124031,0.0,2540.82132535461,1785.177311369509,2100.5088170960817,2902.6598594173443,1034.0,17.0,9.0,4.0,16.0,2.0,953.0,2138.5470933379743,1602.9159392397555,1243.038511998569,1270.5171386305503,2127.789900232693,1379.8809633538733,2077.061502565407,34.720001220703125,59300.0,0.0465712741273138,73.9000015258789,118134.0,0.0158075811117375,922.3099975585938,-4.334366390423838e-05,7.051300048828125,-0.0058089756449,11.4399995803833,233138838.0,0.0916030610762905,3212.760009765625,1049600.0,0.0131661520687176,2626.5,21663.0,0.0178654857390041,153.0,72025.0,0.0662020905923344,4.289000034332275,4114.0,0.0180394533247933,5058.8798828125,0.0,183.75,48184.0,0.0069872248463502,10940.0,107480.0,0.0820969337289811,2.9019999504089355,689582.0,0.1922760608941029,17.3799991607666,19200.0,0.0119948396967521,5718.56982421875,19316880000.0,0.0151746169224677,82.5,490437341.0,0.0536398056774776,70.37000274658203,1952222.0,0.0039949553905174,64.5,636005594.0,0.0453808622761378,413.5,1020975.0,0.0066950699939136,22.32999992370605,38657400.0,0.2050728060576483,1065.75,1030217.0,0.0531126482213439,chile,801,1,9
6444,2024-09-30,2908,27923.31311297331,5362.159320297951,545.1561886541341,1.8198324022346368,5.421477343265053,76371.90333954066,4807.868077281192,298.4373805090006,15178.04450496586,39.57960893854749,52.0,29314.3145094169,1704.600558124847,108.03961164926156,8270.102130336472,2.6995652513091506,4625.0,568.0,152.0,446.0,942.0,51.0,619.0,410.0,651.0,737.0,230.0,300.0,340.0,187.0,633.0,84.0,78.0,480.0,680.0,215.0,86.0,150.0,173.0,931.0,366.0,1121.5175850149476,732.1196666666667,806.8457993861607,1781.5445651013094,2025.253333333333,1903.0290118323396,508.51345858895706,2241.9443453792737,764.8152297008546,1631.0711192611575,1191.8232443820225,1027.823874526515,3017.8517442810457,1893.186698809524,1599.657989952683,1986.873131313132,3531.0411904761904,875.6766022565743,368.4499897750511,1413.448201553175,1464.146276595745,3190.58476744186,2844.648685897436,1535.8524127278615,1939.2010667544264,1834.6359434234348,2828.0,370.0,360.0,287.0,306.0,345.0,2121.0,1839.0,1002.0,18.0,63.0,3886.0,1430.0,169.0,0.0,390.0,258.0,761.0,761.0,1507.786561103242,1661.9820413478783,1847.8848135608523,1630.9755555555555,1222.1249539280293,2127.418387096774,1684.536457463131,2011.94779150607,1671.9286541842475,1546.0239583333334,0.0,2292.380402684564,2048.5815935374158,1986.047798291552,2205.841452399789,816.0,28.0,5.0,3.0,0.0,0.0,943.0,1993.2436407925236,1587.195459386316,1315.071223458904,1286.9664716197517,1772.2835603332542,1053.3619879072414,1715.5229107695711,35.520999908447266,74400.0,0.0230702378911933,71.7699966430664,312428.0,-0.0288227989016562,897.4099731445312,-0.0269974569070857,7.017499923706055,-0.004793460055311,13.039999961853027,257055877.0,0.1398601783354365,4017.85009765625,510200.0,0.2505914184201256,2636.10009765625,1666.0,0.0036550914358461,162.8000030517578,168532.0,0.0640523075278287,4.495999813079834,2480.0,0.0482629463955657,5058.8798828125,0.0,187.0,40558.0,0.017687074829932,11260.0,216166.0,0.0292504570383911,2.8540000915527344,787455.0,-0.0165402686686597,18.059999465942383,12400.0,0.0391254509787781,5762.47998046875,19356810000.0,0.0076785206091278,98.0,200236204.0,0.1878787878787879,68.16999816894531,2336925.0,-0.0312633862692803,69.0,252696739.0,0.069767441860465,424.75,1122115.0,0.0272067714631196,25.65999984741211,51043600.0,0.1491267324264902,1037.75,754249.0,-0.0262725779967158,chile,802,0,9
5563,2024-10-12,2490,28765.91687578645,8104.004867877044,583.3583632112237,1.9575768470249864,5.043861225957217,80945.70449218048,4903.710071903649,286.6481484810354,15529.970467373718,40.10390077296423,80.0,30850.348673802888,1600.540590677771,119.0468461041852,8342.331763396078,2.4625496261523026,4779.0,360.0,117.0,123.0,593.0,173.0,416.0,250.0,967.0,574.0,150.0,241.0,417.0,97.0,440.0,42.0,69.0,321.0,477.0,245.0,138.0,100.0,272.0,1265.0,189.0,1331.6504389269403,957.9000769230768,1348.180696236559,1961.19464219534,2127.616909827761,1726.219992179243,443.2175838926174,2746.2495719696967,713.6044602487459,1512.315919103141,1300.6612900188322,1092.6794211847389,2584.3174949799195,1708.9410306122447,1501.7451276868387,2225.61875,2943.158529411765,755.9973013565891,500.17100427350425,1076.6899752331003,2089.796140350877,2353.0647027027026,1861.079,1321.1003670497018,2111.2404303508997,1650.9425131289022,3195.0,248.0,320.0,496.0,262.0,322.0,1634.0,1130.0,714.0,4.0,83.0,3425.0,2872.0,129.0,0.0,277.0,233.0,1784.0,289.0,1263.8986530405875,1674.922294054251,1754.677698574221,582.5,1385.5066052470129,3515.686710526316,1443.409983350743,1803.3768594275384,1692.1853806265508,1499.032495614035,0.0,2256.886722972973,1455.4746703296703,1822.0705612322745,1858.6874103798823,712.0,36.0,5.0,0.0,10.0,0.0,695.0,1825.5365614545835,1626.3599581349206,1183.222668307049,1435.3947405652432,1981.5146151331592,1037.1392623487204,1645.3305697538628,34.74700164794922,44500.0,-0.0217898781704617,80.93000030517578,256068.0,0.1276299859349974,925.8699951171876,0.0317135120227516,7.019100189208984,0.000228039261892,12.739999771118164,405885378.0,-0.0230061496635336,4256.10009765625,1741400.0,0.0592978817549663,2644.800048828125,1455.0,0.0033003113878755,143.5,82732.0,-0.1185503850735304,4.519000053405762,1937.0,0.0051157120289495,5058.8798828125,0.0,188.6000061035156,15129.0,0.008556182371741,9992.0,114047.0,-0.1126110124333925,2.631999969482422,909417.0,-0.0777856043969262,18.041000366210938,52700.0,-0.0010519989088191,5695.93994140625,17099040000.0,-0.0115471184781603,85.69999694824219,124588969.0,-0.1255102352220185,77.13999938964844,1953692.0,0.1315828291277465,64.0999984741211,130670542.0,-0.0710145148678101,426.0,935342.0,0.0029429075927016,18.780000686645508,24556900.0,-0.2681215589118747,1005.5,944066.0,-0.0310768489520597,chile,803,5,10
6315,2024-10-14,2750,26897.13919239905,4611.360316706256,490.7020573672529,1.8546318289786223,5.794774346793349,75954.01038321457,4503.3022660332535,253.16219794140932,15004.575064133016,40.15803642121932,222.0,29763.05679616918,1588.1390521242067,110.92730010895994,8087.373431178919,2.928178723959119,3791.0,692.0,152.0,311.0,749.0,90.0,222.0,137.0,897.0,686.0,200.0,116.0,181.0,124.0,381.0,90.0,77.0,703.0,554.0,95.0,213.0,133.0,276.0,2044.0,153.0,1153.2787340197342,771.2808928571428,950.835957084582,1752.219278009427,1467.761640625,1779.1403506430197,462.9060784313725,2414.617990740741,734.3379070327553,1509.9292564886314,1418.6431453823957,1158.2346024305557,2736.6842162698413,1763.7508158508158,1546.168673568507,2187.35446627566,3722.440857142857,749.3792657232705,383.1276969178082,1651.102834914611,1330.37603130996,2103.917603448276,2064.344236111111,1415.5046157624035,2028.632163841808,1611.239345273421,2323.0,185.0,425.0,320.0,234.0,366.0,1839.0,1725.0,471.0,6.0,80.0,3996.0,3048.0,184.0,4.0,210.0,171.0,1053.0,530.0,1379.5926868476097,1662.2866007132388,2056.577494212963,1671.8333333333333,1323.3498944482287,2073.36453405018,1533.3610842154544,1797.365903494921,1510.1765893037752,1312.3423684210527,802.585,2104.668362068965,1769.4473842592593,1836.4353673472049,1929.1856165311651,1012.0,18.0,10.0,0.0,14.0,8.0,840.0,1834.2860594001536,1438.4797907755917,1191.862023103552,1195.3165290430372,1743.9174650772543,1153.338754263072,1683.861079216914,33.91999816894531,70800.0,-0.023800714875573,77.45999908447266,195360.0,-0.0428765749118773,926.3099975585938,0.0004752313431979,7.087200164794922,0.0097020948198791,11.880000114440918,216053088.0,-0.0675038989111195,3961.340087890625,1294300.0,-0.0692558922493254,2647.800048828125,144.0,0.0011343012494759,146.6999969482422,86085.0,0.0222996303013391,4.363500118255615,2193.0,-0.0344102530012039,5058.8798828125,0.0,187.625,15405.0,-0.0051697034568517,10425.0,105149.0,0.0433346677341872,2.257999897003174,769622.0,-0.1420972936229914,17.52199935913086,85600.0,-0.028767861900392,5859.85009765625,17209100000.0,0.0287766651221981,82.0,121230792.0,-0.0431738282380192,73.83000183105469,1108559.0,-0.0429089653199805,63.29999923706055,122207805.0,-0.012480487614731,408.25,1226490.0,-0.0416666666666666,21.18000030517578,27337700.0,0.1277955021714625,970.0,1118578.0,-0.0353058180009945,chile,804,0,10
7174,2024-10-26,2999,27590.00636465013,11656.934103707834,479.56188922610016,1.7863116810705324,5.116671313074993,79556.09189852244,4617.129230554781,262.1040772233064,14201.786791190409,38.12350153331474,105.0,28864.662106535357,1585.3602784293064,103.70572305875224,8167.674968068969,2.5885396989522373,4141.0,211.0,152.0,125.0,955.0,219.0,556.0,564.0,623.0,837.0,60.0,242.0,202.0,70.0,554.0,64.0,48.0,637.0,845.0,123.0,81.0,103.0,308.0,2387.0,182.0,1252.139727366255,753.588611111111,1166.878384486607,2018.647469117019,2215.870301816239,1733.400923244148,443.0872841163311,2251.966854655509,737.8544600938967,1670.51825275612,1234.038183333333,991.6603273809524,3295.7400205761314,2050.6521428571427,1501.6559737062546,1832.929731182796,2383.4576,645.4706546717172,374.2817534722222,1032.1903333333337,1823.628913690476,2298.6858695652177,1984.2598561869304,1313.2382321947675,1952.765522844273,1557.4716491412355,2460.0,310.0,532.0,340.0,322.0,656.0,3165.0,1887.0,1134.0,0.0,81.0,4099.0,1685.0,381.0,0.0,384.0,464.0,1232.0,824.0,1451.2139047090884,1587.9747237462857,1718.975351676385,0.0,1345.4972943401951,1972.9756666666667,1452.208409512178,1931.6993201519376,1361.2654260790005,1427.6462706611571,0.0,1920.156068181818,1565.6316787636522,1845.4954738955823,1932.729417228212,909.0,14.0,7.0,0.0,10.0,4.0,1151.0,1802.1950460784813,1471.9382031732098,1162.8677389862582,1277.486948301536,2034.79116816272,911.6135580405456,1925.9418910426195,33.880001068115234,76100.0,-0.0011791598758603,74.29000091552734,138387.0,-0.0409243248955931,951.75,0.0274638107204463,7.118000030517578,0.0043458439167065,11.65999984741211,170689720.0,-0.0185185408173005,3935.199951171875,1145900.0,-0.0065988115483084,2723.10009765625,219.0,0.0284387217461725,162.60000610351562,161496.0,0.1083845227405368,4.322999954223633,2219.0,-0.009281577388423,5058.8798828125,0.0,189.6999969482422,9040.0,0.0110592775389324,10640.0,129864.0,0.0206235011990407,2.559999942779541,705196.0,0.1337467048502449,17.216999053955078,40800.0,-0.0174067067875358,5853.97998046875,17326050000.0,-0.0010017521079332,87.9000015258789,110224831.0,0.0719512381204745,70.55999755859375,1290635.0,-0.0442909954132697,68.4000015258789,164282147.0,0.0805687575084903,409.5,1290585.0,0.0030618493570115,24.700000762939453,25509200.0,0.1661945423534052,987.75,862433.0,0.0182989690721648,chile,805,5,10
4598,2024-10-28,2199,25858.819127881685,6926.036191822532,446.8143798828125,1.7387994780339278,5.551109177903436,71831.91282731622,4133.908864723793,273.9696628969117,13890.462572857765,36.20791648542845,70.0,28334.40792623912,1519.8559074598018,116.09123239160132,8018.352649820164,2.8013147003796317,2767.0,494.0,18.0,238.0,451.0,62.0,219.0,406.0,659.0,273.0,182.0,249.0,34.0,15.0,122.0,21.0,27.0,491.0,645.0,148.0,94.0,47.0,261.0,1170.0,252.0,1265.80730932971,1775.8017857142856,863.1956958417169,1565.3172955961486,2158.618,1720.4628939375802,570.0769971264368,2177.911146602673,756.8405119047619,1685.673455602241,1313.9549971064816,907.933424994411,1965.473333333333,2139.056,1553.1184417989418,2771.032083333333,2043.0114285714285,644.5651461038962,356.8234625689519,1410.5896514285714,1516.6363636363635,1530.8398181818184,2186.155357142857,1137.2004622064874,1834.0233670212765,1768.3287686034655,1406.0,255.0,197.0,271.0,323.0,232.0,1282.0,1312.0,625.0,0.0,53.0,2748.0,1295.0,306.0,0.0,179.0,132.0,1199.0,442.0,1321.778125,1675.837242636194,1670.7109678249678,0.0,1193.9987438433038,2239.806271929825,1442.4128362419588,1711.4386977691076,1353.7146682176683,1557.1581176122932,0.0,2145.6723555555554,1960.2980606060607,1845.8209461555723,1923.0268865420292,850.0,13.0,8.0,0.0,0.0,0.0,450.0,1773.763909243635,1367.282936550698,1033.8569470987654,1222.2526255955904,1553.0941353046594,984.9354244518228,1743.9535834920634,32.44499969482422,46900.0,-0.0423554110994851,71.41999816894531,124644.0,-0.0386324230880736,935.7185668945312,-0.016844164019405,7.120100021362305,0.0002950254054121,11.739999771118164,167628621.0,0.0068610570114038,3964.159912109375,1261500.0,0.0073592095184074,2742.89990234375,2093.0,0.0072710528358987,165.0,52605.0,0.0147601095104292,4.331999778747559,4625.0,0.0020818470088421,5058.8798828125,0.0,185.9250030517578,66306.0,-0.0198998100011269,10410.0,155424.0,-0.0216165413533834,2.6630001068115234,748034.0,0.0402344399743028,16.6200008392334,41900.0,-0.0346749287056815,5823.52001953125,19643610000.0,-0.0052032909301239,88.5999984741211,136006048.0,0.0079635601375513,67.37999725341797,1627974.0,-0.0450680330953111,68.0999984741211,151447854.0,-0.0043860094307791,410.75,1055102.0,0.003052503052503,22.739999771118164,21688000.0,-0.0793522644243043,982.5,259583.0,-0.0053151100987092,chile,806,0,10
5126,2024-11-07,2279,27692.72763753414,5483.649040187281,377.8347448979592,1.7547795552087395,5.181818181818182,73030.5711900117,4040.00374951229,258.68234685914945,14290.70825204838,31.92586812329301,78.0,30207.496935519062,1526.2700220017618,116.54907977965811,8557.974505095748,2.640150302052986,2604.0,143.0,21.0,69.0,327.0,79.0,561.0,206.0,780.0,623.0,106.0,267.0,34.0,23.0,439.0,7.0,24.0,618.0,591.0,208.0,169.0,48.0,183.0,2559.0,120.0,1183.05518018018,1617.16775,917.8245833333334,2625.5961722731904,1603.5509126984127,1736.3111711514005,443.3714390270154,2111.483589068826,733.0201382644428,1847.1330905190907,1248.6446357142856,817.2004132034633,2224.578611111111,1582.35421875,1727.6868239837395,5199.987999999999,1607.5655,743.1299553571429,490.2275821995465,1015.8515366666668,1404.7688915343915,2388.8839285714284,2952.0097265625,1334.1767180798693,2059.083336167801,1393.5752519911516,1147.0,101.0,269.0,252.0,264.0,108.0,2663.0,1369.0,915.0,0.0,38.0,2691.0,1168.0,226.0,0.0,226.0,321.0,1370.0,250.0,1342.8820122783688,1527.1203100844805,1563.4721848090278,0.0,1293.8813353316125,2025.9438461538464,1505.071509694317,1719.472924935806,1197.6419430577646,1437.4773671875,0.0,2083.354820601852,1690.888939676617,1982.7575107188911,1854.0650265957445,693.0,31.0,5.0,0.0,16.0,2.0,793.0,1807.482885403644,1367.4783301511534,1087.2013682923443,1161.7755603789592,2611.882887286325,1056.6402479797289,1884.4967883366637,32.47999954223633,69100.0,0.0010787439587398,75.08000183105469,206638.0,0.0512462021274708,947.4153442382812,0.0125003155409957,7.121699810028076,0.0002246862629697,12.5,151528709.0,0.0647359662435027,3944.760009765625,1555700.0,-0.0048938243597309,2736.10009765625,2180.0,-0.0024790568119856,169.39999389648438,87549.0,0.0266666296756628,4.4070000648498535,2655.0,0.0173130863187576,5058.8798828125,0.0,183.6999969482422,130606.0,-0.0119672237030767,11510.0,138019.0,0.10566762728146,2.6689999103546143,835951.0,0.0022530241466172,16.344999313354492,16000.0,-0.0165464206975088,5712.68994140625,23292380000.0,-0.0190314582509018,89.80000305175781,334317595.0,0.0135440699582769,71.47000122070312,1638156.0,0.060700565954352,68.0999984741211,305010506.0,0.0,416.5,1328153.0,0.0139987827145464,24.040000915527344,24245100.0,0.0571680368291074,1016.75,3516.0,0.0348600508905851,chile,807,3,11
5440,2024-11-12,2450,27397.41788419117,8696.204795955882,507.6398975492166,1.718014705882353,5.784742647058824,78792.79710110294,3962.4970790441175,275.2706893382353,14983.626518382354,30.979411764705883,52.0,31143.928374267896,1449.1182566164318,118.24259140529148,8332.732104544188,2.9515089416338185,2852.0,729.0,10.0,190.0,639.0,68.0,309.0,307.0,786.0,341.0,170.0,326.0,34.0,3.0,454.0,26.0,7.0,604.0,739.0,185.0,128.0,49.0,143.0,2034.0,35.0,1166.763546027662,431.25,954.0574103773585,1765.5263672839503,1947.1613218390803,1671.5428374627872,542.3116091954023,2165.386772772773,762.1516162842012,1585.0733454987835,1439.587161835749,871.2529807823129,1168.2726470588236,1615.0675,1568.8839788717837,2654.3819444444443,864.6737499999999,830.9386331732503,406.648841503268,999.65900085034,1379.473468137255,1801.56375,2075.9091836734697,1327.9961847311615,1851.9464705882356,1320.7793793662777,915.0,100.0,341.0,572.0,312.0,313.0,1912.0,1522.0,564.0,0.0,21.0,4090.0,892.0,240.0,0.0,206.0,284.0,1101.0,653.0,1280.3139815776503,1526.3967217821205,1413.9105665349143,0.0,1205.596869314949,1629.8475,1400.6558986065445,1700.0235798873766,1307.8092905883657,1309.7868644781145,0.0,1805.563670411985,2054.6017554697555,1820.7125705566232,1645.8553277310923,1044.0,20.0,8.0,0.0,0.0,0.0,621.0,1705.1084330613844,1327.280293040022,1117.382077267168,1132.4224336414804,1747.7109573791347,1039.5655601743547,1732.2944299476246,31.94499969482422,49600.0,-0.0164716704110912,71.83000183105469,178292.0,-0.0432871593065908,945.7733154296876,-0.0017331667874914,7.178199768066406,0.0079334933436499,11.9399995803833,155220128.0,-0.0448000335693359,4131.1298828125,1305500.0,0.0472449204984584,2611.199951171875,238.0,-0.0456489682491385,156.10000610351562,60759.0,-0.0785123274626325,4.210999965667725,2552.0,-0.0444747211930904,5058.8798828125,0.0,182.9499969482422,166290.0,-0.0040827436715271,10985.0,134101.0,-0.0456125108601216,2.822999954223633,1106819.0,0.05769953130068,16.08300018310547,22600.0,-0.0160293142401639,6001.35009765625,21572110000.0,0.0505296382633613,94.3000030517578,194159057.0,0.0501113568716287,68.04000091552734,1474964.0,-0.0479921679948452,71.80000305175781,329739325.0,0.0543319333412726,430.0,1246710.0,0.0324129651860745,23.809999465942383,25363300.0,-0.0095674476217013,998.5,293038.0,-0.0179493484140643,chile,808,1,11
4460,2024-11-23,2087,28224.58944170404,5046.133103139014,494.8619546120059,1.7991031390134529,5.443497757847534,77899.88576233183,3673.5641255605374,266.53732062780267,15465.249273542602,27.557174887892376,110.0,30428.085162075055,1315.636997503228,111.17716271559188,8399.589679034323,2.705011898978546,2190.0,803.0,2.0,147.0,634.0,78.0,432.0,182.0,735.0,530.0,102.0,363.0,67.0,4.0,248.0,35.0,18.0,361.0,810.0,128.0,54.0,23.0,112.0,2125.0,56.0,1077.3817129145698,3425.0,827.1402587719298,1645.3671166173572,2018.3439393939395,1497.3044609467825,438.76096981627296,1979.5807300089848,809.5689509306261,1507.088877871018,1145.1591666666666,974.9225255710533,1461.4455147058825,857.5,1603.5188,1958.2711111111112,1553.4758333333332,740.8740978593273,488.7387222222222,1398.2248259637188,1171.7613793103449,1543.86,2148.8082432432434,1215.245722533435,2203.226071428572,1318.613066119446,689.0,141.0,345.0,261.0,433.0,233.0,1903.0,1746.0,717.0,6.0,33.0,2979.0,600.0,217.0,0.0,156.0,76.0,1196.0,396.0,1326.960201268995,1300.1696201988373,1321.0267256235827,805.2383333333333,1210.9621414327644,1330.607142857143,1160.7051093506525,1473.6472879652692,1155.7103418003564,1305.185782051282,0.0,1670.3696264367818,1017.8120436507936,1636.5842329149232,1490.301094276094,1237.0,18.0,7.0,0.0,0.0,0.0,533.0,1519.9941128716275,1368.2753813045126,1072.6281346721198,1114.7620788436534,1610.68449587425,970.6887381802048,1596.981338694639,33.0,39200.0,0.0330255224684417,73.30000305175781,154459.0,0.0204650032469801,961.9932861328124,0.0171499559550964,7.230999946594238,0.0073556295775889,12.0600004196167,92081896.0,0.010050321897042,3950.3798828125,1116700.0,-0.043753163208934,2610.60009765625,324.0,-0.0002297233175712,168.60000610351562,34199.0,0.0800768706678383,4.107999801635742,2284.0,-0.0244597874309528,5058.8798828125,0.0,186.7749938964844,73316.0,0.0209073354033688,12055.0,148634.0,0.0974055530268547,3.128999948501587,913926.0,0.1083953238540198,16.235000610351562,45100.0,0.0094509995346367,5893.6201171875,20164960000.0,-0.0179509574871865,90.9000015258789,257576667.0,-0.0360551581744144,69.16000366210938,1127429.0,0.0164609454954671,72.0999984741211,539203168.0,0.0041782090475264,429.25,978317.0,-0.0017441860465116,26.61000061035156,61313100.0,0.1175976987489761,983.5,591408.0,-0.015022533800701,chile,809,5,11
2590,2024-11-26,1272,32429.27601930502,3092.205814671815,443.1465788336933,1.8447876447876448,4.788030888030888,79747.1301969112,3647.982200772201,276.0250579150579,15951.65531660232,23.78880308880309,60.0,32236.241977113,1241.1803954850243,104.6363217126464,9209.076080196804,2.377892539717396,2221.0,559.0,8.0,251.0,568.0,38.0,282.0,110.0,778.0,513.0,178.0,306.0,32.0,0.0,193.0,17.0,10.0,414.0,687.0,60.0,80.0,4.0,124.0,1138.0,8.0,1289.4176163089649,5137.5,937.9714386554622,1785.8460869666048,2353.212857142857,1444.7928187858492,430.5925,1894.9574230769229,840.0549918300653,1521.5638457886043,1022.0190719696968,910.020554263566,1248.981875,0.0,1753.7785663919417,1313.49875,1366.66625,782.2067187499999,443.1462867274569,1668.9829875,1343.8177450980393,2343.75,2307.923783783784,1357.0426538118204,1678.4075,1245.222190175883,416.0,236.0,194.0,89.0,205.0,126.0,897.0,590.0,208.0,2.0,29.0,1901.0,544.0,54.0,0.0,104.0,20.0,174.0,134.0,1256.888544199595,1141.0297368769973,847.1897297297297,740.0,1090.0955534023774,1495.1873214285715,1176.3855566582722,1564.4167709638089,1176.1577112676057,1452.2032692307694,0.0,1218.0910869565218,886.25,1649.654411764706,1251.744975308642,504.0,24.0,7.0,0.0,0.0,0.0,598.0,1524.0350545016393,1450.7371205232512,1129.1641151224983,1166.914634504163,1619.656097748623,834.5601840342608,1627.6910946428573,31.700000762939453,36000.0,-0.039393916274562,73.01000213623047,102479.0,-0.003956356118056,964.489013671875,0.0025943294771788,7.242000102996826,0.0015212496866037,11.520000457763672,112217331.0,-0.044776114681942,3848.090087890625,852500.0,-0.0258936603456599,2616.800048828125,243466.0,0.0023749141729678,160.5,22498.0,-0.0480427390882919,4.09149980545044,50308.0,-0.0040165523325321,5058.8798828125,0.0,187.9750061035156,37164.0,0.0064249082920397,11640.0,147187.0,-0.034425549564496,3.36299991607666,922176.0,0.074784266994677,15.843999862670898,13300.0,-0.0240838147817105,5987.3701171875,15276080000.0,0.0159070313552442,90.6999969482422,148713031.0,-0.0022002703441073,68.94000244140625,1191683.0,-0.0031810469787996,76.5,339341692.0,0.061026374743381,424.75,589422.0,-0.0104834012813046,22.229999542236328,43314000.0,-0.1645998108850612,989.5,443748.0,0.0061006609049314,chile,810,1,11
1145,2024-12-07,574,32634.377353711792,1416.0618602620088,733.6997654584222,1.8768558951965064,5.00349344978166,87156.25410480349,3982.980576419214,333.5265152838428,17542.314017467248,23.124890829694323,100.0,34496.49763726762,1271.3396926906184,116.69500842882496,9212.038909498362,2.2773424360695103,656.0,117.0,0.0,58.0,325.0,15.0,214.0,49.0,497.0,116.0,21.0,138.0,66.0,0.0,116.0,7.0,6.0,194.0,494.0,97.0,8.0,26.0,4.0,506.0,44.0,943.8067872807017,0.0,648.5339682539683,2192.805043010753,4514.166666666667,1587.5437588121845,416.7360865384616,2016.849605263158,794.6588842975207,1612.2186672473863,1252.773611111111,536.8555505952381,2053.728787878788,0.0,1555.9270912300258,1418.9275,868.0733333333334,924.0665940656564,458.0722997311828,1390.0882276170798,577.1324999999999,2866.6666666666665,2169.06,1378.257300813008,2553.7647619047616,1373.3374072327044,233.0,22.0,14.0,36.0,86.0,29.0,336.0,468.0,161.0,0.0,26.0,941.0,285.0,40.0,0.0,27.0,48.0,124.0,174.0,1301.1961306423611,1145.2377791262136,781.3481380208333,0.0,1212.54295549903,1414.521,1280.0167784263872,1569.1314902998236,1396.5347573024055,1138.3462272727272,0.0,1489.381111111111,1117.7264583333333,1159.9353658536586,1218.311475409836,383.0,15.0,5.0,0.0,0.0,0.0,142.0,1754.424755925808,1657.7626991614256,1072.0098060118512,1027.3618021842576,2206.7051538461537,745.3510712035809,1683.0009796626985,30.76099967956543,75600.0,-0.0296214845670228,71.83000183105469,168581.0,-0.0161621732728346,960.9544067382812,-0.0036647456668659,7.240699768066406,-0.0001795546688658,11.140000343322754,60493381.0,-0.0329861197344679,3947.6298828125,885000.0,0.0258673244774367,2634.89990234375,3150.0,0.0069167888940275,151.1999969482422,51241.0,-0.0579439442477122,4.075500011444092,6233.0,-0.0039104960936413,5058.8798828125,0.0,187.375,57289.0,-0.0031919461845112,12230.0,114238.0,0.0506872852233677,3.075999975204468,937272.0,-0.0853404543664132,15.633000373840332,26100.0,-0.0133173119578023,6047.14990234375,20647710000.0,0.0099843143126636,83.4000015258789,70128375.0,-0.0804850680042362,68.0999984741211,1522565.0,-0.0121845653834883,74.30000305175781,167623797.0,-0.0287581300423815,424.5,13647.0,-0.0005885815185403,19.809999465942383,35141100.0,-0.1088619040093104,993.75,632444.0,0.0042950985346135,chile,811,5,12
1319,2024-12-10,618,33888.696974981045,732.8110765731615,613.6420612813371,1.88248673237301,4.688400303260045,83224.80294162245,3398.322524639879,298.77328278999244,16652.496830932523,20.49431387414708,152.0,30828.657332433,1108.7814246942512,95.1959611857892,9477.61391327774,2.1181263108458253,599.0,101.0,0.0,151.0,505.0,30.0,649.0,10.0,363.0,65.0,26.0,182.0,52.0,2.0,120.0,0.0,4.0,238.0,812.0,8.0,16.0,12.0,10.0,234.0,16.0,1167.3371282051282,0.0,676.6559465986395,1646.5492774787997,1879.090909090909,1412.8368353253652,424.248560290404,1323.6916666666666,1093.7507072135786,1577.9034114583333,1347.587857142857,918.7767063492064,1506.3657407407406,967.5,1471.5697671568628,3118.9337499999997,2690.0,859.6312704918033,428.23554425064594,1351.4683333333337,2254.4741666666664,1157.5,1639.085,1491.2950952380952,1754.9021428571427,1462.0994747474747,107.0,17.0,50.0,170.0,169.0,79.0,521.0,550.0,131.0,0.0,44.0,1026.0,312.0,36.0,0.0,54.0,28.0,114.0,196.0,1036.372207070707,944.2401931567327,619.2183228114478,0.0,905.3897911143838,1479.2938235294116,1166.842397954368,1679.3216327913278,988.687931547619,1134.260576923077,0.0,1257.3365,1285.4216666666666,1274.143023255814,1438.5620911949686,225.0,3.0,6.0,0.0,0.0,0.0,152.0,1574.9896666666666,1575.824761904762,1109.57244595475,997.7821995103004,1654.716281332672,666.6891196714317,1514.753686461388,30.746000289916992,85700.0,-0.0004876106044889,72.13999938964844,156551.0,0.0043157114115472,957.8364868164062,-0.0032446075485079,7.269299983978271,0.003949924292953,11.640000343322754,136501481.0,0.0448833020278762,3966.570068359375,1018800.0,0.0047978625426203,2664.89990234375,8249.0,0.0113856317552385,159.8000030517578,41064.0,0.0568783483934824,4.223499774932861,4507.0,0.0363145044959349,5058.8798828125,0.0,193.6499938964844,17650.0,0.0334889600879755,12075.0,86430.0,-0.0126737530662305,3.2799999713897705,1310576.0,0.0663198952632442,15.621000289916992,14900.0,-0.0007676123352123,6052.85009765625,20137790000.0,0.0009426251051409,86.0999984741211,128877579.0,0.0323740635352911,68.37000274658203,1475455.0,0.0039648205361346,83.0,555532071.0,0.1170928208735297,434.0,175042.0,0.0223792697290929,20.600000381469727,35530500.0,0.0398788963566365,988.25,770000.0,-0.0055345911949685,chile,812,1,12
1137,2024-12-21,552,36255.133948988565,242.7487247141601,407.74603351955307,1.9525065963060688,4.09938434476693,78423.91545294636,3254.2571328056288,381.2394986807388,15678.982269129288,23.43711521547933,258.0,27627.33643980774,1101.0219288993694,105.9759326213008,9549.15968618714,1.871507628260728,622.0,87.0,0.0,246.0,255.0,18.0,386.0,16.0,645.0,91.0,18.0,244.0,39.0,0.0,32.0,1.0,12.0,79.0,903.0,22.0,8.0,8.0,6.0,239.0,18.0,1250.489413580247,0.0,775.7564728835979,2388.392794526902,1366.2385714285715,1407.7231906779662,425.6457881590136,1786.9316666666666,832.3934895833333,1240.8670578512397,1214.934375,827.1131705796354,1182.1632894736842,0.0,2226.172023809524,4818.94,1202.270625,1228.8661538461538,425.51337691029903,1566.3727272727272,1203.125,778.75,1350.0,1409.5852805280529,1659.972777777778,1090.985462962963,234.0,34.0,48.0,271.0,167.0,38.0,463.0,348.0,163.0,0.0,38.0,1036.0,352.0,22.0,0.0,32.0,16.0,35.0,94.0,1075.8368400735294,874.5710826210826,974.9290463525836,0.0,1147.8708999770004,1704.6426923076922,1106.2691030710178,1153.1155464181288,1145.3089992877494,460.7146875,0.0,1022.1460714285714,1503.509,1815.1054166666663,984.0369736842104,185.0,2.0,6.0,0.0,0.0,0.0,112.0,1501.696312597809,1474.72895,1067.878335541234,986.7636896172086,2473.572823359073,691.9058916839721,1059.7866304347826,29.757999420166016,92100.0,-0.0321342893525889,73.91000366210938,130791.0,0.0245356846054385,965.2628784179688,0.0077532978788956,7.275100231170654,0.0007979100058008,12.479999542236328,170984883.0,0.0721648775032413,3911.840087890625,813200.0,-0.0137978100791212,2651.39990234375,2978.0,-0.005065856315326,157.1999969482422,66717.0,-0.0162703758063978,4.143499851226807,5121.0,-0.0189416190290495,5058.8798828125,0.0,191.3249969482422,7228.0,-0.0120061813659805,11865.0,145667.0,-0.017391304347826,3.747999906539917,1012252.0,0.1426829083025418,15.16800022125244,41400.0,-0.0289994277099497,6074.080078125,27302660000.0,0.0035074353612309,79.5999984741211,68780802.0,-0.0754936134168886,70.70999908447266,926538.0,0.034225482578434,78.9000015258789,393143390.0,-0.0493975719773626,445.0,871702.0,0.0253456221198156,19.51000022888184,22222900.0,-0.052912627786569,974.5,748867.0,-0.013913483430306,chile,813,5,12
868,2024-12-24,461,34294.51668202765,185.0335138248848,423.7834223706177,1.956221198156682,3.238479262672811,75999.17226958525,3738.172142857143,311.5466244239632,15304.238145161293,27.52188940092166,100.0,25702.54407811435,1091.7063323275547,83.93934615203665,9276.70801011642,1.387540204930758,329.0,54.0,0.0,76.0,47.0,16.0,217.0,1.0,503.0,126.0,29.0,90.0,34.0,0.0,66.0,6.0,22.0,0.0,522.0,16.0,12.0,0.0,2.0,146.0,8.0,1038.5637037037038,0.0,854.4879080459771,2091.869285714285,1256.35,1328.1431169312168,494.7138017429194,1550.0,817.2388451443569,1265.9789658119655,1532.8223333333333,951.6437152777776,1666.8108823529412,0.0,1040.1133547008546,2534.25,1561.4189,1572.0164102564104,377.8256837606838,1524.6405,741.0166666666668,1351.875,2556.5,1531.014353448276,1681.04375,1648.6487544802867,242.0,50.0,68.0,20.0,64.0,36.0,342.0,542.0,40.0,0.0,40.0,532.0,207.0,62.0,0.0,64.0,10.0,44.0,68.0,1050.2654953892668,1112.9759623015873,985.78,0.0,932.7992706349206,1280.068020833333,1067.146085,1480.7142979166667,1441.1428282828283,861.0372727272727,0.0,1116.532416666667,1624.9,1251.09375,780.6981578947368,112.0,2.0,6.0,0.0,0.0,0.0,116.0,1430.5059008093356,1820.7119285714284,1236.7466964285716,1116.4862630906769,2014.43275,687.9475106100796,1398.0299916666668,29.81999969482422,87200.0,0.0020834826220268,72.62999725341797,41207.0,-0.0173184460190686,974.4860229492188,0.009555059805435,7.295400142669678,0.0027903273981089,12.239999771118164,42330544.0,-0.0192307515962583,3933.570068359375,823700.0,0.0055549255543487,2612.300048828125,1212.0,-0.0147468714474425,157.39999389648438,17089.0,0.001272245242524,4.0229997634887695,2464.0,-0.0290817164389084,5058.8798828125,0.0,193.5,3238.0,0.0113681070767046,11850.0,26730.0,-0.0012642225031606,3.513999938964844,449642.0,-0.0624332906643791,15.119999885559082,172500.0,-0.0031645790475466,5974.06982421875,11415140000.0,-0.0164650865019747,82.0,40239184.0,0.0301507735161474,69.23999786376953,628963.0,-0.020789156268366,78.9000015258789,329404721.0,0.0,447.75,559220.0,0.0061797752808989,20.46999931335449,17561500.0,0.0492054881194468,980.0,229120.0,0.0056439199589533,chile,814,1,12
617,2024-12-31,311,32164.015299837927,136.74408427876824,150.1886445012788,1.6077795786061588,2.614262560777958,59212.71727714749,3738.9797082658015,227.06131280388976,12060.953030794164,32.62722852512156,28.0,23069.58397817782,1292.9256559099329,84.23641455390909,9663.329252160993,1.1232306861156132,222.0,27.0,4.0,40.0,30.0,8.0,48.0,0.0,394.0,35.0,10.0,150.0,4.0,0.0,6.0,0.0,0.0,8.0,30.0,6.0,6.0,6.0,0.0,189.0,8.0,1004.0679629629632,9125.0,1051.767948717949,1594.7634444444443,1660.3333333333333,1334.817441592262,583.1,3378.25,913.9283333333332,1176.8492647058824,1171.65625,750.1133141025641,2133.25,0.0,2082.838333333333,0.0,0.0,1915.1666666666667,1088.111111111111,1438.74375,749.3333333333334,1925.0,2501.75,1742.9672727272728,1717.715,1802.6761,228.0,14.0,62.0,0.0,76.0,6.0,283.0,200.0,6.0,0.0,40.0,556.0,250.0,14.0,0.0,17.0,2.0,8.0,30.0,1471.868367886179,1602.049973958333,1316.6666666666667,0.0,947.1886983204134,1391.710119047619,1168.2742626391466,1808.2279285714285,1140.8269932432431,1337.3333333333333,0.0,1353.860357142857,1750.875,1892.71375,1239.4777777777776,9.0,0.0,5.0,0.0,0.0,0.0,14.0,1393.1022732437082,2069.287547169811,1208.3415333333332,932.3976983568076,1494.5418333333334,1040.9500959429824,1391.8414285714284,27.77499961853028,142300.0,-0.06857813873985,74.38999938964844,131320.0,0.0242324411783954,979.0533447265624,0.0046869033211178,7.297800064086914,0.0003289636442558,12.960000038146973,62813924.0,0.0588235523278146,3999.050048828125,741700.0,0.0166464507637613,2606.10009765625,3514.0,-0.0023733687003743,153.39999389648438,28802.0,-0.025412961595352,4.045499801635742,3043.0,0.0055928509743337,5058.8798828125,0.0,194.0500030517578,97941.0,0.00284239303234,11905.0,45900.0,0.0046413502109705,3.3540000915527344,903640.0,-0.0455321144539468,12.95300006866455,39800.0,-0.1433200947947231,5906.93994140625,13850620000.0,-0.011236876164446,80.5,50926009.0,-0.0182926829268292,70.98999786376953,952989.0,0.0252744086365102,75.19999694824219,129190505.0,-0.0468948606600867,452.25,752740.0,0.0100502512562814,21.450000762939453,14808000.0,0.0478750113560393,981.0,46917.0,0.0010204081632652,chile,815,1,12
