seed,deleted_samples,window_size,test_size,hidden_size,num_layers,epoch_number,Target,LR,MAE,MAPE,MSE,RMSE,r2
1048596,0,8,4,32,2,500,NE,0.01,789.1583759023437,30.562215640045327,735940.8898459511,857.8699725750698,-0.03568991172700886
1048596,0,8,4,32,2,500,NE,0.001,1578.2279397851562,53.51397943454073,3194600.374286499,1787.3445035265302,-3.4957623979018484
1048596,0,8,4,32,2,500,SE,0.01,1389.3170310109376,367.2730583912455,2012692.94094238,1418.6940970281014,-18.370042904041995
1048596,0,8,4,32,2,500,SE,0.001,3818.254897221875,868.1347435182709,14920431.210395295,3862.6974008321304,-142.5933851672598
1048596,0,8,4,32,2,500,NAE,0.01,995.92822384375,96.11683485364979,1148596.6652958058,1071.7260215632566,-0.22680964213226695
1048596,0,8,4,32,2,500,NAE,0.001,1301.482667203125,136.78514813998248,2080767.2751970212,1442.4864904729684,-1.2224558309923133
1048596,0,8,4,32,2,500,NAW,0.01,1674.8643437187502,39.57887010964684,5041739.187711864,2245.3817465437505,-0.760696478876622
1048596,0,8,4,32,2,500,NAW,0.001,1582.5113468925783,36.57031084227898,4671903.379112987,2161.4586230397717,-0.6315409272468169
1048596,0,8,4,32,2,500,SAE,0.01,380.3059033867187,10.594723159576198,173422.71985904325,416.4405358019837,-0.12280750725568379
1048596,0,8,4,32,2,500,SAE,0.001,774.184558902344,24.05612573579538,949927.30274265,974.6421408612753,-5.150206315144309
1048596,0,8,4,32,2,500,SAW,0.01,502.1613281472656,57.301002083677396,258916.51372145096,508.8383964693024,-45.35175093186438
1048596,0,8,4,32,2,500,SAW,0.001,1113.1458557351561,124.82440441408448,1333129.7073681392,1154.612362383211,-237.65954035776807
1048596,0,8,4,32,2,500,XSICFEUW Index  (R4),0.01,741.060791015625,16.204023783891436,734117.4052179158,856.8065156252699,-10.289511279523206
1048596,0,8,4,32,2,500,XSICFEUW Index  (R4),0.001,624.4362182617188,13.763022017027767,460326.3104187101,678.4735148984889,-6.079057160061054
1048596,0,8,4,32,2,500,XSICFENE Index  (R1),0.01,368.0992431640625,7.31109862322348,145147.38641744852,380.9821339872101,-631.4504854790786
1048596,0,8,4,32,2,500,XSICFENE Index  (R1),0.001,338.728759765625,6.738340291715778,199348.16501796246,446.4842270651478,-867.6194554159584
1048596,0,8,4,32,2,500,XSICFESE Index  (L4),0.01,957.3406982421875,16.774117772195943,969996.6073208451,984.8840578062197,-18.36642822558664
1048596,0,8,4,32,2,500,XSICFESE Index  (L4),0.001,69.8170166015625,1.2007100446395251,5306.20071464777,72.84367312709986,0.8940592631817402
1048596,0,8,4,32,2,500,XSICNEFE Index  (R2),0.01,111.79817962646484,32.66019745941764,14081.544515084708,118.66568381417059,-18774.39268677961
1048596,0,8,4,32,2,500,XSICNEFE Index  (R2),0.001,174.9341583251953,51.146385891168734,52746.71525547374,229.6665305513055,-70327.95367396499
1048596,0,8,4,32,2,500,XSICNESE Index  (L2),0.01,17.466598510742188,3.0610531802491305,489.1478685559705,22.116687558401924,-243.57393427798524
1048596,0,8,4,32,2,500,XSICNESE Index  (L2),0.001,145.48182678222656,25.518051424472677,29873.601432015188,172.83981437161748,-14935.800716007594
1048596,0,8,4,32,2,500,XSICUENE Index  (R1),0.01,11.656021118164062,2.0184602193658794,164.78006345499307,12.83666870550896,-96.64744501036627
1048596,0,8,4,32,2,500,XSICUENE Index  (R1),0.001,7.89715576171875,1.3675061692613326,67.44688486494124,8.212605242244463,-38.968524364409625
1048596,0,8,4,32,2,1000,NE,0.01,821.4063007070312,31.582674722819053,801411.8879516999,895.2161124285576,-0.12782727382278214
1048596,0,8,4,32,2,1000,NE,0.001,1066.4618121816407,37.453996278093,1443594.3937577172,1201.496730647952,-1.0315709737958656
1048596,0,8,4,32,2,1000,SE,0.01,2426.8058005421876,591.3840942683397,5926710.169087847,2434.4835528480876,-56.038323094282724
1048596,0,8,4,32,2,1000,SE,0.001,3261.680373296094,757.450783650057,10827741.92813815,3290.553437970298,-103.20557524474106
1048596,0,8,4,32,2,1000,NAE,0.01,964.6807262851562,91.5873027278565,1091416.7855841152,1044.7089477859922,-0.16573613401077214
1048596,0,8,4,32,2,1000,NAE,0.001,1235.0044567539062,133.76609160320805,1962183.1123925424,1400.7794660090296,-1.0957967532426398
1048596,0,8,4,32,2,1000,NAW,0.01,1692.5267998320314,37.63793510504524,5420684.969309894,2328.236450472738,-0.893033451993156
1048596,0,8,4,32,2,1000,NAW,0.001,1565.809880886719,37.40727552240659,4495999.214277886,2120.3771396329207,-0.5701109658557646
1048596,0,8,4,32,2,1000,SAE,0.01,387.34173102343743,10.483414050599755,215402.68279342115,464.1149456690887,-0.3946024460926836
1048596,0,8,4,32,2,1000,SAE,0.001,1082.8658333164065,33.689423200635396,1691461.8381049316,1300.5621238929464,-9.951195158306593
1048596,0,8,4,32,2,1000,SAW,0.01,1051.192150901172,118.92015052098456,1114920.56449299,1055.8979896244666,-198.59530418283708
1048596,0,8,4,32,2,1000,SAW,0.001,1180.4382751687501,132.20566978198752,1509128.3573250119,1228.4658551726263,-269.16716986309103
1048596,0,8,4,32,2,1000,XSICFEUW Index  (R4),0.01,530.7330932617188,11.773308906313423,326241.1982694417,571.1752780622089,-4.0170499453213955
1048596,0,8,4,32,2,1000,XSICFEUW Index  (R4),0.001,615.644287109375,13.675616667706214,415551.5255547762,644.6328610571883,-5.390495037481276
1048596,0,8,4,32,2,1000,XSICFENE Index  (R1),0.01,583.975341796875,11.594428986941647,355341.4096184969,596.1052001270388,-1547.3285822156727
1048596,0,8,4,32,2,1000,XSICFENE Index  (R1),0.001,876.2637939453125,17.412302864583783,905134.0055921674,951.385308690526,-3942.939022188093
1048596,0,8,4,32,2,1000,XSICFESE Index  (L4),0.01,821.7421875,14.582612185038204,910237.4405254126,954.0636459510511,-17.173308985962535
1048596,0,8,4,32,2,1000,XSICFESE Index  (L4),0.001,400.171630859375,6.877871226355283,176113.0873168707,419.65829828191255,-2.516178757087652
1048596,0,8,4,32,2,1000,XSICNEFE Index  (R2),0.01,129.80828094482422,37.92200331037488,18452.33394682058,135.83936817734607,-24602.11192909411
1048596,0,8,4,32,2,1000,XSICNEFE Index  (R2),0.001,177.8167953491211,51.98714122567293,54484.249292792054,233.41861385243476,-72644.66572372273
1048596,0,8,4,32,2,1000,XSICNESE Index  (L2),0.01,142.9480743408203,25.052074160406423,22264.727836319245,149.21369855452028,-11131.363918159623
1048596,0,8,4,32,2,1000,XSICNESE Index  (L2),0.001,196.06500244140625,34.37343619465998,45667.49260603823,213.6995381512048,-22832.746303019114
1048596,0,8,4,32,2,1000,XSICUENE Index  (R1),0.01,10.879058837890625,1.8830607910523545,135.32794650271535,11.633054048817764,-79.19433866827576
1048596,0,8,4,32,2,1000,XSICUENE Index  (R1),0.001,6.24884033203125,1.0840185058373375,57.59414906799793,7.589080910624022,-33.12986611436914
1048596,0,8,4,32,3,500,NE,0.01,761.61763225,43.59785591273154,985110.4431851594,992.5273009772372,-0.38634632484866716
1048596,0,8,4,32,3,500,NE,0.001,724.6387504140625,41.089954187066866,864050.1359525566,929.5429715470698,-0.21597810555102237
1048596,0,8,4,32,3,500,SE,0.01,1970.7885886281251,497.6410957427518,3939314.378630236,1984.7706110858846,-36.911738534170006
1048596,0,8,4,32,3,500,SE,0.001,4386.439955815626,1039.9522108470985,19401075.621395107,4404.665211045569,-185.71485328260258
1048596,0,8,4,32,3,500,NAE,0.01,1312.67041134375,138.4836437063734,2056332.2721382177,1433.9917266630996,-1.1963569415702797
1048596,0,8,4,32,3,500,NAE,0.001,1128.8023083164062,114.12705338358646,1447436.4415220423,1203.0945272596175,-0.545998727390997
1048596,0,8,4,32,3,500,NAW,0.01,1691.905328826172,40.59528536524021,5064595.734476624,2250.4656705838956,-0.7686785342566536
1048596,0,8,4,32,3,500,NAW,0.001,1658.6302433769533,44.401166396887334,4423216.372665968,2103.144401287265,-0.5446934485710402
1048596,0,8,4,32,3,500,SAE,0.01,379.7849072929687,11.069053950400162,156648.11352077537,395.7879653561682,-0.014202049198200672
1048596,0,8,4,32,3,500,SAE,0.001,458.0363262421872,12.072222943898089,393614.7447629917,627.3872366911776,-1.5484180547141317
1048596,0,8,4,32,3,500,SAW,0.01,1797.5858581765626,202.9563809094105,3236960.008693781,1799.1553597990867,-578.4870398293532
1048596,0,8,4,32,3,500,SAW,0.001,645.6188171609374,73.01774722265986,422194.9315072392,649.7652895524961,-74.58217909179959
1048596,0,8,4,32,3,500,XSICFEUW Index  (R4),0.01,1095.3577270507812,24.00585684611047,1553140.43342413,1246.2505500195898,-22.884730585594028
1048596,0,8,4,32,3,500,XSICFEUW Index  (R4),0.001,370.00213623046875,8.145908842464749,165262.45267303288,406.5248487768403,-1.5414631369216072
1048596,0,8,4,32,3,500,XSICFENE Index  (R1),0.01,2112.4674072265625,41.96143890789518,4536537.990712702,2129.915019598834,-19766.050068464934
1048596,0,8,4,32,3,500,XSICFENE Index  (R1),0.001,400.298095703125,7.96149798470155,252668.27213966846,502.6611902063541,-1099.9510768613004
1048596,0,8,4,32,3,500,XSICFESE Index  (L4),0.01,264.48095703125,4.524656087444642,82653.08605515957,287.49449743457626,-0.6502068632298039
1048596,0,8,4,32,3,500,XSICFESE Index  (L4),0.001,738.9862060546875,12.767027377436582,558371.5859680772,747.2426553456897,-10.1481454277715
1048596,0,8,4,32,3,500,XSICNEFE Index  (R2),0.01,244.0674285888672,71.26214800279156,59571.30784646515,244.07234142045908,-79427.41046195354
1048596,0,8,4,32,3,500,XSICNEFE Index  (R2),0.001,104.57173919677734,30.573285804643735,19993.82026357879,141.3995058816642,-26657.427018105052
1048596,0,8,4,32,3,500,XSICNESE Index  (L2),0.01,47.665008544921875,8.346611321937866,2278.7468612901866,47.73622169055891,-1138.3734306450933
1048596,0,8,4,32,3,500,XSICNESE Index  (L2),0.001,179.10426330566406,31.405160335150228,40586.84488133434,201.46177027251187,-20292.42244066717
1048596,0,8,4,32,3,500,XSICUENE Index  (R1),0.01,15.162826538085938,2.6263278934208456,233.51245631743222,15.281114367657622,-137.3777518918117
1048596,0,8,4,32,3,500,XSICUENE Index  (R1),0.001,11.785659790039062,2.040724034522446,145.72867140639573,12.071813095239493,-85.35773120379007
1048596,0,8,4,32,3,1000,NE,0.01,761.61763225,43.59201118601352,984661.8867255471,992.3013084368815,-0.38571507116176096
1048596,0,8,4,32,3,1000,NE,0.001,1018.2191058828124,34.210632289793466,1368509.888514964,1169.8332738108297,-0.9259045192206741
1048596,0,8,4,32,3,1000,SE,0.01,3666.9974509328126,904.0689460926963,13550760.656091584,3681.1357834358114,-129.4117533040091
1048596,0,8,4,32,3,1000,SE,0.001,3667.150405034375,878.4012269389791,13717886.0546814,3703.7664687020156,-131.02015867732158
1048596,0,8,4,32,3,1000,NAE,0.01,1311.7462170078124,138.35454625460585,2052423.238088286,1432.628087847047,-1.192181724273576
1048596,0,8,4,32,3,1000,NAE,0.001,1418.52002071875,163.14807120859626,2901147.8205038304,1703.2756149560266,-2.098699680212372
1048596,0,8,4,32,3,1000,NAW,0.01,1691.7643376152346,44.49013494222698,4625085.0532141775,2150.6010911403764,-0.6151908427843273
1048596,0,8,4,32,3,1000,NAW,0.001,1193.9246769707033,38.214411411195314,1971447.998722197,1404.0826181967345,0.3115229843505918
1048596,0,8,4,32,3,1000,SAE,0.01,385.5225781914062,10.114231356760655,270336.82366767596,519.9392499779912,-0.7502678734852886
1048596,0,8,4,32,3,1000,SAE,0.001,617.624256167969,19.38169165539235,567884.2267253079,753.5809357496432,-2.6767078358448146
1048596,0,8,4,32,3,1000,SAW,0.01,498.60767824492183,56.83015378899161,254195.1144873185,504.17766163061856,-44.50651661982725
1048596,0,8,4,32,3,1000,SAW,0.001,696.4112671121093,78.5697298036525,491669.41517975315,701.1914254893261,-87.01963978916048
1048596,0,8,4,32,3,1000,XSICFEUW Index  (R4),0.01,219.7529296875,5.350682731361167,123525.63954782486,351.46214525582246,-0.8996199941227785
1048596,0,8,4,32,3,1000,XSICFEUW Index  (R4),0.001,582.4181518554688,12.804930596507912,414003.6602139324,643.4311619854391,-5.366691429093253
1048596,0,8,4,32,3,1000,XSICFENE Index  (R1),0.01,797.7426147460938,15.858939450952715,913076.3845088631,955.5503045412435,-3977.546337729251
1048596,0,8,4,32,3,1000,XSICFENE Index  (R1),0.001,246.8828125,4.911860698864855,95358.8042114973,308.8022088837729,-414.506772163387
1048596,0,8,4,32,3,1000,XSICFESE Index  (L4),0.01,863.9703369140625,15.155286500462072,792112.3292779326,890.006926533683,-14.814886831340434
1048596,0,8,4,32,3,1000,XSICFESE Index  (L4),0.001,881.9534912109375,15.319343972415655,781773.5232701898,884.179576370202,-14.608467816081973
1048596,0,8,4,32,3,1000,XSICNEFE Index  (R2),0.01,108.22967529296875,31.62346079481486,14418.92387368856,120.0788235855455,-19224.231831584748
1048596,0,8,4,32,3,1000,XSICNEFE Index  (R2),0.001,53.96186065673828,15.775499910655256,5136.968666353496,71.67264936050219,-6848.291555137995
1048596,0,8,4,32,3,1000,XSICNESE Index  (L2),0.01,24.4417724609375,4.276091000326879,717.4918395746499,26.786038146292743,-357.74591978732497
1048596,0,8,4,32,3,1000,XSICNESE Index  (L2),0.001,107.00456237792969,18.7640754827896,14835.746143353172,121.80207774645378,-7416.873071676586
1048596,0,8,4,32,3,1000,XSICUENE Index  (R1),0.01,5.187255859375,0.8977062213289947,48.98996906541288,6.999283467999627,-28.03109277950393
1048596,0,8,4,32,3,1000,XSICUENE Index  (R1),0.001,2.891265869140625,0.5004002269953197,9.858971485868096,3.1398999165368466,-4.84235347310702
1048596,0,8,4,64,2,500,NE,0.01,1515.3851968652343,50.67800110821249,2999661.351249215,1731.9530453361647,-3.2214246319925577
1048596,0,8,4,64,2,500,NE,0.001,1240.5166217519532,40.37316346663109,2102088.5099344365,1449.858099930623,-1.9582700096363368
1048596,0,8,4,64,2,500,SE,0.01,2366.1593161671876,596.7698829684665,5686889.431541456,2384.7199901752524,-53.73030189489522
1048596,0,8,4,64,2,500,SE,0.001,3357.4120017140626,769.804913103052,11501640.317529365,3391.406834564288,-109.69113518780955
1048596,0,8,4,64,2,500,NAE,0.01,1017.3353283359374,97.65589480163686,1160163.596461838,1077.1089065000986,-0.23916421629491635
1048596,0,8,4,64,2,500,NAE,0.001,1439.9951794101562,153.41748651126443,2654700.2193691735,1629.3250809366355,-1.8354703826812853
1048596,0,8,4,64,2,500,NAW,0.01,1815.3673149687502,46.28112714257372,5508693.968070369,2347.0607082200427,-0.9237683092433484
1048596,0,8,4,64,2,500,NAW,0.001,1482.869165496094,40.03914970824734,3609922.8475346896,1899.9796966111742,-0.2606718059041815
1048596,0,8,4,64,2,500,SAE,0.01,375.7166699882812,10.917163060610905,152305.75334945053,390.2636971964604,0.013912113718483443
1048596,0,8,4,64,2,500,SAE,0.001,1307.7351570468752,40.76689211542557,2414253.0795353916,1553.7866904872726,-14.630832478701535
1048596,0,8,4,64,2,500,SAW,0.01,375.74110109648433,43.121083331953756,148638.28262793063,385.5363570766454,-25.60952195085541
1048596,0,8,4,64,2,500,SAW,0.001,1031.8682678445311,114.92818003524317,1386469.259962832,1177.4842928730864,-247.20849349772166
1048596,0,8,4,64,2,500,XSICFEUW Index  (R4),0.01,1016.6393432617188,22.442841503458315,1209292.5181569904,1099.678370323337,-17.596918458735907
1048596,0,8,4,64,2,500,XSICFEUW Index  (R4),0.001,580.235107421875,12.731052912051844,425989.3882434666,652.6786255451198,-5.551012098813048
1048596,0,8,4,64,2,500,XSICFENE Index  (R1),0.01,1202.94921875,23.887424466518798,1456449.3043776453,1206.8344146475295,-6345.184332800197
1048596,0,8,4,64,2,500,XSICFENE Index  (R1),0.001,206.1536865234375,4.099224400424122,95226.02705436945,308.58714661237826,-413.9282224591261
1048596,0,8,4,64,2,500,XSICFESE Index  (L4),0.01,1629.0826416015625,28.468807722826238,2723712.423400253,1650.3673601353892,-53.38017077256852
1048596,0,8,4,64,2,500,XSICFESE Index  (L4),0.001,649.5797119140625,11.36074408081105,436934.0288460851,661.0098553320405,-7.723588768352451
1048596,0,8,4,64,2,500,XSICNEFE Index  (R2),0.01,146.83309173583984,42.90717121177703,27602.02055184939,166.13855829352013,-36801.69406913252
1048596,0,8,4,64,2,500,XSICNEFE Index  (R2),0.001,288.61100006103516,84.35435307426353,109966.36952995253,331.6117753185983,-146620.8260399367
1048596,0,8,4,64,2,500,XSICNESE Index  (L2),0.01,40.369468688964844,7.072662992217067,1961.2557926869486,44.286067704041514,-979.6278963434743
1048596,0,8,4,64,2,500,XSICNESE Index  (L2),0.001,323.0128173828125,56.6396358116246,132592.45700217038,364.1324717766467,-66295.22850108519
1048596,0,8,4,64,2,500,XSICUENE Index  (R1),0.01,29.376571655273438,5.087803167598811,882.3971118712798,29.705169783579418,-521.9019922200176
1048596,0,8,4,64,2,500,XSICUENE Index  (R1),0.001,9.726577758789062,1.6848890001260552,99.75510257203132,9.987747622563925,-58.11413485750004
1048596,0,8,4,64,2,1000,NE,0.01,2106.0531656152343,76.17785694932375,5120273.105113185,2262.8020472664384,-6.205762410297505
1048596,0,8,4,64,2,1000,NE,0.001,1285.404286546875,41.77173865537835,2274093.781211041,1508.0098743745152,-2.20033309742364
1048596,0,8,4,64,2,1000,SE,0.01,2374.0946189015626,588.3811351222864,5680774.838196577,2383.4376094617155,-53.67145539475516
1048596,0,8,4,64,2,1000,SE,0.001,2978.9041892140626,671.5904260885726,9281360.808793718,3046.5325878437143,-88.3232909089708
1048596,0,8,4,64,2,1000,NAE,0.01,969.5685436679687,91.30631610194915,1081528.2652247758,1039.9655115554438,-0.15517426099668463
1048596,0,8,4,64,2,1000,NAE,0.001,1372.7527477695312,145.87891636552123,2330231.4697056087,1526.509570787425,-1.4889071349503276
1048596,0,8,4,64,2,1000,NAW,0.01,1718.946344451172,48.09211820729145,4517829.148314785,2125.518559861284,-0.5777345034014107
1048596,0,8,4,64,2,1000,NAW,0.001,1491.4075871269533,39.15558825525965,3785351.7418783214,1945.5980422169225,-0.3219357914187182
1048596,0,8,4,64,2,1000,SAE,0.01,385.21465582812493,10.999640983666257,162170.03694652254,402.703410646747,-0.04995317270704258
1048596,0,8,4,64,2,1000,SAE,0.001,1372.112049136719,42.977383658384696,2755685.8770373366,1660.0258663759842,-16.841403899620826
1048596,0,8,4,64,2,1000,SAW,0.01,531.5805176003905,60.66176924054621,290243.3227730434,538.7423528673455,-50.959938798211304
1048596,0,8,4,64,2,1000,SAW,0.001,1271.1097839578126,141.5723454634791,1908018.0172517854,1381.310253799553,-340.57719273290724
1048596,0,8,4,64,2,1000,XSICFEUW Index  (R4),0.01,651.6036376953125,14.300809242960034,534130.704430908,730.8424621154055,-7.214046649149315
1048596,0,8,4,64,2,1000,XSICFEUW Index  (R4),0.001,481.44964599609375,10.552741501273866,299809.45585532486,547.5485876662681,-3.610573471666549
1048596,0,8,4,64,2,1000,XSICFENE Index  (R1),0.01,1772.8673095703125,35.20646933402453,3188460.7706186473,1785.6261564556696,-13892.075253240293
1048596,0,8,4,64,2,1000,XSICFENE Index  (R1),0.001,226.0972900390625,4.491015587417811,59232.10335761309,243.37646426393223,-257.0919536279437
1048596,0,8,4,64,2,1000,XSICFESE Index  (L4),0.01,1704.1979370117188,29.907297457520144,3128284.642916873,1768.6957462822352,-61.457641139166704
1048596,0,8,4,64,2,1000,XSICFESE Index  (L4),0.001,183.8153076171875,3.2222702589734635,49786.07230550051,223.12792811636223,0.0059981770437042
1048596,0,8,4,64,2,1000,XSICNEFE Index  (R2),0.01,200.39925384521484,58.56151195605499,48941.299932096386,221.22680654047417,-65254.06657612851
1048596,0,8,4,64,2,1000,XSICNEFE Index  (R2),0.001,157.37581634521484,46.00602747485149,40083.67430207622,200.2090764727619,-53443.89906943496
1048596,0,8,4,64,2,1000,XSICNESE Index  (L2),0.01,53.26148986816406,9.340038279827068,3721.535802164115,61.004391662929606,-1859.7679010820575
1048596,0,8,4,64,2,1000,XSICNESE Index  (L2),0.001,328.4051208496094,57.57789422387341,131294.53614537232,362.3458791615717,-65646.26807268616
1048596,0,8,4,64,2,1000,XSICUENE Index  (R1),0.01,32.006500244140625,5.543589390398453,1032.460743451491,32.131927166783676,-610.8285887119947
1048596,0,8,4,64,2,1000,XSICUENE Index  (R1),0.001,7.1207427978515625,1.2352585681348847,74.50534761045128,8.631648024013218,-43.15131710248965
1048596,0,8,4,64,3,500,NE,0.01,1073.1668903066407,36.51215746034268,1509682.8326639975,1228.6915124082193,-1.1245772605797795
1048596,0,8,4,64,3,500,NE,0.001,713.4102347890625,39.76344359439067,793830.9298793451,890.9719018461498,-0.11715858846354532
1048596,0,8,4,64,3,500,SE,0.01,3710.736830815625,914.3216031325253,13873511.019050892,3724.7162333593806,-132.51788452285749
1048596,0,8,4,64,3,500,SE,0.001,3740.940138921094,865.7322381327002,14123626.829469008,3758.1414062630756,-134.9249849206508
1048596,0,8,4,64,3,500,NAE,0.01,1274.9489147617187,133.15077983979222,1901012.154795243,1378.7719734587163,-1.0304603972647088
1048596,0,8,4,64,3,500,NAE,0.001,1195.5357677890624,130.91806224365018,1802938.0966192866,1342.735304004213,-0.9257080469848848
1048596,0,8,4,64,3,500,NAW,0.01,1691.7994633476565,63.73695041764557,3173395.3576925592,1781.4026377247114,-0.10822591656282787
1048596,0,8,4,64,3,500,NAW,0.001,1682.6155644218752,48.84146412606105,4140309.322455596,2034.775005364376,-0.44589550829503066
1048596,0,8,4,64,3,500,SAE,0.01,379.79790778124993,10.187690021010654,221314.4034605563,470.44064818057154,-0.43287727162449996
1048596,0,8,4,64,3,500,SAE,0.001,510.8825635429687,14.779535850790024,298363.4523106634,546.2265576760832,-0.9317233890543608
1048596,0,8,4,64,3,500,SAW,0.01,1659.6471374734376,187.43686684558392,2760013.6078380924,1661.3288680565604,-493.10314344298496
1048596,0,8,4,64,3,500,SAW,0.001,604.7183960183593,68.62711103336596,370408.3405736926,608.6118143559921,-65.31124024722473
1048596,0,8,4,64,3,500,XSICFEUW Index  (R4),0.01,298.200927734375,6.958807162919965,118152.16933369637,343.7327004137028,-0.8169849112853431
1048596,0,8,4,64,3,500,XSICFEUW Index  (R4),0.001,562.22412109375,12.268051957803616,424378.2664821446,651.4432181565363,-5.526235711319917
1048596,0,8,4,64,3,500,XSICFENE Index  (R1),0.01,1880.3021850585938,37.34888902124459,3571670.762741223,1889.8864417581347,-15561.835567499882
1048596,0,8,4,64,3,500,XSICFENE Index  (R1),0.001,264.1141357421875,5.24178260051292,84999.8591979146,291.5473532685807,-369.3697568536584
1048596,0,8,4,64,3,500,XSICFESE Index  (L4),0.01,615.53955078125,10.843812957263205,427823.89965593815,654.0824868897945,-7.541700850647143
1048596,0,8,4,64,3,500,XSICFESE Index  (L4),0.001,522.1966552734375,9.062951285443903,274590.3212903142,524.0136651751691,-4.482322008731179
1048596,0,8,4,64,3,500,XSICNEFE Index  (R2),0.01,258.7933044433594,75.56144183109718,66978.51015934534,258.8020675329804,-89303.68021246046
1048596,0,8,4,64,3,500,XSICNEFE Index  (R2),0.001,77.41355895996094,22.631495063456974,10529.811867966782,102.6148715731145,-14038.749157289043
1048596,0,8,4,64,3,500,XSICNESE Index  (L2),0.01,52.23487854003906,9.164874960556975,5525.7274414608255,74.33523687633493,-2761.8637207304128
1048596,0,8,4,64,3,500,XSICNESE Index  (L2),0.001,233.1729736328125,40.881312191398436,66236.81970700063,257.365148586596,-33117.409853500314
1048596,0,8,4,64,3,500,XSICUENE Index  (R1),0.01,30.140213012695312,5.221876010977991,910.0996002266183,30.167857070508312,-538.3182816157738
1048596,0,8,4,64,3,500,XSICUENE Index  (R1),0.001,22.841964721679688,3.956880939335003,522.1120329843834,22.84977096131126,-308.39972325000497
1048596,0,8,4,64,3,1000,NE,0.01,2484.5405008203124,92.0516550339541,6883521.840444706,2623.6466683691815,-8.687183068185565
1048596,0,8,4,64,3,1000,NE,0.001,703.355181078125,39.600968719282456,796001.7869892042,892.1893223913881,-0.12021363655164996
1048596,0,8,4,64,3,1000,SE,0.01,3647.76588355,899.5554199103342,13410026.680233411,3661.970327601442,-128.0573374887716
1048596,0,8,4,64,3,1000,SE,0.001,3248.1317282765626,772.6435781422687,10623219.961849064,3259.328145776222,-101.23726742130141
1048596,0,8,4,64,3,1000,NAE,0.01,1305.6724865390624,137.40500768308993,2024704.2425252153,1422.9210246971597,-1.1625752209165086
1048596,0,8,4,64,3,1000,NAE,0.001,942.629639859375,87.38017146251953,1044585.4540605821,1022.0496338537489,-0.11571585204158596
1048596,0,8,4,64,3,1000,NAW,0.01,1692.6990605156252,64.08873312927341,3162706.5789970006,1778.400005341037,-0.10449313818773254
1048596,0,8,4,64,3,1000,NAW,0.001,1729.1339970390627,47.53557140681915,4629684.734039614,2151.670219629303,-0.6167971618603005
1048596,0,8,4,64,3,1000,SAE,0.01,1165.6948749296878,35.243694248355546,1513498.534739445,1230.243282745102,-8.798990111602215
1048596,0,8,4,64,3,1000,SAE,0.001,466.08819098437493,12.780338460546433,304981.0420485939,552.2508868699026,-0.9745682910586995
1048596,0,8,4,64,3,1000,SAW,0.01,1833.5789612039064,207.00257951242068,3367595.0379900862,1835.1008250202729,-601.8735834448502
1048596,0,8,4,64,3,1000,SAW,0.001,512.4134643777343,57.93545233553867,267925.505316064,517.6152097031771,-46.96455858379348
1048596,0,8,4,64,3,1000,XSICFEUW Index  (R4),0.01,1539.980224609375,33.96645299729667,2811258.209530592,1676.6807118621578,-42.23250074247564
1048596,0,8,4,64,3,1000,XSICFEUW Index  (R4),0.001,625.2466430664062,13.717724450766164,488473.2086632103,698.9085839100921,-6.511909893092974
1048596,0,8,4,64,3,1000,XSICFENE Index  (R1),0.01,214.3724365234375,4.264340125651232,60978.71994715929,246.93869673900704,-264.702483429888
1048596,0,8,4,64,3,1000,XSICFENE Index  (R1),0.001,246.35107421875,4.901361890873104,95847.83575952053,309.59301632872877,-416.6376285817888
1048596,0,8,4,64,3,1000,XSICFESE Index  (L4),0.01,3073.4217529296875,53.404255722688546,9452564.41725558,3074.502303992563,-187.72479445071187
1048596,0,8,4,64,3,1000,XSICFESE Index  (L4),0.001,676.4400634765625,11.832384556387755,477608.8545510173,691.0925079546278,-8.535680363990641
1048596,0,8,4,64,3,1000,XSICNEFE Index  (R2),0.01,424.4732208251953,123.93537876996055,180178.74532617908,424.47466982869435,-240237.3271015721
1048596,0,8,4,64,3,1000,XSICNEFE Index  (R2),0.001,90.26299285888672,26.383812560786136,12005.752935583005,109.5707667928951,-16006.67058077734
1048596,0,8,4,64,3,1000,XSICNESE Index  (L2),0.01,77.49357604980469,13.5738040908152,6035.060297810473,77.68565052704696,-3016.5301489052363
1048596,0,8,4,64,3,1000,XSICNESE Index  (L2),0.001,190.02525329589844,33.31251359270038,42394.660627783276,205.8996372696739,-21196.330313891638
1048596,0,8,4,64,3,1000,XSICUENE Index  (R1),0.01,30.809051513671875,5.337746677711457,950.8895085770637,30.836496373243566,-562.4900791567785
1048596,0,8,4,64,3,1000,XSICUENE Index  (R1),0.001,3.3366241455078125,0.5784674515773681,13.994893812574446,3.7409749815488538,-7.293270407451523
1048596,0,8,8,32,2,500,NE,0.01,1618.7957749526367,77.57648255939873,3340466.852089636,1827.6944088357977,-3.157030853016381
1048596,0,8,8,32,2,500,NE,0.001,653.6831455195314,29.70428645035027,687485.6810240498,829.1475628765062,0.1444611446342633
1048596,0,8,8,32,2,500,SE,0.01,1312.8655010328125,271.1883907097332,2452408.320629045,1566.0167050925877,-0.5957089084488916
1048596,0,8,8,32,2,500,SE,0.001,1746.7890850171875,354.7980420564853,5001488.4045766825,2236.400770116278,-2.2543192483704075
1048596,0,8,8,32,2,500,NAE,0.01,736.2219403798828,54.73690941081506,742370.098145981,861.6090169827501,-0.13533391721717014
1048596,0,8,8,32,2,500,NAE,0.001,783.1429514316407,72.90444603212553,1010887.8730631256,1005.4291984337464,-0.5459880343488821
1048596,0,8,8,32,2,500,NAW,0.01,1114.6233616484376,47.11572713240996,1961766.3736231367,1400.6307056548262,0.045575831499081176
1048596,0,8,8,32,2,500,NAW,0.001,1009.9929389531251,31.261322014284044,2559121.051974017,1599.7253051614884,-0.24504477952312453
1048596,0,8,8,32,2,500,SAE,0.01,1056.5650749804688,33.733194780737676,1597050.6100399762,1263.7446775515916,-8.105851417112115
1048596,0,8,8,32,2,500,SAE,0.001,818.6423838125002,26.470446423194065,1179981.4660392068,1086.2695181395852,-5.727861870595439
1048596,0,8,8,32,2,500,SAW,0.01,757.4351580748046,80.08105469765503,737874.2809342039,858.9960890098417,-4.348335184390035
1048596,0,8,8,32,2,500,SAW,0.001,691.3023918726562,73.24612045451319,706450.6686976652,840.5061978936653,-4.120567371785797
1048596,0,8,8,32,2,500,XSICFEUW Index  (R4),0.01,329.7872314453125,7.5892261435233355,144727.87039929628,380.4311638119257,-0.5212996792127322
1048596,0,8,8,32,2,500,XSICFEUW Index  (R4),0.001,305.93548583984375,6.851847725961748,148488.7607614696,385.3423941918013,-0.5608320877650268
1048596,0,8,8,32,2,500,XSICFENE Index  (R1),0.01,1981.3819885253906,40.72715421551171,4711381.052538805,2170.5715958103765,-21.274980154786086
1048596,0,8,8,32,2,500,XSICFENE Index  (R1),0.001,910.5603332519531,18.393024679905086,1181741.2851140723,1087.0792450939684,-4.587165075476679
1048596,0,8,8,32,2,500,XSICFESE Index  (L4),0.01,1668.3455505371094,29.015363824736223,4073557.2373328283,2018.305536169593,-88.61588440038561
1048596,0,8,8,32,2,500,XSICFESE Index  (L4),0.001,499.6455078125,8.713355283552444,424979.64064478874,651.9046254206122,-8.349304337620405
1048596,0,8,8,32,2,500,XSICNEFE Index  (R2),0.01,110.75674438476562,32.32274400781678,24751.064587607514,157.324710670662,-1875.857978207205
1048596,0,8,8,32,2,500,XSICNEFE Index  (R2),0.001,194.84728240966797,56.8810753344835,71075.28454737132,266.59948339667,-5388.595036767494
1048596,0,8,8,32,2,500,XSICNESE Index  (L2),0.01,35.6923828125,6.3048832512240995,1749.625676592812,41.82852706697681,-9.190757490165632
1048596,0,8,8,32,2,500,XSICNESE Index  (L2),0.001,241.86009216308594,42.51083925009205,91157.38286450505,301.92280944722455,-529.9494451518314
1048596,0,8,8,32,2,500,XSICUENE Index  (R1),0.01,6.279914855957031,1.0868262462624891,56.64694318501279,7.526416357404949,-2.194188866820104
1048596,0,8,8,32,2,500,XSICUENE Index  (R1),0.001,10.762802124023438,1.8688638473065826,147.67194671090692,12.152034673704108,-7.326876290306647
1048596,0,8,8,32,2,1000,NE,0.01,1016.6456055800782,41.806247496478846,1781444.1241316642,1334.707505085539,-1.2169111429163064
1048596,0,8,8,32,2,1000,NE,0.001,700.4724332451174,34.334477002929056,719986.6318428613,848.5202601251553,0.10401546404873352
1048596,0,8,8,32,2,1000,SE,0.01,1375.1673534175782,295.49879678044067,2866462.1008273587,1693.0629346918438,-0.8651213468596031
1048596,0,8,8,32,2,1000,SE,0.001,1640.712000634375,337.0227080095406,4256946.239622123,2063.23683556254,-1.7698678805700103
1048596,0,8,8,32,2,1000,NAE,0.01,668.0523741806641,52.67383089885652,672866.4334647415,820.2843613435169,-0.029039404439012095
1048596,0,8,8,32,2,1000,NAE,0.001,862.2570719150391,73.52397184050056,1030659.7671094537,1015.2141483989739,-0.5762259197034809
1048596,0,8,8,32,2,1000,NAW,0.01,1114.6008091582032,46.54976138424137,2009590.7928060452,1417.6003642797377,0.022308646310058577
1048596,0,8,8,32,2,1000,NAW,0.001,1012.144535022461,32.11190560527623,2449590.577722025,1565.116793636189,-0.1917568176031743
1048596,0,8,8,32,2,1000,SAE,0.01,1268.2409591601563,39.88685828122045,2614495.745543564,1616.9402417973165,-13.906985188775911
1048596,0,8,8,32,2,1000,SAE,0.001,916.1441499501955,29.41556230202763,1375348.6443903192,1172.7525930008935,-6.841780544594846
1048596,0,8,8,32,2,1000,SAW,0.01,729.0122459986328,77.91991610739775,715592.6800148374,845.9271127082034,-4.186831425225659
1048596,0,8,8,32,2,1000,SAW,0.001,897.4734576353517,94.48739695072723,1231599.0145637016,1109.774307939998,-7.9270008629539195
1048596,0,8,8,32,2,1000,XSICFEUW Index  (R4),0.01,406.6175842285156,9.221730950726458,196275.99119789153,443.03046305857066,-1.0631451400667147
1048596,0,8,8,32,2,1000,XSICFEUW Index  (R4),0.001,341.64202880859375,7.752970890323965,129809.74414458871,360.29119354292953,-0.36448855069182207
1048596,0,8,8,32,2,1000,XSICFENE Index  (R1),0.01,1469.379638671875,30.097561696003446,2650877.3849423826,1628.1515239505145,-11.53310663771161
1048596,0,8,8,32,2,1000,XSICFENE Index  (R1),0.001,1069.1175842285156,21.831592488894902,1558878.0766993687,1248.55039013224,-6.370233448533727
1048596,0,8,8,32,2,1000,XSICFESE Index  (L4),0.01,1164.912353515625,20.349516465134837,1939227.082420513,1392.5613388359284,-41.66186527382153
1048596,0,8,8,32,2,1000,XSICFESE Index  (L4),0.001,419.70855712890625,7.375501751500563,260532.1304640472,510.4234814975181,-4.731554984001963
1048596,0,8,8,32,2,1000,XSICNEFE Index  (R2),0.01,224.01993560791016,65.24173956823849,69680.04105187533,263.9697729890211,-5282.794582132727
1048596,0,8,8,32,2,1000,XSICNEFE Index  (R2),0.001,179.13919067382812,52.28085182874981,59969.159284814494,244.88601284028962,-4546.424400744227
1048596,0,8,8,32,2,1000,XSICNESE Index  (L2),0.01,57.94713592529297,10.287124507991432,3786.817138505634,61.53712000496638,-21.056452208259973
1048596,0,8,8,32,2,1000,XSICNESE Index  (L2),0.001,146.5185546875,25.731699981692707,41137.720429084264,202.82435856938946,-238.60812772673762
1048596,0,8,8,32,2,1000,XSICUENE Index  (R1),0.01,5.575294494628906,0.9714477581049973,52.3201007838361,7.233263494705284,-1.9502083261370133
1048596,0,8,8,32,2,1000,XSICUENE Index  (R1),0.001,17.53167724609375,3.048262254706966,359.3267392376438,18.955915679218553,-19.261595868906785
1048596,0,8,8,32,3,500,NE,0.01,1300.1487624687502,91.7220740800779,2208616.969177705,1486.1416383298413,-1.7485047120356465
1048596,0,8,8,32,3,500,NE,0.001,789.7534547011719,33.30470769667448,1034521.6751219989,1017.1143864492326,-0.28740643509338426
1048596,0,8,8,32,3,500,SE,0.01,1253.8732524976563,253.09627056781093,2166159.9448786587,1471.7880094900415,-0.40945563269065444
1048596,0,8,8,32,3,500,SE,0.001,2010.063465616797,464.71041029075684,7353284.063266897,2711.6939471973783,-3.7845625002204146
1048596,0,8,8,32,3,500,NAE,0.01,674.799882274414,51.25546027472863,663933.469689678,814.8211274198026,-0.015377894121677782
1048596,0,8,8,32,3,500,NAE,0.001,858.4918911113281,50.926202079528004,968559.8497235121,984.1543830738713,-0.4812542301907661
1048596,0,8,8,32,3,500,NAW,0.01,1018.8747901494141,34.28399696647189,2392945.1551264618,1546.9147213490671,-0.1641981026169934
1048596,0,8,8,32,3,500,NAW,0.001,1387.1005955351563,72.09613037833732,2112964.371337546,1453.603925193361,-0.027983907921399265
1048596,0,8,8,32,3,500,SAE,0.01,683.3768234179688,22.26896572688623,690129.3881682982,830.7402651661338,-2.9348882419485207
1048596,0,8,8,32,3,500,SAE,0.001,703.509166234375,23.006405751623127,856597.8046042765,925.525690947732,-3.884035786915815
1048596,0,8,8,32,3,500,SAW,0.01,647.7920311548828,69.24678641674716,559088.4728935488,747.7221896490358,-3.0524417614578665
1048596,0,8,8,32,3,500,SAW,0.001,775.6164482691406,82.82333086897442,804590.8576264309,896.9898871372135,-4.831917040710234
1048596,0,8,8,32,3,500,XSICFEUW Index  (R4),0.01,472.90936279296875,10.878575537648667,277959.0442144573,527.2182130906114,-1.9217524145908222
1048596,0,8,8,32,3,500,XSICFEUW Index  (R4),0.001,387.25445556640625,8.994013277519855,241242.58236590028,491.1645165989704,-1.5358091855643012
1048596,0,8,8,32,3,500,XSICFENE Index  (R1),0.01,2313.1812133789062,48.3211595177486,5855608.813950494,2419.836526286537,-26.684784709708733
1048596,0,8,8,32,3,500,XSICFENE Index  (R1),0.001,809.547607421875,16.454632361174713,908212.1730753034,953.0016647809716,-3.293944367052638
1048596,0,8,8,32,3,500,XSICFESE Index  (L4),0.01,1478.6706237792969,25.90074505699642,3043135.1419015005,1744.4584093355452,-65.94719902105895
1048596,0,8,8,32,3,500,XSICFESE Index  (L4),0.001,471.06396484375,8.234417242670164,264956.20706278086,514.7389698310989,-4.828882090005794
1048596,0,8,8,32,3,500,XSICNEFE Index  (R2),0.01,88.16521072387695,25.719518726029538,14796.051107997191,121.63901967706411,-1120.9754394689812
1048596,0,8,8,32,3,500,XSICNEFE Index  (R2),0.001,134.4948501586914,39.220035308508784,31567.496313815704,177.67244106449292,-2392.7437963083
1048596,0,8,8,32,3,500,XSICNESE Index  (L2),0.01,39.029380798339844,6.897130647025035,4262.116322375368,65.28488586476482,-23.82484934765413
1048596,0,8,8,32,3,500,XSICNESE Index  (L2),0.001,147.16786193847656,25.83811125876339,43048.982482077554,207.48248716958634,-249.74034208709168
1048596,0,8,8,32,3,500,XSICUENE Index  (R1),0.01,12.309196472167969,2.13236259255647,186.31568481447175,13.64975035722162,-9.505906456498847
1048596,0,8,8,32,3,500,XSICUENE Index  (R1),0.001,11.192520141601562,1.938755697016529,177.01217511948198,13.304592256791713,-8.981303266649205
1048596,0,8,8,32,3,1000,NE,0.01,1303.9080398125002,92.05481577527334,2226497.684500802,1492.1453295509798,-1.770756297985562
1048596,0,8,8,32,3,1000,NE,0.001,1526.190118296875,106.99289138939814,3013619.3788893525,1735.9779315674932,-2.7502867988210586
1048596,0,8,8,32,3,1000,SE,0.01,2312.2767687125,489.1887544797669,8472390.807038896,2910.7371587003345,-4.512731861546084
1048596,0,8,8,32,3,1000,SE,0.001,2214.139884577735,513.0122046010066,9113634.719992401,3018.8797127398766,-4.9299701394385975
1048596,0,8,8,32,3,1000,NAE,0.01,674.0495066074219,56.05234484523316,695206.1751218706,833.790246478016,-0.06320439366547825
1048596,0,8,8,32,3,1000,NAE,0.001,773.9041150625,59.627710064760706,782819.6602973614,884.7709648815119,-0.19719492153528262
1048596,0,8,8,32,3,1000,NAW,0.01,1097.716211379883,42.64071407823165,2218305.2986340714,1489.3976294576514,-0.07923360222542453
1048596,0,8,8,32,3,1000,NAW,0.001,1318.542398513672,66.84808767466761,2014455.2134094215,1419.315050793664,0.019942044123355984
1048596,0,8,8,32,3,1000,SAE,0.01,375.75310859570305,10.517259961646044,231047.64761173038,480.67415950072706,-0.31735684279475196
1048596,0,8,8,32,3,1000,SAE,0.001,694.7898071113282,22.714273862586676,730225.1302510571,854.532111889926,-3.1635008279049
1048596,0,8,8,32,3,1000,SAW,0.01,600.4918449976562,64.13103089876206,478360.42192638165,691.6360473011666,-2.4673005165180224
1048596,0,8,8,32,3,1000,SAW,0.001,613.3430847671875,65.06769804515207,498043.74187783565,705.7221421195708,-2.6099711521020197
1048596,0,8,8,32,3,1000,XSICFEUW Index  (R4),0.01,450.9042663574219,9.975190078176919,370511.0218623206,608.6961654736463,-2.894607839864067
1048596,0,8,8,32,3,1000,XSICFEUW Index  (R4),0.001,326.4236145019531,7.318291769183805,163108.21579600126,403.866581677664,-0.7145037488828021
1048596,0,8,8,32,3,1000,XSICFENE Index  (R1),0.01,794.7070922851562,16.237260444730765,1093455.2838350981,1045.6841223979152,-4.169756909059138
1048596,0,8,8,32,3,1000,XSICFENE Index  (R1),0.001,1027.3944091796875,20.876339718030902,1393061.8385804296,1180.2804067595248,-5.586269389534441
1048596,0,8,8,32,3,1000,XSICFESE Index  (L4),0.01,637.3798217773438,11.228298128036494,451784.9466792643,672.1494972692193,-8.939005443299568
1048596,0,8,8,32,3,1000,XSICFESE Index  (L4),0.001,586.2505493164062,10.3129975753053,396289.11686345935,629.5149854161212,-7.718129540563281
1048596,0,8,8,32,3,1000,XSICNEFE Index  (R2),0.01,219.81732940673828,63.68954840626058,48343.608111937996,219.8717992647943,-3664.8660179668623
1048596,0,8,8,32,3,1000,XSICNEFE Index  (R2),0.001,107.92950439453125,31.47888854841111,24081.067804549588,155.18075848683557,-1825.052534942149
1048596,0,8,8,32,3,1000,XSICNESE Index  (L2),0.01,23.792945861816406,4.265084732265584,745.056143799331,27.295716583363973,-3.3396062252600283
1048596,0,8,8,32,3,1000,XSICNESE Index  (L2),0.001,103.3433837890625,18.152685721953677,22071.775637849234,148.5657283422029,-127.55784863690855
1048596,0,8,8,32,3,1000,XSICUENE Index  (R1),0.01,8.519134521484375,1.4744052921665352,93.46550096850842,9.667755735873161,-4.270301376197832
1048596,0,8,8,32,3,1000,XSICUENE Index  (R1),0.001,5.903228759765625,1.025366388959953,38.64434491191059,6.216457585467031,-1.1790643826980425
1048596,0,8,8,64,2,500,NE,0.01,595.8491880058596,28.30540172456935,551471.8435714248,742.6115024502549,0.31372303040152394
1048596,0,8,8,64,2,500,NE,0.001,959.3306943535157,60.61235917732459,1141198.336432588,1068.2688502584863,-0.4201597872445939
1048596,0,8,8,64,2,500,SE,0.01,1278.9931865796875,273.2511871849974,2423378.1220784136,1556.7203095220457,-0.5768198245831999
1048596,0,8,8,64,2,500,SE,0.001,1546.4629131421875,308.62408055090015,3764466.8435113835,1940.223400413309,-1.449426234294783
1048596,0,8,8,64,2,500,NAE,0.01,698.39093146875,49.85120123032223,690699.8390308011,831.0835331245597,-0.056312688006335376
1048596,0,8,8,64,2,500,NAE,0.001,843.811708915039,82.92473434609725,1324570.8920481133,1150.9000356451959,-1.025715021734496
1048596,0,8,8,64,2,500,NAW,0.01,1025.1034278447266,34.83240624746921,2348603.8938250095,1532.5155443991455,-0.14262551781946708
1048596,0,8,8,64,2,500,NAW,0.001,948.9930152470704,32.50445726878334,2006943.1172820006,1416.6661982563148,0.02359677396097215
1048596,0,8,8,64,2,500,SAE,0.01,503.8923258046876,16.41127279568133,358147.9800228695,598.4546599558479,-1.042040666040918
1048596,0,8,8,64,2,500,SAE,0.001,1219.6322328359377,39.32298374889921,2293153.2568762624,1514.3161020329483,-12.07479719334586
1048596,0,8,8,64,2,500,SAW,0.01,657.108239040625,69.89873140023626,567014.9395309229,753.0039439013071,-3.109895180691951
1048596,0,8,8,64,2,500,SAW,0.001,849.315529690039,89.94682339734177,1123343.2882023684,1059.8789026121656,-7.142330729883316
1048596,0,8,8,64,2,500,XSICFEUW Index  (R4),0.01,470.64501953125,10.498653573991792,358670.9213834852,598.891410343716,-2.770151223383746
1048596,0,8,8,64,2,500,XSICFEUW Index  (R4),0.001,434.5194091796875,9.878176087639847,213742.85489052534,462.3233228926758,-1.2467471930724328
1048596,0,8,8,64,2,500,XSICFENE Index  (R1),0.01,2240.000717163086,46.08578203480316,6017298.35858308,2453.018214074873,-27.4492381380695
1048596,0,8,8,64,2,500,XSICFENE Index  (R1),0.001,1024.2564086914062,21.137045544328597,1272923.504436016,1128.239116692918,-5.018266296799282
1048596,0,8,8,64,2,500,XSICFESE Index  (L4),0.01,1776.0930786132812,30.945331264961794,4863019.604267582,2205.225522314573,-105.98359622858675
1048596,0,8,8,64,2,500,XSICFESE Index  (L4),0.001,694.0281066894531,12.25997900272558,792723.7900260463,890.3503748671342,-16.439461234850295
1048596,0,8,8,64,2,500,XSICNEFE Index  (R2),0.01,121.7168083190918,35.53720645122935,32781.012897943496,181.05527580808987,-2484.764011218464
1048596,0,8,8,64,2,500,XSICNEFE Index  (R2),0.001,180.3531608581543,52.662009754000415,64682.45457904681,254.32745541731592,-4903.830678979853
1048596,0,8,8,64,2,500,XSICNESE Index  (L2),0.01,178.6413345336914,31.56789956970113,68473.31140134716,261.674055651964,-397.82525752513817
1048596,0,8,8,64,2,500,XSICNESE Index  (L2),0.001,380.51177978515625,66.88173247643445,229919.91096945852,479.49964647480033,-1338.1767657485752
1048596,0,8,8,64,2,500,XSICUENE Index  (R1),0.01,10.258842468261719,1.7873937624386698,137.26620912039652,11.716066281836943,-6.740121042912227
1048596,0,8,8,64,2,500,XSICUENE Index  (R1),0.001,19.94365692138672,3.4610074184888493,625.1411164966412,25.00282217063988,-34.25024797866523
1048596,0,8,8,64,2,1000,NE,0.01,861.55328990625,31.851987432928595,1558198.5373994405,1248.2782291618487,-0.9390940493968596
1048596,0,8,8,64,2,1000,NE,0.001,815.7878324150392,45.07354987897195,853022.1341744664,923.5919738577563,-0.06154004427581827
1048596,0,8,8,64,2,1000,SE,0.01,1201.2806011304688,240.25939555913095,1947470.3748365426,1395.5179593385901,-0.26716085568893866
1048596,0,8,8,64,2,1000,SE,0.001,1679.5911815425782,351.0794661374589,4897834.284321778,2213.1051227453654,-2.186874605609712
1048596,0,8,8,64,2,1000,NAE,0.01,701.6511395986328,49.32328847325289,696904.5938836164,834.8081180029435,-0.06580184799541922
1048596,0,8,8,64,2,1000,NAE,0.001,870.148622977539,87.73477909863179,1495191.510516147,1222.7802380297724,-1.286651413982931
1048596,0,8,8,64,2,1000,NAW,0.01,1054.8170356328126,39.35927948130421,2210866.629452393,1486.898325189854,-0.0756145955261891
1048596,0,8,8,64,2,1000,NAW,0.001,953.5217017705079,34.39863443004597,1924711.5502409767,1387.3397385791905,0.06360347203313199
1048596,0,8,8,64,2,1000,SAE,0.01,378.9337116230468,10.540834728251802,240615.54102229734,490.5257801811209,-0.3719097888464791
1048596,0,8,8,64,2,1000,SAE,0.001,1499.5885932421875,47.66166282150331,3269262.568387515,1808.1102201988447,-17.640247844442374
1048596,0,8,8,64,2,1000,SAW,0.01,537.6241539576172,57.31472926357684,383745.6482185372,619.4720721860972,-1.7815041196791301
1048596,0,8,8,64,2,1000,SAW,0.001,890.2268608667969,93.15735484433087,1190974.39289324,1091.317732327868,-7.632541360777507
1048596,0,8,8,64,2,1000,XSICFEUW Index  (R4),0.01,693.5887756347656,15.275666665653842,838735.4510587081,915.8250111559021,-7.816325211720679
1048596,0,8,8,64,2,1000,XSICFEUW Index  (R4),0.001,441.4258117675781,9.907076913970487,221905.10285506397,471.0680448248045,-1.3325442491325337
1048596,0,8,8,64,2,1000,XSICFENE Index  (R1),0.01,1165.8582153320312,23.473473790088974,1959201.0947477072,1399.7146476149012,-8.262924186788839
1048596,0,8,8,64,2,1000,XSICFENE Index  (R1),0.001,700.3920593261719,14.032829090106175,732348.8376705423,855.7738238988982,-2.46247854791992
1048596,0,8,8,64,2,1000,XSICFESE Index  (L4),0.01,945.6838684082031,16.570355649089848,1042488.0808729604,1021.0230559948,-21.934130024759472
1048596,0,8,8,64,2,1000,XSICFESE Index  (L4),0.001,969.41357421875,17.17199189474264,1372000.9324715585,1171.324435189311,-29.183220659026823
1048596,0,8,8,64,2,1000,XSICNEFE Index  (R2),0.01,226.49167251586914,65.79850020045339,56538.680915592355,237.77863847619355,-4286.293339570984
1048596,0,8,8,64,2,1000,XSICNEFE Index  (R2),0.001,198.71698760986328,58.03779146362425,76081.18756176508,275.8281848574672,-5768.189578143324
1048596,0,8,8,64,2,1000,XSICNESE Index  (L2),0.01,26.361244201660156,4.62099459929744,1482.8438009056263,38.50771092788594,-7.636876889148169
1048596,0,8,8,64,2,1000,XSICNESE Index  (L2),0.001,268.5457992553711,47.15868909684211,137242.63921267493,370.46273660474264,-798.3746732445572
1048596,0,8,8,64,2,1000,XSICUENE Index  (R1),0.01,16.573745727539062,2.8851845894814514,312.80071990936995,17.686173127880714,-16.638102268017334
1048596,0,8,8,64,2,1000,XSICUENE Index  (R1),0.001,19.936317443847656,3.4606097626395687,501.48538022628054,22.39386925536274,-27.277589722010532
1048596,0,8,8,64,3,500,NE,0.01,792.3441220878908,41.633391978661344,797707.4434818262,893.1446934745939,0.007296105285289012
1048596,0,8,8,64,3,500,NE,0.001,818.1475278496096,47.882005536568286,767234.2661895535,875.9190979705565,0.04521833107063755
1048596,0,8,8,64,3,500,SE,0.01,2520.887531778906,478.9083051916721,7891799.731402221,2809.234723443775,-4.13495857486855
1048596,0,8,8,64,3,500,SE,0.001,2384.837574503516,497.6023242446887,9311304.078269003,3051.4429501907784,-5.058587691938356
1048596,0,8,8,64,3,500,NAE,0.01,657.8677591708985,52.776259313697125,649562.718694785,805.9545388511594,0.006599824352074735
1048596,0,8,8,64,3,500,NAE,0.001,750.2685864980468,51.466511616693786,743548.193182935,862.2924058478858,-0.13713562132203583
1048596,0,8,8,64,3,500,NAW,0.01,1359.2829990996095,67.18771330561398,2123669.4334725505,1457.2815216946074,-0.03319205613126108
1048596,0,8,8,64,3,500,NAW,0.001,1386.475992263672,69.8826710242933,2318881.1523193764,1522.787297136201,-0.12816502791174722
1048596,0,8,8,64,3,500,SAE,0.01,1263.9148674609378,39.856089742497126,1772887.214579243,1331.4981091159098,-9.108413254888806
1048596,0,8,8,64,3,500,SAE,0.001,887.4596977832032,28.354472293433886,1017240.6147627799,1008.5834694078521,-4.799967662421041
1048596,0,8,8,64,3,500,SAW,0.01,1529.531944573828,150.82790051343073,2477331.2804799643,1573.954027435352,-16.956443791489836
1048596,0,8,8,64,3,500,SAW,0.001,656.8863129166016,69.87112630543557,570522.2570799794,755.3292375381609,-3.13531727539716
1048596,0,8,8,64,3,500,XSICFEUW Index  (R4),0.01,298.777587890625,7.039978205451602,151816.61217975616,389.6365128934353,-0.5958126293921466
1048596,0,8,8,64,3,500,XSICFEUW Index  (R4),0.001,387.5269775390625,8.866208690426891,179040.22794754803,423.13145468937665,-0.8819722876548568
1048596,0,8,8,64,3,500,XSICFENE Index  (R1),0.01,1703.2310791015625,37.67622087622088,3112441.130063474,1764.2111920242073,-13.715337951224406
1048596,0,8,8,64,3,500,XSICFENE Index  (R1),0.001,994.3019714355469,20.469359292464233,1172681.7066982612,1082.9042924923058,-4.544332214544283
1048596,0,8,8,64,3,500,XSICFESE Index  (L4),0.01,709.3661499023438,12.480800180671014,548620.6478689611,740.6893058961774,-11.069334415755126
1048596,0,8,8,64,3,500,XSICFESE Index  (L4),0.001,550.0918579101562,9.64590618563395,441761.43808212876,664.6513658167933,-8.718494097713243
1048596,0,8,8,64,3,500,XSICNEFE Index  (R2),0.01,182.2686996459961,52.82744911346056,33325.36824051244,182.55237122675905,-2526.042141460659
1048596,0,8,8,64,3,500,XSICNEFE Index  (R2),0.001,49.85938262939453,14.48948961171889,2790.5482144530397,52.82563974485344,-210.60555180686558
1048596,0,8,8,64,3,500,XSICNESE Index  (L2),0.01,1693.8029479980469,299.87229560688934,2869154.190115519,1693.8577833205238,-16710.49146044714
1048596,0,8,8,64,3,500,XSICNESE Index  (L2),0.001,203.57693481445312,35.719552751082674,78525.98924151622,280.22489047462614,-456.37744006707663
1048596,0,8,8,64,3,500,XSICUENE Index  (R1),0.01,31.129234313964844,5.4135842245470895,986.8765377062373,31.41459115930426,-54.64766380017549
1048596,0,8,8,64,3,500,XSICUENE Index  (R1),0.001,12.184379577636719,2.120802495716408,196.2332209176384,14.008326842190625,-10.065133161875645
1048596,0,8,8,64,3,1000,NE,0.01,1306.2964675468752,92.26622063331315,2237916.7918430963,1495.96684182608,-1.7849667612644087
1048596,0,8,8,64,3,1000,NE,0.001,708.5215665458986,37.445696025247955,631520.2109702805,794.6824592063679,0.21410715401512226
1048596,0,8,8,64,3,1000,SE,0.01,2457.9062085367186,470.38428849907507,7577200.008645176,2752.6714312909153,-3.9302579236857147
1048596,0,8,8,64,3,1000,SE,0.001,2054.5211682535155,450.2745209062831,7020500.416670173,2649.622693266,-3.5680301124472846
1048596,0,8,8,64,3,1000,NAE,0.01,838.3266448789062,76.42214426755851,1071416.011948172,1035.0922721903453,-0.6385559451441138
1048596,0,8,8,64,3,1000,NAE,0.001,821.550942625,50.02379276089353,903122.9895040531,950.3278326472677,-0.3811792311722284
1048596,0,8,8,64,3,1000,NAW,0.01,1381.0560093535157,69.1799946232039,2146757.147977221,1465.181609213418,-0.04442452143140274
1048596,0,8,8,64,3,1000,NAW,0.001,1196.7191105498048,50.882430398436206,2193227.6814283323,1480.9549896699536,-0.06703302407739198
1048596,0,8,8,64,3,1000,SAE,0.01,1295.4292717578128,40.81089434540965,1853515.3747519273,1361.438715018758,-9.568128208160827
1048596,0,8,8,64,3,1000,SAE,0.001,687.6273721914063,22.21382358167549,700794.9615326483,837.1349721118144,-2.9956997940205303
1048596,0,8,8,64,3,1000,SAW,0.01,1551.0866931089843,152.8104290823936,2543301.3284151843,1594.7731275686783,-17.4346145823746
1048596,0,8,8,64,3,1000,SAW,0.001,715.8831719019531,76.9318708875967,701485.9936869693,837.5476068182448,-4.084581910949367
1048596,0,8,8,64,3,1000,XSICFEUW Index  (R4),0.01,318.93658447265625,7.073081778567068,118613.27127668262,344.40277478075376,-0.24679739324394445
1048596,0,8,8,64,3,1000,XSICFEUW Index  (R4),0.001,506.5229187011719,11.502459862937533,288900.9613478556,537.4950803010718,-2.03676782232871
1048596,0,8,8,64,3,1000,XSICFENE Index  (R1),0.01,2152.841293334961,44.35825643119541,5478009.913993785,2340.5148822414662,-24.89953153039471
1048596,0,8,8,64,3,1000,XSICFENE Index  (R1),0.001,587.4632873535156,11.882777243393502,470288.4473433271,685.775799619181,-1.2234809103272992
1048596,0,8,8,64,3,1000,XSICFESE Index  (L4),0.01,1417.7596740722656,24.564400476119523,2244882.50296057,1498.2931965942348,-48.38610633331471
1048596,0,8,8,64,3,1000,XSICFESE Index  (L4),0.001,632.5682373046875,11.04848180771793,610743.773614943,781.5009748010191,-12.436006965344164
1048596,0,8,8,64,3,1000,XSICNEFE Index  (R2),0.01,81.61731719970703,23.73127129846063,8170.284962755861,90.3896286238408,-618.5476749009183
1048596,0,8,8,64,3,1000,XSICNEFE Index  (R2),0.001,100.27486801147461,29.25266807536579,18517.973017216544,136.08075917342813,-1403.2064847178422
1048596,0,8,8,64,3,1000,XSICNESE Index  (L2),0.01,1701.9464416503906,301.31170687305416,2896793.7447863594,1701.9969873023745,-16871.479037707228
1048596,0,8,8,64,3,1000,XSICNESE Index  (L2),0.001,262.82115936279297,46.24576470202519,101394.90867811581,318.425672140479,-589.5782813432301
1048596,0,8,8,64,3,1000,XSICUENE Index  (R1),0.01,64.08161163330078,11.127845915088415,4124.177529144334,64.21975964720153,-231.55274173148666
1048596,0,8,8,64,3,1000,XSICUENE Index  (R1),0.001,5.2306365966796875,0.9070532919686843,38.31744531728327,6.190108667647384,-1.1606312778027572
1048596,0,12,4,32,2,500,NE,0.01,1051.194325609375,34.855869578171195,1482848.858215741,1217.7228166605655,-1.0868137974932037
1048596,0,12,4,32,2,500,NE,0.001,942.5570270253905,35.32138524329807,1065612.5112099322,1032.2850920215462,-0.4996369177166229
1048596,0,12,4,32,2,500,SE,0.01,4096.874281987501,976.9207752368777,16853257.04836451,4105.271860469719,-161.19479159439965
1048596,0,12,4,32,2,500,SE,0.001,2893.970168217969,663.1200492781986,8490964.323878374,2913.9259297172216,-80.71655989075312
1048596,0,12,4,32,2,500,NAE,0.01,1828.1967769335938,201.6163057759211,4351750.01858459,2086.084854118976,-3.6480797343895466
1048596,0,12,4,32,2,500,NAE,0.001,1316.265382046875,143.02658024401575,2194240.9450114877,1481.297048201841,-1.3436564199045828
1048596,0,12,4,32,2,500,NAW,0.01,1668.2189274589846,42.485627872827685,4649084.466373623,2156.1735705581827,-0.6235720145728108
1048596,0,12,4,32,2,500,NAW,0.001,1604.9324894707033,39.540125323614184,4524284.735485537,2127.0366088729024,-0.5799889495711625
1048596,0,12,4,32,2,500,SAE,0.01,1455.3976326328127,45.79205431161457,3304739.8240641514,1817.8943379812126,-20.39619703232653
1048596,0,12,4,32,2,500,SAE,0.001,772.3175611015624,21.225470443779358,815814.8009877033,903.2246680575677,-4.281908759266464
1048596,0,12,4,32,2,500,SAW,0.01,97.51518407656252,11.57955178250316,13854.773748423206,117.70630292564287,-1.4803092424422695
1048596,0,12,4,32,2,500,SAW,0.001,562.0727508767578,62.30253924251993,500936.39489409316,707.768602647852,-88.67863298907602
1048596,0,12,4,32,2,500,XSICFEUW Index  (R4),0.01,782.521240234375,17.263669263725596,715009.3946458995,845.5822814167167,-9.995661686326336
1048596,0,12,4,32,2,500,XSICFEUW Index  (R4),0.001,674.5118408203125,14.783207365415333,579096.6847714484,760.9840239922572,-7.905549041874442
1048596,0,12,4,32,2,500,XSICFENE Index  (R1),0.01,290.0206298828125,5.758499886927967,125657.00357490778,354.48131625645345,-546.5250700431711
1048596,0,12,4,32,2,500,XSICFENE Index  (R1),0.001,704.8087158203125,14.002188024995988,520783.28356307745,721.6531601559557,-2268.208207246525
1048596,0,12,4,32,2,500,XSICFESE Index  (L4),0.01,2210.0867919921875,38.56809486724012,4966722.577675968,2228.6144973224887,-98.1628997369744
1048596,0,12,4,32,2,500,XSICFESE Index  (L4),0.001,129.583251953125,2.304304194046848,26586.390751242638,163.05333713617344,0.46919048543534414
1048596,0,12,4,32,2,500,XSICNEFE Index  (R2),0.01,105.42552185058594,30.80069226633687,12288.971569210757,110.85563390829876,-16384.295425614342
1048596,0,12,4,32,2,500,XSICNEFE Index  (R2),0.001,84.24309539794922,24.60803031013496,7551.318777588429,86.8983243658267,-10067.425036784573
1048596,0,12,4,32,2,500,XSICNESE Index  (L2),0.01,36.93424987792969,6.470793581645948,1459.4470882145688,38.202710482563525,-728.7235441072844
1048596,0,12,4,32,2,500,XSICNESE Index  (L2),0.001,70.0814208984375,12.293848651756138,7239.188418038189,85.0834203475518,-3618.5942090190947
1048596,0,12,4,32,2,500,XSICUENE Index  (R1),0.01,7.1112518310546875,1.231529689218938,52.54595086816698,7.248858590713919,-30.138341255210065
1048596,0,12,4,32,2,500,XSICUENE Index  (R1),0.001,4.761444091796875,0.823903244062171,31.73434116318822,5.63332416635047,-17.805535504111536
1048596,0,12,4,32,2,1000,NE,0.01,1135.3870279199218,36.65481032317219,1782514.728466585,1335.1085081245587,-1.508533697813811
1048596,0,12,4,32,2,1000,NE,0.001,869.0164691640624,35.856792295122425,960970.5248368289,980.2910408836902,-0.35237420800037955
1048596,0,12,4,32,2,1000,SE,0.01,4538.731337651562,1087.1403024415702,20648185.307291385,4544.027432497672,-197.71696628775214
1048596,0,12,4,32,2,1000,SE,0.001,3172.3947898,730.2909818694434,10251584.282212831,3201.809532469543,-97.66066668266309
1048596,0,12,4,32,2,1000,NAE,0.01,1255.5624401523437,137.177645585061,1982738.5848921663,1408.0975054633705,-1.1177519378806071
1048596,0,12,4,32,2,1000,NAE,0.001,1193.389649625,129.62712654669798,1790286.695783595,1338.0159549809543,-0.9121951568636957
1048596,0,12,4,32,2,1000,NAW,0.01,1665.3308049003908,39.34870089638617,4985001.279810153,2232.711642781072,-0.7408822380081437
1048596,0,12,4,32,2,1000,NAW,0.001,1497.4119511406252,38.64946699704077,3874044.658329018,1968.2592965178694,-0.3529094891610862
1048596,0,12,4,32,2,1000,SAE,0.01,395.78997321093743,10.818013045419752,210767.0493032499,459.09372605520315,-0.36458951533089734
1048596,0,12,4,32,2,1000,SAE,0.001,1326.4420662265627,41.118053304153634,2454117.9111400233,1566.5624504436532,-14.888933217967677
1048596,0,12,4,32,2,1000,SAW,0.01,280.39121706328126,32.57592090056233,89946.09349301166,299.91014236436166,-15.102329136748505
1048596,0,12,4,32,2,1000,SAW,0.001,1043.400708030078,116.7231439579314,1333124.9142012093,1154.6102867206794,-237.65868227545994
1048596,0,12,4,32,2,1000,XSICFEUW Index  (R4),0.01,357.864013671875,8.15690901573166,133421.87633013725,365.26959403998745,-1.0518077449983814
1048596,0,12,4,32,2,1000,XSICFEUW Index  (R4),0.001,566.8203125,12.444130555181188,397342.67132368684,630.3512285414274,-5.110472981379696
1048596,0,12,4,32,2,1000,XSICFENE Index  (R1),0.01,184.445556640625,3.6683775014574636,67201.91434836388,259.23332028958754,-291.8187989035463
1048596,0,12,4,32,2,1000,XSICFENE Index  (R1),0.001,978.2940673828125,19.438344717063703,1058132.5183714032,1028.6556850430582,-4609.5992085899925
1048596,0,12,4,32,2,1000,XSICFESE Index  (L4),0.01,615.2286376953125,10.765440739713066,396992.7131000161,630.0735775288598,-6.926142036277562
1048596,0,12,4,32,2,1000,XSICFESE Index  (L4),0.001,475.98779296875,8.407716730353275,271668.8405190706,521.2186110636022,-4.4239933019690065
1048596,0,12,4,32,2,1000,XSICNEFE Index  (R2),0.01,76.25054168701172,22.27694450325501,6715.434981983388,81.94775763853083,-8952.913309311183
1048596,0,12,4,32,2,1000,XSICNEFE Index  (R2),0.001,56.324241638183594,16.46487666492833,4970.1842139496,70.49953343072279,-6625.912285266134
1048596,0,12,4,32,2,1000,XSICNESE Index  (L2),0.01,11.910842895507812,2.0881227113647727,173.48632528726012,13.171420777093871,-85.74316264363006
1048596,0,12,4,32,2,1000,XSICNESE Index  (L2),0.001,125.49089050292969,22.009166476015153,21446.706229739822,146.44693998079927,-10722.353114869911
1048596,0,12,4,32,2,1000,XSICUENE Index  (R1),0.01,4.51531982421875,0.7814919414494439,25.02729052491486,5.002728308124963,-13.830986977727324
1048596,0,12,4,32,2,1000,XSICUENE Index  (R1),0.001,8.183090209960938,1.4162156627431783,79.90283532533795,8.938838589287645,-46.349828340941
1048596,0,12,4,32,3,500,NE,0.01,2146.0395242578124,77.56822032390176,5316065.979904955,2305.6595542067685,-6.481301802125988
1048596,0,12,4,32,3,500,NE,0.001,879.0402728749999,33.68703501067558,948744.1839769229,974.0350014126407,-0.3351680735666873
1048596,0,12,4,32,3,500,SE,0.01,3964.118178471875,949.1863309748102,15771809.106814137,3971.3737052579345,-150.786997836992
1048596,0,12,4,32,3,500,SE,0.001,2780.8643332570314,659.9876117950515,7804898.535191946,2793.724849585575,-74.11390158579115
1048596,0,12,4,32,3,500,NAE,0.01,1431.2410900546874,163.089019619958,2871324.612738124,1694.4983365993971,-2.0668456796290955
1048596,0,12,4,32,3,500,NAE,0.001,1676.5856319140626,184.43520464197468,3591822.2758397846,1895.2103513435611,-2.836405183790848
1048596,0,12,4,32,3,500,NAW,0.01,1691.3675785820315,64.55141905555499,3135944.807821023,1770.8599063226382,-0.095147284599572
1048596,0,12,4,32,3,500,NAW,0.001,1546.1092167656252,44.72358369859562,3501881.765360168,1871.3315487534987,-0.2229412637487409
1048596,0,12,4,32,3,500,SAE,0.01,1159.9417011015628,35.075557009999436,1500007.0914496514,1224.7477664603643,-8.711641153969635
1048596,0,12,4,32,3,500,SAE,0.001,745.0629834648437,22.579578543952284,699492.6535862661,836.3567741019774,-3.528793017173429
1048596,0,12,4,32,3,500,SAW,0.01,220.23670656523436,25.862074926926613,60664.95405989048,246.30256608466442,-9.860361127456635
1048596,0,12,4,32,3,500,SAW,0.001,229.26102907499998,26.49619008317422,57749.68396824466,240.31163926918867,-9.33846365848154
1048596,0,12,4,32,3,500,XSICFEUW Index  (R4),0.01,1540.5693969726562,34.14470413475246,2652710.1430480033,1628.7142607124194,-39.79429375789876
1048596,0,12,4,32,3,500,XSICFEUW Index  (R4),0.001,668.8458862304688,14.676531049951391,557873.9606680423,746.9096067584366,-7.579178652826807
1048596,0,12,4,32,3,500,XSICFENE Index  (R1),0.01,1787.4484252929688,35.503214093469055,3217763.8292710334,1793.8126516643351,-14019.757426017575
1048596,0,12,4,32,3,500,XSICFENE Index  (R1),0.001,276.2518310546875,5.491838883964118,98249.98543721437,313.44853714320374,-427.1045117089951
1048596,0,12,4,32,3,500,XSICFESE Index  (L4),0.01,1598.3368530273438,27.868104447128594,2586439.786318913,1608.2412089978645,-50.63945946150985
1048596,0,12,4,32,3,500,XSICFESE Index  (L4),0.001,416.6873779296875,7.114392333010844,208550.90127712488,456.6737361367795,-3.1638146262391036
1048596,0,12,4,32,3,500,XSICNEFE Index  (R2),0.01,192.54672241210938,56.219064429003126,37075.129138024524,192.54903047801753,-49432.50551736603
1048596,0,12,4,32,3,500,XSICNEFE Index  (R2),0.001,24.03205108642578,7.024834157009117,1025.7309429256711,32.02703456340707,-1366.641257234228
1048596,0,12,4,32,3,500,XSICNESE Index  (L2),0.01,18.686874389648438,3.2716113075853843,364.39359268639237,19.089096172590057,-181.19679634319618
1048596,0,12,4,32,3,500,XSICNESE Index  (L2),0.001,190.7742462158203,33.44271844385824,42362.625805174,205.8218302444471,-21180.312902587
1048596,0,12,4,32,3,500,XSICUENE Index  (R1),0.01,30.438262939453125,5.273513075425533,928.1819976512343,30.46607945980635,-549.0337763859166
1048596,0,12,4,32,3,500,XSICUENE Index  (R1),0.001,18.762298583984375,3.2501354490130656,352.3451618421823,18.770859379425925,-207.79713294351544
1048596,0,12,4,32,3,1000,NE,0.01,761.61763225,43.398542067856475,970020.9980658744,984.8964402747501,-0.36511094263356436
1048596,0,12,4,32,3,1000,NE,0.001,1006.5315753652343,36.18851184917376,1263744.3235507894,1124.163833055836,-0.778467897303269
1048596,0,12,4,32,3,1000,SE,0.01,3983.7306052296876,961.661476921773,15921702.969088582,3990.2008682632236,-152.22956788046275
1048596,0,12,4,32,3,1000,SE,0.001,4427.114516362501,1047.4391205218865,19718380.692268614,4440.5383336109835,-188.76857931873215
1048596,0,12,4,32,3,1000,NAE,0.01,1823.51519734375,201.30672453838528,4333830.857987768,2081.785497592816,-3.628940379676692
1048596,0,12,4,32,3,1000,NAE,0.001,1545.5097041796876,167.603743262674,3056791.389154126,1748.3682075450029,-2.2649417010412267
1048596,0,12,4,32,3,1000,NAW,0.01,1690.0340519707033,43.75343053989528,4690323.65536892,2165.7155065633438,-0.6379737303602353
1048596,0,12,4,32,3,1000,NAW,0.001,1571.3926945488283,46.227875115278735,3556402.9619764383,1885.8427723371951,-0.24198137576809597
1048596,0,12,4,32,3,1000,SAE,0.01,519.0076790195315,16.343351337187645,411230.53082586377,641.2725869907927,-1.6624696441118716
1048596,0,12,4,32,3,1000,SAE,0.001,741.3400296093748,20.749520467608672,679440.4683964418,824.2817894363807,-3.398967212997853
1048596,0,12,4,32,3,1000,SAW,0.01,100.16518512207031,12.168461517084756,18349.62572989917,135.46079037824623,-2.2849866132534378
1048596,0,12,4,32,3,1000,SAW,0.001,159.25181276640623,18.558095029562125,30195.022696256106,173.76715079742806,-4.405573214633086
1048596,0,12,4,32,3,1000,XSICFEUW Index  (R4),0.01,856.6038818359375,18.767332497354943,938184.9000463188,968.5994528422566,-13.42773177160571
1048596,0,12,4,32,3,1000,XSICFEUW Index  (R4),0.001,602.7340698242188,13.207724269746135,460057.3269600123,678.2752589915191,-6.074920639431806
1048596,0,12,4,32,3,1000,XSICFENE Index  (R1),0.01,195.4722900390625,3.8826707860417233,50769.32962816954,225.32050423379036,-220.2171225628302
1048596,0,12,4,32,3,1000,XSICFENE Index  (R1),0.001,640.2691650390625,12.72865747601667,550924.6316415668,742.2429734538191,-2399.543057261729
1048596,0,12,4,32,3,1000,XSICFESE Index  (L4),0.01,536.3328857421875,9.529181975887516,403680.07137042284,635.3582228714938,-7.059658218690123
1048596,0,12,4,32,3,1000,XSICFESE Index  (L4),0.001,343.8905029296875,6.094501364159681,149798.52236014605,387.0381407046934,-1.9907963694837143
1048596,0,12,4,32,3,1000,XSICNEFE Index  (R2),0.01,118.01506042480469,34.466348497880226,14587.65201250976,120.77935259186381,-19449.202683346346
1048596,0,12,4,32,3,1000,XSICNEFE Index  (R2),0.001,50.03129577636719,14.622227084988495,3653.5931897792034,60.44496000312353,-4870.457586372271
1048596,0,12,4,32,3,1000,XSICNESE Index  (L2),0.01,1676.9898681640625,293.69591409554357,2812297.0311325192,1676.9904684083685,-1406147.5155662596
1048596,0,12,4,32,3,1000,XSICNESE Index  (L2),0.001,115.64154052734375,20.278168932082043,17215.954035082832,131.20958057658302,-8606.977017541416
1048596,0,12,4,32,3,1000,XSICUENE Index  (R1),0.01,30.62786865234375,5.306357932230647,939.7492651659995,30.65533012652122,-555.8884534317034
1048596,0,12,4,32,3,1000,XSICUENE Index  (R1),0.001,16.354217529296875,2.8331270730099103,267.7997319046408,16.364587740136958,-157.69613742497233
1048596,0,12,4,64,2,500,NE,0.01,1742.72739046875,62.83729025113074,3524731.52545859,1877.4268362465127,-3.9603561003761447
1048596,0,12,4,64,2,500,NE,0.001,1361.1045123769532,43.921668571029485,2570452.9660949684,1603.263224207107,-2.617399498090916
1048596,0,12,4,64,2,500,SE,0.01,3162.537612065625,766.0942032864953,10047921.60130021,3169.8456746820043,-95.70062857303343
1048596,0,12,4,64,2,500,SE,0.001,3409.3399802296876,768.4432489980119,11966762.616575267,3459.300885522285,-114.16744585839172
1048596,0,12,4,64,2,500,NAE,0.01,1407.9251720859374,161.7501933496561,2808629.3517435947,1675.8965814582934,-1.9998812237604384
1048596,0,12,4,64,2,500,NAE,0.001,1388.1173107578124,151.58235341713814,2489324.0848598736,1577.7591973618387,-1.658833062963557
1048596,0,12,4,64,2,500,NAW,0.01,1650.1757756035158,37.93323562631815,5028091.950111976,2242.3407301549814,-0.7559305355594665
1048596,0,12,4,64,2,500,NAW,0.001,1522.6075077812502,42.63396021904939,3675682.7720094863,1917.207023774294,-0.28363675176178615
1048596,0,12,4,64,2,500,SAE,0.01,389.22039313281243,10.420586472617648,235616.4339957741,485.4033724602396,-0.5254742927471923
1048596,0,12,4,64,2,500,SAE,0.001,1361.5312996250002,42.1609740907547,2602549.2387079904,1613.2418413579503,-15.849936534261534
1048596,0,12,4,64,2,500,SAW,0.01,91.21238146542973,10.625793692755172,12953.483593269988,113.81337176830317,-1.3189584804203944
1048596,0,12,4,64,2,500,SAW,0.001,819.2224548562499,91.05137843355189,878317.2900464181,937.1858353850735,-156.23811387009553
1048596,0,12,4,64,2,500,XSICFEUW Index  (R4),0.01,1506.6141357421875,33.48478913499292,2470844.967285216,1571.8921614682147,-36.99750820488902
1048596,0,12,4,64,2,500,XSICFEUW Index  (R4),0.001,679.7700805664062,15.050247778265776,528206.0026873499,726.7778220937606,-7.1229345372632675
1048596,0,12,4,64,2,500,XSICFENE Index  (R1),0.01,174.3260498046875,3.4643750163913136,38144.50318270922,195.30617804541978,-165.20698554557393
1048596,0,12,4,64,2,500,XSICFENE Index  (R1),0.001,415.6922607421875,8.262749360242292,231544.87589257956,481.1911012192345,-1007.9101346081898
1048596,0,12,4,64,2,500,XSICFESE Index  (L4),0.01,716.30419921875,12.562645373833414,567383.7784485817,753.2488157631459,-10.32807799404194
1048596,0,12,4,64,2,500,XSICFESE Index  (L4),0.001,35.7550048828125,0.6188442081980524,1421.5770763754845,37.70380718674819,0.9716175600935285
1048596,0,12,4,64,2,500,XSICNEFE Index  (R2),0.01,107.04988861083984,31.290637368687673,15660.972794247093,125.14380845350317,-20880.297058996122
1048596,0,12,4,64,2,500,XSICNEFE Index  (R2),0.001,50.36444091796875,14.724351570879573,4985.953259547707,70.61128280627472,-6646.937679396942
1048596,0,12,4,64,2,500,XSICNESE Index  (L2),0.01,195.26048278808594,34.24252413094181,53380.411455693655,231.04201231744338,-26689.205727846827
1048596,0,12,4,64,2,500,XSICNESE Index  (L2),0.001,233.03900146484375,40.86027888162376,67266.66330071725,259.3581756966941,-33632.331650358625
1048596,0,12,4,64,2,500,XSICUENE Index  (R1),0.01,13.60040283203125,2.3549324587734013,193.92833271808922,13.925815334050974,-113.92049346257139
1048596,0,12,4,64,2,500,XSICUENE Index  (R1),0.001,11.639862060546875,2.014373375272973,167.11605408601463,12.927337470879865,-98.03173575467534
1048596,0,12,4,64,2,1000,NE,0.01,1613.385349453125,54.990182884038596,3293813.932241492,1814.8867546603265,-3.635385678111266
1048596,0,12,4,64,2,1000,NE,0.001,611.5171683828124,32.62721405395387,552243.3488118169,743.1307750401788,0.2228277120157559
1048596,0,12,4,64,2,1000,SE,0.01,3876.9732810109376,934.4524506164344,15078019.62463495,3883.0425731164664,-144.11000714317473
1048596,0,12,4,64,2,1000,SE,0.001,2879.7169333546876,656.7379715777063,8465787.827645209,2909.6026924041034,-80.47426271650977
1048596,0,12,4,64,2,1000,NAE,0.01,1587.0397334765626,177.70488678948354,3490624.9677862087,1868.3214305322863,-2.7283169078720046
1048596,0,12,4,64,2,1000,NAE,0.001,1248.3563854648437,136.00445193986937,1994731.2631477169,1412.3495541641655,-1.1305612501165179
1048596,0,12,4,64,2,1000,NAW,0.01,1657.227563933594,42.51031170368472,4558859.786116773,2135.1486566786803,-0.5920633881005832
1048596,0,12,4,64,2,1000,NAW,0.001,1550.898004607422,42.91980379602946,3828744.6339258263,1956.7178217427843,-0.33708963206611364
1048596,0,12,4,64,2,1000,SAE,0.01,381.76616949999993,10.487387307409765,189364.0845549325,435.1598379388113,-0.22601822826728712
1048596,0,12,4,64,2,1000,SAE,0.001,1702.0557136875002,52.29389984786156,3622815.562112046,1903.3695285235724,-22.45554558161896
1048596,0,12,4,64,2,1000,SAW,0.01,75.42217455625004,8.785515677073565,7576.272262539738,87.04178457809638,-0.3563193782341594
1048596,0,12,4,64,2,1000,SAW,0.001,989.1554077371093,110.46795800997849,1224092.0066552323,1106.3869154392744,-218.13939360086732
1048596,0,12,4,64,2,1000,XSICFEUW Index  (R4),0.01,742.4557495117188,16.307434983873666,682603.0979181081,826.1979774352562,-9.497306450725597
1048596,0,12,4,64,2,1000,XSICFEUW Index  (R4),0.001,914.005859375,20.373283463234273,892658.8482706845,944.8062490641584,-12.727616406706257
1048596,0,12,4,64,2,1000,XSICFENE Index  (R1),0.01,1306.8300170898438,25.95787081791925,1722568.4595463425,1312.4665555915483,-7504.744921770555
1048596,0,12,4,64,2,1000,XSICFENE Index  (R1),0.001,581.0333251953125,11.546076204522857,393582.8811185956,627.3618422558035,-1713.958087662726
1048596,0,12,4,64,2,1000,XSICFESE Index  (L4),0.01,1112.1566162109375,19.376720315006395,1243931.2737736106,1115.3166697282036,-23.835659784045813
1048596,0,12,4,64,2,1000,XSICFESE Index  (L4),0.001,230.0216064453125,3.990218128289033,64524.52252691984,254.01677607378582,-0.2882617576975801
1048596,0,12,4,64,2,1000,XSICNEFE Index  (R2),0.01,192.60523986816406,56.247831178849594,37727.58422532771,194.23589839503848,-50302.44563377028
1048596,0,12,4,64,2,1000,XSICNEFE Index  (R2),0.001,35.70655059814453,10.434820563488714,2619.080293328734,51.17695080139822,-3491.1070577716455
1048596,0,12,4,64,2,1000,XSICNESE Index  (L2),0.01,84.38517761230469,14.79243287113549,8378.31866929587,91.53315612004138,-4188.159334647935
1048596,0,12,4,64,2,1000,XSICNESE Index  (L2),0.001,103.38432312011719,18.140566861909345,17569.981578462757,132.55180714898896,-8783.990789231379
1048596,0,12,4,64,2,1000,XSICUENE Index  (R1),0.01,15.463623046875,2.678770558572594,241.46174719184637,15.53903945525097,-142.0884427803534
1048596,0,12,4,64,2,1000,XSICUENE Index  (R1),0.001,8.116226196289062,1.407284149679543,77.1468295911327,8.783326795191712,-44.716639757708265
1048596,0,12,4,64,3,500,NE,0.01,1011.7751971914062,36.6796336903964,1271616.5792219639,1127.6597799079134,-0.7895465258910594
1048596,0,12,4,64,3,500,NE,0.001,1212.2568399316406,39.33646876669763,2021813.6111119178,1421.9049233728385,-1.8452991120785285
1048596,0,12,4,64,3,500,SE,0.01,3650.351088628125,900.1847432139326,13429059.415330267,3664.5681076124465,-128.24050745370164
1048596,0,12,4,64,3,500,SE,0.001,3484.0332785695314,841.8427023922762,12193622.602061884,3491.9367981196174,-116.35073351379961
1048596,0,12,4,64,3,500,NAE,0.01,1323.1558849765624,139.95291811695964,2101261.0013416614,1449.5726961217438,-1.2443450646955885
1048596,0,12,4,64,3,500,NAE,0.001,1376.754639859375,145.75259775065206,2339047.918517798,1529.3946248492566,-1.4983239343708394
1048596,0,12,4,64,3,500,NAW,0.01,1688.2684269707033,44.76413701222993,4568408.66761803,2137.3836032911895,-0.5953980869833517
1048596,0,12,4,64,3,500,NAW,0.001,1622.4020939628908,47.436238151217594,3814050.4505407875,1952.9594083187667,-0.3319580701223579
1048596,0,12,4,64,3,500,SAE,0.01,1157.2366229765628,34.99629519143451,1493636.2399906802,1222.1441158843259,-8.670393733495791
1048596,0,12,4,64,3,500,SAE,0.001,956.3366651054687,29.01333436720515,1211579.190060568,1100.717579609124,-6.844244464280492
1048596,0,12,4,64,3,500,SAW,0.01,1790.2375915750001,202.12722307151222,3210536.2088045487,1791.7969217532852,-573.7565984467815
1048596,0,12,4,64,3,500,SAW,0.001,357.0936706765625,40.23949234617069,145908.48170254097,381.9796875522846,-25.12082754211113
1048596,0,12,4,64,3,500,XSICFEUW Index  (R4),0.01,847.8037719726562,18.49373688222856,994393.5711577684,997.192845520749,-14.292128150181362
1048596,0,12,4,64,3,500,XSICFEUW Index  (R4),0.001,757.6920776367188,16.736389082366898,661036.3265681118,813.0414051990906,-9.165645184165099
1048596,0,12,4,64,3,500,XSICFENE Index  (R1),0.01,1315.468505859375,26.127601447201688,1730676.0630472898,1315.5516193016867,-7540.0721701406965
1048596,0,12,4,64,3,500,XSICFENE Index  (R1),0.001,89.892333984375,1.7883648554668867,14044.504210591316,118.50951105540565,-60.19609677817567
1048596,0,12,4,64,3,500,XSICFESE Index  (L4),0.01,1247.31103515625,22.01416861050591,1855824.1472502947,1362.2863675638448,-36.05238232358609
1048596,0,12,4,64,3,500,XSICFESE Index  (L4),0.001,282.135009765625,4.8146082848280845,96959.46026575565,311.38314062542895,-0.9358402017660579
1048596,0,12,4,64,3,500,XSICNEFE Index  (R2),0.01,379.7573547363281,110.87929170406969,144216.18476500176,379.75806082952573,-192287.24635333568
1048596,0,12,4,64,3,500,XSICNEFE Index  (R2),0.001,62.228515625,18.188670124794275,6255.277724113781,79.0903137186456,-8339.370298818374
1048596,0,12,4,64,3,500,XSICNESE Index  (L2),0.01,1670.7444458007812,292.60212159555465,2791388.9096907526,1670.7450163596936,-1395693.4548453763
1048596,0,12,4,64,3,500,XSICNESE Index  (L2),0.001,105.47402954101562,18.49709998611465,14771.941794294864,121.53987738308305,-7384.970897147432
1048596,0,12,4,64,3,500,XSICUENE Index  (R1),0.01,16.307525634765625,2.825560618974902,267.63358386047184,16.35951050186013,-157.59767932472406
1048596,0,12,4,64,3,500,XSICUENE Index  (R1),0.001,19.852951049804688,3.438674143961503,396.3589993910864,19.90876689780375,-233.87940704656972
1048596,0,12,4,64,3,1000,NE,0.01,761.61763225,43.343526994815264,965931.0825401227,982.8179294966707,-0.359355202861144
1048596,0,12,4,64,3,1000,NE,0.001,1236.59116,39.792207580211404,2127623.7510132757,1458.6376352656187,-1.9942057647272198
1048596,0,12,4,64,3,1000,SE,0.01,3660.4683981984376,902.5423240835801,13502937.128202656,3674.6342849598864,-128.9515023793959
1048596,0,12,4,64,3,1000,SE,0.001,3519.370070561719,836.8031500265579,12424842.34163547,3524.888982880946,-118.57597919568924
1048596,0,12,4,64,3,1000,NAE,0.01,1333.894776578125,141.44840053358547,2147984.620454577,1465.6004300130976,-1.2942502996444274
1048596,0,12,4,64,3,1000,NAE,0.001,1300.56347775,128.89631173094435,1878325.3304022565,1370.5200948553277,-1.0062287276494142
1048596,0,12,4,64,3,1000,NAW,0.01,1691.4349003593752,64.17745062462392,3152170.605978259,1775.4353285823336,-0.10081372322694859
1048596,0,12,4,64,3,1000,NAW,0.001,1605.601099089844,48.793784880356405,3595260.8262854842,1896.117302881202,-0.2555514757511246
1048596,0,12,4,64,3,1000,SAE,0.01,999.0393573515628,30.385547791040334,1152527.2230879087,1073.5582066604068,-6.4619185966605635
1048596,0,12,4,64,3,1000,SAE,0.001,785.6804151054687,22.56761585483161,703444.5503356659,838.7160129243186,-3.5543791649499834
1048596,0,12,4,64,3,1000,SAW,0.01,1796.0691345437501,202.7835015395272,3231453.885134453,1797.6245117194117,-577.5013226027701
1048596,0,12,4,64,3,1000,SAW,0.001,304.7201507791016,34.37761630320342,119288.35173443748,345.3814582956611,-20.355238757060356
1048596,0,12,4,64,3,1000,XSICFEUW Index  (R4),0.01,517.1354370117188,11.34672956378271,332400.4557976872,576.5418075020121,-4.111769137162344
1048596,0,12,4,64,3,1000,XSICFEUW Index  (R4),0.001,658.5225830078125,14.475178846596828,527842.7816229165,726.5278945938115,-7.117348798150239
1048596,0,12,4,64,3,1000,XSICFENE Index  (R1),0.01,1392.17333984375,27.651067039128407,1938374.5880144835,1392.2552165513632,-8445.076636228687
1048596,0,12,4,64,3,1000,XSICFENE Index  (R1),0.001,430.3702392578125,8.553329740391744,222298.52405399084,471.4854441591923,-967.6210198430973
1048596,0,12,4,64,3,1000,XSICFESE Index  (L4),0.01,291.775146484375,5.220093141354008,135219.12892830372,367.72153721029684,-1.6997120766734293
1048596,0,12,4,64,3,1000,XSICFESE Index  (L4),0.001,185.5506591796875,3.3030541822614263,50248.74914962053,224.1623276771111,-0.003239378866970899
1048596,0,12,4,64,3,1000,XSICNEFE Index  (R2),0.01,463.89784240722656,135.44611153303646,215201.92364615668,463.8986135419642,-286934.89819487557
1048596,0,12,4,64,3,1000,XSICNEFE Index  (R2),0.001,35.149749755859375,10.268254165307008,1468.730728102848,38.32402285907428,-1957.307637470464
1048596,0,12,4,64,3,1000,XSICNESE Index  (L2),0.01,78.65090942382812,13.77726705219182,6240.5909114759415,78.99741078969576,-3119.2954557379708
1048596,0,12,4,64,3,1000,XSICNESE Index  (L2),0.001,163.9300994873047,28.735057765100496,30687.744048248045,175.17917698244858,-15342.872024124023
1048596,0,12,4,64,3,1000,XSICUENE Index  (R1),0.01,32.35945129394531,5.606330597258985,1048.8179059633985,32.38545824847008,-620.5217220523843
1048596,0,12,4,64,3,1000,XSICUENE Index  (R1),0.001,13.220535278320312,2.29081041299617,181.42742836568505,13.469499930052528,-106.51255014262817
1048596,0,12,8,32,2,500,NE,0.01,724.2100888847658,41.339060319255005,614128.0934265454,783.6632525686945,0.23575070637768114
1048596,0,12,8,32,2,500,NE,0.001,542.6684476494142,30.08675714242015,398771.3084426314,631.4834189768021,0.5037506115479788
1048596,0,12,8,32,2,500,SE,0.01,1195.9025188550781,231.31022384409562,1889449.0233657693,1374.5723056157392,-0.22940809378409832
1048596,0,12,8,32,2,500,SE,0.001,1821.5008159742188,354.20637567288765,5001182.37354011,2236.3323486324903,-2.2541201231076147
1048596,0,12,8,32,2,500,NAE,0.01,694.1289743808594,58.553293139384756,716341.3115920234,846.369488812081,-0.09552713583882944
1048596,0,12,8,32,2,500,NAE,0.001,790.4959282753906,73.07699992051893,1015374.159968945,1007.6577593453766,-0.5528490780510253
1048596,0,12,8,32,2,500,NAW,0.01,998.2206000859376,30.824710617928396,2562930.7527353796,1600.9155982547547,-0.2468982471583585
1048596,0,12,8,32,2,500,NAW,0.001,1034.2901005400392,35.4111821988644,2311809.5330674015,1520.4635914968176,-0.12472459564862515
1048596,0,12,8,32,2,500,SAE,0.01,565.3219714101563,18.554146661635702,476388.9839310746,690.2093768785488,-1.7162115446778436
1048596,0,12,8,32,2,500,SAE,0.001,1005.4132579365235,32.29106006596068,1683967.8855453636,1297.677882043677,-8.60142481432114
1048596,0,12,8,32,2,500,SAW,0.01,617.5212029078125,65.69939006545786,498286.98252744356,705.8944556571071,-2.6117342336433964
1048596,0,12,8,32,2,500,SAW,0.001,717.2882011988281,75.73862549116636,721852.4976361392,849.6190308815706,-4.232204470061271
1048596,0,12,8,32,2,500,XSICFEUW Index  (R4),0.01,458.6628723144531,10.344746857182487,228276.57165516168,477.7829754764831,-1.3995176207088607
1048596,0,12,8,32,2,500,XSICFEUW Index  (R4),0.001,422.8349914550781,9.61678915177189,200371.378733702,447.6286169736046,-1.1061935987173617
1048596,0,12,8,32,2,500,XSICFENE Index  (R1),0.01,1193.9186401367188,23.888061834258835,2119454.44247441,1455.8346205783162,-9.020587407093801
1048596,0,12,8,32,2,500,XSICFENE Index  (R1),0.001,1423.1785583496094,29.61814323088752,2286776.8920475766,1512.2092752154301,-9.811672696551353
1048596,0,12,8,32,2,500,XSICFESE Index  (L4),0.01,737.4918823242188,12.875448737884257,904519.0068143904,951.0620415169509,-18.89889082930961
1048596,0,12,8,32,2,500,XSICFESE Index  (L4),0.001,614.7161865234375,10.686997577845235,457152.38827329874,676.1304521120896,-9.057086029232797
1048596,0,12,8,32,2,500,XSICNEFE Index  (R2),0.01,228.3071403503418,66.30607052804702,56569.38219313428,237.84318824203118,-4288.62139853151
1048596,0,12,8,32,2,500,XSICNEFE Index  (R2),0.001,146.24961471557617,42.55178088208187,27381.540533629595,165.473685320747,-2075.3253485216756
1048596,0,12,8,32,2,500,XSICNESE Index  (L2),0.01,168.2175521850586,29.654760818627402,30143.381472764304,173.61849404013475,-174.57120624835414
1048596,0,12,8,32,2,500,XSICNESE Index  (L2),0.001,180.65200805664062,31.842938564619683,42287.28371573798,205.63872134337439,-245.30380031008656
1048596,0,12,8,32,2,500,XSICUENE Index  (R1),0.01,23.457679748535156,4.069710422639777,577.7439686604775,24.036305220654807,-31.577633475128252
1048596,0,12,8,32,2,500,XSICUENE Index  (R1),0.001,14.313758850097656,2.4827364377058547,279.70714282011613,16.72444745933677,-14.772032722896416
1048596,0,12,8,32,2,1000,NE,0.01,723.4385438125,27.56587527037816,1050503.4517765841,1024.9407064687127,-0.30729489427613843
1048596,0,12,8,32,2,1000,NE,0.001,735.9096891044924,38.66519534929163,724815.1948227837,851.3607900430837,0.09800657781454936
1048596,0,12,8,32,2,1000,SE,0.01,1570.6940050406251,338.92893682803515,3866415.895924115,1966.3203950333514,-1.5157614402939172
1048596,0,12,8,32,2,1000,SE,0.001,1644.7286327144532,323.02278264182956,4008289.675843595,2002.0713463419816,-1.6080744750314455
1048596,0,12,8,32,2,1000,NAE,0.01,690.0622876699218,50.71085349046571,674844.7383362775,821.4893415840996,-0.03206489889906683
1048596,0,12,8,32,2,1000,NAE,0.001,780.6334146884766,76.31519070760646,1117232.205622674,1056.9920556100099,-0.7086243365924776
1048596,0,12,8,32,2,1000,NAW,0.01,984.6449317509766,29.763136451611683,2557948.3277138993,1599.3587238996445,-0.24447423432880733
1048596,0,12,8,32,2,1000,NAW,0.001,996.7591654521485,34.00632391158847,2193070.638982809,1480.9019680528515,-0.0669566209401462
1048596,0,12,8,32,2,1000,SAE,0.01,395.65146211328107,11.027859772462515,255597.66870281013,505.5666807680369,-0.4573328979911149
1048596,0,12,8,32,2,1000,SAE,0.001,1234.1589250253908,39.63215797855268,2314499.1030408638,1521.3477916113934,-12.196504108784518
1048596,0,12,8,32,2,1000,SAW,0.01,636.1428612330078,67.70395029000102,530071.4452031747,728.0600560415155,-2.8421175989916505
1048596,0,12,8,32,2,1000,SAW,0.001,892.7584612974608,93.62523426603848,1127562.0462321127,1061.8672451074628,-7.17290955962155
1048596,0,12,8,32,2,1000,XSICFEUW Index  (R4),0.01,394.1335144042969,8.64972610380645,326383.27693032473,571.2996384825784,-2.4307612840886357
1048596,0,12,8,32,2,1000,XSICFEUW Index  (R4),0.001,366.05963134765625,8.359517628855725,159435.2192517817,399.29339996020684,-0.6758952317460929
1048596,0,12,8,32,2,1000,XSICFENE Index  (R1),0.01,1822.4115905761719,37.51472553859516,3941935.304041527,1985.4307603241991,-17.637110794012234
1048596,0,12,8,32,2,1000,XSICFENE Index  (R1),0.001,739.364501953125,14.862380895919447,834034.2629381716,913.254763435796,-2.9432379695436226
1048596,0,12,8,32,2,1000,XSICFESE Index  (L4),0.01,1073.043701171875,18.631913463798615,1298549.737131238,1139.5392652871765,-27.5673371824519
1048596,0,12,8,32,2,1000,XSICFESE Index  (L4),0.001,459.1934814453125,8.058178867361404,284035.532245934,532.9498402719847,-5.248616121083339
1048596,0,12,8,32,2,1000,XSICNEFE Index  (R2),0.01,134.75052642822266,39.15817309099643,20837.388451352017,144.35161395478755,-1579.0863280646079
1048596,0,12,8,32,2,1000,XSICNEFE Index  (R2),0.001,183.52621841430664,53.44159291180192,49779.36277511262,223.11289244486213,-3773.7384094872127
1048596,0,12,8,32,2,1000,XSICNESE Index  (L2),0.01,31.92474365234375,5.6907116347079105,1210.2227074978873,34.78825530977211,-6.048985555138769
1048596,0,12,8,32,2,1000,XSICNESE Index  (L2),0.001,159.82878875732422,28.041731008701127,50835.86075554555,225.46809254425682,-295.09529380732755
1048596,0,12,8,32,2,1000,XSICUENE Index  (R1),0.01,5.141044616699219,0.8941444963148671,44.11581326229498,6.641973596928475,-1.487587708182272
1048596,0,12,8,32,2,1000,XSICUENE Index  (R1),0.001,13.498207092285156,2.343455606043411,215.2485730680637,14.67135212133032,-11.13736447256042
1048596,0,12,8,32,3,500,NE,0.01,1377.9431960625002,98.6078261392575,2601678.338077777,1612.9718962454917,-2.2376483886520813
1048596,0,12,8,32,3,500,NE,0.001,737.2988034843752,35.07568083015381,821739.4310920322,906.4984451680169,-0.022610407300651003
1048596,0,12,8,32,3,500,SE,0.01,1401.615117101172,306.1738476962524,2986389.4479411873,1728.1173131304447,-0.9431544927050275
1048596,0,12,8,32,3,500,SE,0.001,1514.7730966441407,296.33110266464286,3216813.0345022324,1793.5476114400287,-1.0930842440842317
1048596,0,12,8,32,3,500,NAE,0.01,681.9908660019531,57.51546118835332,720810.0768173349,849.0053455764191,-0.10236138299001141
1048596,0,12,8,32,3,500,NAE,0.001,723.4667523916015,63.346486860094565,808763.4975338379,899.3127918215318,-0.2368717867954746
1048596,0,12,8,32,3,500,NAW,0.01,996.3629188115235,32.54742175990676,2381765.846242984,1543.2970699910577,-0.15875922736202486
1048596,0,12,8,32,3,500,NAW,0.001,978.9823493535157,34.92047625634412,2026422.7782320692,1423.5247726091982,0.014119672377967518
1048596,0,12,8,32,3,500,SAE,0.01,374.3465229023437,10.644245854696754,210184.9453705919,458.4593170288852,-0.19840465331936397
1048596,0,12,8,32,3,500,SAE,0.001,593.910091017578,18.533565630168038,467954.46951521747,684.0719768527413,-1.6681207487046574
1048596,0,12,8,32,3,500,SAW,0.01,696.4813006529297,73.67675496119183,623223.3247010874,789.4449472262695,-3.517310497678917
1048596,0,12,8,32,3,500,SAW,0.001,751.6566551783203,80.52667412157925,765295.7507394631,874.8118373338709,-4.5470942624019095
1048596,0,12,8,32,3,500,XSICFEUW Index  (R4),0.01,518.2290649414062,11.703640872892642,308008.35994020104,554.9850087526698,-2.237614274839395
1048596,0,12,8,32,3,500,XSICFEUW Index  (R4),0.001,609.42578125,14.125845625774463,530302.983994782,728.2190494588713,-4.574252956331341
1048596,0,12,8,32,3,500,XSICFENE Index  (R1),0.01,2759.248825073242,58.18098237600168,7909108.781004587,2812.313777124556,-36.393545369034975
1048596,0,12,8,32,3,500,XSICFENE Index  (R1),0.001,1016.0131530761719,21.221310834989954,1177900.114054285,1085.3110678760652,-4.569004368844428
1048596,0,12,8,32,3,500,XSICFESE Index  (L4),0.01,459.340576171875,8.030437647505167,242779.2227795124,492.72631630501775,-4.341001364613111
1048596,0,12,8,32,3,500,XSICFESE Index  (L4),0.001,773.7952880859375,13.56285897974335,738106.8651953936,859.1314597867974,-15.237920729399328
1048596,0,12,8,32,3,500,XSICNEFE Index  (R2),0.01,290.5080261230469,84.16313396320992,84405.51918337867,290.52627967772327,-6399.418516275159
1048596,0,12,8,32,3,500,XSICNEFE Index  (R2),0.001,126.47624206542969,36.79371083030443,21124.602223017486,145.34305013662498,-1600.8655714136482
1048596,0,12,8,32,3,500,XSICNESE Index  (L2),0.01,28.49609375,5.096516549168784,976.5981532623991,31.25057044699183,-4.688230961848703
1048596,0,12,8,32,3,500,XSICNESE Index  (L2),0.001,127.90685272216797,22.56554884173545,22107.009889996145,148.68426241534826,-127.76307180194334
1048596,0,12,8,32,3,500,XSICUENE Index  (R1),0.01,35.62786865234375,6.1951333798112636,1287.0801935959607,35.87589989945842,-71.57544703977223
1048596,0,12,8,32,3,500,XSICUENE Index  (R1),0.001,15.391014099121094,2.668700231804865,311.4906074232422,17.649096504445836,-16.564228083777532
1048596,0,12,8,32,3,1000,NE,0.01,1468.37053821875,105.02587649471549,2959682.4150694697,1720.3727546870387,-2.6831651560551615
1048596,0,12,8,32,3,1000,NE,0.001,611.6088809931642,25.52046638438941,687597.9024644537,829.2152328946048,0.14432149110354875
1048596,0,12,8,32,3,1000,SE,0.01,1425.3457286617188,313.6031573382119,3224263.6533461288,1795.6234720414325,-1.0979321394215025
1048596,0,12,8,32,3,1000,SE,0.001,1670.4931865796875,342.49785859893296,4258851.429619805,2063.6984832140097,-1.7711075308460336
1048596,0,12,8,32,3,1000,NAE,0.01,713.8297800449219,62.94421520994492,784097.1338427531,885.4925938949197,-0.19914860885115515
1048596,0,12,8,32,3,1000,NAE,0.001,743.8087181923828,72.58168395150842,1012166.164701054,1006.0646921053606,-0.5479429728037843
1048596,0,12,8,32,3,1000,NAW,0.01,1382.220132888672,69.28465355122346,2148183.548081534,1465.6682940152366,-0.04511848313439315
1048596,0,12,8,32,3,1000,NAW,0.001,1062.732669788086,39.65947135786217,2190755.0837825597,1480.1199558760634,-0.06583007403000907
1048596,0,12,8,32,3,1000,SAE,0.01,376.6556354511718,11.439910908482325,176815.371305716,420.49419889662687,-0.008142440352004288
1048596,0,12,8,32,3,1000,SAE,0.001,549.2724255371093,17.158899865442894,346065.9021272308,588.2736626156493,-0.9731526762452116
1048596,0,12,8,32,3,1000,SAW,0.01,660.986916408789,70.29002800273028,571371.3730540279,755.8911119030491,-3.1414719239016202
1048596,0,12,8,32,3,1000,SAW,0.001,817.8519061216796,87.01201052424948,889443.9077992381,943.1033388760948,-5.446957523172185
1048596,0,12,8,32,3,1000,XSICFEUW Index  (R4),0.01,431.5113830566406,9.922133113852187,228726.1645816639,478.25324314808773,-1.4042434939838362
1048596,0,12,8,32,3,1000,XSICFEUW Index  (R4),0.001,620.5689086914062,14.426151880772862,566423.9061929286,752.6113912192192,-4.95393620048675
1048596,0,12,8,32,3,1000,XSICFENE Index  (R1),0.01,1997.1817932128906,40.94251229525792,4888247.6807420775,2210.938190167712,-22.11118945081593
1048596,0,12,8,32,3,1000,XSICFENE Index  (R1),0.001,715.7530517578125,14.780080754610731,664568.3089099526,815.2105917552548,-2.142018386411766
1048596,0,12,8,32,3,1000,XSICFESE Index  (L4),0.01,1851.07080078125,32.283783278299474,3500233.9196389914,1870.891209995651,-76.0031056497581
1048596,0,12,8,32,3,1000,XSICFESE Index  (L4),0.001,817.0897216796875,14.336621663850249,736556.7121394277,858.2288227153803,-15.203818265883363
1048596,0,12,8,32,3,1000,XSICNEFE Index  (R2),0.01,96.55333709716797,28.09451837774689,12025.561655009398,109.66112189381157,-910.8909311855468
1048596,0,12,8,32,3,1000,XSICNEFE Index  (R2),0.001,184.75209045410156,53.71979835155645,46488.972474182025,215.61301554911296,-3524.230140222334
1048596,0,12,8,32,3,1000,XSICNESE Index  (L2),0.01,32.31361389160156,5.682336227356352,2553.093404037878,50.52814467242863,-13.870584078851856
1048596,0,12,8,32,3,1000,XSICNESE Index  (L2),0.001,102.35006713867188,17.977167366539778,21470.30579726491,146.52749160913427,-124.0545659833413
1048596,0,12,8,32,3,1000,XSICUENE Index  (R1),0.01,24.361190795898438,4.22555776264597,698.2537126569077,26.424490773842884,-38.372896572724315
1048596,0,12,8,32,3,1000,XSICUENE Index  (R1),0.001,13.513168334960938,2.344059215824498,349.60890122968704,18.697831457944183,-18.71362967286341
1048596,0,12,8,64,2,500,NE,0.01,1324.0808091323242,60.75042970509301,2436263.119860432,1560.8533306689749,-2.0317980700782603
1048596,0,12,8,64,2,500,NE,0.001,1106.814642107422,64.8107398606635,1500822.064006093,1225.080431647691,-0.8676921224523622
1048596,0,12,8,64,2,500,SE,0.01,1207.6443096265625,242.93989543890038,2001833.694257691,1414.8617226632753,-0.3025334453035946
1048596,0,12,8,64,2,500,SE,0.001,1880.3344676753907,385.02557512658143,6062343.539984806,2462.1826780287456,-2.9445860265023174
1048596,0,12,8,64,2,500,NAE,0.01,693.2810987050781,52.51166515017923,683986.0867230393,827.0345136226415,-0.04604509947356261
1048596,0,12,8,64,2,500,NAE,0.001,815.9779123691407,84.21135427674298,1379946.3578555388,1174.711180612298,-1.110402759925841
1048596,0,12,8,64,2,500,NAW,0.01,995.7664832646485,32.367715734366875,2390665.2066458953,1546.1776116106116,-0.16308887882661383
1048596,0,12,8,64,2,500,NAW,0.001,915.3663584453126,35.4566676516481,1557963.2490213232,1248.1839804377091,0.2420311620715867
1048596,0,12,8,64,2,500,SAE,0.01,406.29897651562493,12.328150889517294,195413.05282878623,442.0554861426179,-0.11418023501375885
1048596,0,12,8,64,2,500,SAE,0.001,1482.9355470449218,47.63012146324236,3209584.3474907177,1791.5312856578078,-17.299982477203805
1048596,0,12,8,64,2,500,SAW,0.01,643.1519249537109,68.37281757178506,540105.1472365163,734.9184629851916,-2.9148448954989425
1048596,0,12,8,64,2,500,SAW,0.001,839.947212518164,88.24037409886753,1031471.8794035264,1015.6140405702978,-6.476419068758293
1048596,0,12,8,64,2,500,XSICFEUW Index  (R4),0.01,474.77569580078125,10.745637793228275,258286.82544115186,508.21926905731533,-1.7149688833562071
1048596,0,12,8,64,2,500,XSICFEUW Index  (R4),0.001,283.71173095703125,6.354388932880917,109799.17334571481,331.3595831505629,-0.1541484492780274
1048596,0,12,8,64,2,500,XSICFENE Index  (R1),0.01,1794.9649658203125,36.58628021751753,4137063.958144501,2033.9773740493035,-18.55966128383765
1048596,0,12,8,64,2,500,XSICFENE Index  (R1),0.001,1029.1257934570312,21.44285522654953,1239171.747288987,1113.1809139978043,-4.8586910656185855
1048596,0,12,8,64,2,500,XSICFESE Index  (L4),0.01,813.947021484375,14.286665047657248,778453.3696004152,882.3000451096074,-16.125520304921054
1048596,0,12,8,64,2,500,XSICFESE Index  (L4),0.001,495.1854248046875,8.619575478000801,262764.43767029047,512.6055380800041,-4.7806644411387005
1048596,0,12,8,64,2,500,XSICNEFE Index  (R2),0.01,268.6753616333008,78.04012980747797,78809.05864739185,280.7295115362684,-5975.042361887534
1048596,0,12,8,64,2,500,XSICNEFE Index  (R2),0.001,181.80963134765625,52.93051464332038,47255.40517574106,217.38308392269408,-3582.3482597718344
1048596,0,12,8,64,2,500,XSICNESE Index  (L2),0.01,32.593658447265625,5.872350301065318,1923.9791702721268,43.86318695982004,-10.206285665946133
1048596,0,12,8,64,2,500,XSICNESE Index  (L2),0.001,318.6722106933594,56.00479696379216,166989.67242030893,408.64369861813475,-971.6373348106818
1048596,0,12,8,64,2,500,XSICUENE Index  (R1),0.01,32.062522888183594,5.5620972600322505,1365.6301585906185,36.95443354444252,-76.00469616722431
1048596,0,12,8,64,2,500,XSICUENE Index  (R1),0.001,13.907867431640625,2.4139698747961593,345.88980296067894,18.5981128870829,-18.503918404831236
1048596,0,12,8,64,2,1000,NE,0.01,885.352850453125,33.590972229079114,1574683.9412379186,1254.8641126583861,-0.9596092454504048
1048596,0,12,8,64,2,1000,NE,0.001,770.3413144707033,44.317995662443145,729192.3833621787,853.9276218522145,0.09255940272991947
1048596,0,12,8,64,2,1000,SE,0.01,1263.714225398047,252.8445501116751,2224773.406832948,1491.5674328815803,-0.447593663217112
1048596,0,12,8,64,2,1000,SE,0.001,2047.5386095328126,408.4465472949249,6916955.045183559,2630.0104648429747,-3.5006562292647887
1048596,0,12,8,64,2,1000,NAE,0.01,732.2770151523438,64.85409379818896,798479.2644374322,893.5766695910498,-0.22114373056573555
1048596,0,12,8,64,2,1000,NAE,0.001,915.093237498047,91.25529887971425,1566567.1341727292,1251.6257963835394,-1.3958087825275771
1048596,0,12,8,64,2,1000,NAW,0.01,978.8067414726563,28.00207520995146,2710953.6919869133,1646.4974011479378,-0.31891328045372846
1048596,0,12,8,64,2,1000,NAW,0.001,946.3508033330079,34.09240818572853,1849315.0483090726,1359.8952343136853,0.10028482442645192
1048596,0,12,8,64,2,1000,SAE,0.01,551.9491800527344,17.884694406716367,435351.175517912,659.8114696774466,-1.482227609826325
1048596,0,12,8,64,2,1000,SAE,0.001,1535.8890077382812,49.51051069089962,3790962.876732243,1947.039515965776,-20.614809490882468
1048596,0,12,8,64,2,1000,SAW,0.01,734.3458941587891,77.25461666620073,679617.3525401992,824.3890783727057,-3.926071408683331
1048596,0,12,8,64,2,1000,SAW,0.001,929.4761126646486,97.43807313062503,1248956.9047324765,1117.5674050062826,-8.052816082585778
1048596,0,12,8,64,2,1000,XSICFEUW Index  (R4),0.01,353.49603271484375,7.805132967099601,239191.79136775434,489.07237845512634,-1.5142523998601778
1048596,0,12,8,64,2,1000,XSICFEUW Index  (R4),0.001,470.99566650390625,10.86250638202369,343389.7159088552,585.9946381229569,-2.609523606032641
1048596,0,12,8,64,2,1000,XSICFENE Index  (R1),0.01,2012.04052734375,41.054454174086,5159988.289749429,2271.560760743465,-23.39595427993678
1048596,0,12,8,64,2,1000,XSICFENE Index  (R1),0.001,640.970947265625,13.033691062473004,591323.0433625728,768.975320385884,-1.7957214475087362
1048596,0,12,8,64,2,1000,XSICFESE Index  (L4),0.01,722.4072265625,12.653842829230497,755711.9660964608,869.3169537610898,-15.625222685720967
1048596,0,12,8,64,2,1000,XSICFESE Index  (L4),0.001,541.102294921875,9.466430139283899,528084.5715504885,726.694276536212,-10.61755270896396
1048596,0,12,8,64,2,1000,XSICNEFE Index  (R2),0.01,324.1974868774414,94.2315921266927,122378.91184696415,349.82697415574484,-9278.917486025717
1048596,0,12,8,64,2,1000,XSICNEFE Index  (R2),0.001,147.4352912902832,43.00020943656043,40612.65061807877,201.52580633278401,-3078.632274356684
1048596,0,12,8,64,2,1000,XSICNESE Index  (L2),0.01,149.46820068359375,26.49490922402642,22744.046258655377,150.8112935381677,-131.47351297360248
1048596,0,12,8,64,2,1000,XSICNESE Index  (L2),0.001,293.22505950927734,51.56500210009348,136455.62659370573,369.39900729929656,-793.7906900252245
1048596,0,12,8,64,2,1000,XSICUENE Index  (R1),0.01,33.72245788574219,5.851805473955187,1375.369679665193,37.08597686006387,-76.55388502076859
1048596,0,12,8,64,2,1000,XSICUENE Index  (R1),0.001,23.975231170654297,4.1588076269271985,1176.0909538135165,34.29418250685554,-65.31702294631283
1048596,0,12,8,64,3,500,NE,0.01,900.4941770195314,55.956244908654455,940056.739349461,969.5652321269885,-0.16984991682139472
1048596,0,12,8,64,3,500,NE,0.001,690.9455203974611,25.57452432244387,1055372.1706659165,1027.3130830793095,-0.31335375237405905
1048596,0,12,8,64,3,500,SE,0.01,2599.9753003335936,489.48300929823984,8294622.456408964,2880.0386206453836,-4.397063300827905
1048596,0,12,8,64,3,500,SE,0.001,1702.8523784742188,353.6332691136891,4724304.793347388,2173.546593323315,-2.0739641443715886
1048596,0,12,8,64,3,500,NAE,0.01,861.2457427792968,78.61034827989238,1132543.8175325692,1064.2104197632013,-0.7320409482959733
1048596,0,12,8,64,3,500,NAE,0.001,748.4705881503907,72.45997365073971,1056169.804949729,1027.7012235809243,-0.6152393595792109
1048596,0,12,8,64,3,500,NAW,0.01,1383.6960545195313,69.40786640929801,2150412.20148011,1466.4283826631665,-0.04620275121820394
1048596,0,12,8,64,3,500,NAW,0.001,1156.9513950957032,50.409698946024626,2127573.8706583967,1458.6205368972414,-0.03509161423597207
1048596,0,12,8,64,3,500,SAE,0.01,1346.491344511719,42.3580921178345,1988424.092999349,1410.1149219121642,-10.337332850462873
1048596,0,12,8,64,3,500,SAE,0.001,837.658626173828,26.361355665535374,1094354.1776592291,1046.1138454581458,-5.239643550940078
1048596,0,12,8,64,3,500,SAW,0.01,947.0935595640624,97.14467695349514,1043191.9208062496,1021.367671706056,-6.561369461279539
1048596,0,12,8,64,3,500,SAW,0.001,674.0966423609375,71.98862963847023,606561.7649472137,778.8207527712739,-3.39654249076907
1048596,0,12,8,64,3,500,XSICFEUW Index  (R4),0.01,265.6439208984375,6.018349542815082,97312.22576749325,311.9490755996774,-0.022892532275416322
1048596,0,12,8,64,3,500,XSICFEUW Index  (R4),0.001,382.4424133300781,8.602226704989175,197829.47180516273,444.7802511411256,-1.079474472786008
1048596,0,12,8,64,3,500,XSICFENE Index  (R1),0.01,2406.9793548583984,49.84685120711149,6621354.86239106,2573.1993436947437,-30.305162225857217
1048596,0,12,8,64,3,500,XSICFENE Index  (R1),0.001,569.5711059570312,12.045585662865498,338349.33837756515,581.6780366986235,-0.599684829925607
1048596,0,12,8,64,3,500,XSICFESE Index  (L4),0.01,683.6649780273438,12.03258350799697,512202.34392365813,715.6831309480881,-10.268152960267033
1048596,0,12,8,64,3,500,XSICFESE Index  (L4),0.001,728.9432983398438,12.749343866504459,688781.846784085,829.9288203117693,-14.15279908007425
1048596,0,12,8,64,3,500,XSICNEFE Index  (R2),0.01,196.84994506835938,57.04070866117759,38789.264106255025,196.94990252918387,-2940.3659985785803
1048596,0,12,8,64,3,500,XSICNEFE Index  (R2),0.001,120.05150604248047,34.975915869701545,24413.239335383056,156.2473658510218,-1850.240897469805
1048596,0,12,8,64,3,500,XSICNESE Index  (L2),0.01,153.40998077392578,27.20265181671172,23685.98484764574,153.90251735317958,-136.95986806055038
1048596,0,12,8,64,3,500,XSICNESE Index  (L2),0.001,239.00543975830078,42.0569430554942,85928.99812529376,293.13648378407925,-499.496530762541
1048596,0,12,8,64,3,500,XSICUENE Index  (R1),0.01,35.05888366699219,6.096286712066408,1246.8941364791244,35.31138819813127,-69.3094491054308
1048596,0,12,8,64,3,500,XSICUENE Index  (R1),0.001,14.010154724121094,2.42760823120612,300.2505754358135,17.3277400556395,-15.930428923252922
1048596,0,12,8,64,3,1000,NE,0.01,1389.3929030937502,99.62126424948453,2663615.9948002426,1632.0588208763318,-2.314726462274564
1048596,0,12,8,64,3,1000,NE,0.001,582.5986983818361,35.72725643494527,391561.04583929415,625.7483886030344,0.5127233945234103
1048596,0,12,8,64,3,1000,SE,0.01,2528.2270093179686,479.6920762490477,7923032.008314631,2814.7880929680355,-4.155280485408917
1048596,0,12,8,64,3,1000,SE,0.001,1443.8985210523438,284.80556865241357,3293281.858039872,1814.7401626789087,-1.1428402255458825
1048596,0,12,8,64,3,1000,NAE,0.01,884.72892759375,80.87190248341321,1200088.3643722597,1095.4854469011716,-0.835339310045297
1048596,0,12,8,64,3,1000,NAE,0.001,804.3275827792969,88.53988512626358,1562954.1574498215,1250.1816497812713,-1.3902833242340957
1048596,0,12,8,64,3,1000,NAW,0.01,1389.0966892851563,69.90705311417271,2156656.7865834017,1468.5560209210275,-0.049240820901208515
1048596,0,12,8,64,3,1000,NAW,0.001,1086.475818591797,40.95433497021602,2275863.016492832,1508.5963729549505,-0.10723616040298212
1048596,0,12,8,64,3,1000,SAE,0.01,402.5542331093748,10.990238712651557,291563.7060293603,539.9663934258875,-0.6623992809216321
1048596,0,12,8,64,3,1000,SAE,0.001,989.1030506367188,32.25633059888854,2000649.7378643225,1414.443260744072,-10.407039411368944
1048596,0,12,8,64,3,1000,SAW,0.01,846.8027423033202,87.8723379019814,863442.9603474903,929.2163151535224,-5.258494819325675
1048596,0,12,8,64,3,1000,SAW,0.001,701.5228355982422,74.86347469774537,657275.4600797665,810.7252679420856,-3.764130638257365
1048596,0,12,8,64,3,1000,XSICFEUW Index  (R4),0.01,219.0418701171875,5.116739688093666,98674.94468963146,314.12568295131723,-0.03721668320354388
1048596,0,12,8,64,3,1000,XSICFEUW Index  (R4),0.001,374.48406982421875,8.440830927281262,184047.98490783572,429.00814084098187,-0.9346110712992408
1048596,0,12,8,64,3,1000,XSICFENE Index  (R1),0.01,1733.7750854492188,38.33584487263024,3218408.181303054,1793.9922467232277,-14.216340510155804
1048596,0,12,8,64,3,1000,XSICFENE Index  (R1),0.001,704.9774780273438,14.124048223908895,727189.9637225121,852.754339609311,-2.4380878621460553
1048596,0,12,8,64,3,1000,XSICFESE Index  (L4),0.01,710.5256958007812,12.501020226035944,550295.0211745799,741.818725279013,-11.10616965234497
1048596,0,12,8,64,3,1000,XSICFESE Index  (L4),0.001,913.027587890625,16.00422805895049,890254.2970662117,943.5328807552028,-18.585075530955088
1048596,0,12,8,64,3,1000,XSICNEFE Index  (R2),0.01,160.85543823242188,46.60962094143157,25895.550763605628,160.92094569572237,-1962.6436597994789
1048596,0,12,8,64,3,1000,XSICNEFE Index  (R2),0.001,123.87745666503906,36.084738959519434,24248.940772934584,155.7207140136937,-1837.78223870594
1048596,0,12,8,64,3,1000,XSICNESE Index  (L2),0.01,12.71795654296875,2.2840341045953516,273.587370602414,16.54047673443586,-0.5935194501778756
1048596,0,12,8,64,3,1000,XSICNESE Index  (L2),0.001,166.07469940185547,29.23855340094826,45042.33106259396,212.23178617397056,-261.35067237040533
1048596,0,12,8,64,3,1000,XSICUENE Index  (R1),0.01,22.65191650390625,3.9407749919863564,530.8438183721155,23.040048141705682,-28.93304350292105
1048596,0,12,8,64,3,1000,XSICUENE Index  (R1),0.001,25.311542510986328,4.389666255860678,1470.1897563199745,38.343053560194896,-81.90056775724966
1048596,0,16,4,32,2,500,NE,0.01,993.1436664296874,34.76288044435314,1243261.1073465147,1115.0161915176454,-0.749641858860248
1048596,0,16,4,32,2,500,NE,0.001,1005.0013934804687,33.70254180015493,1332130.07749239,1154.1793957147174,-0.8747071964649
1048596,0,16,4,32,2,500,SE,0.01,2125.5188132375,534.5396301151135,4576832.29646308,2139.3532425625926,-43.04717487883955
1048596,0,16,4,32,2,500,SE,0.001,3250.3829489796876,762.2764037919413,10808812.770814244,3287.6758919963877,-103.02340210643325
1048596,0,16,4,32,2,500,NAE,0.01,973.0527355625,91.13347467763661,1079942.5117560257,1039.2028251289667,-0.15348052662996836
1048596,0,16,4,32,2,500,NAE,0.001,1499.3045055820312,152.8479388269504,2731586.887514331,1652.7513084291693,-1.9175926007599964
1048596,0,16,4,32,2,500,NAW,0.01,1676.0412236015627,41.72765764794161,4799738.82024713,2190.830623358896,-0.6761841352154294
1048596,0,16,4,32,2,500,NAW,0.001,1626.8870487968752,39.96106401752647,4688768.096429534,2165.356343983487,-0.6374304917980469
1048596,0,16,4,32,2,500,SAE,0.01,388.4410352226562,10.62590198823179,201065.90761810142,448.40373283247925,-0.30178047438234623
1048596,0,16,4,32,2,500,SAE,0.001,1043.1097363945312,30.99320900580713,1363477.321948277,1167.6803166741645,-7.827693247463326
1048596,0,16,4,32,2,500,SAW,0.01,788.8883789285155,89.49271889843754,628271.2482515576,792.6356339779064,-111.47437252278687
1048596,0,16,4,32,2,500,SAW,0.001,789.2532165749999,88.58037944212158,764207.6489044656,874.1897099053875,-135.80997821696974
1048596,0,16,4,32,2,500,XSICFEUW Index  (R4),0.01,731.3833618164062,16.124166738898644,647790.7818705887,804.854509753526,-8.96195061814166
1048596,0,16,4,32,2,500,XSICFEUW Index  (R4),0.001,579.6055908203125,12.661376732270464,445215.3452772796,667.2445917932041,-5.846675513479576
1048596,0,16,4,32,2,500,XSICFENE Index  (R1),0.01,1835.7998046875,36.45784223446338,3397972.2932836115,1843.3589702723698,-14804.979491431859
1048596,0,16,4,32,2,500,XSICFENE Index  (R1),0.001,175.790771484375,3.489857524711746,35215.578632473946,187.65814299537857,-152.44478706960325
1048596,0,16,4,32,2,500,XSICFESE Index  (L4),0.01,2830.6036987304688,49.43654977799762,8209330.888995871,2865.192993324511,-162.90306547664284
1048596,0,16,4,32,2,500,XSICFESE Index  (L4),0.001,503.2049560546875,8.644230663847022,276405.3588104844,525.7426735680531,-4.51856006729327
1048596,0,16,4,32,2,500,XSICNEFE Index  (R2),0.01,106.16993713378906,31.01417549804621,12094.568283339031,109.97530760738536,-16125.091044452041
1048596,0,16,4,32,2,500,XSICNEFE Index  (R2),0.001,87.13233184814453,25.458044586223146,8633.72645956534,92.9178479064455,-11510.635279420452
1048596,0,16,4,32,2,500,XSICNESE Index  (L2),0.01,15.852981567382812,2.7771968389499215,263.63517963234335,16.23684635735472,-130.81758981617168
1048596,0,16,4,32,2,500,XSICNESE Index  (L2),0.001,101.49763488769531,17.79588581993793,12653.042869201861,112.48574518223126,-6325.521434600931
1048596,0,16,4,32,2,500,XSICUENE Index  (R1),0.01,6.919708251953125,1.2006438616722064,71.89017424359918,8.47880735974106,-41.60158473694766
1048596,0,16,4,32,2,500,XSICUENE Index  (R1),0.001,10.776382446289062,1.8649826038326736,140.21171075943857,11.841102598974413,-82.08842119077842
1048596,0,16,4,32,2,1000,NE,0.01,873.659932298828,32.926364336010124,920502.5687162739,959.4282509475494,-0.295423636995902
1048596,0,16,4,32,2,1000,NE,0.001,1451.4338724023437,48.93221801607853,2704970.0061614164,1644.6793019191969,-2.8067053829444677
1048596,0,16,4,32,2,1000,SE,0.01,1653.1053000539064,430.83703092288533,2826954.259764195,1681.3548881078602,-26.20644773253784
1048596,0,16,4,32,2,1000,SE,0.001,3183.927260503125,741.8591074608639,10286290.094066156,3207.224671591648,-97.99467345088068
1048596,0,16,4,32,2,1000,NAE,0.01,1046.0976574375,103.12431731186227,1241649.1919456823,1114.293135555309,-0.32619852281427586
1048596,0,16,4,32,2,1000,NAE,0.001,1195.6390392734374,123.65486510537247,1670931.4302206472,1292.6451292681404,-0.7847124685919413
1048596,0,16,4,32,2,1000,NAW,0.01,1664.414362029297,37.5922016203843,5189958.668714689,2278.1480787505207,-0.8124582834020624
1048596,0,16,4,32,2,1000,NAW,0.001,1475.9025517265627,46.3837890460226,3103486.39769327,1761.6714783674254,-0.08381202779748342
1048596,0,16,4,32,2,1000,SAE,0.01,420.10926325390597,10.955683620417874,336204.3659508993,579.8313254308526,-1.1767204802728868
1048596,0,16,4,32,2,1000,SAE,0.001,1344.2113599296874,41.790480112630824,2807606.4438721794,1675.5913713886746,-17.177558252813505
1048596,0,16,4,32,2,1000,SAW,0.01,774.2420776589843,87.85656846475925,605485.6717913542,778.1295983262391,-107.39525315823937
1048596,0,16,4,32,2,1000,SAW,0.001,936.0250671609374,106.03323582649973,937634.048293187,968.3150563185451,-166.8571182928793
1048596,0,16,4,32,2,1000,XSICFEUW Index  (R4),0.01,511.62274169921875,11.243909840335482,326858.7388705164,571.7156101336716,-4.026546698200217
1048596,0,16,4,32,2,1000,XSICFEUW Index  (R4),0.001,393.76910400390625,8.79768135043974,165618.7625745684,406.96285159037353,-1.546942593782049
1048596,0,16,4,32,2,1000,XSICFENE Index  (R1),0.01,218.4630126953125,4.344221242185469,61907.947074472904,248.81307657450986,-268.7514033746096
1048596,0,16,4,32,2,1000,XSICFENE Index  (R1),0.001,127.3074951171875,2.5271499763576712,20918.81298714876,144.6333743890004,-90.14951192657412
1048596,0,16,4,32,2,1000,XSICFESE Index  (L4),0.01,1092.51904296875,19.1136775491748,1243642.0352892876,1115.1869956600497,-23.829885004727572
1048596,0,16,4,32,2,1000,XSICFESE Index  (L4),0.001,250.441650390625,4.473653503855092,99825.11372065544,315.95112552522335,-0.9930542904905602
1048596,0,16,4,32,2,1000,XSICNEFE Index  (R2),0.01,189.02190399169922,55.20590821464224,36627.77641342697,191.38384574834672,-48836.03521790262
1048596,0,16,4,32,2,1000,XSICNEFE Index  (R2),0.001,86.41659545898438,25.2516538614029,8882.625481195282,94.24768156933773,-11842.50064159371
1048596,0,16,4,32,2,1000,XSICNESE Index  (L2),0.01,163.80409240722656,28.68199740444664,27003.812925239094,164.32836920397858,-13500.906462619547
1048596,0,16,4,32,2,1000,XSICNESE Index  (L2),0.001,99.87471008300781,17.51184697442684,12386.103034635074,111.29287054719666,-6192.051517317537
1048596,0,16,4,32,2,1000,XSICUENE Index  (R1),0.01,27.878067016601562,4.828380627759117,785.2358508845791,28.02206007567215,-464.32494867234317
1048596,0,16,4,32,2,1000,XSICUENE Index  (R1),0.001,7.21759033203125,1.249099412358254,67.56990779004991,8.220091714211582,-39.0414268385481
1048596,0,16,4,32,3,500,NE,0.01,761.61763225,45.1229163899437,1114684.7139206936,1055.7863012564112,-0.5686962484250944
1048596,0,16,4,32,3,500,NE,0.001,1162.892079515625,37.24635546446403,1901082.6183117307,1378.7975262204857,-1.6753943371147222
1048596,0,16,4,32,3,500,SE,0.01,1811.2590476125001,468.53725827768204,3379039.4297257634,1838.216371846841,-31.51968414893517
1048596,0,16,4,32,3,500,SE,0.001,2882.745070561719,701.0659590014478,8357876.158291424,2890.9991626237847,-79.43572692065662
1048596,0,16,4,32,3,500,NAE,0.01,1322.2298595859374,139.8314386108986,2097452.8301275508,1448.2585508560103,-1.240277578426892
1048596,0,16,4,32,3,500,NAE,0.001,1392.1021740390624,146.82230885010932,2437547.2363164197,1561.264627254592,-1.603530502063319
1048596,0,16,4,32,3,500,NAW,0.01,1687.8888493339846,43.14480255416723,4738987.446561033,2176.921552688804,-0.6549682956502392
1048596,0,16,4,32,3,500,NAW,0.001,1554.522485808594,38.009392446449446,4220562.698717717,2054.400812577165,-0.4739219157988279
1048596,0,16,4,32,3,500,SAE,0.01,378.37908453906243,10.135938674436392,221649.47372243158,470.79663733127023,-0.43504664946494365
1048596,0,16,4,32,3,500,SAE,0.001,697.2058667656249,20.183118855951005,533206.6892187722,730.2100308943806,-2.4521916970302127
1048596,0,16,4,32,3,500,SAW,0.01,939.2958496316407,106.38749119891715,887645.7335718507,942.1495282447743,-157.9081104441186
1048596,0,16,4,32,3,500,SAW,0.001,710.1704529031249,80.46036969357384,508447.9333312068,713.0553508187193,-90.02336358871166
1048596,0,16,4,32,3,500,XSICFEUW Index  (R4),0.01,500.08160400390625,10.977703692787854,310977.18530134857,557.6532841303354,-3.782314676345006
1048596,0,16,4,32,3,500,XSICFEUW Index  (R4),0.001,487.08514404296875,10.770708895943782,272865.57873786986,522.3653690070485,-3.196221213472505
1048596,0,16,4,32,3,500,XSICFENE Index  (R1),0.01,2817.353973388672,55.95773421084941,7968048.83860283,2822.7732531329593,-34718.16705273564
1048596,0,16,4,32,3,500,XSICFENE Index  (R1),0.001,186.527099609375,3.7004328120522865,48903.16069853306,221.14059034589977,-212.08566753173446
1048596,0,16,4,32,3,500,XSICFESE Index  (L4),0.01,1401.0801391601562,24.660022385136365,2209113.287388101,1486.3086110859015,-43.10596243275336
1048596,0,16,4,32,3,500,XSICFESE Index  (L4),0.001,135.561279296875,2.2785200538087396,31966.54742062092,178.79191094851276,0.3617731839792975
1048596,0,16,4,32,3,500,XSICNEFE Index  (R2),0.01,195.54873657226562,57.095894670220574,38241.78496445902,195.55506887948218,-50988.04661927869
1048596,0,16,4,32,3,500,XSICNEFE Index  (R2),0.001,73.73661804199219,21.547335714576004,6601.467861218844,81.2494176054133,-8800.95714829179
1048596,0,16,4,32,3,500,XSICNESE Index  (L2),0.01,45.79840087890625,8.022214590739216,2109.4613218680024,45.92887242103819,-1053.7306609340012
1048596,0,16,4,32,3,500,XSICNESE Index  (L2),0.001,79.85716247558594,14.006538146353552,8943.906477265991,94.57222889022967,-4470.953238632996
1048596,0,16,4,32,3,500,XSICUENE Index  (R1),0.01,24.389938354492188,4.225724145812667,596.5559816574678,24.424495525137623,-352.51465579701795
1048596,0,16,4,32,3,500,XSICUENE Index  (R1),0.001,12.701553344726562,2.2002459899525864,162.0369289247319,12.729372683865137,-95.02188380724854
1048596,0,16,4,32,3,1000,NE,0.01,761.61763225,45.037857955391914,1106800.36971935,1052.0458021014817,-0.5576006076439113
1048596,0,16,4,32,3,1000,NE,0.001,850.1710406972655,31.990803439723063,863879.516150891,929.4511908383845,-0.21573799223517853
1048596,0,16,4,32,3,1000,SE,0.01,1978.6883078664064,506.0088041529034,4002591.8359104795,2000.6478540489027,-37.52071720023673
1048596,0,16,4,32,3,1000,SE,0.001,3822.3907004445314,872.3495489207191,15049160.26602062,3879.3247177853805,-143.8322663099004
1048596,0,16,4,32,3,1000,NAE,0.01,1333.757081265625,141.42916636034627,2147378.402016416,1465.393599691365,-1.2936028011380807
1048596,0,16,4,32,3,1000,NAE,0.001,1381.4215099765624,145.18537362562523,2374391.976526547,1540.9062192510441,-1.5360747240669324
1048596,0,16,4,32,3,1000,NAW,0.01,1691.3187504570315,65.18930397439708,3109661.1886464106,1763.4231450920709,-0.08596841318042658
1048596,0,16,4,32,3,1000,NAW,0.001,1574.2845097343752,41.56267639897581,4081594.589819231,2020.2956689106747,-0.4253909127255111
1048596,0,16,4,32,3,1000,SAE,0.01,386.2060498710937,10.52024164978547,204420.88647800125,452.12928071294084,-0.3235019388688991
1048596,0,16,4,32,3,1000,SAE,0.001,835.8861035820312,24.553688644874892,841313.534517411,917.2314508985238,-4.4469976787341015
1048596,0,16,4,32,3,1000,SAW,0.01,961.9699218972657,108.94776138800441,930895.7717611983,964.8294003403909,-165.6508185824762
1048596,0,16,4,32,3,1000,SAW,0.001,676.8195007546874,76.73927271595402,462650.999025563,680.184533068463,-81.82470502550436
1048596,0,16,4,32,3,1000,XSICFEUW Index  (R4),0.01,436.70526123046875,9.948774657596479,202847.72601510584,450.3861965192826,-2.11946246553491
1048596,0,16,4,32,3,1000,XSICFEUW Index  (R4),0.001,488.47119140625,10.678611156429191,311915.6507181823,558.4940919277324,-3.7967467220007585
1048596,0,16,4,32,3,1000,XSICFENE Index  (R1),0.01,1167.7603759765625,23.192465942666253,1375610.6214545667,1172.8642809185412,-5992.946062982862
1048596,0,16,4,32,3,1000,XSICFENE Index  (R1),0.001,386.551513671875,7.671312080605608,178740.14717411995,422.7767107754635,-777.8241706933331
1048596,0,16,4,32,3,1000,XSICFESE Index  (L4),0.01,138.0513916015625,2.3866676535540323,22310.64013403654,149.36746678589867,0.5545578123039833
1048596,0,16,4,32,3,1000,XSICFESE Index  (L4),0.001,172.6214599609375,3.010709716423085,31315.377665102482,176.9615146440109,0.3747740875265295
1048596,0,16,4,32,3,1000,XSICNEFE Index  (R2),0.01,55.97648620605469,16.352523298923714,3528.589321431238,59.401930283714165,-4703.785761908318
1048596,0,16,4,32,3,1000,XSICNEFE Index  (R2),0.001,57.50629425048828,16.802851462808416,3850.5202573912684,62.05256044186467,-5133.0270098550245
1048596,0,16,4,32,3,1000,XSICNESE Index  (L2),0.01,15.652008056640625,2.7403977839185707,255.2680612448603,15.977110541172966,-126.63403062243015
1048596,0,16,4,32,3,1000,XSICNESE Index  (L2),0.001,22.421035766601562,3.9319781865532977,851.8277828684077,29.186088858708143,-424.91389143420383
1048596,0,16,4,32,3,1000,XSICUENE Index  (R1),0.01,77.21076965332031,13.374855703781721,5966.0739042768255,77.24036447529767,-3534.451202534415
1048596,0,16,4,32,3,1000,XSICUENE Index  (R1),0.001,8.384490966796875,1.4528099164507953,76.61613304540515,8.753064208915935,-44.40215291579565
1048596,0,16,4,64,2,500,NE,0.01,1485.3695718652343,51.041713494067075,2751015.434793369,1658.618532030005,-2.871505133268494
1048596,0,16,4,64,2,500,NE,0.001,1186.2112018300782,42.06373629908422,1733808.0562464022,1316.7414538345795,-1.4399887783124683
1048596,0,16,4,64,2,500,SE,0.01,2517.8612204640626,629.3442273934877,6407046.655956329,2531.2144626554914,-60.66105424703518
1048596,0,16,4,64,2,500,SE,0.001,2944.90602026875,676.1120961790157,8897344.658529034,2982.841708594178,-84.62754122199215
1048596,0,16,4,64,2,500,NAE,0.01,1016.9637463046874,97.62526053837045,1160035.1690249015,1077.0492881130842,-0.2390270436713935
1048596,0,16,4,64,2,500,NAE,0.001,1547.0517574023438,172.72815094458971,3266379.3914532308,1807.3127541887238,-2.4888014682377144
1048596,0,16,4,64,2,500,NAW,0.01,1697.3291374785158,37.82981793316814,5445676.984181623,2333.597434045046,-0.9017612641520898
1048596,0,16,4,64,2,500,NAW,0.001,1408.8788700859377,38.7496646660079,3248399.2192694065,1802.331606355891,-0.13441906739109144
1048596,0,16,4,64,2,500,SAE,0.01,373.75847907031243,9.706649378686054,275665.4374843974,525.0385104774672,-0.7847674338747468
1048596,0,16,4,64,2,500,SAE,0.001,1336.807361636719,41.665113415427534,2738395.575779249,1654.8098306993613,-16.729459628010552
1048596,0,16,4,64,2,500,SAW,0.01,985.8067444070314,111.58339276381733,976796.54921212,988.3301822832893,-173.86806735276116
1048596,0,16,4,64,2,500,SAW,0.001,1084.1152160867186,121.34519641324815,1386088.7335470824,1177.3226972869768,-247.1403708994667
1048596,0,16,4,64,2,500,XSICFEUW Index  (R4),0.01,265.6380615234375,6.148053713638646,99369.93063956499,315.22996469175484,-0.5281451506626529
1048596,0,16,4,64,2,500,XSICFEUW Index  (R4),0.001,502.1336669921875,10.987014739169384,329068.45389321446,573.6448848313863,-4.060528459831215
1048596,0,16,4,64,2,500,XSICFENE Index  (R1),0.01,1625.9431762695312,32.290103954195445,2688523.397851035,1639.671734784446,-11713.6989013117
1048596,0,16,4,64,2,500,XSICFENE Index  (R1),0.001,270.27587890625,5.368538640923825,75466.03435003757,274.71081949941026,-327.828036383606
1048596,0,16,4,64,2,500,XSICFESE Index  (L4),0.01,429.4866943359375,7.371648002705775,237215.04691439867,487.0472737983436,-3.736107472360789
1048596,0,16,4,64,2,500,XSICFESE Index  (L4),0.001,109.15234375,1.9581243848721868,28262.94377374649,168.115864134669,0.4357173335380493
1048596,0,16,4,64,2,500,XSICNEFE Index  (R2),0.01,92.51348876953125,27.02749382796198,9448.358094176278,97.20266505696372,-12596.810792235037
1048596,0,16,4,64,2,500,XSICNEFE Index  (R2),0.001,97.17643737792969,28.384687669355337,10049.128115014639,100.24533961743379,-13397.837486686185
1048596,0,16,4,64,2,500,XSICNESE Index  (L2),0.01,55.517486572265625,9.719758290535225,3769.3184325136244,61.394775286775214,-1883.6592162568122
1048596,0,16,4,64,2,500,XSICNESE Index  (L2),0.001,148.07000732421875,25.95980224411818,26374.701806984842,162.40289962616075,-13186.350903492421
1048596,0,16,4,64,2,500,XSICUENE Index  (R1),0.01,29.975845336914062,5.1896598704581836,968.3122648382559,31.11771625357902,-572.8146754597072
1048596,0,16,4,64,2,500,XSICUENE Index  (R1),0.001,11.702239990234375,2.024631335535533,182.60409283265471,13.513108185486221,-107.20983278972132
1048596,0,16,4,64,2,1000,NE,0.01,2412.969379604492,89.54676881680442,6482023.070801444,2545.9817498955967,-8.122153687391986
1048596,0,16,4,64,2,1000,NE,0.001,1244.9044086171875,41.10623580733387,2075297.759932612,1440.589379362701,-1.9205673763306943
1048596,0,16,4,64,2,1000,SE,0.01,2421.3933859914064,611.0769360650822,5939639.387713477,2437.1375397612414,-56.16275316227756
1048596,0,16,4,64,2,1000,SE,0.001,2965.8726950734376,674.8823716134656,9157421.399179598,3026.1231632535378,-87.13050504835012
1048596,0,16,4,64,2,1000,NAE,0.01,907.8780834628906,82.74635426086954,1031045.043508749,1015.403881964585,-0.10125341563956125
1048596,0,16,4,64,2,1000,NAE,0.001,1468.89215046875,160.14268817326703,2865854.8589160508,1692.8835928427125,-2.061003466316312
1048596,0,16,4,64,2,1000,NAW,0.01,1663.2888127128908,37.62145436887144,5178637.281062819,2275.661943493106,-0.8085045827776374
1048596,0,16,4,64,2,1000,NAW,0.001,1439.635522917969,39.39461509049701,3380623.91251886,1838.6473050911259,-0.18059510767343512
1048596,0,16,4,64,2,1000,SAE,0.01,387.74480719531243,10.956314046309734,169589.32332452093,411.81224280553016,-0.09798857689437934
1048596,0,16,4,64,2,1000,SAE,0.001,863.2449837070315,27.035146117074987,1084762.5803836682,1041.5193615020646,-6.023183408925859
1048596,0,16,4,64,2,1000,SAW,0.01,871.2880066140624,98.74351893314719,764722.6987014541,874.4842472574644,-135.9021834593638
1048596,0,16,4,64,2,1000,SAW,0.001,1059.747601340625,118.94590506585547,1319618.8139729085,1148.7466274043675,-235.24079326233775
1048596,0,16,4,64,2,1000,XSICFEUW Index  (R4),0.01,1669.480712890625,37.249446036301336,2939237.7384055853,1714.4205255437141,-44.20061418660985
1048596,0,16,4,64,2,1000,XSICFEUW Index  (R4),0.001,461.86688232421875,10.08914544853307,283431.92031006515,532.3832457075121,-3.358714067496561
1048596,0,16,4,64,2,1000,XSICFENE Index  (R1),0.01,2013.5530395507812,39.985706897550145,4081923.9133633524,2020.377171065678,-17785.16084254184
1048596,0,16,4,64,2,1000,XSICFENE Index  (R1),0.001,144.2205810546875,2.867897807771004,24850.566243946552,157.64062371085237,-107.28133439628127
1048596,0,16,4,64,2,1000,XSICFESE Index  (L4),0.01,147.72607421875,2.5619395493759427,29544.037206292152,171.8837898299085,0.41013971416864514
1048596,0,16,4,64,2,1000,XSICFESE Index  (L4),0.001,230.581787109375,3.9197665188381374,69910.70956027508,264.4063341909098,-0.3957994581429143
1048596,0,16,4,64,2,1000,XSICNEFE Index  (R2),0.01,178.7602996826172,52.19422777088487,31966.375686452724,178.79143068517777,-42620.834248603634
1048596,0,16,4,64,2,1000,XSICNEFE Index  (R2),0.001,165.2096939086914,48.29155510661555,38694.95952244499,196.71034421820573,-51592.279363259986
1048596,0,16,4,64,2,1000,XSICNESE Index  (L2),0.01,58.84797668457031,10.307215700922834,3468.972696918063,58.89798550814843,-1733.4863484590314
1048596,0,16,4,64,2,1000,XSICNESE Index  (L2),0.001,119.10093688964844,20.88551280015562,18410.601823990233,135.68567287665354,-9204.300911995117
1048596,0,16,4,64,2,1000,XSICUENE Index  (R1),0.01,26.473587036132812,4.58586108897958,705.2416239054874,26.556385746284967,-416.9209623143629
1048596,0,16,4,64,2,1000,XSICUENE Index  (R1),0.001,8.220199584960938,1.4251588144498928,80.95301312673837,8.99738923948155,-46.97215592695607
1048596,0,16,4,64,3,500,NE,0.01,761.61763225,44.91267950391606,1095338.4398766188,1046.5841771575847,-0.5414702291436431
1048596,0,16,4,64,3,500,NE,0.001,2333.8779031640624,82.2207476395288,6532852.006907756,2555.9444451919835,-8.193685269718038
1048596,0,16,4,64,3,500,SE,0.01,3455.49195776875,854.6053675998144,12044844.852032453,3470.5683759338976,-114.91890487138008
1048596,0,16,4,64,3,500,SE,0.001,3353.145949467969,803.2061722312515,11332233.612581091,3366.3383092881636,-108.06077465127186
1048596,0,16,4,64,3,500,NAE,0.01,1340.1890881015624,142.3279636126763,2175865.66387217,1475.081578717655,-1.3240298854040664
1048596,0,16,4,64,3,500,NAE,0.001,1339.3952038242187,135.67881587429622,2059592.3341643612,1435.1279852906364,-1.199838995496139
1048596,0,16,4,64,3,500,NAW,0.01,1691.3160038750002,61.8008259841079,3262889.015176812,1806.3468701157074,-0.13947925231616454
1048596,0,16,4,64,3,500,NAW,0.001,1560.2521305839846,38.53443946791854,4210450.472345507,2051.938223325816,-0.47039048334977385
1048596,0,16,4,64,3,500,SAE,0.01,1289.2628680937503,38.84440476361619,1816663.4065561146,1347.8365652244765,-10.761799795873314
1048596,0,16,4,64,3,500,SAE,0.001,969.4064282890624,28.66590978396517,1111480.5584634761,1054.2677830909356,-6.196166201440498
1048596,0,16,4,64,3,500,SAW,0.01,1929.1241882546876,217.7506975107014,3727105.017917826,1930.5711636502358,-666.2337774225027
1048596,0,16,4,64,3,500,SAW,0.001,813.4758117898436,91.94317266786854,667213.9378798918,816.8316459833641,-118.44597052681137
1048596,0,16,4,64,3,500,XSICFEUW Index  (R4),0.01,683.4835205078125,15.165817707989001,554404.8120447993,744.5836501326089,-7.5258288858357645
1048596,0,16,4,64,3,500,XSICFEUW Index  (R4),0.001,669.7264404296875,14.69615521438702,570417.1425677836,755.2596524161631,-7.772072040903073
1048596,0,16,4,64,3,500,XSICFENE Index  (R1),0.01,2356.572998046875,46.802607064491234,5555162.79489243,2356.9392853640566,-24204.502374258955
1048596,0,16,4,64,3,500,XSICFENE Index  (R1),0.001,605.584716796875,12.022039560145629,392210.431717515,626.2670610191111,-1707.9779159804575
1048596,0,16,4,64,3,500,XSICFESE Index  (L4),0.01,253.1102294921875,4.526866892325838,101714.07910960913,318.92644780514695,-1.0307683529415934
1048596,0,16,4,64,3,500,XSICFESE Index  (L4),0.001,982.416259765625,17.019519656488143,971730.1691390276,985.7637491503873,-18.401039584299713
1048596,0,16,4,64,3,500,XSICNEFE Index  (R2),0.01,478.81573486328125,139.80174311712196,229265.25758651458,478.81651766257454,-305686.01011535275
1048596,0,16,4,64,3,500,XSICNEFE Index  (R2),0.001,74.22887420654297,21.69001862157466,6648.144176190952,81.53615257167186,-8863.19223492127
1048596,0,16,4,64,3,500,XSICNESE Index  (L2),0.01,217.6782989501953,38.13148368309336,48160.65904170368,219.4553691339168,-24079.32952085184
1048596,0,16,4,64,3,500,XSICNESE Index  (L2),0.001,157.19122314453125,27.554736767097193,28450.164149476215,168.67176452944403,-14224.082074738108
1048596,0,16,4,64,3,500,XSICUENE Index  (R1),0.01,30.080322265625,5.211501687240543,906.4989681039006,30.10812129814646,-536.1845736912003
1048596,0,16,4,64,3,500,XSICUENE Index  (R1),0.001,27.055419921875,4.687992257212488,751.1076619997621,27.40634346277814,-444.10083674059973
1048596,0,16,4,64,3,1000,NE,0.01,761.61763225,44.937004763346756,1097552.6062845706,1047.6414492967385,-0.5445862264244581
1048596,0,16,4,64,3,1000,NE,0.001,2185.2085306054687,77.52319165237529,5647765.526603245,2376.50279330853,-6.948102708258206
1048596,0,16,4,64,3,1000,SE,0.01,3755.943617925,924.9051508001028,14211019.971764123,3769.7506511391603,-135.76605157385958
1048596,0,16,4,64,3,1000,SE,0.001,3169.8697653859376,706.132446770257,10436629.98998876,3230.5773462322118,-99.4415360969267
1048596,0,16,4,64,3,1000,NAE,0.01,1331.4031383945312,141.10128669928187,2137060.539588224,1461.8688517060018,-1.282582350273512
1048596,0,16,4,64,3,1000,NAE,0.001,1368.0437633945312,152.2978290491248,2534366.3659070623,1591.9693357307679,-1.7069424701749139
1048596,0,16,4,64,3,1000,NAW,0.01,1691.3514653007815,65.75018556706274,3088018.754031477,1757.2759470360588,-0.07841035493859905
1048596,0,16,4,64,3,1000,NAW,0.001,1499.230524138672,35.637565598379254,4113403.2010932015,2028.1526572458006,-0.43649924415299446
1048596,0,16,4,64,3,1000,SAE,0.01,1245.9417011015628,37.58190020252765,1706865.9281244564,1306.470791148603,-10.050927349858096
1048596,0,16,4,64,3,1000,SAE,0.001,1434.1888313632815,44.11873516173747,2757102.594339313,1660.4525269754968,-16.850576289626076
1048596,0,16,4,64,3,1000,SAW,0.01,1919.8047912820314,216.70273554960806,3691240.8190547326,1921.2602163826566,-659.813296978133
1048596,0,16,4,64,3,1000,SAW,0.001,755.0880554421874,85.57552631088046,575086.7502259534,758.3447436528808,-101.95317756118949
1048596,0,16,4,64,3,1000,XSICFEUW Index  (R4),0.01,1797.9552612304688,39.77764868538769,3703463.6316323727,1924.4385237342274,-55.95314420478378
1048596,0,16,4,64,3,1000,XSICFEUW Index  (R4),0.001,485.7091064453125,10.736706627075105,272042.77487173676,521.577199340363,-3.1835678511335654
1048596,0,16,4,64,3,1000,XSICFENE Index  (R1),0.01,394.245361328125,7.832654200541171,206585.30579590797,454.5165627300153,-899.1538378906665
1048596,0,16,4,64,3,1000,XSICFENE Index  (R1),0.001,331.3177490234375,6.577895692117429,115314.95985585451,339.58056460264993,-501.4616987183203
1048596,0,16,4,64,3,1000,XSICFESE Index  (L4),0.01,527.5330810546875,9.31548804932537,327754.6669344306,572.4986174083135,-5.5437726120697315
1048596,0,16,4,64,3,1000,XSICFESE Index  (L4),0.001,126.9771728515625,2.277669281230739,27882.213075459003,166.97967863024232,0.4433187969720582
1048596,0,16,4,64,3,1000,XSICNEFE Index  (R2),0.01,480.3289489746094,140.24355963721626,230716.64736339077,480.3297277531246,-307621.19648452103
1048596,0,16,4,64,3,1000,XSICNEFE Index  (R2),0.001,74.13654327392578,21.659477088105415,6204.838514317991,78.77079734468855,-8272.118019090654
1048596,0,16,4,64,3,1000,XSICNESE Index  (L2),0.01,38.27516174316406,6.705272033101445,1488.7059664102271,38.583752622188356,-743.3529832051136
1048596,0,16,4,64,3,1000,XSICNESE Index  (L2),0.001,115.21255493164062,20.20393193634159,17394.95138623193,131.88992147329503,-8696.475693115965
1048596,0,16,4,64,3,1000,XSICUENE Index  (R1),0.01,75.8960189819336,13.147452797336614,5761.674718722934,75.90569622052705,-3413.32575924322
1048596,0,16,4,64,3,1000,XSICUENE Index  (R1),0.001,15.256057739257812,2.6441064693702865,250.5761734182015,15.82959801821264,-147.4895842478231
1048596,0,16,8,32,2,500,NE,0.01,1190.788023487793,54.095967980964346,2010122.799309385,1417.7879951915888,-1.5014894220110477
1048596,0,16,8,32,2,500,NE,0.001,660.6094043046876,30.295256669273986,664970.1349152402,815.4570098510652,0.17248052755024224
1048596,0,16,8,32,2,500,SE,0.01,1264.348258601172,258.82125692785075,2225543.2424829584,1491.825473198175,-0.44809457230081984
1048596,0,16,8,32,2,500,SE,0.001,1922.9361827632813,380.8909931251363,5766182.54011791,2401.287683747599,-2.7518829020481
1048596,0,16,8,32,2,500,NAE,0.01,680.9748606113282,56.24484008040693,676955.2719849938,822.7729164143615,-0.0352926156953115
1048596,0,16,8,32,2,500,NAE,0.001,804.6978467519531,74.19488306242708,1046240.6778640698,1022.8590703826553,-0.6000543800429099
1048596,0,16,8,32,2,500,NAW,0.01,1002.8009681279298,32.646104533728085,2426815.051717135,1557.8238192161318,-0.1806762359591727
1048596,0,16,8,32,2,500,NAW,0.001,1068.4807285917968,37.50619722668029,2379241.713873305,1542.4790805302043,-0.1575312050192481
1048596,0,16,8,32,2,500,SAE,0.01,473.4609492226561,12.997066673598557,366812.0652082181,605.6501178140876,-1.091440398189051
1048596,0,16,8,32,2,500,SAE,0.001,1070.6214608164064,34.986460673584396,1918510.8849504879,1385.103203718224,-9.938710990526548
1048596,0,16,8,32,2,500,SAW,0.01,705.1400378355469,74.57348405888793,638127.6958212907,798.828952793582,-3.625341871753192
1048596,0,16,8,32,2,500,SAW,0.001,789.88485036875,82.76567032611597,884562.7207509433,940.5119460968815,-5.411577208250608
1048596,0,16,8,32,2,500,XSICFEUW Index  (R4),0.01,330.348876953125,7.28671770790583,208416.53869777918,456.52660239878594,-1.1907598901911371
1048596,0,16,8,32,2,500,XSICFEUW Index  (R4),0.001,446.3838806152344,10.091956016528309,222536.14028326422,471.73736367099883,-1.339177367096915
1048596,0,16,8,32,2,500,XSICFENE Index  (R1),0.01,1929.4784240722656,39.83177659979167,4335585.021640755,2082.206767264182,-19.49825077604253
1048596,0,16,8,32,2,500,XSICFENE Index  (R1),0.001,875.3063354492188,17.555494860280575,1107445.0741627067,1052.3521626160639,-4.235899362501568
1048596,0,16,8,32,2,500,XSICFESE Index  (L4),0.01,775.0123901367188,13.556057348642714,840242.8325326145,916.6476054256698,-17.48485246712714
1048596,0,16,8,32,2,500,XSICFESE Index  (L4),0.001,559.0653076171875,9.753823128705937,348235.9689114094,590.1152166411314,-6.66098829986106
1048596,0,16,8,32,2,500,XSICNEFE Index  (R2),0.01,414.1577606201172,119.96207794469778,171552.0105197467,414.18837564536585,-13007.683262160886
1048596,0,16,8,32,2,500,XSICNEFE Index  (R2),0.001,100.22354888916016,29.199352336985633,14660.476608271012,121.08045510432727,-1110.6949086840577
1048596,0,16,8,32,2,500,XSICNESE Index  (L2),0.01,28.072769165039062,4.91285024764904,1414.503755918704,37.60988907081094,-7.238827846632422
1048596,0,16,8,32,2,500,XSICNESE Index  (L2),0.001,107.85333251953125,18.994264887493266,19267.235352962278,138.80646725913846,-111.22270318434526
1048596,0,16,8,32,2,500,XSICUENE Index  (R1),0.01,15.069534301757812,2.6127797688724237,251.65777183137834,15.863725030123863,-13.190394182562303
1048596,0,16,8,32,2,500,XSICUENE Index  (R1),0.001,9.98016357421875,1.7306287025965448,140.3364237677306,11.846367534722642,-6.913243278532827
1048596,0,16,8,32,2,1000,NE,0.01,1168.0008759658203,48.97336750723874,2248452.75969683,1499.4841645368683,-1.798078205075612
1048596,0,16,8,32,2,1000,NE,0.001,929.9529819453126,51.784732700524025,1190765.6528375933,1091.222091435833,-0.48184363944864583
1048596,0,16,8,32,2,1000,SE,0.01,1467.875388728125,312.0848927233612,3296434.339704635,1815.6085315135074,-1.144891451287481
1048596,0,16,8,32,2,1000,SE,0.001,1889.583582665625,358.5966792708365,4933291.215691735,2221.1013519629705,-2.2099453727317173
1048596,0,16,8,32,2,1000,NAE,0.01,684.6341013339844,56.77975836716067,681388.6216686417,825.4626712751108,-0.042072700555006115
1048596,0,16,8,32,2,1000,NAE,0.001,733.9636406777344,72.25226470243132,1004180.340545979,1002.0879904209904,-0.5357299579708432
1048596,0,16,8,32,2,1000,NAW,0.01,997.4879493291016,32.35010624084067,2418583.028526729,1555.1794200434654,-0.17667125249415738
1048596,0,16,8,32,2,1000,NAW,0.001,1048.9205881816406,37.50914369525896,2258960.5115332324,1502.983869352307,-0.0990128778253252
1048596,0,16,8,32,2,1000,SAE,0.01,449.21340454101556,14.086125836466696,271989.66887348966,521.5262878067506,-0.550794631166714
1048596,0,16,8,32,2,1000,SAE,0.001,1310.1625527353517,42.552989242177944,2782755.6955492785,1668.1593735459687,-14.866347462313627
1048596,0,16,8,32,2,1000,SAW,0.01,765.1902545103515,80.48671718362301,737734.8839613933,858.9149457084754,-4.347324793116692
1048596,0,16,8,32,2,1000,SAW,0.001,949.6747820982423,97.8843793520527,1247608.8394573256,1116.9641173544142,-8.04304489916302
1048596,0,16,8,32,2,1000,XSICFEUW Index  (R4),0.01,453.1430358886719,10.14812797304097,225364.06748301536,474.7252547347943,-1.3689029806221402
1048596,0,16,8,32,2,1000,XSICFEUW Index  (R4),0.001,354.4367370605469,8.060613456618865,150546.0787622705,388.00267880811145,-0.5824574817269643
1048596,0,16,8,32,2,1000,XSICFENE Index  (R1),0.01,1262.2812805175781,25.550761933692733,2146640.107661493,1465.1416681200126,-9.149118754013962
1048596,0,16,8,32,2,1000,XSICFENE Index  (R1),0.001,473.3343505859375,10.247466892062166,237131.3313895464,486.9613243262204,-0.12113531932081889
1048596,0,16,8,32,2,1000,XSICFESE Index  (L4),0.01,1110.5165100097656,19.471652262824055,1417702.631784685,1190.6731842889067,-30.188631400530955
1048596,0,16,8,32,2,1000,XSICFESE Index  (L4),0.001,867.2364501953125,15.17699904426227,820883.0190648437,906.025948339695,-17.058947857308343
1048596,0,16,8,32,2,1000,XSICNEFE Index  (R2),0.01,114.19540023803711,33.303327908073996,22039.310642538476,148.4564267471721,-1670.2273473014957
1048596,0,16,8,32,2,1000,XSICNEFE Index  (R2),0.001,80.3319320678711,23.409016404888032,10275.939430333441,101.37030842575868,-778.2181558546686
1048596,0,16,8,32,2,1000,XSICNESE Index  (L2),0.01,31.242538452148438,5.575023057275007,1110.5569577226415,33.325019995832584,-5.468478821828272
1048596,0,16,8,32,2,1000,XSICNESE Index  (L2),0.001,113.85302734375,20.06917256387762,18818.374645938165,137.18008108299895,-108.6082979013508
1048596,0,16,8,32,2,1000,XSICUENE Index  (R1),0.01,9.787208557128906,1.6949448783392853,159.36305960128084,12.62390825383648,-7.986110849763854
1048596,0,16,8,32,2,1000,XSICUENE Index  (R1),0.001,7.2376251220703125,1.2547693973450431,87.91303827147931,9.376195298279537,-3.957210968612049
1048596,0,16,8,32,3,500,NE,0.01,1491.10881946875,106.36345953695667,3026975.8890581373,1739.8206485319506,-2.766908255437379
1048596,0,16,8,32,3,500,NE,0.001,602.8154660820314,30.116021561720785,514139.9352185064,717.035518798411,0.36018057711478724
1048596,0,16,8,32,3,500,SE,0.01,1409.847770319922,294.26244606617786,2943872.4593571182,1715.7716804275324,-0.9154899570429496
1048596,0,16,8,32,3,500,SE,0.001,1475.2546611890625,324.17007325725507,3495884.868731615,1869.7285548259713,-1.2746679584400749
1048596,0,16,8,32,3,500,NAE,0.01,661.4334882314453,50.94944304982373,654691.8004132994,809.1302740679645,-0.0012442691179490595
1048596,0,16,8,32,3,500,NAE,0.001,743.9589762119141,76.28793301960157,1154245.4652093502,1074.3581643052516,-0.7652300769105014
1048596,0,16,8,32,3,500,NAW,0.01,992.8847083623048,32.679405956025036,2343083.3081775783,1530.7133331155048,-0.13993968303453475
1048596,0,16,8,32,3,500,NAW,0.001,1059.4010505253907,42.2727178145378,2041052.109002395,1428.6539500531244,0.0070023178122421426
1048596,0,16,8,32,3,500,SAE,0.01,378.94573554882805,10.767538863941295,211140.35133655765,459.5001102682758,-0.20385206037986348
1048596,0,16,8,32,3,500,SAE,0.001,804.3708611132813,25.916549381226645,886398.8486104293,941.4875722017946,-4.0539514283418905
1048596,0,16,8,32,3,500,SAW,0.01,712.3149645933594,75.05303288030605,643263.7225507007,802.0372326461538,-3.662569341492472
1048596,0,16,8,32,3,500,SAW,0.001,699.6954277613281,74.95786866465178,662743.6312384475,814.090677528276,-3.803765590928725
1048596,0,16,8,32,3,500,XSICFEUW Index  (R4),0.01,530.0435791015625,11.706139814292465,548008.1377412826,740.2757173791955,-4.760359783168852
1048596,0,16,8,32,3,500,XSICFEUW Index  (R4),0.001,317.1180419921875,7.146925563887625,129096.37844324112,359.2998447581645,-0.35699004325419215
1048596,0,16,8,32,3,500,XSICFENE Index  (R1),0.01,2115.7285766601562,43.78012675190588,5138329.826501802,2266.788438849511,-23.293555039959347
1048596,0,16,8,32,3,500,XSICFENE Index  (R1),0.001,1018.7804565429688,21.09722402495663,1204374.2418581098,1097.4398579685858,-4.694171631876081
1048596,0,16,8,32,3,500,XSICFESE Index  (L4),0.01,1213.5537414550781,21.240124546928875,2161017.964207597,1470.0401233325563,-46.541135372479765
1048596,0,16,8,32,3,500,XSICFESE Index  (L4),0.001,807.597412109375,14.167128661233846,685578.8723694682,827.9969035989617,-14.082335510237279
1048596,0,16,8,32,3,500,XSICNEFE Index  (R2),0.01,173.67588806152344,50.53119841393552,37345.441460741684,193.24968683219564,-2830.8818169282795
1048596,0,16,8,32,3,500,XSICNEFE Index  (R2),0.001,79.78837966918945,23.23581251751022,9116.831000480917,95.48209780100622,-690.3236777615862
1048596,0,16,8,32,3,500,XSICNESE Index  (L2),0.01,48.48828125,8.632935808569933,2514.969991476275,50.14947648257432,-13.648532895384202
1048596,0,16,8,32,3,500,XSICNESE Index  (L2),0.001,73.28096008300781,12.91019861267188,10256.194917250425,101.2728735508696,-58.73757505497153
1048596,0,16,8,32,3,500,XSICUENE Index  (R1),0.01,10.795967102050781,1.8703029932764756,135.52866211580113,11.641677805015956,-6.6421448241509005
1048596,0,16,8,32,3,500,XSICUENE Index  (R1),0.001,11.665336608886719,2.023366085735892,227.5240071057342,15.083898935810138,-11.829547537239637
1048596,0,16,8,32,3,1000,NE,0.01,1351.6289870781252,96.27869910111939,2463305.4626740087,1569.492103412441,-2.0654508073726183
1048596,0,16,8,32,3,1000,NE,0.001,950.0194770039062,66.92645807991016,1184143.935400751,1088.1837783209005,-0.47360326919390405
1048596,0,16,8,32,3,1000,SE,0.01,1281.4734417066406,267.7260908755009,2356853.215535827,1535.2046168298957,-0.5335340531597417
1048596,0,16,8,32,3,1000,SE,0.001,1458.693961726172,295.31310641743903,3036367.7740795477,1742.5176538788776,-0.9756738980493584
1048596,0,16,8,32,3,1000,NAE,0.01,687.082984390625,58.12053265204858,716957.9522124957,846.733696159835,-0.09647018703782662
1048596,0,16,8,32,3,1000,NAE,0.001,743.3634351308593,73.80766311302332,1072002.6739744933,1035.3756197508676,-0.6394531489755846
1048596,0,16,8,32,3,1000,NAW,0.01,1375.3274021757813,68.66012400886822,2140104.262941709,1462.9095197385616,-0.04118780866400851
1048596,0,16,8,32,3,1000,NAW,0.001,1065.4469184453126,41.58938357396313,2115138.1540764137,1454.3514547991533,-0.029041480734829594
1048596,0,16,8,32,3,1000,SAE,0.01,1412.505016386719,44.35828182378681,2170552.373560651,1473.2794621390237,-11.375767732375484
1048596,0,16,8,32,3,1000,SAE,0.001,550.5284838613281,17.72663217899316,515684.19185792527,718.1115455539796,-1.9402597511260233
1048596,0,16,8,32,3,1000,SAW,0.01,1554.25164061875,153.1492050621272,2554449.9302992867,1598.2646621568304,-17.515423009032336
1048596,0,16,8,32,3,1000,SAW,0.001,658.8349846460937,70.3684397357862,579953.7452223072,761.5469422316048,-3.203679544114407
1048596,0,16,8,32,3,1000,XSICFEUW Index  (R4),0.01,682.0724487304688,14.987204812467969,610225.3172264844,781.1691988465011,-5.414352514017593
1048596,0,16,8,32,3,1000,XSICFEUW Index  (R4),0.001,526.5933837890625,12.252437979652603,421010.7958147526,648.8534471009248,-3.4254336559435377
1048596,0,16,8,32,3,1000,XSICFENE Index  (R1),0.01,513.86279296875,11.061987645243125,264288.8788187504,514.0903411062596,-0.24953372804477514
1048596,0,16,8,32,3,1000,XSICFENE Index  (R1),0.001,660.7897338867188,13.408136608698836,573020.4849310219,756.9811655061319,-1.7091886195972856
1048596,0,16,8,32,3,1000,XSICFESE Index  (L4),0.01,1219.7171325683594,21.379215194180606,1678400.7494186834,1295.5310684883952,-35.92383800550389
1048596,0,16,8,32,3,1000,XSICFESE Index  (L4),0.001,1593.866943359375,27.83007596125209,2578593.677416742,1605.8000116504986,-55.72755762289131
1048596,0,16,8,32,3,1000,XSICNEFE Index  (R2),0.01,48.69638442993164,14.21131753366155,4062.7861681011273,63.73998876765768,-307.0785719887111
1048596,0,16,8,32,3,1000,XSICNEFE Index  (R2),0.001,68.48989868164062,19.95207195321254,7434.032243020367,86.22083415869025,-562.7180847787956
1048596,0,16,8,32,3,1000,XSICNESE Index  (L2),0.01,13.03839111328125,2.342208243787425,289.7691700477153,17.02260761598279,-0.6877709212826519
1048596,0,16,8,32,3,1000,XSICNESE Index  (L2),0.001,58.424163818359375,10.321994633359985,5260.062151730061,72.52628593641109,-29.637420614372395
1048596,0,16,8,32,3,1000,XSICUENE Index  (R1),0.01,37.98180389404297,6.595264764051548,1731.9983578599058,41.61728436431077,-96.66334352690218
1048596,0,16,8,32,3,1000,XSICUENE Index  (R1),0.001,9.511398315429688,1.6469047283490013,110.2373803621158,10.499399047665337,-5.216028496189789
1048596,0,16,8,64,2,500,NE,0.01,1235.9699998061524,56.438576896941385,2141968.9107335494,1463.5466889489892,-1.6655647974926602
1048596,0,16,8,64,2,500,NE,0.001,920.8559665644533,40.33413177964409,1386386.753899083,1177.4492574625383,-0.7252835502817521
1048596,0,16,8,64,2,500,SE,0.01,1139.717399226172,224.11510661058313,1746288.3441381017,1321.472036835476,-0.13625771207091475
1048596,0,16,8,64,2,500,SE,0.001,1658.1532817945313,342.71472358234536,4661712.624183448,2159.0999569689793,-2.033237287798039
1048596,0,16,8,64,2,500,NAE,0.01,677.5122283066406,55.93255410602561,699982.3002172646,836.6494488238575,-0.07050869757967848
1048596,0,16,8,64,2,500,NAE,0.001,835.1073471542969,88.00960277571707,1537738.1551116067,1240.055706454999,-1.3517195636749078
1048596,0,16,8,64,2,500,NAW,0.01,1367.792886794922,67.98895987093205,2131213.9936661944,1459.8678000648533,-0.03686258014795363
1048596,0,16,8,64,2,500,NAW,0.001,975.158191638672,38.353413669507844,1741520.4449575278,1319.6667931555783,0.1527282631844905
1048596,0,16,8,64,2,500,SAE,0.01,385.28029975781243,11.342949101588125,184052.11240740758,429.0129513282875,-0.04940393125395026
1048596,0,16,8,64,2,500,SAE,0.001,1362.9711770029298,43.68018991807584,2773427.329654677,1665.3610208164105,-14.813160222493737
1048596,0,16,8,64,2,500,SAW,0.01,681.224938259375,72.47875170637461,608862.6826537596,780.2965350773766,-3.4132202358054267
1048596,0,16,8,64,2,500,SAW,0.001,873.381737054297,92.69108425782188,1148771.7154726295,1071.8076858618945,-7.326643634896151
1048596,0,16,8,64,2,500,XSICFEUW Index  (R4),0.01,412.1455383300781,9.186801774001001,225661.4127669409,475.03832768203125,-1.372028510513538
1048596,0,16,8,64,2,500,XSICFEUW Index  (R4),0.001,507.66046142578125,11.674452469840215,356460.67205038667,597.043274855673,-2.746918299468358
1048596,0,16,8,64,2,500,XSICFENE Index  (R1),0.01,2660.539291381836,55.22703506543297,7965964.854104431,2822.4040912145147,-36.662355699987856
1048596,0,16,8,64,2,500,XSICFENE Index  (R1),0.001,950.2662658691406,19.356117810309453,1170013.042466484,1081.6714115046602,-4.53171501331608
1048596,0,16,8,64,2,500,XSICFESE Index  (L4),0.01,814.6141967773438,14.268323211103628,799108.7793966234,893.9288447055634,-16.57992727865283
1048596,0,16,8,64,2,500,XSICFESE Index  (L4),0.001,380.8153076171875,6.661523719119454,273874.55080902576,523.3302502330873,-5.025080453166558
1048596,0,16,8,64,2,500,XSICNEFE Index  (R2),0.01,142.78440475463867,41.392391989199176,20697.691805689712,143.86692394601934,-1568.4932174930586
1048596,0,16,8,64,2,500,XSICNEFE Index  (R2),0.001,125.90994262695312,36.714344957883085,27326.228927176446,165.30646970755998,-2071.131103482574
1048596,0,16,8,64,2,500,XSICNESE Index  (L2),0.01,18.81877899169922,3.3523668160179843,550.7311726356857,23.46766227462134,-2.2077534627488062
1048596,0,16,8,64,2,500,XSICNESE Index  (L2),0.001,171.2608413696289,30.12075491754694,52635.214260131586,229.42365671423596,-305.5756928147453
1048596,0,16,8,64,2,500,XSICUENE Index  (R1),0.01,69.6185302734375,12.089674911170423,4864.683153592283,69.7472806179014,-273.3081249602697
1048596,0,16,8,64,2,500,XSICUENE Index  (R1),0.001,14.32330322265625,2.485270222878897,298.7557441210374,17.28455218167475,-15.846138875547485
1048596,0,16,8,64,2,1000,NE,0.01,1555.8578553359375,72.80682114520197,3226891.103326951,1796.354949147565,-3.0156919585844326
1048596,0,16,8,64,2,1000,NE,0.001,890.544393694336,59.25011654117795,1182751.4693441226,1087.5437781276314,-0.4718704202792199
1048596,0,16,8,64,2,1000,SE,0.01,1287.8559795484375,263.2975331095462,2332752.9503475367,1527.335244911063,-0.5178527298118127
1048596,0,16,8,64,2,1000,SE,0.001,1731.9526317378907,360.5075386088876,5028574.254000383,2242.448272313184,-2.2719432022832775
1048596,0,16,8,64,2,1000,NAE,0.01,680.0583098496094,55.02136134849218,698143.14822708,835.5496084776056,-0.06769601474319464
1048596,0,16,8,64,2,1000,NAE,0.001,842.9675363925782,83.14034412365784,1363754.3613435794,1167.7989387491236,-1.085639743644069
1048596,0,16,8,64,2,1000,NAW,0.01,1022.1911811406251,35.095409865886474,2346438.43111489,1531.8088755177293,-0.14157199280531962
1048596,0,16,8,64,2,1000,NAW,0.001,1039.9995765263673,42.19351969521688,1877819.3845548804,1370.3355007277892,0.08641710409753678
1048596,0,16,8,64,2,1000,SAE,0.01,378.93853340039055,10.648841552060377,226392.2042262323,475.8068980439778,-0.29081305295952453
1048596,0,16,8,64,2,1000,SAE,0.001,1347.345764330078,43.71075111207685,3042843.3536848174,1744.3747744349025,-16.34928078672943
1048596,0,16,8,64,2,1000,SAW,0.01,647.3070610621094,68.89547633449408,549714.9709322886,741.4276572480208,-2.9844997940581006
1048596,0,16,8,64,2,1000,SAW,0.001,987.164696038672,103.599317942385,1428324.6465961223,1195.125368568554,-9.352927537262525
1048596,0,16,8,64,2,1000,XSICFEUW Index  (R4),0.01,481.6048583984375,11.163309956695135,327611.5815797448,572.3736380894431,-2.4436725461971904
1048596,0,16,8,64,2,1000,XSICFEUW Index  (R4),0.001,472.14520263671875,10.92700373022963,330019.2817865312,574.473047049669,-2.4689809649704304
1048596,0,16,8,64,2,1000,XSICFENE Index  (R1),0.01,2070.606201171875,42.428990427058736,5273042.629563108,2296.31065615328,-23.930464893211234
1048596,0,16,8,64,2,1000,XSICFENE Index  (R1),0.001,726.4687805175781,14.995432082829938,620228.0434575453,787.5455818284713,-1.9323816531490015
1048596,0,16,8,64,2,1000,XSICFESE Index  (L4),0.01,706.018798828125,12.318142861501984,812592.1650535464,901.4389413895688,-16.876553902499605
1048596,0,16,8,64,2,1000,XSICFESE Index  (L4),0.001,663.9895629882812,11.658119514126948,479144.7325524986,692.2028117195845,-9.540904782178242
1048596,0,16,8,64,2,1000,XSICNEFE Index  (R2),0.01,115.90807342529297,33.695295249256866,15540.785010087071,124.66268491448061,-1177.4481524236642
1048596,0,16,8,64,2,1000,XSICNEFE Index  (R2),0.001,68.15673828125,19.910216456953794,10924.500244613271,104.52033412027188,-827.3981228142765
1048596,0,16,8,64,2,1000,XSICNESE Index  (L2),0.01,42.86370849609375,7.648622676836932,2087.4631270151585,45.688763684467965,-11.15850383408902
1048596,0,16,8,64,2,1000,XSICNESE Index  (L2),0.001,187.7555923461914,32.999705555310065,64685.24495858466,254.33294115899471,-375.7615286994374
1048596,0,16,8,64,2,1000,XSICUENE Index  (R1),0.01,8.762535095214844,1.5164655613655071,114.50493035418913,10.7006976573581,-5.456665676359563
1048596,0,16,8,64,2,1000,XSICUENE Index  (R1),0.001,22.45343780517578,3.8934297276028556,779.5915485597216,27.92116667619248,-42.959347231561395
1048596,0,16,8,64,3,500,NE,0.01,1227.608221546875,53.565506541543705,2310592.3231701297,1520.06326288419,-1.8754075407610973
1048596,0,16,8,64,3,500,NE,0.001,905.5829373437501,32.29736262917737,1870156.5129404666,1367.5366587190513,-1.3273089267147853
1048596,0,16,8,64,3,500,SE,0.01,1202.631736384375,246.7855596845281,2012289.183933844,1418.551791065044,-0.3093365204188159
1048596,0,16,8,64,3,500,SE,0.001,1401.6765972242188,282.1749111842749,2849082.2207669853,1687.9224569769149,-0.8538127775618942
1048596,0,16,8,64,3,500,NAE,0.01,671.1783823398438,54.64886077304952,665415.1001641933,815.7297960502566,-0.017643806144132412
1048596,0,16,8,64,3,500,NAE,0.001,803.2709668691406,77.92979469015528,1163334.9190044436,1078.580047564595,-0.7791309131757553
1048596,0,16,8,64,3,500,NAW,0.01,1077.7953653095703,29.898819346648413,3216889.0354271317,1793.5687986322498,-0.565057228056594
1048596,0,16,8,64,3,500,NAW,0.001,1102.2936591679688,46.69805455088143,1996827.3068770997,1413.0914007512392,0.028518243746683436
1048596,0,16,8,64,3,500,SAE,0.01,1378.6253166796878,43.33182179899077,2076004.0407717829,1440.834494580062,-10.836684584541143
1048596,0,16,8,64,3,500,SAE,0.001,1176.989991089844,38.40919541934635,2337734.59057754,1528.9652025397897,-12.328985130852967
1048596,0,16,8,64,3,500,SAW,0.01,695.3939898619141,73.66221950488553,624332.9696793138,790.1474354064018,-3.5253535389294077
1048596,0,16,8,64,3,500,SAW,0.001,705.5607689478516,75.34874551236558,662937.6133461418,814.2098091684611,-3.805171631711729
1048596,0,16,8,64,3,500,XSICFEUW Index  (R4),0.01,696.147216796875,15.478442434317568,519340.38210491836,720.6527472402491,-4.459020121823555
1048596,0,16,8,64,3,500,XSICFEUW Index  (R4),0.001,577.2969360351562,13.301272982437196,435903.45108786225,660.2298471652598,-3.58197704753149
1048596,0,16,8,64,3,500,XSICFENE Index  (R1),0.01,1615.9706420898438,32.73608416287398,3516778.23538661,1875.3075042207372,-15.627006928214318
1048596,0,16,8,64,3,500,XSICFENE Index  (R1),0.001,530.4397583007812,10.960801216575302,327825.229672879,572.5602410863672,-0.5499278032853245
1048596,0,16,8,64,3,500,XSICFESE Index  (L4),0.01,891.17822265625,15.73598882962409,1014809.6393988729,1007.3776051704112,-21.32522044843332
1048596,0,16,8,64,3,500,XSICFESE Index  (L4),0.001,840.63916015625,14.68340311761449,791401.0695403814,889.6072557822251,-16.410362155291278
1048596,0,16,8,64,3,500,XSICNEFE Index  (R2),0.01,263.52227783203125,76.34695300352801,69456.3714643307,263.5457673049042,-5265.833855115125
1048596,0,16,8,64,3,500,XSICNEFE Index  (R2),0.001,81.64653778076172,23.804632141466815,12203.763227747986,110.47064418997468,-924.4038466538757
1048596,0,16,8,64,3,500,XSICNESE Index  (L2),0.01,1793.0244140625,317.4332662908783,3215108.8557765633,1793.072462500209,-18725.516815589737
1048596,0,16,8,64,3,500,XSICNESE Index  (L2),0.001,163.2102813720703,28.705155139269156,43985.26098832581,209.7266339507832,-255.1937298191529
1048596,0,16,8,64,3,500,XSICUENE Index  (R1),0.01,33.43213653564453,5.81366031299019,1135.4382708552293,33.696264939236656,-63.02471307025081
1048596,0,16,8,64,3,500,XSICUENE Index  (R1),0.001,18.704833984375,3.244858038027055,369.77024676837027,19.22941098339651,-19.850480875044667
1048596,0,16,8,64,3,1000,NE,0.01,1231.4254365126953,53.484858814274695,2346383.6876905817,1531.7910065314334,-1.9199479637531716
1048596,0,16,8,64,3,1000,NE,0.001,796.8638364433596,36.79368759986935,1010533.5695140924,1005.2529878165458,-0.25755453129284134
1048596,0,16,8,64,3,1000,SE,0.01,2512.6632275796874,477.66129103207106,7847020.7844245825,2801.253430952755,-4.105822250382075
1048596,0,16,8,64,3,1000,SE,0.001,1303.0266741402345,263.22587131583765,2706874.1507857833,1645.2580802979767,-0.7612822302572262
1048596,0,16,8,64,3,1000,NAE,0.01,673.7425139511719,54.31406218899504,686523.2024280109,828.5669571181384,-0.04992520391062505
1048596,0,16,8,64,3,1000,NAE,0.001,813.2857231972656,80.28187117608302,1246396.8218018499,1116.421435570748,-0.9061605385742006
1048596,0,16,8,64,3,1000,NAW,0.01,1009.3692817265626,35.83275786900449,2191215.241200151,1480.2753937021823,-0.06605394643732998
1048596,0,16,8,64,3,1000,NAW,0.001,1066.270252185547,38.78332289886606,2332005.0093584177,1527.090373670929,-0.13454995045422025
1048596,0,16,8,64,3,1000,SAE,0.01,1380.3701286914065,43.38465593235411,2080791.8591075651,1442.495011813755,-10.86398313231645
1048596,0,16,8,64,3,1000,SAE,0.001,1137.2415474863283,36.37744307528751,1701809.922204083,1304.5343698822514,-8.703154173285474
1048596,0,16,8,64,3,1000,SAW,0.01,1613.8250659117186,158.63598394123545,2742311.3509027394,1655.9925576229923,-18.87709920722
1048596,0,16,8,64,3,1000,SAW,0.001,724.9396294214844,77.60116424654446,708228.9202342927,841.5633786199901,-4.133456674890384
1048596,0,16,8,64,3,1000,XSICFEUW Index  (R4),0.01,368.1028137207031,8.057255214588853,246128.51748023182,496.11341191327597,-1.5871674450452127
1048596,0,16,8,64,3,1000,XSICFEUW Index  (R4),0.001,487.2132873535156,11.175429618455842,293377.3477132395,541.6431922522792,-2.0838211308787664
1048596,0,16,8,64,3,1000,XSICFENE Index  (R1),0.01,2296.1129150390625,47.76612168382323,5847896.595897123,2418.242460113775,-26.648322045752558
1048596,0,16,8,64,3,1000,XSICFENE Index  (R1),0.001,596.9879150390625,12.523707779144255,378855.39568787813,615.5123034415137,-0.7911937765962751
1048596,0,16,8,64,3,1000,XSICFESE Index  (L4),0.01,1334.5709838867188,23.132358094272387,2218057.6393249333,1489.3144863744974,-47.79597497181178
1048596,0,16,8,64,3,1000,XSICFESE Index  (L4),0.001,896.1505737304688,15.677528519208778,848459.8069013059,921.1187800177054,-17.66562111286924
1048596,0,16,8,64,3,1000,XSICNEFE Index  (R2),0.01,472.0792465209961,136.76145431346467,222871.92424090346,472.0931308978171,-16899.240700732014
1048596,0,16,8,64,3,1000,XSICNEFE Index  (R2),0.001,81.5591049194336,23.73981527154278,9502.660317349713,97.48158963286203,-719.580877145002
1048596,0,16,8,64,3,1000,XSICNESE Index  (L2),0.01,197.83184814453125,34.93950291061244,49733.90106209088,223.01098865771363,-288.67689005950274
1048596,0,16,8,64,3,1000,XSICNESE Index  (L2),0.001,86.70462036132812,15.282327926470124,12302.670355194248,110.91740330171027,-70.65734462435674
1048596,0,16,8,64,3,1000,XSICUENE Index  (R1),0.01,78.10987854003906,13.564853696469465,6119.56283820048,78.22763474757804,-344.06786048002704
1048596,0,16,8,64,3,1000,XSICUENE Index  (R1),0.001,6.61309814453125,1.1450536982023765,63.786549001932144,7.986648170661591,-2.5967745692719446
