trial_index,test_size,window_size,batch_size,d_model,n_head,num_layers,epoch_number,lr,mae,mape,mse,rmse,r2,runtime_s,started_at
0,4,36,64,256,16,8,897,0.0003898386229844703,469.21946093819827,32.100805483119444,225015.83464000784,474.3583399077198,-45.40083567260487,11.612347,2025-11-21T02:01:37
1,4,24,16,256,4,2,1783,0.008834404881586266,669.9907316901514,45.74234201050123,453761.387822837,673.6181320472579,-92.57078191686081,14.71397,2025-11-21T02:01:49
2,12,36,32,512,16,3,642,0.0003507219892079814,314.1787263477225,20.145669958391,116782.69327763503,341.7348288916935,-3.950251535864658,3.637351,2025-11-21T02:02:03
3,4,12,32,256,32,2,1052,0.00027625401282729763,184.88413378976077,12.894423480547895,57292.640444456054,239.358811085901,-10.814396967955306,8.622619,2025-11-21T02:02:07
4,4,12,32,512,8,1,1092,0.004558018817052584,276.14911792062014,18.82434518000018,77651.57727580132,278.6603259809356,-15.012642322072406,5.863602,2025-11-21T02:02:16
5,8,12,32,1024,4,4,1924,0.0023778465184786705,533.7424846300964,35.16785845213427,298542.273286794,546.3902207093333,-20.856368588105912,32.102394,2025-11-21T02:02:22
6,12,24,32,512,8,4,1098,0.00589873597283476,795.3085176074882,49.98457898451606,656106.9001931389,810.0042593672819,-26.811434204990096,7.858755,2025-11-21T02:02:54
7,8,24,64,1024,32,3,1740,4.926174943845719e-05,332.4817119250183,22.24077957682801,135677.40406027404,368.3441380832252,-8.932983090036322,16.459964,2025-11-21T02:03:02
8,12,24,16,512,32,8,836,2.509016766698428e-05,499.2639721159517,31.738488573287356,276213.7154278783,525.5603822853072,-10.708304806544431,21.126521,2025-11-21T02:03:18
9,8,12,16,1024,4,5,472,0.00025986805500782025,472.495795787323,31.195803835795534,236911.7143352722,486.73577466144013,-16.34437704364065,12.994309,2025-11-21T02:03:39
10,4,24,32,1024,4,10,1814,0.0005054812805842479,908.3723234870264,61.938115645202515,829989.6799398691,911.0376940280073,-170.15335376491012,60.45421,2025-11-21T02:03:52
11,12,24,64,256,32,4,1041,0.00015206942929253095,472.7988333626965,30.419187522576003,272589.8319738298,522.1013617812443,-10.554693563896084,7.069884,2025-11-21T02:04:53
12,8,12,64,512,8,5,1077,2.3913631814177724e-05,152.7437076825968,9.925764220499504,32483.04227427218,180.23052536757524,-1.378093182560769,9.387185,2025-11-21T02:05:00
13,12,24,64,1024,16,9,651,0.006040332018793331,889.6897431934257,55.80892575861216,815139.1036341944,902.8505433537681,-33.55258212032758,16.181645,2025-11-21T02:05:09
14,12,12,16,512,4,1,609,5.1365328263236675e-05,253.00554343840165,16.03196913563872,106008.37197593629,325.5892688279764,-3.493543447750649,3.101524,2025-11-21T02:05:25
15,4,36,64,256,4,5,636,6.587134489727305e-05,306.0203947760889,20.865121614989015,98500.97798384436,313.8486545834542,-19.31202693059981,5.330599,2025-11-21T02:05:28
16,4,24,32,1024,4,10,1722,0.001173380003309956,760.7069792487451,51.90531041179529,583524.5001341319,763.8877536223054,-119.32941808286692,57.327486,2025-11-21T02:05:34
17,4,24,32,1024,4,10,2000,0.0003056070591333075,773.7964567878076,52.79464704476071,603610.3548934921,776.9236480462491,-123.47135079406453,66.689254,2025-11-21T02:06:32
18,4,24,32,1024,4,10,1604,0.0003100434586139148,832.6215300299951,56.791390197762446,698107.9997448607,835.5285750618351,-142.9578446988669,53.454685,2025-11-21T02:07:40
19,12,24,64,1024,8,8,908,0.007471044298749666,999.2794445280609,62.571804256528495,1022150.855345467,1011.0147651471104,-42.32751454472827,20.004469,2025-11-21T02:08:34
20,8,24,32,1024,4,10,1682,0.0005157705477681334,883.4980998644714,57.85045047174302,794228.1729804941,891.1948008042316,-57.14568067900986,51.148807,2025-11-21T02:08:55
21,12,24,64,1024,8,8,1092,0.0044243794528460905,811.6151785775402,50.99087644168011,682310.426688684,826.0208391370547,-27.922164259581876,24.02659,2025-11-21T02:09:47
22,12,24,64,1024,8,8,721,0.01,982.5011649056651,61.53639788673956,988899.7739804959,994.434399033187,-40.91804870714228,15.897238,2025-11-21T02:10:12
23,12,24,64,1024,8,8,892,0.01,694.0896455371757,43.738275320004725,505351.70053253276,710.8809327394657,-20.421136655632093,19.615199,2025-11-21T02:10:28
24,12,24,32,1024,8,9,757,0.0036040593981966763,941.332667184311,58.99585498509957,909698.4504362372,953.7811334033805,-37.56081774668314,18.745836,2025-11-21T02:10:49
25,8,24,32,1024,8,9,833,0.002813081871584407,917.7303386340027,60.07050733408822,855888.2551336882,925.1422891283742,-61.659833625847206,22.80931,2025-11-21T02:11:08
26,8,24,64,1024,8,9,615,0.0032590389487466877,850.1229167590027,55.68597612080821,736368.2542832411,858.1190210473377,-52.90973882862353,16.925545,2025-11-21T02:11:32
27,8,24,32,1024,4,9,1083,0.0019353008261017153,827.4519878039246,54.2157026439053,698336.0698274337,835.6650464315435,-50.125391297115236,29.719752,2025-11-21T02:11:49
28,8,24,32,1024,8,10,1229,0.0011848460300317653,842.6751628527527,55.20296835974972,723760.7107733202,850.7412713471236,-51.98673681986378,37.439216,2025-11-21T02:12:20
29,12,24,32,1024,8,8,542,0.004869677219155331,1005.3020478809254,62.943460623400846,1034223.4719641936,1016.967783149591,-42.83925551662622,11.979518,2025-11-21T02:12:58
30,12,24,32,512,8,8,515,0.005915148601634047,983.2737072233734,61.58407288486868,990418.4548203858,995.1976963500196,-40.982423418404345,6.860197,2025-11-21T02:13:11
31,8,24,32,1024,8,8,552,0.006507330483060479,846.0957561144714,55.42480378300445,729537.3254947558,854.129571841858,-52.40964450108816,13.510245,2025-11-21T02:13:19
32,12,24,64,1024,8,8,454,0.0029638496700961836,855.5457002246757,53.70186746889251,755549.7096635414,869.2236246579711,-31.02667283749242,10.053147,2025-11-21T02:13:33
33,12,24,32,512,8,9,673,0.005219430992418079,960.4531912728527,60.17579882219114,946061.5837186881,972.6569712486968,-39.102199019269165,9.703979,2025-11-21T02:13:44
34,12,24,32,512,8,9,648,0.005415698575286179,988.1764985645192,61.88662832134316,1000084.0607736002,1000.0420295035606,-41.39213464677285,9.961524,2025-11-21T02:13:54
35,12,24,32,512,8,8,706,0.004828802059486381,824.7052461231132,51.79867876081592,703730.1108273099,838.8862323505554,-28.830114070714334,8.971022,2025-11-21T02:14:05
36,12,24,32,1024,8,10,434,0.008907981687143539,831.4309337858735,52.21372436977756,714868.6567171514,845.4990577860814,-29.30226111879964,11.993209,2025-11-21T02:14:15
37,12,24,32,1024,8,9,625,0.004659148647540261,834.5074515267589,52.40357900524655,719993.949545683,848.5245721519696,-29.519514959964937,15.487162,2025-11-21T02:14:29
38,8,24,32,512,8,9,607,0.005721253306214303,803.8127055773621,52.6826285854883,659774.1340027177,812.2648176566049,-47.30226051038668,8.946889,2025-11-21T02:14:46
39,8,24,16,512,4,9,1609,0.0007052347780073387,642.4855876574402,42.22008783470071,426445.8151932242,653.0281886666335,-30.22022491858173,46.683897,2025-11-21T02:14:56
40,4,24,64,1024,4,10,1372,0.0005926709822003548,769.3583464362451,52.493108993888306,596761.6570874945,772.5034997250785,-122.05907106728071,45.760548,2025-11-21T02:15:44
41,8,24,32,1024,4,10,1480,0.0004699757669783326,858.8988872179871,56.25512198560389,751366.5557675732,866.8140260560931,-54.0077689394956,45.180709,2025-11-21T02:16:31
42,8,24,32,1024,4,8,1615,0.0008507741134113849,853.6900249132996,55.91731289291106,742445.9297151833,861.6530216480317,-53.35468725397365,39.533447,2025-11-21T02:17:17
43,12,24,32,1024,16,8,564,0.007308676358433224,869.7195893848319,54.576550721720494,780003.4470910885,883.1780381616657,-32.06323183318676,12.495609,2025-11-21T02:17:58
44,4,24,32,1024,4,9,1471,0.0006822017867434786,728.1830534674951,49.695542054495725,535099.951213626,731.5052639685008,-109.34372289579183,44.160417,2025-11-21T02:18:11
45,8,24,32,1024,4,10,1815,0.0009781745895755525,815.0902019152527,53.41400615865886,678031.3179426542,823.4265710691235,-48.63887437474474,55.218392,2025-11-21T02:18:57
46,8,24,32,1024,4,10,1660,0.0002631475483580877,815.1620402941589,53.4186661893953,678148.4853532456,823.4977142368069,-48.647452235709636,50.529338,2025-11-21T02:19:53
47,12,24,32,512,8,9,624,0.004990271184685663,877.3821260059257,55.04941210507813,793390.6595252886,890.7247944933882,-32.63069664371137,9.07909,2025-11-21T02:20:44
48,12,24,32,1024,8,8,660,0.004740840692504541,893.8767549121757,56.067309856805224,822606.9174629324,906.9768009507919,-33.86913208023796,14.706769,2025-11-21T02:20:55
49,8,24,32,1024,8,10,1419,0.0005914759154725987,739.1888347277527,48.49158929473049,560059.4140705798,748.3711739976226,-40.002116217578546,43.105566,2025-11-21T02:21:11
50,12,24,32,512,8,8,561,0.006893831967415597,711.1255748991548,44.78957491269585,529290.7334363268,727.5236995702112,-21.435878061855643,7.32586,2025-11-21T02:21:55
51,12,24,32,1024,8,9,824,0.004047713737666678,927.6008760059257,58.14845440606467,884034.6496575712,940.2311682015073,-36.47296589419427,20.412007,2025-11-21T02:22:04
52,12,24,32,1024,8,9,816,0.0034412846958380085,966.2326915983735,60.53245684166063,957196.8704777942,978.3643853277746,-39.57420791745849,20.222962,2025-11-21T02:22:25
53,12,24,32,1024,8,10,724,0.0032567200930764457,881.5673880501964,55.307688026388405,800752.3133908068,894.8476481450945,-32.942746634437725,19.91764,2025-11-21T02:22:47
54,12,24,32,1024,8,9,796,0.003779091336025296,956.5560151660819,59.93530060526307,938590.6548855928,968.80888460294,-38.78551701877407,19.747704,2025-11-21T02:23:07
55,12,24,32,1024,8,9,742,0.0030978162671894986,825.3291474903007,51.83717798311641,704759.4661876772,839.4995331670394,-28.873746973934804,18.411831,2025-11-21T02:23:28
56,12,24,32,1024,8,9,807,0.004252500366284743,995.2944998666026,62.3258865075447,1014202.4194448368,1007.0761736059675,-41.99059170179233,19.985275,2025-11-21T02:23:47
57,12,24,32,1024,8,9,833,0.004361480201355479,701.3450166309257,44.186010517095184,515476.09684364405,717.9666404810491,-20.85029535185801,20.628351,2025-11-21T02:24:08
58,8,24,32,1024,4,9,1786,0.0006603549240423325,869.1303630480652,56.91866200556257,769046.848599633,876.953162147006,-55.30214843432823,48.927569,2025-11-21T02:24:30
59,12,24,32,1024,8,8,756,0.0037999310068341794,1039.6170096322276,65.06106649460047,1104394.7936544698,1050.9018953520208,-45.813717598478775,16.663885,2025-11-21T02:25:20
60,12,24,32,1024,8,8,742,0.003540997229383341,957.2439017220714,59.977750799584605,939907.1390279074,969.4880809106976,-38.84132090087792,16.35634,2025-11-21T02:25:37
61,8,24,32,1024,4,9,1278,0.0006127702819316101,846.9082866320496,55.47749912331579,730912.9649668863,854.9344799263195,-52.51035547583963,35.016113,2025-11-21T02:25:55
62,4,36,16,256,32,10,2000,1e-05,177.17630908272952,12.152180406597191,33896.533985232054,184.11011375052718,-5.98985254009306,31.915581,2025-11-21T02:26:31
63,12,24,32,1024,8,8,691,0.0031426919837612374,905.2830049121757,56.77119936511891,843128.5834734287,918.2203349269873,-34.73901618580017,15.219087,2025-11-21T02:27:04
64,12,24,32,1024,8,8,757,0.003320069102955493,812.5737763965507,51.05003307036855,683867.4074869378,826.9627606409722,-27.988162451364833,16.701356,2025-11-21T02:27:20
65,12,24,32,1024,8,8,834,0.003718198478466901,984.6653901660817,61.66995477781486,993157.1993906597,996.5727265938295,-41.098514888251756,18.363061,2025-11-21T02:27:38
66,8,24,32,1024,4,10,1782,0.00037863217461950744,815.1080546984558,53.41516411598782,678060.4288414782,823.4442475611073,-48.64100559230272,54.537589,2025-11-21T02:27:57
67,8,24,64,1024,4,9,1680,0.0007083588170345527,870.8821941027527,57.032273567959734,772095.0766896314,878.6894085452672,-55.52531011907772,46.142822,2025-11-21T02:28:53
68,12,24,32,1024,8,8,786,0.0033063470682880695,900.9815522754569,56.505753189486775,835359.0309330524,913.9797759978348,-34.40967595295811,17.331638,2025-11-21T02:29:40
69,4,36,16,1024,32,1,2000,0.01,314.7148833014795,21.601308149976674,103807.53310820757,322.191764494699,-20.406299219068423,6.411714,2025-11-21T02:29:59
70,12,24,32,1024,8,8,783,0.0033959035244927557,875.0569510384777,54.90592363529046,789315.9365719197,888.4345426489898,-32.45797495874231,17.242064,2025-11-21T02:30:06
71,12,24,32,1024,8,8,816,0.00316487361099131,880.3825532520194,55.23457101974846,798664.7032012428,893.6804256563097,-32.85425582079801,17.977061,2025-11-21T02:30:25
72,12,24,32,1024,8,8,782,0.004012203707684691,1005.6003470345713,62.96186885016003,1034823.3189744441,1017.2626597759519,-42.86468217446769,17.208532,2025-11-21T02:30:44
73,12,24,32,1024,8,8,791,0.00369457283295728,820.1351167285819,51.516649925104964,696212.8772835397,834.3937183869134,-28.511469279683233,17.426063,2025-11-21T02:31:03
74,8,24,32,1024,4,10,1479,0.0006673242862342927,923.6894755968933,60.456974116862504,866861.5285135681,931.0539879693165,-62.463190232495364,45.055083,2025-11-21T02:31:22
75,8,24,32,1024,8,9,835,0.003909518391409825,791.1619792590027,51.86219370663815,639596.5581094295,799.7478090682272,-45.82505418016446,22.840275,2025-11-21T02:32:08
76,12,24,32,1024,8,8,675,0.003808523485649055,895.8748017871757,56.1906110497855,826182.924967822,908.9460517367474,-34.02071392979557,14.898041,2025-11-21T02:32:33
77,12,36,64,256,32,10,2000,0.01,560.6106823210298,35.50117627506759,337875.7396562705,581.2707971817184,-13.322069925109126,32.70585,2025-11-21T02:32:49
78,12,24,32,1024,8,9,846,0.003051243704325924,895.6845145150402,56.178868049553884,825842.0042952773,908.7584961337514,-34.00626278951522,20.862436,2025-11-21T02:33:23
79,12,24,32,1024,8,9,771,0.003488527816183975,834.1887666309257,52.38391270844165,719462.1628638356,848.2111546447827,-29.496973282215567,19.109608,2025-11-21T02:33:45
80,12,24,32,1024,8,8,637,0.004430624660152467,958.0491181934257,60.027441647478405,941449.3773618111,970.2831428824326,-38.90669418065771,14.060417,2025-11-21T02:34:05
81,8,24,64,1024,4,10,1462,0.000574960783610536,770.2840495715027,50.50820132170802,606996.7977086802,779.0999921118471,-43.43841602886236,44.646285,2025-11-21T02:34:20
82,12,24,32,1024,8,8,750,0.0038137651505444946,967.7532197559257,60.62629011015933,960137.5588385715,979.8660922996426,-39.69885949609463,16.545941,2025-11-21T02:35:06
83,8,24,32,1024,4,10,1881,0.0005648074479016506,792.3671184191589,51.94034993726449,641504.9091509809,800.9400159506209,-45.9647651272958,57.31138,2025-11-21T02:35:24
84,8,24,32,1024,4,10,1646,0.000697244257439133,822.5569072375183,53.89824308533102,690259.1511743736,830.8183623237835,-49.5340776811442,50.134516,2025-11-21T02:36:22
85,8,24,32,1024,4,9,1400,0.0002708608137451304,902.7740703234558,59.100552288875804,828660.3491591371,910.3078320871117,-59.6664705342143,38.410041,2025-11-21T02:37:13
86,12,24,32,1024,8,8,666,0.003810720851451852,988.7121837858734,61.91968574673924,1001143.0423366985,1000.5713579433996,-41.437023362404,14.675292,2025-11-21T02:37:53
87,12,24,32,1024,8,8,668,0.002845503556292142,860.1922252897798,53.98860878103324,763521.9419508348,873.7974261525578,-31.36460437526423,14.759383,2025-11-21T02:38:09
88,12,12,16,1024,32,10,2000,0.01,582.0085908496757,36.82165693313231,362325.2643134358,601.9346013591808,-14.358450347485222,79.368106,2025-11-21T02:38:25
89,12,24,32,1024,8,8,657,0.0031249912979294573,926.9155529264985,58.10616249606997,882763.7044648887,939.5550566437757,-36.419092343109774,14.476207,2025-11-21T02:39:45
90,12,24,32,1024,8,8,605,0.0032828443343349755,984.2783255501963,61.64606862610466,992395.0868499497,996.1902864663707,-41.066210026381654,13.455713,2025-11-21T02:40:01
91,12,24,32,1024,8,8,691,0.0032160317930768974,903.7737275684257,56.678060560744,840398.2151335374,916.7323574160222,-34.62327977239265,15.229055,2025-11-21T02:40:16
92,12,24,32,1024,8,8,633,0.003397315980900244,883.9227754199882,55.453041398440284,804910.749015439,897.1681832384824,-33.119016779952275,13.938629,2025-11-21T02:40:33
93,12,24,32,1024,8,8,646,0.0037441770237453256,856.6821748340507,53.77200029554492,757495.6131690097,870.3422391042559,-31.109156907231146,14.224473,2025-11-21T02:40:48
94,12,24,32,1024,8,8,727,0.003485772768688887,913.9587861621757,57.306589295928724,858911.9272936481,926.7750143878762,-35.40804958273831,15.996978,2025-11-21T02:41:03
95,12,24,32,1024,8,8,719,0.0033412499804953083,808.1702119434257,50.77828529662646,676730.3559632922,822.6362233474114,-27.685633033050433,15.822743,2025-11-21T02:41:21
96,4,36,16,1024,32,10,300,0.01,165.13593432687014,11.440513559045458,32119.268662389473,179.21849419741667,-5.6233601271312255,9.074149,2025-11-21T02:41:38
97,12,24,32,1024,8,8,693,0.0026398623728425513,821.0580903613944,51.57360723265821,697727.6450326606,835.3009308223358,-28.57567812061771,15.280859,2025-11-21T02:41:48
98,8,24,32,1024,4,9,1322,0.0005117459047656231,776.2401042590027,50.89446819834813,616207.9801444344,784.9891592528105,-44.112769433596874,36.290464,2025-11-21T02:42:05
99,12,24,32,1024,8,8,669,0.005329449790838198,900.2283581022798,56.45927260021823,834002.3535207653,913.2372931066521,-34.352168335559,14.771017,2025-11-21T02:42:42
100,12,12,64,1024,4,10,300,0.01,922.8220470671235,57.853548552763186,875191.7851955554,935.5168545758838,-36.098129502294405,7.898624,2025-11-21T02:42:58
101,12,24,32,1024,8,9,623,0.005512151566640319,971.376368356186,60.84987775070362,967163.3144233171,983.4446168561385,-39.99667123855302,15.465866,2025-11-21T02:43:07
102,12,24,32,1024,8,9,580,0.005960318943510012,1018.7615612272797,63.7740589395552,1061466.392165969,1030.2749109659853,-43.99404398557912,14.392068,2025-11-21T02:43:24
103,12,24,32,1024,8,9,529,0.006396728184906794,1121.3748017871756,70.1064102059267,1281072.7105738383,1131.8448261903388,-53.3028421000368,13.134538,2025-11-21T02:43:39
104,12,24,32,1024,8,9,474,0.007746469382476882,786.9604951465507,49.46941511053487,642898.0703949875,801.8092481351082,-26.25153077957564,11.782119,2025-11-21T02:43:53
105,12,24,32,1024,8,9,547,0.006469895591394672,1145.5447236621756,71.5979568952044,1335863.978400861,1155.7958203769647,-55.625365670099335,13.596806,2025-11-21T02:44:06
106,12,36,16,256,4,1,2000,1e-05,462.4375210328373,28.642755431578447,314983.46406795544,561.2338764436404,-12.35169906612333,5.17878,2025-11-21T02:44:21
107,12,24,32,1024,8,9,517,0.006873520834546087,1166.2203014616548,72.87386455201967,1383661.0527428982,1176.2912278610677,-57.65141537002366,12.941713,2025-11-21T02:44:27
108,12,24,32,1024,8,9,470,0.006912384493121089,1296.5187633757173,80.91469485963238,1704552.167847515,1305.5849906641524,-71.25353132410197,11.676939,2025-11-21T02:44:41
109,12,24,32,1024,8,9,417,0.007172651885561957,924.7268729134777,57.971097299998895,878711.0594084678,937.3958925707259,-36.24730650865255,10.358048,2025-11-21T02:44:54
110,8,36,32,1024,4,10,1805,0.00023780808049940542,463.58245045040894,30.61774238460519,228568.0293784865,478.0878887594691,-15.733533387260518,44.85647,2025-11-21T02:45:05
111,12,24,32,1024,8,9,422,0.007514152733863537,967.025782418686,60.58139908320843,958730.1155371537,979.1476474654646,-39.63919998517787,10.51814,2025-11-21T02:45:51
112,12,24,32,1024,8,9,435,0.007557637790500778,1246.5193940723318,77.82919042684911,1577401.847630943,1255.9465942590643,-65.86381089316967,10.81882,2025-11-21T02:46:03
113,12,24,32,1024,8,9,403,0.008072062099611844,841.3213349903007,52.824068970418836,731412.8180747418,855.226764124429,-30.00354448426633,10.017417,2025-11-21T02:46:14
114,4,36,16,256,4,1,2000,0.01,163.04197070382327,11.17668478650482,28272.377384691204,168.14391866698958,-4.830087198972963,5.204828,2025-11-21T02:46:26
115,12,24,32,1024,8,9,459,0.007875849489559588,885.5612845345714,55.55415481098943,807810.0430095493,898.7825337697375,-33.24191371052012,11.390198,2025-11-21T02:46:32
116,8,24,64,1024,8,7,1490,0.0010155943981711491,824.9729228625183,54.0549282460121,694239.5996599576,833.2104173976448,-49.825487498216624,31.806943,2025-11-21T02:46:45
117,8,24,32,1024,4,7,1657,0.0008942903942077816,833.0696025500183,54.580020777075546,707664.241151433,841.2278176281577,-50.8083094931406,35.391414,2025-11-21T02:47:18
118,8,24,64,1024,4,7,1750,0.00047886475217565375,789.5396648058777,51.75698277202664,637032.1954830186,798.1429668192401,-45.63731642986416,37.43968,2025-11-21T02:47:54
119,4,24,32,1024,4,10,1480,0.0003350727466803531,797.4953093268701,54.404814569789586,640848.1602547414,800.5299246466315,-131.15021166241235,49.361295,2025-11-21T02:48:33
120,12,24,32,1024,8,9,419,0.007524701144855778,1302.0773571257173,81.2577208102443,1718996.7264325751,1311.1051546052952,-71.86581552746924,10.435902,2025-11-21T02:49:23
121,12,24,32,1024,8,9,371,0.007679686357903448,861.3744559212902,54.061564983461764,765557.2163238729,874.9612656134401,-31.450876748406756,9.242833,2025-11-21T02:49:35
122,4,36,16,1024,32,1,300,1e-05,341.6033838386653,23.570714253274545,143966.031717995,379.42855943905306,-28.68744040112089,0.995151,2025-11-21T02:49:45
123,12,24,32,1024,8,9,437,0.007724463806063766,1005.9541678353526,62.98370401592391,1035535.0774864433,1017.6124397266591,-42.89485260099496,10.859301,2025-11-21T02:49:47
124,8,24,32,1024,4,10,1688,0.0001628015481009635,835.2827067980652,54.72359449159511,711358.7333062829,843.4208518327507,-51.078784362221185,51.413169,2025-11-21T02:49:59
125,8,24,32,1024,4,6,1992,0.0005553446869535089,860.6553264269714,56.36903324525464,754386.9082937916,868.554493566058,-54.22888984593296,36.63714,2025-11-21T02:50:51
126,4,24,32,1024,4,8,1764,0.00045140688422409635,801.9856657721826,54.7099021671389,648030.397769912,805.0033526451377,-132.63127108756888,47.143075,2025-11-21T02:51:29
127,8,24,32,1024,4,7,1981,0.0019940768634577432,787.8804851183777,51.649379594123005,634414.939514777,796.501688331404,-45.4457063422825,42.376592,2025-11-21T02:52:17
128,4,24,32,1024,4,8,1570,0.00031627232646927917,813.7426848151514,55.508707420156696,667026.5366781935,816.7169256714309,-136.54849194141372,41.963847,2025-11-21T02:53:00
129,8,24,32,1024,4,7,1871,0.00027080513677252467,812.6270061144714,53.254250267438664,674021.4010949802,820.9880639174849,-48.34530717012234,40.04595,2025-11-21T02:53:43
130,12,24,32,1024,8,9,425,0.007966607883276102,763.9355317676444,48.048525188198,607188.7651554801,779.2231805814558,-24.737864343691307,10.572247,2025-11-21T02:54:25
131,12,24,32,1024,8,9,477,0.00815205272575893,891.707423043686,55.933439231463446,818733.42870125,904.8388965452634,-33.704940425177504,11.868633,2025-11-21T02:54:36
132,8,24,64,1024,4,10,1431,0.004951194766802912,867.1301494250183,56.78894279542226,765573.9692851397,874.9708391055897,-55.04789790717874,43.570242,2025-11-21T02:54:49
133,8,24,64,1024,4,10,1267,0.0001701496622974888,834.6660991320496,54.68358878458312,710328.2219425319,842.8097187043657,-51.00334031889558,38.631788,2025-11-21T02:55:34
134,12,24,32,1024,8,9,455,0.009215461383830875,1022.0378470345713,63.97624112789426,1068152.6217894556,1033.51469355276,-44.277463707576125,11.321451,2025-11-21T02:56:14
135,12,24,32,1024,8,9,424,0.008370658468531697,601.4498343392589,38.02139273429202,385333.16342497803,620.7520949823513,-15.333722322444402,10.540185,2025-11-21T02:56:26
136,8,24,64,1024,4,9,1734,0.000131862205450272,276.2256236681824,18.50620036622168,91910.94305122465,303.16817618481105,-5.728827467184824,47.565462,2025-11-21T02:56:38
137,12,24,32,1024,8,9,458,0.006591763423725596,935.3357392871757,58.62577947888988,898444.209678498,947.8629698846231,-37.08376655842579,11.379676,2025-11-21T02:57:26
138,4,24,32,1024,4,10,1849,0.0009107647904979107,826.5421843268701,56.37834217175083,688021.3743282149,829.470538553489,-140.87786730884156,61.510733,2025-11-21T02:57:39
139,8,24,32,1024,4,10,1482,0.00121759130613214,834.7851482043152,54.69127872143693,710525.5250769751,842.9267613956595,-51.01778494002914,45.196694,2025-11-21T02:58:41
140,8,24,32,1024,8,6,1773,0.0018810849621538751,921.3426433215027,60.304775439792714,862531.5470870606,928.7257652757678,-62.146191004896906,32.509471,2025-11-21T02:59:28
141,8,24,32,1024,4,9,1503,0.0010998114100596455,789.8558269152527,51.777486058252165,637531.5079963845,798.4557019624724,-45.673871247420244,41.261808,2025-11-21T03:00:01
142,12,24,32,1024,8,9,452,0.007503379523964961,923.2934012337902,57.88263648338433,876061.9728476411,935.9818229258734,-36.13501551374292,11.243437,2025-11-21T03:00:44
143,4,24,32,1024,8,9,2000,0.0007175112976332105,753.1881804206201,51.394461756960695,572141.8269817057,756.4005730971558,-116.98218084373802,59.899288,2025-11-21T03:00:56
144,12,24,32,1024,4,4,2000,0.0005624747195890912,820.1471813444673,51.51741249904887,696233.5791304765,834.4061236175562,-28.512346801400856,22.099973,2025-11-21T03:01:58
145,4,12,16,256,4,10,2000,1e-05,203.8759855964014,14.085989841669882,48325.23891566638,219.83002278048005,-8.965216329564562,97.319465,2025-11-21T03:02:21
146,4,12,16,1024,32,10,2000,1e-05,166.5932707526514,11.633043848608121,39024.516635910404,197.54623923504695,-7.047301144484694,113.559951,2025-11-21T03:04:00
147,12,24,32,1024,8,7,2000,0.0008854249603285117,870.5525768522798,54.6279546364356,781453.0478983647,883.9983302576791,-32.124678340551945,38.537335,2025-11-21T03:05:55
148,12,24,32,1024,4,9,1308,0.00029134760571522257,859.5135346973319,53.94672543090094,762354.7512599939,873.1292866809554,-31.315128829292306,32.051447,2025-11-21T03:06:35
149,4,36,16,1024,4,1,2000,1e-05,310.2005212898372,21.408463918259752,125445.90091130644,354.1834283408901,-24.86837785571765,6.328595,2025-11-21T03:07:08
150,4,24,32,1024,4,6,1746,0.0018983168603594652,876.6925749518701,59.78570286537366,773439.2628321216,879.4539571985116,-158.49201172810703,35.029932,2025-11-21T03:07:16
151,12,24,32,1024,8,9,493,0.007955578522950781,1288.3870291634778,80.41287865461496,1683532.4068368208,1297.5100796667518,-70.3625336830446,12.243552,2025-11-21T03:07:52
152,12,24,32,1024,8,10,505,0.008325731400269733,795.9099987272798,50.02169696654709,657063.9902311919,810.5948372838257,-26.852003884433685,13.900246,2025-11-21T03:08:05
153,12,24,64,1024,4,5,1409,0.0035907214929578267,1117.2311860645193,69.85070370414974,1271796.7669840807,1127.7396716370674,-52.909648102595526,19.329557,2025-11-21T03:08:20
154,12,24,32,1024,4,8,566,0.009660064567141805,414.85305292649855,26.50634099498704,195694.12543383622,442.37328743249884,-7.2951944145139915,12.381919,2025-11-21T03:08:41
155,8,24,64,1024,4,6,1392,0.002853115629993297,853.0457072863464,55.87552724988976,741346.2561757014,861.0146666437811,-53.27417982719991,25.505938,2025-11-21T03:08:54
156,8,24,64,1024,4,5,1482,0.0036435774993278484,885.2278361925964,57.96262851336482,797287.5911881075,892.9096209516994,-57.36966159559692,22.933379,2025-11-21T03:09:22
157,8,24,32,1024,4,5,1557,0.0026168936120718428,836.6619182238464,54.81299213182788,713662.4268790392,844.785432449589,-51.24743845360288,23.935854,2025-11-21T03:09:46
158,12,24,32,1024,8,8,469,0.008247331461446395,646.1517386361339,40.77998525793474,441103.3035999983,664.1560837634466,-17.697738892951534,10.378031,2025-11-21T03:10:11
159,12,24,32,1024,8,10,412,0.006141805558261522,1245.3117931608735,77.75466876221137,1574392.7323171108,1254.7480752394524,-65.73625879374619,11.369389,2025-11-21T03:10:23
160,12,24,32,1024,8,10,415,0.005465591607636504,943.4431611621757,59.12609546330943,913676.2628342896,955.8641445489467,-37.72943153165578,11.658485,2025-11-21T03:10:36
161,12,24,64,1024,4,7,1210,0.002404423291902348,871.6921845996757,54.69828092184272,783438.5291827656,885.1206297351597,-32.208840055800025,23.109603,2025-11-21T03:10:49
162,8,24,64,1024,4,7,1426,0.0021399858312562015,920.7523112902527,60.266490749363314,861444.0994307492,928.1401291996533,-62.066578638665,30.620188,2025-11-21T03:11:15
163,12,24,64,1024,8,5,1668,0.006516334968139358,839.430567574936,52.707379620574166,728234.4851865461,853.3665596837892,-29.868819493604615,23.098103,2025-11-21T03:11:47
164,12,24,64,1024,4,6,1776,0.0023505816320367064,937.9255830371757,58.785600966565234,903295.6638062363,950.4186781656999,-37.28941276826203,29.253588,2025-11-21T03:12:12
165,12,24,64,1024,4,7,1597,0.0033627520502531845,831.4119111621757,52.212550566584625,714837.0305129521,845.4803548947498,-29.300920529183855,30.646314,2025-11-21T03:12:43
166,12,24,32,1024,8,10,369,0.005436401408717298,955.0166474903007,59.84030526942266,935648.0614742237,967.2890268550676,-38.66078468776485,10.374115,2025-11-21T03:13:16
167,12,24,64,1024,4,3,1534,0.0030335119650406507,899.5361177051444,56.41660201024092,832758.8864143738,912.5562373982076,-34.29945954129804,12.889897,2025-11-21T03:13:28
168,12,24,32,1024,8,10,379,0.005573841670730568,868.0291190072277,54.472229881711066,777065.8102941337,881.5133636503384,-31.9387096059817,10.450029,2025-11-21T03:13:42
169,8,24,64,1024,4,5,1415,0.0018531088001361292,856.9276042590027,56.127279219091264,747984.1996254808,864.8607978313509,-53.760145640711386,21.709254,2025-11-21T03:13:53
170,4,24,16,1024,4,8,1889,0.00017241054884884223,688.4644255378076,46.99691899333932,478831.3918599332,691.9764388040486,-97.74050314780396,70.121848,2025-11-21T03:14:17
171,4,24,64,1024,4,6,1240,0.0005647081965834223,846.7913298346826,57.754126881554704,721904.9459490513,849.6498961037136,-147.8650468613148,25.041424,2025-11-21T03:15:29
172,8,24,32,1024,4,5,1403,0.0013623199051268633,872.9573894152527,57.16685581305897,775713.8844191,880.7462088587722,-55.790244108874106,21.547246,2025-11-21T03:15:55
173,8,24,64,1024,4,8,995,0.0026207765039719193,888.5028606066589,58.17502320050513,803096.6088657238,896.1565760879757,-57.794941506877144,24.286769,2025-11-21T03:16:19
174,8,24,64,1024,4,6,1557,0.001580440257339036,878.1274028429871,57.50214485390529,784766.97784891,885.8707455655763,-56.45302377048138,28.620677,2025-11-21T03:16:44
175,8,24,64,1024,4,6,1290,0.0020445924569408355,852.8831706652527,55.864986339995504,741068.9834884214,860.8536365076362,-53.253880611327105,23.650956,2025-11-21T03:17:14
176,8,24,64,1024,4,5,1490,0.0017473867335327993,911.6024089465027,59.673092351001955,844678.1616681041,919.0637418961234,-60.83913935031473,22.894158,2025-11-21T03:17:39
177,4,24,64,1024,4,6,1641,0.0020986639984028046,835.9547819831201,57.01786092482719,703669.789376827,838.8502782838109,-144.10474925858975,33.101626,2025-11-21T03:18:04
178,8,24,64,1024,4,7,1328,0.002446851271775742,831.1883464465027,54.45801605011219,704533.3479528783,839.3648479373427,-50.579095871216225,28.451799,2025-11-21T03:18:39
179,8,24,64,1024,4,5,1548,0.00315688499514204,810.2653117785339,53.10109884616221,670189.1730844469,818.6508248847288,-48.06474861809639,23.722372,2025-11-21T03:19:09
180,8,24,64,1024,4,7,1033,0.0036211182799894275,935.8236308703308,61.24390821150752,889425.1517573886,943.0933950343352,-64.1150797986552,22.211345,2025-11-21T03:19:35
181,12,24,32,1024,8,10,307,0.005450231675093908,781.0916596973319,49.10724470218521,633695.4542315992,796.0499068724267,-25.861445026984846,8.683846,2025-11-21T03:19:59
182,8,24,64,1024,8,7,967,0.003588672727828407,795.8450542101746,52.16590451135037,647028.6434428832,804.3809069358143,-46.369159357089174,20.73096,2025-11-21T03:20:11
183,12,24,32,1024,8,10,491,0.007238816155467966,781.5089163705089,49.13299355122158,634347.4391770228,796.4593142006834,-25.889081737415655,13.495036,2025-11-21T03:20:33
184,8,24,64,1024,4,7,885,0.003848035351385144,925.0242839465027,60.54354017580407,869329.2065751469,932.3782529505645,-62.64384967705863,19.076724,2025-11-21T03:20:49
185,8,24,64,1024,4,6,1202,0.0018401791533233442,837.0855632433777,54.840467124273594,714371.5208748898,845.2050170668001,-51.29935143586264,22.244699,2025-11-21T03:21:10
186,8,24,32,1024,8,7,1134,0.0035242562075449967,923.4738994250183,60.442993186112304,866463.3136329581,930.8401117447389,-62.43403680269107,24.177746,2025-11-21T03:21:34
187,12,24,32,1024,8,9,501,0.007151810573561512,953.1487479134777,59.72503548240172,932083.7952856122,965.4448691073003,-38.50970053583098,12.562727,2025-11-21T03:22:01
188,8,24,64,1024,8,8,1123,0.004494623219866427,817.2918620715027,53.55679000410649,681625.2684927111,825.606000761084,-48.901988563046004,27.561395,2025-11-21T03:22:16
189,12,24,32,1024,8,9,521,0.00781938252426699,1126.4470267220715,70.4194211640538,1292474.1488051915,1136.8703306908803,-53.786132778918855,13.052285,2025-11-21T03:22:47
190,8,24,32,1024,4,6,1432,0.0037447233794042204,819.2459636340027,53.68351897937404,684823.2296150125,827.5404700768491,-49.13611224760811,26.215906,2025-11-21T03:23:01
191,8,24,64,1024,4,6,1320,0.0036151445769670304,929.2401958117371,60.81695413299286,877146.6341112634,936.5610680095898,-63.216165871207906,24.451574,2025-11-21T03:23:30
192,12,24,32,1024,8,9,389,0.007082417816887875,1175.388331246811,73.43963144881546,1405128.9847398037,1185.3813667929,-58.56141033894318,9.865249,2025-11-21T03:23:57
193,12,24,64,1024,4,7,1209,0.005066654565742723,877.0616304004569,55.02963186809453,792828.2574958713,890.4090394284367,-32.60685722511466,23.150688,2025-11-21T03:24:09
194,8,24,64,1024,4,4,1041,0.00378598131864561,708.5418315539246,46.5040551475087,515691.2840897422,718.1164836499314,-36.75391223041786,12.807612,2025-11-21T03:24:34
195,4,24,32,1024,4,5,1586,7.91498701268923e-05,323.22483203194827,22.33063950813139,132215.67043878132,363.61472802786926,-26.264381669797316,26.833116,2025-11-21T03:24:49
196,8,24,64,1024,4,8,1482,0.00294379719624368,843.4305644640808,55.25195848758592,725034.4073623115,851.4895227554543,-52.079984525831584,36.304726,2025-11-21T03:25:19
197,12,24,32,1024,8,5,1816,0.001418974451426361,932.5417329395194,58.45335895575502,893225.3482096909,945.1059983989578,-36.86254647626851,25.340978,2025-11-21T03:25:57
198,8,24,64,1024,4,6,1952,0.002191969332786922,816.2965007433777,53.49223802607478,679999.2578102901,824.6206751047963,-48.78294783755032,36.028001,2025-11-21T03:26:25
199,12,24,64,1024,8,6,1335,0.002498004123372922,872.5566458626964,54.75162758711991,784946.3650632637,885.9719888705645,-32.27275506472624,22.31682,2025-11-21T03:27:03
200,8,24,32,1024,8,6,1505,0.002363373064804689,830.3770671496277,54.405402308881044,703185.3543324242,838.561479160845,-50.48040885748548,27.695043,2025-11-21T03:27:28
201,12,24,64,1024,4,6,1280,0.0017969990902169137,950.0724539681652,59.5351944594581,926228.9126504987,962.4078722924593,-38.261520425034306,21.16911,2025-11-21T03:27:58
202,8,24,64,1024,4,7,1488,0.0014764486455495485,842.5365214953308,55.193977289756106,723527.0803435657,850.6039503456151,-51.96963266663987,31.769322,2025-11-21T03:28:20
203,12,24,32,1024,8,9,426,0.006803329195213629,997.7478486621754,62.477284485424775,1019092.0340006105,1009.5008836056611,-42.19785547765817,10.680263,2025-11-21T03:28:54
204,4,24,64,1024,4,8,1526,0.0022641735450957094,736.8620085456201,50.285215036627584,547815.0114942667,740.1452637788522,-111.96571358188363,40.914746,2025-11-21T03:29:06
205,12,24,64,1024,4,7,1314,0.0013693727792885206,914.4040579720714,57.33406743001036,859726.0470947083,927.2141322772794,-35.44255895807866,25.300623,2025-11-21T03:29:50
206,12,24,64,1024,4,6,1461,0.0025372785985167544,970.8108369434257,60.81497829941704,966064.9456174051,982.8860288036477,-39.9501129539664,24.103259,2025-11-21T03:30:17
207,12,24,64,1024,4,6,1418,0.002050186815378458,909.3234305306652,57.020537566594186,850460.3683575684,922.2040817289676,-35.0498000730758,23.429516,2025-11-21T03:30:43
208,12,24,32,1024,8,9,456,0.006430771658463689,961.8333792611339,60.260971718197624,948714.7162716147,974.0198746799855,-39.214661518003915,11.509383,2025-11-21T03:31:09
209,12,24,32,1024,4,6,1442,0.001565863418400627,929.6145478809257,58.272719831248146,887774.4721224684,942.217847486699,-36.631491625885566,23.84658,2025-11-21T03:31:23
210,12,24,32,1024,4,6,1437,0.0022746254840585183,909.4939831022798,57.03106272090551,850770.583545641,922.3722586600494,-35.06294965173429,23.800943,2025-11-21T03:31:49
211,12,24,64,512,4,6,1373,0.001877755525590679,928.7963105762382,58.222225945062114,886253.8628142873,941.4105708001623,-36.5670351696076,14.120498,2025-11-21T03:32:15
212,12,24,32,1024,4,7,1452,0.0036032830062241,1126.108057809311,70.39850365071008,1291710.6298434848,1136.534482470059,-53.75376830087188,27.84293,2025-11-21T03:32:31
213,12,24,32,512,4,7,1466,0.0027107504110486067,855.5825451139985,53.704224546526106,755616.9224046614,869.2622863121702,-31.02952188957044,16.87169,2025-11-21T03:33:00
214,12,24,32,1024,4,7,1467,0.002411750235268798,915.9246064746757,57.427901759989986,862509.1492364,928.7137068205681,-35.5605306820106,28.179846,2025-11-21T03:33:20
215,12,24,32,1024,4,7,1359,0.0030415226887758025,904.9099783822277,56.74817945017223,842453.3266685276,917.8525625984423,-34.71039301449157,26.128103,2025-11-21T03:33:51
216,4,24,32,1024,4,5,1059,0.0012423700371129228,833.1349577643701,56.826274018201886,698963.2497054199,836.0402201481816,-143.13420701106773,17.99117,2025-11-21T03:34:20
217,12,24,32,1024,4,4,1353,0.0027303853132534597,1027.035324248113,64.28463964835922,1078392.8113246723,1038.4569376361603,-44.71153071315322,15.090517,2025-11-21T03:34:40
218,12,24,32,1024,4,5,1352,0.002853100163645598,912.0067597949882,57.1861921400121,855350.7184750194,924.8517278326399,-35.25709502835034,18.696752,2025-11-21T03:34:58
219,12,24,32,1024,4,6,1243,0.0033550077440982775,876.5837861621757,55.000145865947445,791990.3986530254,889.9384240794558,-32.57134158570587,20.592713,2025-11-21T03:35:19
220,12,24,32,1024,4,6,1519,0.003160521331999245,923.8879853809257,57.919328728786546,877160.2740218363,936.568349893288,-36.18157093151768,25.00394,2025-11-21T03:35:43
221,12,24,64,1024,4,7,1113,0.0026068421463778333,881.0627900684257,55.27654905343724,799862.9045337694,894.3505490207793,-32.90504586357012,21.457419,2025-11-21T03:36:11
222,12,24,32,1024,8,7,1176,0.004932315175835794,950.6262869759777,59.56937244126491,927281.6074098625,962.95462375434,-38.306142652036286,22.821611,2025-11-21T03:36:34
223,12,24,32,1024,4,5,1359,0.0026032867381486206,849.910059762436,53.35410342873812,745939.184528165,863.6777087132474,-30.619296406305303,18.835945,2025-11-21T03:37:00
224,8,24,64,1024,8,8,1726,0.0007154042885974312,922.1091838488464,60.35448753890422,863944.6173223939,929.4862114751321,-62.24964229695114,42.254038,2025-11-21T03:37:21
225,12,24,32,1024,8,9,538,0.007066223887495082,661.6263073210298,41.734934842653246,461340.6378651228,679.2206106009467,-18.55557058201504,13.489371,2025-11-21T03:38:05
226,8,24,32,1024,4,4,1497,0.003318784306598971,930.2507854113464,60.8825326811334,879027.647586864,937.5647431441009,-63.35387542700815,18.598341,2025-11-21T03:38:21
227,12,24,32,1024,8,9,588,0.007032721536255458,1057.455042672592,66.16186672060974,1141802.4261317467,1068.5515552053382,-47.39937369979395,14.728404,2025-11-21T03:38:42
228,12,24,32,1024,8,9,300,0.006522401177322222,1049.485316110092,65.67004810986064,1125010.6908714501,1060.665211492981,-46.687596030268026,7.669408,2025-11-21T03:38:59
229,12,24,32,1024,4,8,1300,0.0030936553586211808,857.1003877246757,53.797808573107865,758212.3391283998,870.7538912507941,-31.13953789675697,28.411232,2025-11-21T03:39:09
230,12,24,32,1024,8,9,300,0.0066585571975407406,1049.2527314746756,65.65569514963471,1124522.5589976783,1060.4350800485988,-46.66690481746906,7.682322,2025-11-21T03:39:41
231,12,24,32,1024,4,5,1505,0.001736900471207846,937.3924206022798,58.752699463458846,902295.8343896628,949.8925383377126,-37.24703142761913,20.780411,2025-11-21T03:39:51
232,12,24,32,1024,8,9,433,0.006207262025414172,1067.1568045541026,66.76057108183734,1162414.9199379736,1078.1534769864509,-48.273107865863366,10.954108,2025-11-21T03:40:14
233,8,24,32,1024,4,6,1452,0.0019301574413697815,917.0233073840027,60.024654371522644,854591.026969902,924.4409267064618,-61.5648631662924,26.913026,2025-11-21T03:40:28
234,12,24,32,1024,4,6,997,0.005252810943767712,796.3364106738944,50.04801088789693,657742.9271305079,811.0135184634765,-26.88078304968726,16.60661,2025-11-21T03:40:58
235,12,24,32,1024,4,6,1499,0.0021559311633267074,908.7719168587902,56.98650255055707,849457.6298098011,921.6602572584982,-35.00729541851749,24.838269,2025-11-21T03:41:18
236,12,24,32,1024,8,9,368,0.005958912503314265,821.8977713509777,51.62542469862237,699107.2054013737,836.1263094780439,-28.634155713849825,9.40164,2025-11-21T03:41:47
237,12,24,32,1024,4,6,1538,0.002512778574470968,941.9714814746757,59.03527684267341,910901.5364022059,954.411617910326,-37.61181484208884,25.475541,2025-11-21T03:41:59
238,12,24,64,1024,4,6,1464,0.0021439413395412093,907.3706310514985,56.900028472334554,846912.7211558964,920.2786106152291,-34.89942037625693,24.263919,2025-11-21T03:42:27
239,12,24,64,1024,4,5,1461,0.0016630229197497218,933.5834809863944,58.51764596925927,895169.373091008,946.1339086466609,-36.944950913813216,20.30651,2025-11-21T03:42:54
240,8,24,32,1024,4,6,1607,0.0019128353427244353,804.5545573840027,52.730740016892696,660967.3164917754,812.998964631429,-47.38961375516039,29.696962,2025-11-21T03:43:17
241,12,24,32,1024,8,8,1504,0.004613530578323982,840.824610543686,52.79341450513188,730577.1951351818,854.7380856936128,-29.96812362160369,33.236088,2025-11-21T03:43:49
242,12,24,32,1024,8,6,1332,0.0027306676400796256,938.5305635059257,58.822934832181694,904430.883125361,951.0157112925954,-37.33753309346022,22.239722,2025-11-21T03:44:25
243,12,24,64,1024,4,5,1379,0.0014546973521993936,931.0464733366548,58.361084975327735,890438.7890522961,943.630642281341,-36.744428214379504,19.150342,2025-11-21T03:44:50
244,12,24,32,1024,4,5,1494,0.0020835999383834684,896.9072724903007,56.25432769509945,828034.0187714457,909.96374585554,-34.09917915171534,20.689335,2025-11-21T03:45:13
245,8,24,64,512,8,9,1887,0.000726567098918514,899.1689067492371,58.866746732804344,822164.0223383398,906.7326079602188,-59.1908725162152,27.631592,2025-11-21T03:45:37
246,12,24,64,1024,4,5,1673,0.001666200073805683,887.9133353158214,55.699302290729676,811981.3652303619,901.1000861338111,-33.418730100437365,23.082313,2025-11-21T03:46:07
247,12,24,64,1024,4,6,1523,0.0031514177032291994,1010.8650361621754,63.28675741998552,1045439.3858257675,1022.4673030595001,-43.314682082507744,25.23846,2025-11-21T03:46:33
248,8,24,32,1024,4,3,1709,0.0011832807970025502,929.9914775500183,60.86567044694989,878543.1408836134,937.3063217985961,-63.31840454721258,16.110669,2025-11-21T03:47:01
249,12,24,64,1024,4,5,1343,0.0025369370413572965,893.4555716439464,56.041319398039015,821854.1800888474,906.5617353985593,-33.837224618288026,18.593542,2025-11-21T03:47:20
250,8,24,32,1024,4,5,1474,0.001877089996731811,837.3072734484558,54.854845859987854,714742.7602131761,845.4246035059401,-51.326529978193214,22.772076,2025-11-21T03:47:42
251,8,24,32,1024,8,5,1646,0.001555038125769353,842.2899089465027,55.17798356177717,723111.5713975148,850.3596717845425,-51.93921313316288,25.394727,2025-11-21T03:48:07
252,12,24,64,1024,4,6,1550,0.002777275449185655,865.4825288379569,54.31507827294296,772651.3009353505,879.0058594431271,-31.751584860695566,25.622613,2025-11-21T03:48:36
253,8,24,64,1024,8,10,2000,0.0007355943223026316,825.7098308215027,54.102718923050205,695456.0053996814,833.9400490441033,-49.91454092407619,60.958004,2025-11-21T03:49:05
254,8,24,32,1024,4,2,1630,0.001272436679132186,863.8679729113464,56.57742744889216,759929.3324755952,871.7392571609903,-54.63465236812278,10.404299,2025-11-21T03:50:10
255,4,24,32,512,8,8,1868,0.001149625560005507,836.8331999518701,57.07754314907289,705139.1963980678,839.725667345037,-144.40775777280317,25.413886,2025-11-21T03:50:23
256,12,24,32,512,8,5,300,0.004054954324847393,909.6165823861339,57.03862570479941,850993.4671260564,922.4930715870208,-35.072397368303456,2.969058,2025-11-21T03:50:52
257,12,24,64,512,8,9,1316,0.002406636957925362,915.1433361296235,57.37968868941812,861078.5803048561,927.943198856943,-35.499890908669364,19.357385,2025-11-21T03:50:59
258,12,24,32,1024,4,6,1593,0.0023582929605887883,955.1018525684257,59.845563348155586,935810.8132702493,967.3731509971989,-38.66768350389615,26.250912,2025-11-21T03:51:21
259,12,24,32,1024,8,9,354,0.006598065067813421,948.5749564095714,59.44278276792853,923385.7015590224,960.9296028112686,-38.14100076859079,9.007741,2025-11-21T03:51:50
260,12,24,32,1024,4,6,1515,0.0019381802274540134,956.2019298796235,59.91345002995215,937913.3927489325,968.459288121567,-38.756808844316964,25.072989,2025-11-21T03:52:02
261,12,24,32,1024,8,8,300,0.006403406080856239,683.7823945606132,43.10220610343221,491149.6325479378,700.8206850171717,-19.819131282403905,6.787923,2025-11-21T03:52:30
262,12,24,32,1024,8,10,491,0.0066933838980075605,490.88947056972773,31.198617436925772,264563.7297938688,514.3575894199179,-10.21447855833098,13.615996,2025-11-21T03:52:41
263,8,24,64,1024,4,5,1362,0.002684216811892186,968.3152995715027,63.35108414062716,951293.800068656,975.3429140915804,-68.64450193593471,21.045477,2025-11-21T03:52:57
264,12,24,32,1024,4,5,1552,0.0021430738402731745,903.8689424121757,56.68393635073207,840570.3295479155,916.8262264725608,-34.63057545654076,21.505723,2025-11-21T03:53:21
265,12,24,32,1024,4,5,1599,0.002227860367428763,1009.3781994108734,63.1950035524038,1042435.6195774978,1020.9973651178037,-43.18735672233194,22.198414,2025-11-21T03:53:45
266,12,24,64,1024,4,6,1506,0.0017337843678108282,899.3281709278007,56.40372243966419,832382.4751080855,912.3499740275579,-34.28350400375413,24.934885,2025-11-21T03:54:10
267,12,24,64,1024,4,5,1548,0.0020623075757301816,920.9201712533214,57.736182184945896,871685.2163618049,933.6408390606127,-35.94949105880842,21.3925,2025-11-21T03:54:38
268,4,24,64,512,8,6,1637,0.0008301146522836406,755.9757780768701,51.583858545232886,576348.7427530561,759.176358136274,-117.84969493538946,16.716397,2025-11-21T03:55:03
269,12,24,32,1024,4,5,1542,0.001971790578091383,887.8889619434257,55.697797997196886,811938.0732315845,901.0760640653954,-33.416895014454816,21.318306,2025-11-21T03:55:24
270,12,24,32,1024,8,9,421,0.006261792977220173,1010.9266206348317,63.290557899638024,1045563.89973587,1022.5281901912875,-43.31996004928024,10.688131,2025-11-21T03:55:48
271,4,24,64,1024,8,6,2000,0.0010681657386206694,785.7877897956201,53.60937227365885,622311.8424482668,788.8674428877559,-127.3278111727337,40.273189,2025-11-21T03:56:03
272,12,24,32,1024,4,5,1464,0.0020513200906648464,865.4697928353527,54.31429170624098,772629.2239537366,878.9933014271136,-31.750649048983455,20.349924,2025-11-21T03:56:49
273,12,24,32,1024,8,9,429,0.006107277859437966,947.9163056934257,59.40213706372304,922136.5870900826,960.2794317749822,-38.088052590699064,10.772371,2025-11-21T03:57:13
274,12,24,32,1024,8,9,406,0.006882176572531664,964.1426240528007,60.403477140586304,953162.2640060306,976.3002939700626,-39.403186712835506,10.244941,2025-11-21T03:57:29
275,12,24,64,1024,4,6,1491,0.001983835250209884,879.2382864876964,55.163957295718944,796651.2254442141,892.5532059458495,-32.768907375070135,24.680489,2025-11-21T03:57:43
276,12,24,32,1024,4,6,1431,0.001987019957150838,881.515284371811,55.30447283139649,800660.4595837811,894.7963229605837,-32.938853082777435,23.625914,2025-11-21T03:58:10
277,12,24,32,512,8,6,780,0.008608847614409996,1008.5914765918629,63.14646354831211,1040848.5096273321,1020.2198339707634,-43.12008139884102,8.875405,2025-11-21T03:58:37
278,12,36,64,256,4,1,300,0.01,538.7437389616548,34.15991947496859,314254.3626376178,560.5839478950658,-12.32079349806326,1.018047,2025-11-21T03:58:51
279,12,24,32,1024,8,9,454,0.007332493393079127,869.1669770801444,54.5424480377681,779042.4903800585,882.6338370921763,-32.0224982509995,11.400638,2025-11-21T03:58:55
280,12,24,32,1024,8,5,1399,0.002327087511058729,941.3843639616548,58.99904514459485,909795.776713816,953.8321533235373,-37.56494326855237,19.621246,2025-11-21T03:59:10
281,12,24,32,1024,8,9,675,0.009614064466971904,997.4900361621754,62.461374654072486,1018577.6367334292,1009.2460734297802,-42.17605091235452,16.916648,2025-11-21T03:59:34
282,12,24,64,1024,4,6,1612,0.0018967175608677349,972.1273652637382,60.896222177092305,968622.8684345786,984.1863992326752,-40.05853964801629,26.642687,2025-11-21T03:59:54
283,12,24,32,1024,8,9,417,0.005798895764523955,1075.961146188217,67.3038942680914,1181283.6435608335,1086.8687333624212,-49.07292610495648,10.5712,2025-11-21T04:00:24
284,12,24,64,1024,4,6,1459,0.002007486627982267,872.131495309311,54.72539093449546,784204.5980260618,885.5532722688465,-32.24131261968489,24.090303,2025-11-21T04:00:38
285,12,24,32,1024,8,8,506,0.00834817425045962,466.3149466439465,29.682102165020364,241040.87577969072,490.9591386049258,-9.21737838069785,11.430188,2025-11-21T04:01:06
286,8,24,32,1024,4,7,1398,0.0023917993406382117,867.0086589465027,56.78106393257802,765363.29537262,874.8504417171085,-55.03247440740689,30.178759,2025-11-21T04:01:20
287,12,24,32,1024,8,9,445,0.006336077816917341,969.8245291634777,60.75411263554533,964150.8937126888,981.9118563866559,-39.868979028081334,11.264435,2025-11-21T04:01:53
288,12,24,64,1024,4,6,1559,0.001989925654167275,841.6819510384777,52.84632377478747,732019.7810427697,855.581545524896,-30.029272777392354,25.820763,2025-11-21T04:02:09
289,12,24,32,1024,8,10,481,0.006268117883841019,814.4167532845714,51.16376475396201,686865.9126902608,828.7737403479075,-28.115264803361114,13.48899,2025-11-21T04:02:38
290,12,24,32,1024,8,9,342,0.006819980001397368,973.7365368132173,60.99552539501579,971754.0896525793,985.7758820607143,-40.191267642280735,8.751714,2025-11-21T04:02:56
291,12,24,32,1024,4,5,1525,0.002608118161332756,941.1855724577485,58.98676994826909,909421.1504687058,953.6357535603968,-37.54906339720172,21.18206,2025-11-21T04:03:08
292,12,24,32,1024,8,8,580,0.0055640899597085075,893.3763480111339,56.03642911942668,821712.5526171145,906.4836196077205,-33.83122123208593,13.023988,2025-11-21T04:03:33
293,12,24,32,1024,4,5,1539,0.003027104717097785,934.1018729134777,58.54963662190055,896137.5789005955,946.6454346272398,-36.9859917749325,21.311734,2025-11-21T04:03:49
294,8,24,64,1024,4,6,1530,0.0022606433043828394,838.1891704211121,54.91203942056128,716220.3780599585,846.2980432802374,-51.434706820072535,28.28461,2025-11-21T04:04:13
295,8,24,64,1024,4,1,1749,0.0023419137117225144,673.2063670763855,45.22152396859899,612903.1933975238,782.88134056032,-43.87082501329638,5.857205,2025-11-21T04:04:45
296,12,24,32,1024,4,6,1327,0.002026132946959864,902.7112072233735,56.61249147917068,838478.7856900967,915.6848724807551,-34.54191790032324,22.027954,2025-11-21T04:04:55
297,12,24,32,1024,8,6,1448,0.0025204883507006816,877.1428681934257,55.03464729946711,792970.8757131998,890.4891216141833,-32.612902607607204,24.211838,2025-11-21T04:05:22
298,8,24,64,1024,4,6,1171,0.0020769815639267836,847.3499370226746,55.50614056720185,731661.1945959071,855.3719627132439,-52.56513358943935,21.670261,2025-11-21T04:05:51
299,12,24,32,1024,8,10,2000,0.00029390056176581165,897.9227957650402,56.316994846567546,829856.626498769,910.9646680847557,-34.17643688955507,55.184658,2025-11-21T04:06:16
300,12,24,32,1024,8,9,300,0.005388197537117018,1093.064621123113,68.35936495466017,1218381.5487441604,1103.8032201185863,-50.645453308748024,7.695335,2025-11-21T04:07:17
301,12,24,32,1024,8,9,418,0.006054718585028218,952.4944510384777,59.68465822485304,930836.9367367321,964.7989099997637,-38.45684798316784,10.496193,2025-11-21T04:07:29
302,12,24,32,1024,8,9,417,0.0064355352561484514,927.198389840561,58.12361685045494,883288.1307249586,939.8340974475009,-36.44132202309487,10.562373,2025-11-21T04:07:45
303,8,24,32,1024,4,6,1434,0.0022316198952942318,830.6004558215027,54.41988969173583,703556.3978952949,838.7826881232677,-50.50757306703967,26.417008,2025-11-21T04:07:59
304,12,24,32,1024,8,9,300,0.0063339940642728075,1025.88617467129,64.21372502608772,1076033.7194662632,1037.320451676464,-44.61153217940154,7.679033,2025-11-21T04:08:29
305,12,24,64,1024,4,4,1949,0.0026625222398605486,943.713038278061,59.142749815283494,914185.5615256665,956.1305149014263,-37.75101997561475,21.716585,2025-11-21T04:08:40
306,12,24,32,1024,4,4,1768,0.002846094770617405,866.0598603809257,54.3507053448565,773650.9462536391,879.5742983134734,-31.79395839767517,19.691678,2025-11-21T04:09:08
307,12,24,32,512,8,6,1512,0.0027145470617184527,850.2636771126964,53.37592124334104,746540.183648271,864.0255688625604,-30.644771900437686,16.156356,2025-11-21T04:09:33
308,12,24,32,1024,8,9,309,0.0049602384498053905,870.3101859017589,54.612996856115956,781031.0968434847,883.7596374826611,-32.106792438121914,7.943527,2025-11-21T04:09:54
309,8,24,32,1024,8,3,1582,0.0011334603707086127,806.6197124132996,52.86467447734011,664294.7902740218,815.042814994416,-47.63321910006299,14.861137,2025-11-21T04:10:07
310,12,24,32,1024,4,6,1555,0.0018017920578900044,966.3741100554048,60.541183793316236,957470.1736355149,978.504048860052,-39.585792847881756,25.670011,2025-11-21T04:10:26
311,8,24,32,1024,8,7,1502,0.005460845084229626,839.4157024035339,54.99164378527721,718280.8602936598,847.5145192229215,-51.585555337011904,32.275291,2025-11-21T04:10:57
312,4,24,64,512,4,7,1296,0.0005059564748245602,878.6336760260889,59.917579626012284,776846.20019892,881.3887906020361,-159.19456113382589,15.896698,2025-11-21T04:11:33
313,12,24,64,512,4,5,1395,0.0033475661490187355,886.2019095345714,55.59368825260209,808945.0744201494,899.4137392880706,-33.2900260705444,12.616364,2025-11-21T04:11:54
314,12,24,64,512,8,9,1345,0.0014533213667760568,954.2551728809257,59.793314015646324,934194.1994606159,966.5372209390675,-38.5991575539507,21.560429,2025-11-21T04:12:11
315,8,24,32,512,4,7,989,0.0009133203022827326,882.1140361437683,57.760689937859944,791784.4460051345,889.8227048154787,-56.96677470058968,12.225216,2025-11-21T04:12:37
316,12,24,64,512,4,8,887,0.0014823135205589756,918.3335420215507,57.576559701971874,866927.7836628282,931.0895680131038,-35.74783028302126,12.121412,2025-11-21T04:12:54
317,8,24,32,512,4,6,1072,0.002602725783068337,871.4685283312683,57.07029909738057,773116.6811554492,879.2705392286547,-55.6001020857575,10.564407,2025-11-21T04:13:11
318,12,24,64,512,4,6,1134,0.0021571276300597084,882.8489635710298,55.38677603057425,803013.5898458046,896.1102554071149,-33.03859891297489,11.659997,2025-11-21T04:13:25
319,8,24,64,512,4,7,1152,0.0013873405094188475,924.4324260363464,60.50515651629907,868234.5895100427,931.7910653735861,-62.56371243627744,14.464118,2025-11-21T04:13:41
320,8,24,64,512,8,7,1399,0.0019276910063894404,884.7415996203308,57.93109490439568,796426.9772873297,892.4275753736713,-57.30665579604847,17.498256,2025-11-21T04:14:00
321,8,24,64,512,4,6,1090,0.001761383568289239,880.8665691027527,57.67978833214542,789585.1932472615,888.5860640631618,-56.8057667523173,12.070225,2025-11-21T04:14:22
322,8,24,64,512,4,7,1162,0.0021492809306856812,871.0071635851746,57.040378672623326,772312.7802900176,878.8132795366815,-55.54124826438831,14.080561,2025-11-21T04:14:40
323,8,24,64,512,4,8,1115,0.0011506902410085625,832.7400432238464,54.558647761950986,707115.251089271,840.9014514729245,-50.76811776746733,15.85232,2025-11-21T04:14:58
324,12,24,32,1024,8,7,1200,0.0010437136627407095,869.0465140267589,54.53501399417352,778833.0907114843,882.5152070709514,-32.01362209819058,23.339122,2025-11-21T04:15:18
325,12,24,32,512,4,6,2000,0.003311964901130095,188.74525260516998,12.538060026783063,58434.4188637791,241.73212211822224,-1.4769515380167912,22.593981,2025-11-21T04:15:46
326,4,24,32,512,8,7,926,0.001889243405662227,811.2311491706201,55.33806673780282,662945.369241066,814.2145719901272,-135.70690859282183,11.881156,2025-11-21T04:16:13
327,8,24,64,512,8,8,1153,0.0013519264923763455,900.0272136340027,58.922409950954616,823708.2659661935,907.58375148864,-59.30392705133553,15.082721,2025-11-21T04:16:31
328,8,24,64,512,8,8,1487,0.0015590685765296231,861.1513896593933,56.40120357855197,755240.9970974085,869.0460270304494,-54.29141794117827,20.74969,2025-11-21T04:16:51
329,8,24,64,512,8,9,837,0.0013196483868499068,896.5883403429871,58.69938946338713,817529.9391760931,904.1736222518842,-58.85160991012959,13.598046,2025-11-21T04:17:17
330,8,24,64,512,4,7,822,0.001274879586567152,874.9689555773621,57.297311532404514,779229.9566148925,882.7400277629266,-56.04765679970535,9.585225,2025-11-21T04:17:35
331,12,24,64,1024,4,4,1272,0.0013606778109638352,708.6475679004569,45.5501970882823,617119.9749835171,785.5698409330115,-25.15883414087999,14.240228,2025-11-21T04:17:49
332,8,24,64,512,8,8,1296,0.0008250327795692322,899.6883464465027,58.900433855868314,823098.421186502,907.2477176529583,-59.25928013369896,17.777679,2025-11-21T04:18:07
333,12,24,32,1024,8,4,1727,0.0035132721316606733,936.3405203744152,58.687785500367184,900324.8413722386,948.8544890404632,-37.163483849310694,19.438998,2025-11-21T04:18:30
334,8,24,64,512,8,6,756,0.0047733942790527135,905.3050456652527,59.26469218325522,833236.5063913721,912.8178933343562,-60.001492365741555,8.147698,2025-11-21T04:18:54
335,12,24,64,512,8,8,1012,0.0023101993949658705,912.2166393522798,57.199079745456515,855730.453113494,925.0569999267581,-35.27319143719802,14.990932,2025-11-21T04:19:07
336,4,24,32,1024,8,6,1060,0.0019885338451081937,815.0861296393701,55.59998511491222,669214.7905868692,818.0554935863883,-136.99973489588777,21.465082,2025-11-21T04:19:26
337,8,24,64,512,8,8,753,0.0014868240859744178,787.3878093371277,51.61742818581592,633638.8429771279,796.0143484744027,-45.388888084016884,10.436615,2025-11-21T04:19:53
338,12,24,64,512,8,7,1114,0.001667545609721061,947.4745739225923,59.37487758549042,921299.3414917429,959.8433942533245,-38.05256294584883,13.745823,2025-11-21T04:20:08
339,8,24,64,512,8,9,1374,0.0007570736556651404,894.0595927843933,58.53539298813033,813001.8366348995,901.6661447758253,-58.520106176820796,21.535242,2025-11-21T04:20:26
340,4,24,64,1024,4,6,886,0.0028748213959174066,790.7470183112451,53.9463160237451,630130.2211873571,793.8074207182477,-128.94005018550857,18.10535,2025-11-21T04:20:52
341,4,24,16,1024,4,4,1648,0.001834290290614026,677.8524870612451,46.27593970398203,464333.38607149664,681.4201244984599,-94.7508487297228,31.101007,2025-11-21T04:21:14
342,8,24,64,512,8,7,1186,0.001977657681607469,878.9959636340027,57.55847431309243,786293.1847692758,886.7317434090627,-56.564757832883956,14.320648,2025-11-21T04:21:50
343,8,24,32,512,8,7,1072,0.0022725914527859524,878.0144267687683,57.49481934109299,784568.6373330359,885.7587918463107,-56.43850320234483,13.616404,2025-11-21T04:22:11
344,12,24,64,1024,8,5,1219,0.0025186592750395297,832.0677339160819,52.25302184414053,715927.9731395184,846.1252703586617,-29.347164028636822,17.146935,2025-11-21T04:22:29
345,8,24,64,1024,8,6,1168,0.0020379712984495836,830.8030925402527,54.43303125213965,703893.0592588545,838.9833486183468,-50.53222014555998,21.639329,2025-11-21T04:22:52
346,12,24,64,1024,4,5,1571,0.007323723861922463,1166.8999075814465,72.91582600406451,1385247.7834187855,1176.9654979729803,-57.71867461661974,21.773578,2025-11-21T04:23:20
347,12,24,64,1024,4,5,1753,0.00622842004001801,991.6198375944672,62.09912535024055,1006901.4571282547,1003.4447952569462,-41.68111433912329,24.213755,2025-11-21T04:23:46
348,12,24,64,1024,4,5,1613,0.009954825026355966,786.1721650684257,49.4207668835893,641657.9376189865,801.0355407964034,-26.19896332281661,22.298881,2025-11-21T04:24:16
349,8,24,32,512,8,7,1304,0.0011236788391896897,856.9310222277527,56.12750088396554,747990.0575407081,864.8641844478866,-53.76057450042681,16.700399,2025-11-21T04:24:42
350,12,24,64,512,8,8,1200,0.000914603626736866,818.5813040658214,51.420762818851614,693666.619275344,832.8665074760444,-28.403537040221916,16.538828,2025-11-21T04:25:04
351,12,24,64,1024,4,5,1564,0.00423564209178864,922.5801647429048,57.83862260414109,874745.4602819394,935.2782795948698,-36.0792104268123,21.730715,2025-11-21T04:25:27
352,12,24,32,512,4,6,762,0.002408544268520049,935.8618012988944,58.65824352312765,899428.5914260115,948.3820914726361,-37.12549309444532,7.888176,2025-11-21T04:25:55
353,12,24,64,512,8,6,1568,0.0040597199887511546,928.7762300098319,58.2211031370624,886221.8822509199,941.393585197456,-36.56567955921291,18.098689,2025-11-21T04:26:08
354,8,24,64,256,8,9,1639,0.0021110162305313855,676.6995769152527,44.43898539748111,471581.5980816889,686.717990212641,-33.52462900334371,26.419291,2025-11-21T04:26:31
355,8,24,64,512,4,6,903,0.008132210464916821,854.3804546007996,55.96209275667776,743625.3992412069,862.3371725961991,-53.441036568646574,9.480727,2025-11-21T04:27:03
356,12,24,64,1024,4,6,1414,0.005807649652972432,823.2419485970714,51.708391286102675,701319.3673377876,837.4481281475215,-28.72792609810771,23.374116,2025-11-21T04:27:18
357,12,24,32,1024,8,5,1934,0.00409319822326169,937.9975841764985,58.79004365596675,903430.7071024016,950.4897196195242,-37.29513706066777,26.946764,2025-11-21T04:27:45
358,4,24,64,512,4,7,582,0.0013800150775411422,856.5143522956201,58.4147368192627,738466.2275447669,859.3405771548129,-151.2801723216183,7.924309,2025-11-21T04:28:18
359,8,24,64,1024,8,8,1058,0.0009694434236779558,773.4321513781433,50.71236478959267,611856.585996117,782.2126219872171,-43.79420257426842,26.043522,2025-11-21T04:28:31
360,12,24,64,512,8,6,1102,0.0027461756076186824,903.8885957324882,56.68514856515478,840605.8281167308,916.8455857540738,-34.63208019016068,11.073488,2025-11-21T04:29:01
361,12,24,32,1024,8,9,398,0.005423336238857568,627.3630830371757,39.62052169636967,417175.7024485208,645.89140143566,-16.68348206237763,10.009203,2025-11-21T04:29:19
362,8,24,64,512,4,7,1195,0.002791122172165446,832.2796245226746,54.528788287209,706348.6444743174,840.4455035719552,-50.71199426926374,14.91203,2025-11-21T04:29:35
363,12,24,64,512,8,8,815,0.003562127220075612,880.0706025684257,55.215320308535986,798115.5299957624,893.3731191365466,-32.83097715314969,10.906294,2025-11-21T04:29:57
364,12,24,64,1024,4,6,1339,0.003637673521824224,1019.5458019499359,63.822454572862455,1063064.8867974887,1031.0503803391416,-44.06180188944883,22.156854,2025-11-21T04:30:13
365,8,24,64,512,4,7,1295,0.0026570342481680416,832.2731547961121,54.5283765011369,706338.2498165367,840.4393195326696,-50.71123327327713,15.292,2025-11-21T04:30:40
366,8,24,64,512,4,7,1214,0.002985971757185643,839.5661235461121,55.00134394524565,718530.811757039,847.6619678604432,-51.60385435795995,15.246084,2025-11-21T04:31:00
367,4,24,32,1024,8,10,2000,0.0005757461028247726,834.6393522956201,56.92848687695731,701472.2402568334,837.5393962416534,-143.65158952535393,66.706231,2025-11-21T04:31:23
368,8,24,32,1024,4,4,1307,0.0014942132433131464,891.2327495226746,58.35206429179263,807955.0960019851,898.8632243016649,-58.150632794618794,16.312578,2025-11-21T04:32:37
369,12,24,32,1024,8,9,447,0.006702084822819436,812.4202119434257,51.04055645588854,683617.8652648112,826.8118681204396,-27.977584713057254,11.199293,2025-11-21T04:33:00
370,8,24,64,512,8,8,745,0.0034695313779028285,872.2361980090027,57.12008452458566,774455.265801607,880.0314004634192,-55.698100265682584,10.828331,2025-11-21T04:33:18
371,12,24,32,1024,8,9,436,0.006271830965576099,941.2839611296235,58.992849466091634,909606.7648245231,953.7330679097391,-37.55693132458184,10.978436,2025-11-21T04:33:34
372,12,24,32,1024,8,9,311,0.006766205238247757,845.3625947559257,53.07345926273318,738229.181103082,859.2026426304111,-30.29248037539049,7.941268,2025-11-21T04:33:50
373,8,24,64,512,4,7,1095,0.0028781418891033633,861.2051005968933,56.40468763171537,755333.5416963205,869.0992703347073,-54.29819315877941,13.227646,2025-11-21T04:34:04
374,12,24,32,1024,4,5,1920,0.004844011178112273,740.2405244434257,46.58628579334738,571547.2985188885,756.0074725284721,-23.22707348927242,26.51707,2025-11-21T04:34:21
375,12,24,64,512,4,7,1073,0.0027862940392765143,901.8730521126964,56.56076851070443,836966.2779934966,914.8586109303976,-34.477804859786474,13.513702,2025-11-21T04:34:55
376,8,24,64,512,16,8,1972,0.00044886782979606117,838.1822734484558,54.91159138453534,716208.7921403332,846.291198193821,-51.433858611452116,27.626277,2025-11-21T04:35:14
377,12,24,32,512,4,7,1211,0.0019849451587314044,899.8401338184257,56.435315103596096,833303.5309209729,912.8546055758129,-34.322546243870335,15.777407,2025-11-21T04:35:46
378,8,24,32,1024,16,3,2000,0.002289701647714573,849.6574626574402,55.65579494018925,735577.307961631,857.6580367265447,-52.85183341325909,18.650165,2025-11-21T04:36:08
379,12,24,32,1024,8,9,362,0.00691165005353572,773.8660127246757,48.66134362682433,622459.8701409984,788.9612602282816,-25.385184668195155,9.150887,2025-11-21T04:36:35
380,8,24,64,512,16,8,1617,0.00181812033523564,855.4424052843933,56.03096010138625,745440.9987624418,863.3892510116407,-53.57395714939923,23.136722,2025-11-21T04:36:50
381,12,24,32,1024,4,6,1221,0.002609053182193953,928.1189627572277,58.18042585895503,884996.0667223561,940.7422955955345,-36.51371899011956,20.287542,2025-11-21T04:37:19
382,12,24,32,512,4,7,1020,0.0029107090269675402,907.1060639942069,56.883702186481536,846432.6891461256,920.0177656687536,-34.87907250512175,12.603743,2025-11-21T04:37:44
383,12,24,32,1024,8,9,536,0.005495673582930072,1006.2346447233734,63.001012039845214,1036099.427579536,1017.8896932278743,-42.918774595227916,13.521207,2025-11-21T04:38:03
384,12,24,32,1024,8,9,484,0.006336560067739064,742.3179577116548,46.714485959929725,574627.2137114233,758.0416965519927,-23.35762669441158,12.157691,2025-11-21T04:38:22
385,12,24,32,1024,8,8,739,0.0047604546360049136,921.4104666634777,57.76643908229926,872588.5208938817,934.124467559801,-35.98778084749,16.493206,2025-11-21T04:38:41
386,12,24,64,512,4,7,998,0.002852841061432281,924.5026297494152,57.95725906626457,878296.3810410135,937.1746801109244,-36.22972888505296,12.108626,2025-11-21T04:39:04
387,12,24,32,1024,8,9,499,0.00634289472293231,847.4592744434257,53.20284717149598,741778.486330788,861.265630529158,-30.44293035356434,12.517393,2025-11-21T04:39:22
388,12,24,32,512,16,6,1064,0.0013221759684815015,915.8935192350923,57.42598304484804,862452.1892700605,928.6830402618864,-35.558116230408736,10.859166,2025-11-21T04:39:40
389,12,24,32,512,16,2,969,0.0029912009217440702,952.4608817025402,59.683096767272026,930798.7065464373,964.7790972789768,-38.45522746001572,4.297879,2025-11-21T04:39:58
390,8,24,32,512,4,6,1168,0.0025496886296065458,837.2941203722839,54.853992290921006,714720.7091261192,845.4115619780222,-51.32491561155368,12.434777,2025-11-21T04:40:09
391,12,24,64,512,8,7,1037,0.002706993508238679,876.7760469043632,55.01201081772851,792327.5205944838,890.1278113813116,-32.585631703202225,13.84677,2025-11-21T04:40:29
392,12,24,32,512,8,6,976,0.0035576344544335234,941.6521455371757,59.01557034702113,910300.0276853768,954.0964456937133,-37.58631774687936,10.927389,2025-11-21T04:40:48
393,12,24,64,1024,4,6,1226,0.0025918154037491807,830.0725556934257,52.129897787419225,712611.7122060257,844.1633208129963,-29.20659246517474,20.358055,2025-11-21T04:41:05
394,12,24,32,1024,8,9,518,0.0057146122830632985,937.8668265267589,58.78197499133494,903185.445988703,950.3606925734582,-37.28474079243059,13.026811,2025-11-21T04:41:31
395,12,24,64,1024,8,6,1192,0.0027176983463282874,921.1837210580089,57.75244592560293,872170.6950390678,933.9007950735815,-35.97006980639764,20.013341,2025-11-21T04:41:51
396,8,24,64,1024,4,7,1162,0.002511724658324707,859.3767619738464,56.286113919232605,752187.6959834124,867.2875509214994,-54.06788485883363,24.908163,2025-11-21T04:42:18
397,12,24,32,1024,8,7,1155,0.002978328795296067,881.6423799121757,55.312316041723555,800884.5505478157,894.9215331792033,-32.94835197861339,22.410765,2025-11-21T04:42:48
398,12,24,32,1024,4,7,1005,0.0031167153174339705,962.0159557585298,60.27223855860587,949065.9611321901,974.200164818396,-39.22955028586607,19.485553,2025-11-21T04:43:17
399,4,36,64,1024,4,10,300,0.01,457.91294238351077,31.332619178716747,214533.65303378316,463.1777769213277,-43.23929007747388,9.168264,2025-11-21T04:43:43
400,12,24,32,1024,8,7,809,0.004072988731841483,882.8988903288423,55.389856413549374,803101.7166998241,896.1594259392823,-33.042334484421445,15.873346,2025-11-21T04:44:01
401,8,24,32,1024,8,10,1166,0.0007298880427138031,803.0575481066589,52.633654747337474,658560.7066205085,811.51753315656,-47.213425130966264,35.654687,2025-11-21T04:44:25
402,12,24,32,1024,8,9,461,0.0059537618026366205,789.6787161751964,49.63715909654521,647183.7364354833,804.4773063520706,-26.43319404066118,11.696282,2025-11-21T04:45:07
403,12,24,64,1024,4,6,1129,0.0027605763157499256,925.2937470996757,58.00607949481545,879759.782912369,937.9551070879506,-36.29176039980868,18.700014,2025-11-21T04:45:26
404,12,24,64,1024,4,6,1203,0.0027583169241071656,922.6501924121757,57.84294345894172,874874.6420488353,935.3473376499423,-36.08468625736591,19.97648,2025-11-21T04:45:52
405,12,24,32,1024,4,7,1133,0.0027904011488428544,949.8010102832694,59.518443614679185,925713.2139465841,962.1399139140752,-38.239660693686716,21.894453,2025-11-21T04:46:19
406,8,24,64,1024,4,6,1176,0.0025891404607906645,868.4452739367371,56.874232626332486,767856.4819982945,876.2742048002409,-55.215001341531654,21.849482,2025-11-21T04:46:48
407,12,24,64,512,8,7,1226,0.002550179091635581,950.9220429981132,59.587638599231006,927844.7761058653,963.2469964167369,-38.33001456853431,15.026887,2025-11-21T04:47:18
408,12,24,64,1024,4,6,1193,0.0022315659440013914,913.1883190397798,57.259043164636566,857504.1732066307,926.0152121896436,-35.34837689806396,19.748396,2025-11-21T04:47:38
409,12,24,64,1024,4,7,1171,0.0026916859815507388,848.2552135710298,53.251965005497524,743128.1580965087,862.0488142190724,-30.50014101161355,22.573674,2025-11-21T04:48:05
410,12,24,64,1024,8,6,1136,0.0027252691407749783,912.9622041309257,57.24508936072033,857091.2506622085,925.7922286680789,-35.33087370129438,19.030126,2025-11-21T04:48:33
411,12,24,64,512,8,7,1190,0.002344660967325563,852.7063447559257,53.5266562800779,750699.7660876388,866.4293197299124,-30.821090657790574,14.236404,2025-11-21T04:48:58
412,12,24,64,1024,4,7,1129,0.0027863219346248172,853.5320486947277,53.57760350412245,752108.2324878505,867.2417382067416,-30.88079353640364,21.685205,2025-11-21T04:49:19
413,12,24,32,1024,8,8,768,0.004817438283210716,868.6047822559257,54.50775466494772,778065.5322484747,882.080230051935,-31.981086391454077,17.096853,2025-11-21T04:49:46
414,12,24,32,512,4,6,1167,0.002415648499448057,864.6826427702485,54.2657172859495,771267.3962223373,878.2183078382831,-31.69292311691477,12.351082,2025-11-21T04:50:10
415,12,24,32,1024,8,8,697,0.005854629856291678,1316.1597749317068,82.12675888484289,1755867.830959345,1325.0916311558778,-73.42872897542979,15.473605,2025-11-21T04:50:30
416,12,24,32,1024,8,7,856,0.00431282201086154,1157.1154634082693,72.31199716066969,1362507.4580023198,1167.2649476457004,-56.754744708347275,16.77529,2025-11-21T04:50:51
417,12,24,32,1024,8,7,847,0.006766152773679205,1242.3703258757173,77.57314989875277,1567075.3787902005,1251.8288136922718,-65.4260866310873,16.516913,2025-11-21T04:51:13
418,12,24,32,1024,8,7,861,0.005816289954804629,950.7006277962902,59.57396006492751,927422.9525361283,963.028012332003,-38.31213407001738,16.713279,2025-11-21T04:51:34
419,4,24,64,1024,4,10,1706,0.001298404673400552,810.9207854010889,55.3169795030284,662441.9020456532,813.9053397328545,-135.60308790554322,57.05459,2025-11-21T04:52:00
420,12,24,32,1024,8,6,935,0.005915097818472559,853.1550752246757,53.55433994180759,751464.8468722327,866.8707209683764,-30.85352133927856,15.707322,2025-11-21T04:53:02
421,4,24,32,1024,8,3,581,0.002032603365091361,800.0561613776514,54.57880640242306,644939.2632209929,803.0811062532805,-131.99384383061258,6.181283,2025-11-21T04:53:24
422,12,24,32,1024,8,7,738,0.00712413415754969,986.4255830371754,61.778578056712504,996626.71200688,998.3119312153291,-41.245582571614,14.37653,2025-11-21T04:53:37
423,12,24,32,1024,8,7,980,0.006131832488349547,906.0081839486339,56.815952476902844,844442.1787650381,918.9353506994048,-34.79469761364954,18.987431,2025-11-21T04:53:59
424,12,24,32,1024,8,7,768,0.006141903339795043,1031.1087088509776,64.53601199076525,1086776.4393884588,1042.4857022465387,-45.066900730183185,14.934303,2025-11-21T04:54:25
425,12,24,32,1024,8,6,851,0.005808301815435723,934.0808564746757,58.54833958007285,896098.3109230743,946.624693805879,-36.984327261462404,14.325438,2025-11-21T04:54:45
426,12,24,32,1024,8,7,815,0.006824687364357951,848.5945690397798,53.27290838609026,743704.0683246722,862.3827852668861,-30.52455302345771,15.966206,2025-11-21T04:55:06
427,12,24,32,1024,8,6,945,0.004919559036890083,1042.2556611621756,65.2238999161529,1109888.1277152144,1053.5122817106662,-46.04657218170516,15.795773,2025-11-21T04:55:28
428,12,24,32,1024,8,7,860,0.005081691221542758,863.0458629850923,54.16470880409261,768439.4163740701,876.6067626787225,-31.57304909111201,16.782991,2025-11-21T04:55:49
429,12,24,32,1024,8,7,839,0.005912720288422049,826.6095023080089,51.91618926676199,706874.5078970989,840.7582933858571,-28.963400570513464,16.371513,2025-11-21T04:56:11
430,12,24,32,1024,8,7,907,0.005042075453909795,1028.6003877246756,64.38122123509552,1081610.0221179638,1040.0048183147826,-44.84790368267217,17.650596,2025-11-21T04:56:34
431,4,24,32,512,4,6,953,0.0009325405672158297,846.0700163581201,57.70511882225573,720683.8644366108,848.9310127664148,-147.6132459038744,10.603127,2025-11-21T04:56:58
432,12,24,32,1024,8,6,863,0.005125260182087834,1042.4084931934256,65.23333131239015,1110206.7311723987,1053.6634809902062,-46.06007732710807,14.485795,2025-11-21T04:57:15
433,12,24,32,1024,8,6,890,0.004720822394682655,1050.6003877246756,65.73886017715806,1127352.4391778493,1061.7685431287975,-46.78685939562647,14.996298,2025-11-21T04:57:35
434,12,24,32,1024,8,6,772,0.00614218970950911,983.2225801074879,61.58091780311937,990317.9134138958,995.1471817846322,-40.978161611813604,13.007198,2025-11-21T04:57:55
435,12,24,32,1024,8,6,872,0.0060262047023977834,981.6726533496754,61.48527034190153,987272.462825203,993.6158527445116,-40.84906931199623,14.611152,2025-11-21T04:58:14
436,12,24,32,1024,8,6,784,0.006456328685480946,743.5348359668632,46.78958080404259,576435.326917856,759.2333810613545,-23.43427003021718,13.239027,2025-11-21T04:58:35
437,4,24,64,512,16,9,2000,0.00045181299636062926,815.1894621589014,55.60700308660714,669383.1284866777,818.1583761636115,-137.03444809391215,31.649387,2025-11-21T04:58:54
438,12,24,32,1024,8,6,878,0.005294326049012747,831.8600923145194,52.24020853217029,715582.4928309522,845.9210913737476,-29.332519611899272,14.825304,2025-11-21T04:59:31
439,12,24,32,1024,8,7,977,0.00467589680394279,890.8728486621757,55.881936215745895,817245.6969740704,904.0164251682988,-33.64187760259028,18.954805,2025-11-21T04:59:54
440,12,24,64,512,16,5,1872,0.0012606813109093601,903.715235543686,56.6744505183745,840292.4715736448,916.6746814293742,-34.61879745395081,16.904895,2025-11-21T05:00:23
441,8,24,32,512,4,8,586,0.0011287140837233718,824.1618571886902,54.00232856926812,692902.0505140973,832.4073825442067,-49.727565127576185,8.197995,2025-11-21T05:00:47
442,12,24,32,1024,8,6,960,0.004495845093247249,730.2438610319673,45.96938297196685,556847.3567018096,746.2220558934248,-22.603963955532528,16.04857,2025-11-21T05:01:02
443,12,24,32,1024,8,7,855,0.0050648862549140744,973.959376168686,61.00927759459756,972188.1415638784,985.9960149837718,-40.20966648272746,16.775722,2025-11-21T05:01:26
444,12,24,32,1024,8,7,854,0.005905724157103424,981.5672659798838,61.47876699555484,987065.5727034007,993.5117375770659,-40.84029953528992,16.670291,2025-11-21T05:01:51
445,12,24,32,1024,8,7,728,0.005729170931593259,824.1998343392589,51.76748779328568,702896.6680361623,838.3893296292375,-28.7947856214284,14.426542,2025-11-21T05:02:16
446,12,24,64,512,8,10,2000,0.0005623869828301845,875.9697521452485,54.96225246524661,790914.2084966287,889.3335754915748,-32.52572342238847,34.212277,2025-11-21T05:02:41
447,12,24,32,1024,8,6,1071,0.0033424491206027938,853.2341360970714,53.55921874063186,751599.748524188,866.9485270327114,-30.85923962758858,17.899769,2025-11-21T05:03:23
448,4,24,64,512,8,10,687,0.0007094119474067829,755.4606413581201,51.54885923980645,575570.1724976033,758.6634118616788,-117.68914485436677,12.259735,2025-11-21T05:03:47
449,12,24,32,1024,8,8,808,0.006697275244240569,811.768458199936,51.00033804839346,682559.388809756,826.1715250538208,-27.93271740823447,17.89191,2025-11-21T05:04:07
450,12,24,32,1024,8,8,680,0.0075475415644137055,806.3362275684257,50.665108541779446,673769.3763798906,820.8345609073065,-27.56012133847467,15.226766,2025-11-21T05:04:35
451,12,24,32,1024,8,7,863,0.005353155444132733,821.3897757455089,51.59407664939501,698272.462429018,835.6269876141016,-28.598772151739876,16.778193,2025-11-21T05:04:58
452,12,24,32,1024,8,6,795,0.00413140337824457,811.7334850554048,50.998177926682075,682502.5151082062,826.1371043042469,-27.930306613273796,13.333939,2025-11-21T05:05:23
453,12,24,32,1024,8,7,957,0.00419497906935101,1126.4069876595715,70.41695098370737,1292383.9800834726,1136.830673444147,-53.78231065561745,18.593573,2025-11-21T05:05:44
454,12,24,32,1024,8,7,950,0.004714365340104045,822.9568126921235,51.690779286740565,700849.1868448056,837.1673589222203,-28.70799581869563,18.575251,2025-11-21T05:06:11
455,12,24,32,1024,8,7,1017,0.0036342116855871106,875.6678519173839,54.94362283364019,790385.4538739859,889.0362500337013,-32.50331026929728,19.895976,2025-11-21T05:06:40
456,12,24,32,1024,8,7,1036,0.0036877888182884387,809.3982189421235,50.85406649911655,678716.7329910382,823.8426627645829,-27.769832717579284,20.059349,2025-11-21T05:07:10
457,12,24,32,1024,8,6,1202,0.0031289667629733936,924.2288056934257,57.94036104371817,877790.1497641066,936.9045574465451,-36.20827046441135,20.19062,2025-11-21T05:07:40
458,12,24,32,1024,8,6,1204,0.003212506138862961,955.1062470996757,59.84583453846272,935819.2077394375,967.3774897832993,-38.66803933345295,20.167143,2025-11-21T05:08:11
459,12,24,32,1024,8,6,1049,0.0031816740131429626,906.7561494434257,56.86210838252397,845797.9790440787,919.6727564977006,-34.85216805062337,17.552391,2025-11-21T05:08:41
460,12,24,32,1024,8,7,1101,0.003548869221463229,859.5930635059257,53.951633741769754,762491.499318113,873.2075923387937,-31.320925384121892,21.367976,2025-11-21T05:09:08
461,12,24,32,1024,8,6,1164,0.00299253883616635,887.2747651660819,55.659895705827445,810847.7902071107,900.4708713818069,-33.37067947459226,19.54511,2025-11-21T05:09:41
462,12,24,32,1024,8,8,786,0.0053274245199143805,1086.9266409798838,67.98058409543786,1205000.7637575732,1097.7252678869943,-50.078260948545676,17.443629,2025-11-21T05:10:10
463,12,24,32,1024,8,7,944,0.004617592987603917,1061.2725475554046,66.39744832299107,1149890.6842852102,1072.3295595502393,-47.7422234082817,18.425842,2025-11-21T05:10:38
464,12,24,32,1024,8,6,1145,0.0031365030527126998,931.4488374317069,58.38591555673691,891188.207508666,944.0276518771396,-36.7761949921488,19.224172,2025-11-21T05:11:05
465,12,24,32,1024,8,8,819,0.005561513568675977,1013.1779227181651,63.42948770450185,1050120.7701429895,1024.7540046972197,-43.51311927603271,18.20097,2025-11-21T05:11:33
466,12,24,32,1024,4,6,1050,0.0037426383138455975,942.8674775684257,59.09056953307391,912590.3447468561,955.295946158496,-37.68340101523876,17.36233,2025-11-21T05:12:00
467,12,24,64,512,16,4,1734,0.002573423235729867,904.4175467416027,56.717788571269956,841562.2300891065,917.3670094837215,-34.672620703483155,13.061032,2025-11-21T05:12:25
468,12,24,32,1024,8,7,1009,0.0035775035274915818,889.3240408822277,55.786357824208075,814488.5071687354,902.490170123052,-33.52500426557893,19.568414,2025-11-21T05:12:51
469,4,24,64,512,4,7,1613,0.0011929076590363743,771.8577360846826,52.66292449614702,600613.7501104967,774.9927419727856,-122.85341665474512,20.469464,2025-11-21T05:13:21
470,12,24,32,1024,8,7,1047,0.0036072930475178223,836.4307710254569,52.522268692337256,723207.697040142,850.4161904856599,-29.655741125193938,20.357986,2025-11-21T05:13:50
471,12,24,32,1024,4,6,1079,0.0030102726141947368,881.3660127246757,55.29526118462999,800397.3128768038,894.6492680804047,-32.92769866979199,17.837505,2025-11-21T05:14:21
472,4,24,64,256,4,10,1679,0.0016229563553603295,864.4695524909326,58.95523485709789,752156.9695261478,867.2698366288014,-154.10335972054256,30.054714,2025-11-21T05:14:51
473,4,24,64,512,4,9,1015,0.01,775.1832976081201,52.88887280386,605758.5367469805,778.3049124520419,-123.91433043297775,16.432434,2025-11-21T05:15:32
474,12,24,32,1024,8,7,707,0.0057866500531101915,1153.7092337533215,72.10179555825692,1354636.2461695313,1163.8884165458178,-56.42109528332721,13.909077,2025-11-21T05:15:58
475,12,24,32,1024,8,7,1161,0.0036307885680607506,711.0784964486339,44.786671879271786,529223.8896505252,727.477758870005,-21.433044649266492,22.418674,2025-11-21T05:16:21
476,12,24,64,512,32,7,1969,0.004970926469449538,972.6122285449882,60.92614070602603,969565.6587386094,984.6652521230803,-40.098503182162844,23.433705,2025-11-21T05:16:54
477,12,24,32,1024,8,7,689,0.006172657937262599,744.1072440072277,46.82490424052918,577286.8469710491,759.7939503385435,-23.4703647488166,13.556125,2025-11-21T05:17:27
478,12,24,32,1024,8,8,624,0.00641921074604114,884.3298799121757,55.478163980668704,805630.6009960938,897.5692736474962,-33.14953027705377,13.973852,2025-11-21T05:17:55
479,12,24,32,1024,4,7,934,0.004519263216592475,1030.1792654916026,64.47865530822791,1084860.591865692,1041.5664126044446,-44.985690690614106,18.134613,2025-11-21T05:18:18
480,12,24,32,1024,8,8,723,0.006111496221513532,618.7620088184257,39.08974200078126,406457.68804762413,637.5403422902931,-16.22916074335031,16.020047,2025-11-21T05:18:45
481,12,24,32,1024,4,7,1041,0.0046890564959285825,958.2574515267589,60.0402973895989,941848.5728188031,970.4888318877262,-38.92361550580121,20.009165,2025-11-21T05:19:11
482,12,24,32,1024,4,7,817,0.005283318858927254,912.4606579069673,57.214138713522026,856175.7281478235,925.2976430034951,-35.29206600979699,15.837796,2025-11-21T05:19:42
483,8,24,32,1024,8,6,989,0.003580820770975127,916.0021892199402,59.95843154834536,852719.2698198378,923.4279992613597,-61.4278312688367,18.304524,2025-11-21T05:20:10
484,12,24,32,1024,8,7,719,0.005161298579243799,994.9054821257172,62.30187948567595,1013428.1769739585,1006.6916990687658,-41.95777266951085,14.132882,2025-11-21T05:20:42
485,12,24,32,1024,8,7,859,0.00451682757506014,836.9843395475923,52.55642975705251,724134.0415689388,850.9606580617807,-29.695007546422246,16.624669,2025-11-21T05:21:10
486,12,24,32,1024,4,6,963,0.003662709999943802,946.2781220996757,59.30104334367199,919033.5488550992,958.662374798917,-37.956519232823375,15.896798,2025-11-21T05:21:37
487,12,24,32,1024,8,2,1675,0.0004333631712394451,538.613184762436,34.37412307855976,331142.0415032319,575.449425669391,-13.036638079956504,9.796784,2025-11-21T05:22:05
488,8,24,64,512,4,10,1126,0.00020226051867899987,888.5562968859558,58.178660439997266,803199.7313598229,896.214110221337,-57.802491135329895,19.843425,2025-11-21T05:22:25
489,12,24,32,1024,4,6,1146,0.003328711198124289,885.7009736621757,55.56277535649682,808057.4792367365,898.9201740069785,-33.25240217871079,18.965391,2025-11-21T05:22:55
490,12,24,32,1024,4,6,947,0.004203598374966535,876.4109752897798,54.989481387381076,791687.4536107095,889.768202180045,-32.5585001781401,15.795931,2025-11-21T05:23:25
491,12,24,32,1024,8,6,1158,0.0032500160826052053,901.1497041309257,56.51612981512423,835662.0537458654,914.1455320384525,-34.42252065710415,19.37161,2025-11-21T05:23:50
492,12,24,32,1024,8,6,1144,0.0037865677100118716,901.7908987923839,56.5556988352918,836818.1074097267,914.7776273006061,-34.47152412041242,19.185581,2025-11-21T05:24:20
493,12,24,32,1024,8,7,888,0.004472667561635756,887.4322155241548,55.66961148743962,811127.1871248964,900.6259973623327,-33.382522710799336,17.209349,2025-11-21T05:24:49
494,12,24,32,1024,4,8,599,0.005286600907439461,869.6628877246757,54.5730512644561,779904.8027762324,883.1221901731562,-32.059050441600256,13.317003,2025-11-21T05:25:17
495,12,24,32,1024,4,7,1024,0.004182953619984272,913.3646902962902,57.269926896034015,857826.3110205946,926.1891335038404,-35.36203185980168,19.74556,2025-11-21T05:25:40
496,8,24,32,1024,4,7,1034,0.004146090467147543,727.0267863879089,47.70284631961067,542227.2289780038,736.360800815744,-38.696616645193835,22.336041,2025-11-21T05:26:11
497,12,24,64,1024,4,7,1257,0.003885411985908963,957.8272147103527,60.01374795919553,941024.2460566658,970.0640422449776,-38.88867347196214,24.243701,2025-11-21T05:26:45
498,12,24,32,1024,8,7,1036,0.00508676247361338,936.002833199936,58.66694256146786,899692.3750745499,948.5211516221185,-37.136674506473625,20.163083,2025-11-21T05:27:22
499,12,24,64,1024,8,6,1154,0.00408053943968217,923.5412650033214,57.897932520137516,876519.7431495329,936.2263311558445,-36.154419742883505,19.199619,2025-11-21T05:28:00
500,12,24,32,1024,8,6,1157,0.004494794261768928,787.4333955371757,49.49859850173888,643642.6168978168,802.2734053287675,-26.283091042194272,19.311528,2025-11-21T05:28:30
501,12,24,32,1024,8,7,693,0.0068305402654805425,798.2392630501964,50.165437822860234,660777.182708303,812.8820226258562,-27.009400808985525,13.577677,2025-11-21T05:29:03
502,12,24,32,512,8,7,772,0.004275534229762916,900.0551606738944,56.44858444013375,833690.5486977571,913.0665631254695,-34.33895137454649,9.650135,2025-11-21T05:29:30
503,12,36,16,256,4,10,300,0.01,608.1287080371757,38.43355185426811,393411.7900295751,627.2254698508145,-15.676163763335047,5.574622,2025-11-21T05:29:51
504,12,24,32,1024,8,8,477,0.004740558216438588,833.5824840788423,52.346498457122884,718451.0214650305,847.6149016298796,-29.454112442805815,10.751859,2025-11-21T05:30:08
505,12,24,64,512,8,8,1921,0.0010978049328283414,904.0245210254569,56.6935351078807,840851.4880620189,916.9795461524858,-34.64249336429918,28.795003,2025-11-21T05:30:32
506,4,24,32,512,16,7,1083,0.0015005908092618097,791.6778654792139,54.009561100484305,631603.2467429097,794.7347021131703,-129.24380488283506,13.998908,2025-11-21T05:31:14
507,4,24,32,1024,16,10,1018,0.0006233962292555123,850.9557585456201,58.037070092851884,728975.0948583329,853.8003834962437,-149.3229923354423,33.749282,2025-11-21T05:31:43
508,12,24,64,512,32,8,1344,0.0074390356646789595,1352.2590791309256,84.3544777528288,1852195.8815826299,1360.954033603865,-77.51193743005177,18.810594,2025-11-21T05:32:28
509,12,24,64,512,32,8,1079,0.007997520246461201,1048.0376842741546,65.58070012684017,1121973.5801250043,1059.2325429880846,-46.55885724444946,14.837455,2025-11-21T05:32:53
510,12,24,64,512,32,8,1217,0.009262883418493005,981.6333060189463,61.48284218081842,987195.2114008254,993.576978095218,-40.84579473447588,16.539192,2025-11-21T05:33:13
511,12,24,64,512,32,8,1261,0.007262617719362612,863.8341727181652,54.20295153406914,769279.9801525837,877.0860734002015,-31.608679388879565,17.573936,2025-11-21T05:33:36
512,4,24,64,512,4,5,1090,0.0047861220618788045,809.0419401862451,55.189332119563176,659398.5364014026,812.0335808335777,-134.9755111424392,9.532024,2025-11-21T05:34:02
513,12,24,64,512,32,8,1265,0.006457774420407746,862.762598824936,54.14722916916281,767950.6007992388,876.3279071210951,-31.552328897201846,17.647642,2025-11-21T05:34:20
514,12,24,64,512,16,8,1122,0.009703813435889871,863.7253063444673,54.20663836972217,769612.6723000557,877.2757105380587,-31.622781733737106,15.3224,2025-11-21T05:34:45
515,12,24,64,512,32,8,1027,0.007401110139503377,974.8564302051442,61.064631653006984,973936.1358638011,986.8820273283941,-40.28376146397013,13.977233,2025-11-21T05:35:08
516,12,24,64,512,16,8,1213,0.006808561031525597,922.1170096322277,57.810054059681214,873891.7341593858,934.8217659850384,-36.043022196084216,16.853321,2025-11-21T05:35:33
517,12,24,64,512,16,7,1267,0.008518740669580025,765.6361746712902,48.15347826824441,609790.2626293093,780.8906854543146,-24.848138105187413,15.191571,2025-11-21T05:35:58
518,12,24,64,512,32,9,1280,0.005475276919804346,848.8343151335298,53.287702278816816,744110.9682443492,862.6186690794196,-30.541800929768073,19.166888,2025-11-21T05:36:23
519,12,24,32,512,32,8,793,0.008178742882520093,1046.0130871061858,65.45577395736427,1117734.6508227396,1057.2297057984795,-46.379175086930864,10.827885,2025-11-21T05:36:52
520,12,24,32,512,32,8,1013,0.007210235401912459,905.988917184311,56.81475989275404,844407.0850175228,918.9162557151346,-34.793210039826214,14.011059,2025-11-21T05:37:12
521,8,24,32,512,4,5,406,0.0013885442087083481,764.0570293078308,50.10436159492166,597442.4265799577,772.9439996403088,-42.73893767788086,3.742194,2025-11-21T05:37:34
522,12,24,32,1024,32,9,824,0.00887532358589715,1007.8611299121754,63.1013837789262,1039375.3216784581,1019.4975829684238,-43.05763506623938,20.991213,2025-11-21T05:37:47
523,12,24,32,512,16,8,828,0.008175158957529556,822.5816295866548,51.667627933416625,700231.880976325,836.7985904483378,-28.681829104794975,12.530545,2025-11-21T05:38:21
524,12,24,64,512,32,8,857,0.007257784189305221,998.7807873014984,62.54106289423128,1021156.0563881574,1010.522664955199,-42.2853464380672,12.133368,2025-11-21T05:38:43
525,12,24,32,512,32,8,755,0.00985707035954159,1086.930099638738,67.98080217518027,1205008.5131238974,1097.728797619839,-50.078589433113656,10.514088,2025-11-21T05:39:06
526,12,24,64,512,32,8,783,0.009831569723581474,903.1083222949882,56.63699738374276,839195.8899780023,916.0763559758554,-34.572314926654364,11.271935,2025-11-21T05:39:24
527,12,24,32,512,32,9,774,0.00939672823085908,794.8772431934257,49.95796474978007,655421.0962373909,809.5808151366921,-26.78236395502444,11.555672,2025-11-21T05:39:43
528,12,24,64,512,32,7,1072,0.008536290973594398,1041.7727916960296,65.19410711249918,1108882.0759218484,1053.0346983465683,-46.00392708339911,13.02016,2025-11-21T05:40:03
529,12,24,64,512,32,7,1106,0.007102427915312256,779.4409638965507,49.00527868722844,631114.2913348594,794.4270207733744,-25.75203321916221,14.516197,2025-11-21T05:40:24
530,12,24,32,1024,32,7,940,0.008516883484056648,1111.7664236947278,69.51347413180736,1259616.1094072082,1122.3262045444756,-52.39332742882577,18.656433,2025-11-21T05:40:50
531,12,24,32,512,32,7,954,0.00950868966688966,789.6930797819673,49.63801115927779,647204.6612097329,804.4903114455344,-26.43408101194913,12.018639,2025-11-21T05:41:16
532,12,24,32,1024,32,8,1122,0.008092290809889493,945.0796357715507,59.227083578699094,916766.7750728129,957.4793862391049,-37.860433930435775,25.474462,2025-11-21T05:41:38
533,12,24,32,1024,32,8,656,0.009067485402941321,934.4398042285819,58.5704907129996,896769.0197375882,946.9788908616645,-37.01275764995561,14.952982,2025-11-21T05:42:10
534,12,24,64,1024,32,7,829,0.008834350411543283,968.7038830046235,60.68495574120797,961978.4458662514,980.8049988995016,-39.77689206736322,16.576342,2025-11-21T05:42:38
535,12,24,64,1024,32,8,1107,0.008336880597056779,1199.7825166309256,74.94501779819993,1463069.3517038478,1209.574037297365,-61.0174197227176,25.170699,2025-11-21T05:43:03
536,12,24,64,1024,32,8,1110,0.008785719528667685,1142.4251557910818,71.40544564524835,1328726.4999390484,1152.703994934974,-55.32281815448595,25.146114,2025-11-21T05:43:35
537,12,24,64,1024,32,8,1272,0.01,964.7146455371757,60.43877707889922,954265.6118045291,976.8651963318833,-39.44995604980503,28.818307,2025-11-21T05:44:04
538,12,24,64,1024,32,9,982,0.01,976.6316377246754,61.174184927354005,977400.6202953928,988.635736909906,-40.43061600976908,25.072121,2025-11-21T05:44:37
539,12,24,64,1024,32,8,1156,0.009935624745295222,854.1985729460298,53.61873522018801,753246.4743903653,867.8977326795855,-30.929041984593766,26.250664,2025-11-21T05:45:06
540,12,24,64,1024,32,8,1074,0.007894829563206187,1054.3257091764983,65.96875317894062,1135193.974114374,1065.4548203065083,-47.11925085940941,24.28821,2025-11-21T05:45:38
541,12,24,64,1024,32,8,1130,0.0076052002469561624,1051.0569306934256,65.76703383684442,1128311.9360492954,1062.2202860279479,-46.82753109729926,25.57765,2025-11-21T05:46:06
542,12,24,64,1024,32,8,1182,0.00752073443794301,1174.6087088509778,73.39152031877259,1403296.8766013652,1184.6083220209814,-58.48374989224827,26.74843,2025-11-21T05:46:35
543,12,24,64,1024,32,8,1180,0.007493802591535623,653.1972098275402,41.21476807673116,450257.8679603434,671.0125691522801,-18.08578779825666,26.769154,2025-11-21T05:47:06
544,12,24,64,1024,32,8,1031,0.00745423817134427,1015.2967174772797,63.56024059382753,1054418.7042884878,1026.8489198944935,-43.69530256456347,23.513975,2025-11-21T05:47:39
545,8,24,64,512,4,10,2000,0.0008509453320268099,839.4179912218933,54.99173123606024,718281.8258821187,847.515088881678,-51.585626028030056,35.123541,2025-11-21T05:48:08
546,12,24,64,1024,32,8,960,0.0082824731197287,1047.1711885059256,65.52724134081873,1120158.7625275236,1058.375530011689,-46.48192971908502,21.828152,2025-11-21T05:48:49
547,4,24,64,256,4,10,1038,0.0003460935721954585,803.6798796393701,54.8250141228229,650750.8350568635,806.6912885713242,-133.19225633428013,17.624037,2025-11-21T05:49:15
548,12,24,32,512,32,2,1177,0.0020787888474964006,904.4046683236339,56.71714453200581,841546.6642970435,917.3585254942822,-34.67196089179442,5.477094,2025-11-21T05:49:36
549,12,24,64,1024,32,8,1034,0.008964783962369173,1001.6677705371754,62.71918623939491,1026929.5870235268,1013.3753436035074,-42.530078153811694,23.423926,2025-11-21T05:49:45
550,12,24,64,1024,32,8,1073,0.006957459696846527,905.766749215561,56.801052249179385,844004.7003019456,918.6972843662626,-34.776153526567356,24.302841,2025-11-21T05:50:12
551,12,24,64,512,4,10,551,0.0016680055583267073,889.9469453418632,55.82479794422493,815596.8311893498,903.1039979921193,-33.57198453749507,9.294432,2025-11-21T05:50:42
552,12,24,64,1024,32,8,1003,0.008397381549284624,892.9978486621757,56.013071795376945,821036.4222058846,906.1106015304558,-33.80256102985307,22.733739,2025-11-21T05:50:56
553,12,24,64,1024,32,7,1074,0.007386396860917155,1036.1670584603526,64.8481668547622,1097233.4294253972,1047.489107067657,-45.510157599313715,21.294968,2025-11-21T05:51:25
554,12,24,64,1024,32,7,914,0.008032381362615677,915.1597545866548,57.380702349155875,861108.6526217312,927.9594024642087,-35.501165631221305,18.172774,2025-11-21T05:51:51
555,12,24,64,1024,32,8,1094,0.006592114448169537,814.8855439746757,51.192694218194866,687629.7142695137,829.2344145472459,-28.147641261162136,24.719372,2025-11-21T05:52:16
556,12,24,64,1024,32,8,957,0.00992378116508919,1069.3211315397796,66.89413353917612,1167038.9538490032,1080.295771466779,-48.46911405759887,21.753399,2025-11-21T05:52:46
557,12,24,64,1024,32,8,1084,0.009851641686817951,964.1985322559257,60.40692728393826,953270.0740950921,976.3555059992708,-39.407756628496635,24.66841,2025-11-21T05:53:12
558,12,24,64,512,4,10,962,0.002030286269921017,825.2019502246757,51.829328530337484,704549.5231452187,839.374483258348,-28.864847788283182,16.674418,2025-11-21T05:53:41
559,12,24,64,1024,32,8,1064,0.008421983666327602,743.1298880501964,46.76459066812164,575833.2827087011,758.8367958320821,-23.408750236253,24.150511,2025-11-21T05:54:02
560,12,24,64,1024,32,8,1195,0.008429918632970178,1161.2180635059256,72.5651721917524,1372018.6555030628,1171.3320005459864,-57.1579107829987,27.133378,2025-11-21T05:54:32
561,4,24,64,512,8,5,1672,0.002707155025346452,800.5203947760889,54.61038113880489,645683.7640064192,803.5445003274051,-132.14736839770788,15.712048,2025-11-21T05:55:05
562,12,24,64,1024,32,8,1158,0.01,950.2361909473319,59.545299341450196,926540.0908120949,962.5695251835551,-38.27471082276478,26.18294,2025-11-21T05:55:25
563,12,24,64,1024,32,7,1149,0.009548081223963898,973.5969697559257,60.98691295414468,971482.3240085314,985.6380288972881,-40.17974788486561,22.84442,2025-11-21T05:55:57
564,8,24,32,1024,4,9,666,0.0018215788928351614,809.7696452746277,53.06895311542972,669386.1590926033,818.1602282515346,-48.00595972500626,18.56429,2025-11-21T05:56:24
565,12,24,64,1024,32,8,1124,0.008279006488985358,936.9875744108735,58.727715773214705,901536.9858887988,949.4930151869464,-37.2148649237352,25.54493,2025-11-21T05:56:47
566,12,24,64,512,16,10,1447,0.0006317240592425751,863.5376435840507,54.1950571746855,769288.5263773055,877.0909453285363,-31.60904165113665,24.317452,2025-11-21T05:57:18
567,4,24,64,512,4,4,513,0.0005974795825505377,788.1721892096826,53.7713035215601,626061.6454254602,791.2405736724199,-128.1010633841959,4.426223,2025-11-21T05:57:47
568,12,24,64,1024,8,1,1519,0.007445936629640523,1017.9068045541027,65.32134970219462,1278122.2928918453,1130.540708197562,-53.17777810937334,4.790227,2025-11-21T05:57:56
569,4,24,64,256,8,10,1109,0.0008042291840950496,819.9787077643701,55.93240083861535,677214.4730433074,822.9304181055087,-138.64936080638452,19.370683,2025-11-21T05:58:07
570,12,24,64,1024,32,7,1024,0.01,882.7960257455089,55.38350863134992,802920.0929800979,896.0580857177162,-33.03463571440433,20.425732,2025-11-21T05:58:32
571,12,24,64,1024,32,8,1209,0.00998988798876006,576.9696707650402,36.51070117497555,356485.2842190029,597.0638862123574,-14.110901934098683,27.298561,2025-11-21T05:58:59
572,4,24,64,256,4,8,1105,0.0054569102511918405,819.0222868659326,55.867210552605705,675638.0069987851,821.9720232457946,-138.32427549853338,15.822222,2025-11-21T05:59:33
573,12,24,64,1024,32,8,849,0.01,1263.3147635384778,78.86564732970353,1619555.4494670837,1272.6175582110611,-67.6506418556608,19.227563,2025-11-21T05:59:55
574,12,24,64,1024,32,9,721,0.009066566389784987,882.9443411751964,55.3926613630971,803181.9825922131,896.2042080866464,-33.04573684093443,18.443769,2025-11-21T06:00:20
575,4,24,64,512,16,10,1875,0.009060789066344074,832.8228850104639,56.80507117611744,698443.3618503376,835.72923955689,-143.02700019617646,33.069322,2025-11-21T06:00:44
576,12,24,64,1024,32,7,820,0.01,854.384913278061,53.630232154700984,753564.7347102918,868.0810645960962,-30.942532584898515,16.341615,2025-11-21T06:01:22
577,12,24,32,1024,4,10,1530,0.00352437414764811,917.4133963509777,57.51977630135603,865238.6067420505,930.1820288212681,-35.67622848645584,41.74805,2025-11-21T06:01:45
578,12,24,64,1024,32,8,828,0.01,1145.7512259408215,71.6107002918109,1336337.1349222297,1156.0004908832132,-55.64542209910326,18.935589,2025-11-21T06:02:32
579,12,24,64,1024,32,7,904,0.01,1104.9226940397798,69.09113518001404,1244445.3557868775,1115.547110518815,-51.750260855333345,18.020963,2025-11-21T06:02:57
580,12,24,64,1024,32,8,780,0.01,978.6672822559254,61.299806304073165,981380.91384881,990.6467149538275,-40.59933496737313,17.788297,2025-11-21T06:03:20
581,4,24,64,1024,16,5,2000,0.0009083590504283632,836.8229460456201,57.07684646941244,705122.034884852,839.7154487591924,-144.4042188727258,33.508787,2025-11-21T06:03:43
582,12,24,64,1024,32,7,780,0.01,1634.476445667384,101.77034918507822,2695104.250095357,1641.6772673383027,-113.24161901826014,15.623689,2025-11-21T06:04:22
583,12,24,64,1024,32,6,618,0.01,804.9290010059257,50.5782673789815,671501.961151008,819.4522323790496,-27.4640088460822,10.658747,2025-11-21T06:04:41
584,12,24,64,1024,32,8,772,0.01,694.6667939746757,43.77389164700929,506153.21914166515,711.4444596324194,-20.45511188444831,17.629064,2025-11-21T06:04:56
585,8,24,64,512,4,8,2000,0.0023814262823154907,855.7626262316589,56.05172717050766,745988.9568117096,863.7065223857636,-53.614073321101685,27.583412,2025-11-21T06:05:20
586,12,24,64,1024,32,7,930,0.01,937.7189586882173,58.772849381410694,902908.0762263561,950.2147526882311,-37.27298348444664,18.550481,2025-11-21T06:05:52
587,12,24,64,1024,32,7,811,0.01,849.6044160449882,53.33522321940922,745418.802525475,863.3763967850147,-30.597238156613045,16.157127,2025-11-21T06:06:17
588,4,12,64,256,4,10,2000,0.01,702.2922453620264,47.93645131266111,498063.99222677265,705.7364892272276,-101.70648505572755,36.173674,2025-11-21T06:06:38
589,12,24,64,1024,32,7,887,0.01,728.7523652637382,45.87734134318999,554671.261897058,744.7625540379014,-22.511722405461413,17.669601,2025-11-21T06:07:20
590,12,24,64,1024,32,6,1139,0.01,985.2479707324879,61.70590635301907,994304.8338701072,997.1483509839984,-41.147161474360104,19.569665,2025-11-21T06:07:48
591,12,24,64,1024,32,8,936,0.007172560911543225,909.1609345996757,57.01050974504302,850164.8694927663,922.0438544303445,-35.03727429833746,21.198413,2025-11-21T06:08:13
592,12,24,64,1024,32,7,1113,0.01,836.8271333301444,52.546728923381146,723870.933076122,850.8060490359256,-29.683854753280468,22.071599,2025-11-21T06:08:41
593,12,24,64,1024,32,8,890,0.01,919.6585745736339,57.658328241504755,869363.1635449119,932.3964626407115,-35.85106255711377,20.245042,2025-11-21T06:09:09
594,12,24,64,1024,32,8,660,0.01,716.9861095671235,45.151235746228664,537660.3411178405,733.2532585115736,-21.790653774910144,15.153021,2025-11-21T06:09:37
595,8,24,64,1024,8,1,1675,0.0018194074474047854,687.8530498156433,46.0599598400761,603224.7007349108,776.6754153022424,-43.16225968791569,5.749211,2025-11-21T06:10:02
596,12,24,64,1024,32,8,1117,0.008858658675072083,608.8113659147798,38.47567920919191,394242.54126521247,627.8873635177033,-15.711378121427977,25.231392,2025-11-21T06:10:14
597,12,24,32,1024,32,7,917,0.00949215246632454,588.6233572884777,37.22986637716237,370069.04190178023,608.333002476259,-14.686698016931954,18.269611,2025-11-21T06:10:47
598,4,24,64,512,4,9,1665,0.0010913675137868251,777.1010832526514,53.01917236324962,608735.4732520435,780.2150173202535,-124.52820874869805,26.463314,2025-11-21T06:11:15
599,8,24,64,512,4,8,2000,0.0006262749454301578,841.0861430773621,55.09991520156981,721085.1364266509,849.1673194527983,-51.79085722645857,29.04315,2025-11-21T06:11:51
600,12,24,64,1024,32,8,991,0.008706956795139305,780.7926484668632,49.08879272270596,633228.4472047457,795.7565250783343,-25.841649266268448,22.428468,2025-11-21T06:12:30
601,12,24,64,1024,32,8,962,0.00820760700781307,768.5432588184257,48.33287190036339,614250.0051658563,783.7410319524278,-25.03718022026022,21.753151,2025-11-21T06:13:06
602,12,24,64,1024,32,8,1191,0.005790844863792651,1221.2917939746756,76.27237382263169,1515144.9105204924,1230.9122269765999,-63.224828267408824,26.838932,2025-11-21T06:13:41
603,12,24,64,1024,32,8,1043,0.007452028386018542,674.9585013314464,42.557675965180856,479160.24341035885,692.214015612483,-19.310918204535582,23.647547,2025-11-21T06:14:18
604,12,24,64,1024,32,7,1267,0.006798215927428398,956.2469941699882,59.91623553478335,937999.8042854633,968.503899984643,-38.76047170590563,25.239357,2025-11-21T06:14:51
605,12,24,64,1024,32,7,996,0.00741585469058653,879.6771292611339,55.1910387951522,797423.1208196987,892.9855098598738,-32.801626917330864,19.75505,2025-11-21T06:15:28
606,8,24,64,1024,32,7,1194,0.006671832583912019,818.3076091418152,53.62266421931983,683286.6331657881,826.6115370388851,-49.02361756470885,25.983101,2025-11-21T06:15:57
607,12,24,32,1024,32,9,878,0.01,882.4541881804048,55.36241357149952,802316.6657286254,895.7213103017174,-33.00905729525208,22.32027,2025-11-21T06:16:34
608,4,24,64,256,4,8,855,0.0003892211577892493,847.2060637214014,57.78230191093263,722607.3443283562,850.0631413773663,-148.00988943129204,11.830385,2025-11-21T06:17:06
609,12,24,64,1024,16,7,1112,0.008740609553324615,845.3586885059257,53.07321820468239,738222.5767230693,859.1987993026231,-30.29220042515656,21.660611,2025-11-21T06:17:28
610,4,24,64,256,8,6,1084,0.0012266621975810235,772.1643156745264,52.68375478792886,601087.1322637598,775.2980925191032,-122.95103346264244,12.516554,2025-11-21T06:18:01
611,4,24,64,512,4,8,300,0.0020252502306013216,816.1231169440576,55.67044134659651,670906.3493135234,819.0887310380502,-137.3485536296076,4.229438,2025-11-21T06:18:28
612,12,24,64,512,32,7,895,0.00732149072171686,717.4563040658214,45.1803276465117,538338.5990792217,733.7156118546352,-21.81940416095457,11.228554,2025-11-21T06:18:45
613,12,24,64,1024,16,7,1225,0.01,755.7185721322277,47.541449542160436,594701.8301857016,771.1691320233854,-24.20856100877476,23.809743,2025-11-21T06:19:08
614,12,24,32,1024,32,10,965,0.008410590485597655,894.8318533822277,56.126253107282174,824315.4747583276,907.9182092888806,-33.941555383197205,27.185917,2025-11-21T06:19:42
615,12,24,64,1024,32,9,1233,0.006952648169827085,820.7930350228527,51.557250679691194,697292.4748116344,835.0404031013317,-28.557231876619245,31.314965,2025-11-21T06:20:21
616,12,24,64,1024,32,7,1244,0.01,1044.3245901986338,65.35157541836064,1114205.1211049098,1055.559150926612,-46.22956336436998,24.538649,2025-11-21T06:21:11
617,8,24,32,256,4,7,630,0.0012103299153316462,862.2196269640808,56.4704815167631,757081.9533588181,870.1045646121034,-54.42619489641802,7.348868,2025-11-21T06:21:51
618,4,24,32,512,4,7,1851,0.0008421740505258272,831.2724699714014,56.69973053031464,695863.2772306206,834.1841986219954,-142.49495727283093,22.661891,2025-11-21T06:22:11
619,4,24,64,512,16,5,1232,0.0015125711706919943,926.1924528815576,63.14886512405714,862681.8185473902,928.806663707464,-176.89484621916557,12.27038,2025-11-21T06:22:50
620,4,24,64,512,8,6,973,0.0016888463504616152,819.5578093268701,55.903803797314744,676524.3946850395,822.5110301297117,-138.5070587654884,11.446917,2025-11-21T06:23:17
621,12,24,32,1024,16,8,696,0.0006070051345167787,871.9183198535819,54.71223586416165,783832.8187150481,885.343333806184,-32.22555342580355,15.516011,2025-11-21T06:23:42
622,12,24,32,1024,32,7,582,0.006852431134443973,1069.6956025684256,66.91724232620015,1167839.946644838,1080.6664363460345,-48.503066997940564,11.597165,2025-11-21T06:24:16
623,12,24,32,1024,16,8,808,0.008731098914324385,965.6663056934257,60.49750484652351,956102.6784421994,977.8050308942982,-39.527826680198814,18.050025,2025-11-21T06:24:40
624,12,24,64,1024,32,6,994,0.01,616.5443574512382,38.95288866049712,403718.20069465274,635.3882283255275,-16.113037788005474,17.055431,2025-11-21T06:25:13
625,4,24,64,256,8,7,1626,0.007941849653767248,843.3165983893701,57.51804374581242,716032.2769753993,846.1869042802538,-146.65403542986607,19.390275,2025-11-21T06:25:47
626,12,24,32,1024,32,8,621,0.007411656564185631,786.6179658496757,49.44827763363598,642359.0886880922,801.4730742127849,-26.228684114993083,14.242874,2025-11-21T06:26:20
627,4,24,64,512,16,10,1316,0.0018498947712579663,810.1562590339014,55.26503555114579,661202.5526583479,813.143623635055,-135.34751990361437,23.499212,2025-11-21T06:26:51
628,12,24,64,1024,32,7,795,0.006870450403584693,768.2844697559257,48.31690180449841,613852.2909587546,783.4872627929279,-25.020321683183493,15.778882,2025-11-21T06:27:28
629,12,24,64,1024,16,8,866,0.009266850118268468,835.1970063770194,52.44613204233591,721145.3028728556,849.2027454459009,-29.568319182715722,19.236411,2025-11-21T06:28:02
630,12,24,32,1024,32,8,1110,0.009106358263321105,1184.5308686817068,74.00382552605632,1426704.6489805763,1194.4474241173516,-59.475971923777244,25.161743,2025-11-21T06:28:32
631,12,24,32,1024,32,8,1332,0.009835106729461751,938.0588838184257,58.79382707254851,903545.7340012812,950.5502269745041,-37.300012886587375,30.18531,2025-11-21T06:29:10
632,4,24,32,256,8,9,637,0.0006739725084154944,796.7698454596826,54.35552456107733,639691.5808656396,799.8072148121944,-130.91171177967345,10.633263,2025-11-21T06:29:54
633,4,24,32,256,16,9,565,0.0010941208376633162,794.3456511237451,54.19081780075295,635834.4053155878,797.3922531073322,-130.11631811706886,9.080228,2025-11-21T06:30:20
634,12,24,32,1024,32,8,1089,0.006212403847297548,809.1555635059257,50.839092189938825,678323.9904432028,823.6042681064753,-27.7531849220365,24.664327,2025-11-21T06:30:45
635,4,24,64,256,4,8,1399,0.001519672870998064,825.3545012214014,56.29764802792408,686059.4632393441,828.2870657201789,-140.47329882954054,19.888149,2025-11-21T06:31:29
636,12,24,32,1024,16,8,966,0.01,679.6128185514985,42.8448979416885,485464.8517396311,696.7530780266644,-19.578161545043315,21.347289,2025-11-21T06:32:04
637,12,24,64,256,4,10,300,0.0001057269345159369,435.10402948899855,27.846464394128525,217812.58751338115,466.7039613217153,-8.232764424309273,5.612824,2025-11-21T06:32:40
638,12,24,64,1024,32,8,1508,0.006038684106664865,953.8666841113944,59.76934027590512,933452.9280024987,966.1536772183288,-38.56773611579879,34.046555,2025-11-21T06:32:58
639,4,24,64,256,4,3,300,0.0009449247635021052,156.87470385812014,10.869084434769588,29061.547914672574,170.4744787781226,-4.992823177700468,1.957898,2025-11-21T06:33:58
640,12,24,64,1024,32,9,977,0.006200220199805675,852.5126395150402,53.514694588004694,750369.0604869168,866.2384547495665,-30.807072519811843,24.826524,2025-11-21T06:34:18
641,12,24,64,512,32,8,1417,0.004506030779163671,969.9267833952485,60.760422659099255,964349.2331454708,982.0128477496977,-39.877386353295336,19.404219,2025-11-21T06:34:58
642,8,24,64,512,32,7,1325,0.005267458912583633,886.1376567492371,58.0216328517569,798899.2136860057,893.8116209168494,-57.487648957825876,16.735132,2025-11-21T06:35:30
643,4,24,32,256,4,10,586,0.0001976626553524445,90.41131575590657,6.287907519411242,10994.506417519488,104.85469191943433,-1.2671928239934451,9.858335,2025-11-21T06:36:01
644,8,24,64,1024,32,8,1278,0.00605326480858101,945.8397136340027,61.89347926017592,908272.0445716592,953.0330763261363,-65.49486642503192,31.743488,2025-11-21T06:36:28
645,12,24,64,1024,32,8,1362,0.007669750775222973,1102.819056344467,68.96131898436116,1239801.1249650994,1113.4635714584915,-51.5533985454039,30.786402,2025-11-21T06:37:13
646,12,24,64,1024,32,7,1389,0.00696233136917662,737.6179658496757,46.42444544449666,567671.528034824,753.4397972199398,-23.062785115259782,27.599697,2025-11-21T06:37:58
647,12,24,64,256,16,5,2000,0.002856015566186505,874.7361299121757,54.88612974952218,788754.7829927251,888.1186761873241,-32.43418846016705,17.808923,2025-11-21T06:38:45
648,12,24,64,1024,32,8,1170,0.0064517308798622995,966.3391572559257,60.53902709577249,957402.6313367031,978.4695352113438,-39.58292982632398,26.367823,2025-11-21T06:39:17
649,12,24,64,1024,4,5,865,0.009655188478959836,681.5378877246757,42.96369553829618,488085.15689482325,698.6309160743054,-19.68923253728432,12.168122,2025-11-21T06:40:00
650,12,24,64,1024,32,8,1036,0.00513056802402787,1041.8791352832693,65.20066419065316,1109103.3969100357,1053.1397803283455,-46.013308563916006,23.368927,2025-11-21T06:40:28
651,12,24,64,1024,32,8,1443,0.0055932449203983945,833.5701346322277,52.34573656187518,718430.4421676641,847.6027620104031,-29.453240115789406,32.589625,2025-11-21T06:41:08
652,8,24,64,1024,32,9,863,0.005659461299362915,811.1527019152527,53.158648223487035,671627.9865088217,819.5291248691664,-48.17008457667416,24.074327,2025-11-21T06:41:54
653,12,24,64,1024,32,7,1377,0.004957336193943658,856.5930635059257,53.766501158761216,757342.9409370775,870.2545265248998,-31.10268534942241,27.317961,2025-11-21T06:42:31
654,8,24,32,1024,4,4,938,0.0008953025374808342,801.0666118273621,52.50453730107364,655367.0155503191,809.5474140223778,-46.97961405818883,11.678273,2025-11-21T06:43:14
655,12,24,64,1024,32,9,1234,0.01,802.5982514942069,50.434434961361895,667755.2242217722,817.1629116778197,-27.30519002012537,31.226821,2025-11-21T06:43:44
656,12,24,64,1024,32,8,965,0.004590033991334584,746.2430472298839,46.95670646611617,580469.9393354282,761.8857784047607,-23.605291486874496,21.87146,2025-11-21T06:44:33
657,8,24,32,1024,32,8,1106,0.005944676165867393,931.7611613879089,60.98044546499259,881838.1360953643,939.0623707163248,-63.55963212631288,27.527154,2025-11-21T06:45:14
658,4,24,64,256,4,10,1885,0.001281063501197406,772.1392912604639,52.68205327591999,601048.4420786572,775.2731403051812,-122.94305510447951,32.298024,2025-11-21T06:45:59
659,12,24,32,1024,32,8,886,0.006546870894272749,766.2455903613944,48.19108079086082,610723.5677476759,781.4880470920051,-24.887699575863902,20.154429,2025-11-21T06:46:47
660,12,24,64,512,32,8,1386,0.009192922775403635,854.701319528061,53.64975541675716,754105.3789639794,868.3924107015097,-30.965449722464534,18.38609,2025-11-21T06:47:27
661,4,24,32,512,16,8,300,0.0039036410704256755,777.5015959479639,53.04638488229338,609358.1357548162,780.6139479632786,-124.65660887003563,4.142785,2025-11-21T06:48:01
662,12,24,32,1024,32,8,1268,0.006752655472368239,956.4231416309257,59.92710123383609,938336.4903377802,968.6777019926598,-38.77474334668398,28.516764,2025-11-21T06:48:25
663,12,24,64,1024,32,9,919,0.007137334779727263,712.2048595671235,44.85618073879645,530827.0240344423,728.5787699586382,-21.50099922561212,23.449577,2025-11-21T06:49:13
664,8,24,64,512,32,8,1323,0.007931327760504824,910.0109477648621,59.56988188068679,841779.1462121541,917.4852294245145,-60.62690156686692,18.676304,2025-11-21T06:49:57
665,8,24,64,512,32,8,1092,0.006001411475870371,843.7186198840027,55.270639479226666,725520.3902233732,851.7748471417627,-52.11556347557939,15.933062,2025-11-21T06:50:36
666,12,24,32,1024,32,7,1367,0.0077306567552973965,820.2293346647798,51.522464049038,696367.4213694714,834.4863218588255,-28.51802018270893,26.867925,2025-11-21T06:51:17
667,12,24,64,1024,32,6,1302,0.0045339752963573544,869.3905081673839,54.55624224804748,779431.1080445814,882.8539562377129,-32.03897119863134,22.095857,2025-11-21T06:52:02
668,12,24,64,1024,16,8,1000,0.005723088321887726,1085.6440888965506,67.90143714920083,1202214.352246632,1096.4553580728366,-49.96014894517892,22.101779,2025-11-21T06:52:46
669,12,24,64,1024,16,8,1147,0.006201187734372764,966.3882091764985,60.542054049040125,957497.4306410011,978.5179766570469,-39.5869482334058,25.357342,2025-11-21T06:53:25
670,8,24,64,512,16,6,1214,0.00733908886572171,844.2155986437683,55.302969319884575,726363.9402815707,852.2698752634465,-52.17732002613922,12.628278,2025-11-21T06:54:15
671,12,24,32,1024,16,8,1069,0.006539088848349807,727.4963838184257,45.79983390263731,552842.2529594967,743.5336259776667,-22.43419332946427,23.583026,2025-11-21T06:54:46
672,12,24,64,512,32,7,1259,0.004272721953126693,938.7260387663423,58.83544389342658,904820.1038676662,951.2203235148344,-37.354031604697724,14.945615,2025-11-21T06:55:27
673,8,24,64,1024,4,6,1876,0.009288784321705969,945.6110759386902,61.87865052998978,907839.5413998738,952.8061405133122,-65.4632027392363,34.503985,2025-11-21T06:56:06
674,8,24,32,1024,4,2,491,0.004585278928183887,759.4221416125183,49.836747897402645,592067.9408737484,769.4595121731542,-42.345469981419754,3.399677,2025-11-21T06:56:59
675,8,24,32,1024,32,10,1643,0.0008558235670112878,789.9729228625183,51.78507982350708,637716.4873791246,798.571529281582,-45.6874136430276,50.58321,2025-11-21T06:57:20
676,12,24,64,512,16,7,1500,0.00405045102651045,964.4912975554048,60.42502231655362,953836.0862810981,976.6453226638102,-39.43174907647378,19.66463,2025-11-21T06:58:31
677,12,24,32,1024,16,10,408,0.0005996633510022543,808.8532767220714,50.820435916339434,677834.7918709525,823.307228117762,-27.732448493412885,11.390661,2025-11-21T06:59:08
678,4,24,32,512,4,9,809,0.0020606621076637048,913.8649382331201,62.3112993354131,839998.5171882056,916.5143300506576,-172.2172903459819,12.952933,2025-11-21T06:59:45
679,12,24,64,1024,16,7,1108,0.005763600372905806,906.5545299772798,56.84966643409371,845432.3895184672,919.4739743562442,-34.83667123290268,21.632959,2025-11-21T07:00:16
680,12,24,64,1024,16,7,1658,0.00540010664075427,963.3977510059257,60.357510383525835,951726.491133886,975.564703714667,-39.34232635188639,32.008961,2025-11-21T07:01:01
681,8,24,64,512,4,4,696,0.01,782.0181804308777,51.269191502518254,625211.6606587834,790.7032696649126,-44.77193156097211,5.954682,2025-11-21T07:01:53
682,12,24,64,512,32,6,1882,0.008485762694484403,983.3290050749359,61.587461151457354,990525.9045306752,995.2516789891264,-40.98697805812415,20.233986,2025-11-21T07:02:21
683,12,24,64,512,32,9,1130,0.007996398007302173,989.9904227181651,61.99856697877087,1003672.2981894062,1001.8344664611046,-41.54423490478293,17.713606,2025-11-21T07:03:02
684,8,24,64,512,16,7,1335,0.005469834132016804,841.2455363879089,55.11024191857188,721352.8135830242,849.324916379488,-51.81045395066081,16.708214,2025-11-21T07:03:38
685,12,24,64,512,32,9,1381,0.0076219060303330385,878.9229788705089,55.144499598531596,796096.8730129511,892.2426088306651,-32.74540916743978,23.079438,2025-11-21T07:04:15
686,8,24,32,512,8,3,690,0.004964476237221407,876.8987956652527,57.422467079515684,782610.7785235774,884.6529141553638,-56.295167776805656,4.429794,2025-11-21T07:05:03
687,4,24,32,1024,4,4,971,0.0027752104894980816,803.3156218268701,54.80026321515299,650165.3801274722,806.3283327078816,-133.0715288396313,13.182637,2025-11-21T07:05:24
688,12,24,32,1024,16,9,300,0.008724694047790128,1031.427943063217,64.55571228944548,1087434.8771315448,1042.8014562377368,-45.09481096548863,7.736387,2025-11-21T07:05:56
689,12,24,64,512,16,7,1265,0.005604717878044104,974.5019583626964,61.04276532759637,973245.5713416887,986.5320934169799,-40.25448942039708,15.606571,2025-11-21T07:06:27
690,12,24,64,512,16,8,1290,0.005598962222000143,890.7652640267589,55.87528252959322,817053.2784791719,903.9099946782156,-33.63372125747469,17.984504,2025-11-21T07:07:07
691,12,24,64,1024,32,7,1503,0.009796593255392992,1006.7971650684254,63.03572559234163,1037231.7960804292,1018.4457747373834,-42.96677407831387,29.603748,2025-11-21T07:07:42
692,8,24,64,512,16,7,1395,0.005264752508621233,918.8447185168152,60.144629337203234,858021.4387810482,926.2944665607413,-61.81600463489566,16.983009,2025-11-21T07:08:28
693,12,24,64,512,16,8,916,0.007963985266181162,911.9305268848319,57.18142104058301,855208.4141320366,924.7747910340315,-35.251062950542924,11.886544,2025-11-21T07:09:11
694,12,24,32,1024,16,8,956,0.006846994276063781,888.4726818327485,55.73382000050845,812974.9789572897,901.6512512924771,-33.46084796687573,21.124689,2025-11-21T07:09:45
695,12,24,64,512,16,8,1335,0.006153240245721789,974.7175752246754,61.05606648246575,973665.6159424819,986.7449599275802,-40.27229451096187,20.135873,2025-11-21T07:10:26
696,8,24,32,256,8,5,1550,0.0016508222698854956,793.2988505968933,52.00076450884017,642981.725199116,801.861412713641,-46.07288326925777,14.232841,2025-11-21T07:11:02
697,12,24,64,1024,32,7,1527,0.004501850017848414,902.6819306934257,56.61068483554753,838425.9324910212,915.6560120978954,-34.53967752871889,30.225837,2025-11-21T07:11:35
698,12,24,64,1024,16,7,1359,0.00697459774380689,1165.2283581022798,72.8126508771055,1381348.388342269,1175.3077845153025,-57.553384829882425,26.351978,2025-11-21T07:12:25
699,12,24,64,1024,16,7,1578,0.007722932947752825,1138.9248506153006,71.18943882975223,1320741.0798396957,1149.2349976570047,-54.98432760420066,30.616447,2025-11-21T07:13:13
700,12,24,64,1024,16,7,1693,0.005822654014242163,960.0520682259777,60.15104535620449,945291.2353482456,972.2608885213092,-39.069545052342164,32.734199,2025-11-21T07:14:00
701,12,24,64,1024,32,7,1722,0.008282117502924841,691.4846650684257,43.57751973238257,501742.3065154034,708.3377065463926,-20.268139599515585,33.968467,2025-11-21T07:14:47
702,12,24,64,1024,16,8,1398,0.004804209279796827,772.2463838184257,48.561394932514546,619955.7418112458,787.3726829216555,-25.279038245617883,30.803209,2025-11-21T07:15:44
703,12,24,64,1024,16,7,887,0.008602586969027878,765.1677705371757,48.12456761222245,609072.9815594426,780.4312792036482,-24.817733585321502,17.259628,2025-11-21T07:16:31
704,12,24,64,512,16,7,1376,0.0059030837142204015,1011.0780895475922,63.29990680375614,1045870.2543824868,1022.6779817628259,-43.33294598510147,16.842016,2025-11-21T07:17:12
705,12,24,64,1024,16,8,1412,0.006853917351883114,834.7444306934257,52.41820321616687,720389.529064302,848.7576385896635,-29.536283010646425,31.068387,2025-11-21T07:17:47
706,12,24,64,1024,16,7,1424,0.005627605536699415,975.6449026986338,61.1132928600949,975474.2503386332,987.6609997051788,-40.34895993925509,27.53755,2025-11-21T07:18:38
707,8,24,64,1024,4,10,2000,0.00019340677853633024,817.7547832140808,53.58682468325306,682382.7774575714,826.0646327361869,-48.9574460195814,60.967907,2025-11-21T07:19:32
708,4,24,32,1024,8,7,737,0.0008482078320026925,820.1305632331201,55.94271833263447,677463.5326054561,823.081728995035,-138.70071973334376,17.427302,2025-11-21T07:21:02
709,12,24,64,1024,16,7,1331,0.006717778689490135,826.9239147429048,51.935592518367145,707394.4280995919,841.0674337409527,-28.985439245155085,25.701103,2025-11-21T07:21:36
710,8,24,64,512,16,7,1300,0.005049547521028398,843.5390849718933,55.258996214594006,725217.4918334193,851.5970243216091,-52.093388194394954,16.240055,2025-11-21T07:22:20
711,12,24,32,1024,32,1,934,0.01,1052.7165986621756,65.86941075086695,1131801.342786276,1063.861524253169,-46.97544206402041,3.155983,2025-11-21T07:22:58
712,12,24,64,512,32,7,1362,0.005990860789336193,822.8933768197277,51.68686293777983,700744.6938325457,837.1049479202387,-28.703566509181446,17.115095,2025-11-21T07:23:22
713,8,24,64,256,32,10,392,0.004859996160917973,864.0155864367371,56.58695516191044,760182.2328327008,871.8843001411947,-54.65316727845728,7.595481,2025-11-21T07:24:00
714,12,24,64,1024,32,7,1390,0.009200303607720438,988.5085501595713,61.90711928422565,1000740.4103524844,1000.3701366756629,-41.41995636778088,27.464247,2025-11-21T07:24:27
715,8,24,64,1024,32,8,1220,0.009633926940472774,525.7387004504089,34.64874853136249,290060.4633175235,538.572616568577,-20.23541275849527,30.302959,2025-11-21T07:25:25
716,12,24,64,512,16,7,1829,0.01,748.1489920541027,47.07432425004081,583318.1833275078,763.7526977546513,-23.72602448078473,21.1406,2025-11-21T07:26:19
717,12,24,32,1024,16,8,937,0.006367838171131913,736.3491059863944,46.346143319269835,565801.2864252,752.1976378753127,-22.983508245197633,20.655086,2025-11-21T07:27:00
718,8,24,64,1024,16,6,2000,0.0009155327524274179,858.2435222277527,56.212620195689475,750241.2241303059,866.1646634043125,-53.92538307575448,36.31083,2025-11-21T07:27:49
719,12,24,64,1024,16,5,1333,0.005703093001950521,739.9121756478527,46.56602320575733,571061.2975920675,755.6859781629321,-23.206472604270502,18.567457,2025-11-21T07:29:05
720,12,24,64,512,16,8,989,0.006628579446288235,1037.8094127897796,64.94955131117244,1100641.2934013256,1049.1145282576758,-45.65461208488335,13.454287,2025-11-21T07:29:49
721,12,24,32,512,16,8,722,0.008223323916664886,744.0295462533214,46.82010655124351,577171.0698425762,759.7177566982202,-23.465457121736293,9.286302,2025-11-21T07:30:22
722,4,24,64,256,32,8,1580,0.01,731.3039030768701,49.9075814854387,539654.7905118454,734.6119999781146,-110.28298279334494,21.72495,2025-11-21T07:31:04
723,12,24,64,1024,16,7,963,0.006938522855416695,793.7141572559257,49.88618971515666,653573.4279190949,808.4388832305723,-26.70404393453417,18.665838,2025-11-21T07:31:48
724,12,24,64,1024,16,9,1076,0.006984886219158798,853.8708955371757,53.59851382961529,752686.770736069,867.5752248284116,-30.90531694626362,26.73208,2025-11-21T07:32:36
725,8,24,64,512,32,10,1310,0.002743089838737864,904.3641276965027,59.2036710100067,831533.7561486631,911.8847274456696,-59.87683351422145,22.622924,2025-11-21T07:33:27
726,4,24,64,512,8,7,1722,0.0017232418981455247,784.7911467292139,53.54165658307537,620746.4953832093,787.8746698448995,-127.00501872547093,22.300832,2025-11-21T07:34:13
727,12,24,64,512,32,9,903,0.00855385151992142,901.8607840462902,56.560011573588135,836944.156676265,914.8465208308249,-34.47686716875086,14.409278,2025-11-21T07:34:59
728,12,24,64,512,16,7,1164,0.00522801103087513,910.4678397103527,57.09119521807745,852544.7936216583,923.3335224184478,-35.13815588227457,14.872512,2025-11-21T07:35:41
729,12,24,64,512,32,8,1111,0.004593381856670369,960.1564993783214,60.157473821903196,945490.9373612171,972.3635829057035,-39.078010135383856,15.497226,2025-11-21T07:36:18
730,12,24,64,1024,32,7,1004,0.006140552447273695,1010.8773652637379,63.28751766456461,1045464.2815210047,1022.4794773104273,-43.31573737546363,19.899676,2025-11-21T07:36:57
731,12,24,64,1024,32,5,1172,0.01,766.5325369759777,48.20878955957165,611163.4467578611,781.7694332460569,-24.906345418707986,16.77917,2025-11-21T07:37:42
732,12,24,64,1024,16,8,952,0.005948573603734884,853.2910615528007,53.56273195226831,751696.9093432169,867.0045613162695,-30.86335813590625,21.00755,2025-11-21T07:38:31
733,12,24,64,512,16,8,1111,0.00472469250655029,807.9556326791027,50.76504958165631,676383.8772931517,822.4256059323249,-27.67094629719198,16.041152,2025-11-21T07:39:21
734,12,24,64,512,8,3,2000,0.0015980268840763473,1022.9567720020192,64.03284906267653,1070026.7216707484,1034.4209596052995,-44.356904124262506,12.085661,2025-11-21T07:40:03
735,12,24,64,1024,32,10,770,0.00785137799794448,696.1080171192069,43.86283123906934,508157.65959224413,712.851779539228,-20.540077251666194,21.700551,2025-11-21T07:40:50
736,4,24,64,256,4,5,1964,0.0012265434180567987,851.4893278815576,58.07335019995503,729884.7021574606,854.3328989085347,-149.5105637518315,18.256366,2025-11-21T07:41:38
737,12,24,32,1024,32,7,525,0.006170497562901856,1009.1126557910817,63.178616344811225,1041899.6070964563,1020.7348368192673,-43.164635918991586,10.492339,2025-11-21T07:42:23
738,12,24,32,512,32,6,1106,0.005676596169899864,894.2841442350923,56.09253282603214,823339.5696713805,907.3806090452784,-33.9001881607096,11.012094,2025-11-21T07:43:03
739,12,24,64,1024,8,6,1539,0.003994767210556281,1036.6081798796233,64.87538907957752,1098147.7879379943,1047.925468694217,-45.54891595043817,25.460506,2025-11-21T07:43:47
740,8,24,64,512,8,1,1663,0.0020003667238476853,542.3270488390808,36.33166045002737,370971.4159112915,609.0742285725867,-26.158927653839182,5.374523,2025-11-21T07:44:41
741,12,24,32,1024,16,8,901,0.0060455020841850135,806.8504080697277,50.69683926812838,674598.8553411175,821.3396711112385,-27.59528176667287,19.892377,2025-11-21T07:45:10
742,4,24,64,512,32,7,678,0.0016230962834930705,879.7653288581201,59.994474536956865,778836.4257172174,882.5170965580312,-159.6049683719373,9.159382,2025-11-21T07:46:03
743,12,24,64,1024,16,7,1349,0.00399676593643799,885.0588838184257,55.52315143939782,806920.4923165281,898.2875332077854,-33.2042069274278,26.000862,2025-11-21T07:46:44
744,12,24,32,512,32,6,541,0.007183296600566926,863.6686657194673,54.20314294606974,769514.8428472021,877.2199512364058,-31.618634882986797,5.797996,2025-11-21T07:47:37
745,12,24,64,512,32,6,1857,0.0033168198615311797,1369.9177095020195,85.44440209597238,1900275.7989010818,1378.5049143550712,-79.54997643968551,19.306931,2025-11-21T07:48:06
746,8,24,64,512,32,7,1595,0.0034248431119349916,879.3989177355652,57.58449540292927,786996.3883471683,887.1281690641822,-56.616239575893694,20.318617,2025-11-21T07:48:45
747,12,24,64,512,32,6,1775,0.004345682295492782,1007.2480114225922,63.06357405341808,1038141.121496665,1018.8921049339154,-43.0053190836737,18.974827,2025-11-21T07:49:28
748,12,24,64,512,16,6,1858,0.0035870307969956628,937.1652070606132,58.73867274311079,901869.6445731841,949.668176034758,-37.22896585014029,20.398142,2025-11-21T07:50:13
749,12,24,64,512,32,6,1528,0.0037794920901939406,894.5971528613944,56.1117311735398,823893.5355673117,907.6858132455919,-33.92366998365943,15.759368,2025-11-21T07:50:54
750,12,24,64,512,32,7,1741,0.003598036587639149,825.9378511035819,51.87486825921458,705770.9260243108,840.1017355203539,-28.916621311469196,21.256976,2025-11-21T07:51:34
751,12,24,64,512,16,6,1579,0.0047995800371951,914.988428903061,57.37007392174145,860791.6363296654,927.7885730756041,-35.48772776348039,17.309925,2025-11-21T07:52:19
752,12,24,64,512,32,7,1572,0.003656111643357336,912.7917329395194,57.2368252366287,856892.1730665299,925.6847049976195,-35.32243508640971,20.040846,2025-11-21T07:53:00
753,12,24,64,1024,16,6,1613,0.004300155249506534,980.9338838184254,61.43968023804543,985822.5489137112,992.8859697436112,-40.78760953259065,26.824506,2025-11-21T07:53:49
754,12,24,64,512,16,5,1692,0.00435811722820636,816.0331676725923,51.25497464945333,689065.0773955587,830.0994382575853,-28.208484253559437,14.611039,2025-11-21T07:54:40
755,8,24,32,1024,32,1,821,0.003880241673176556,566.8577342638855,38.054286451424446,439676.9175426016,663.0813807841399,-31.188877855370826,3.022265,2025-11-21T07:55:25
756,12,24,64,1024,16,6,1952,0.003623623732134769,924.4616751595714,57.954731377825475,878220.6410340447,937.1342705472064,-36.2265183743574,32.386789,2025-11-21T07:55:58
757,4,24,32,1024,4,6,1714,0.0008147254674467231,730.0211882331201,49.82043017743788,537780.3271256777,733.3350715230233,-109.89644702933958,34.459411,2025-11-21T07:56:56
758,12,24,64,512,16,7,1556,0.003657751029528208,885.2549897754569,55.535227391525744,807266.3286630344,898.4800101632948,-33.218866436104996,18.579274,2025-11-21T07:57:55
759,4,24,32,1024,4,8,447,0.0038854797664734306,859.7243132331201,58.63283072820725,743975.2866205412,862.5400203008213,-152.41620323826308,12.050634,2025-11-21T07:58:42
760,12,24,32,1024,32,8,588,0.0061373335745101305,863.331446481186,54.18233251594472,768932.448469773,876.8879338146768,-31.593948017318326,13.328083,2025-11-21T07:59:18
761,12,24,64,512,32,6,1513,0.006425033211303159,917.0834606413423,57.4992919768591,864627.0456060632,929.8532387458051,-35.65030528355882,16.330845,2025-11-21T07:59:58
762,4,24,32,1024,16,9,634,0.005738310017155516,872.2987150885889,59.48717175559496,765754.4523983884,875.0739696725005,-156.90731602577458,19.003517,2025-11-21T08:00:52
763,4,24,32,512,8,10,1817,0.004020837874045669,836.7013029792139,57.06858145791258,704918.4522572487,839.5942188088534,-144.36223780919607,32.162228,2025-11-21T08:01:40
764,12,24,64,1024,16,6,1814,0.005076727167502123,984.2105154916026,61.641884871975094,992261.6487978097,996.1233100363678,-41.060553777976956,30.224118,2025-11-21T08:02:47
765,8,24,32,512,8,8,596,0.004450770825080231,828.3200603136902,54.271999539159474,699773.3982425984,836.5245951211467,-50.230618537727224,9.176053,2025-11-21T08:03:44
766,12,24,32,1024,16,9,488,0.004288372564392436,980.5037080371754,61.41313372020193,984978.7859652615,992.4609745301129,-40.751843626579735,12.03404,2025-11-21T08:04:17
767,12,24,64,512,32,7,1476,0.00506213945736947,1022.5603283171234,64.00847918586705,1069220.6524457592,1034.0312627990313,-44.32273600134099,17.866429,2025-11-21T08:04:57
768,8,24,32,512,4,10,626,0.007889956062693758,1060.534629405487,69.33176666133238,1138392.9775885814,1066.955002607224,-82.34208834936221,11.347953,2025-11-21T08:05:47
769,12,24,32,512,8,10,896,0.007036378191675381,866.9900361621757,54.40810729320143,775262.9872951013,880.4901971601395,-31.862290514510356,15.925548,2025-11-21T08:06:24
770,8,24,32,1024,4,10,300,0.0065471825263088606,903.2289348254089,59.130050639961496,829481.7939821042,910.7589110088927,-59.72660875393071,9.271907,2025-11-21T08:07:08
771,12,24,32,512,16,9,611,0.01,934.5612438444673,58.578003261304936,896996.9093138146,947.0992077463768,-37.02241756353578,9.101884,2025-11-21T08:07:52
772,8,24,32,1024,16,9,653,0.009171338964062796,889.4340739855652,58.23541524198974,804752.261834698,897.0798525408416,-57.916152352984454,17.776874,2025-11-21T08:08:27
773,12,24,64,512,16,7,1664,0.004267793278262371,1113.0329031869153,69.59162948371191,1262433.7574901672,1123.5807747955494,-52.51276350585677,18.958571,2025-11-21T08:09:20
774,8,24,32,1024,8,10,504,0.005636673541149089,639.5648112902527,42.03069153764888,422702.4285251435,650.1556956030944,-29.9461704676505,15.455784,2025-11-21T08:10:06
775,4,24,64,512,32,8,1869,0.0012590663128723071,758.0582976081201,51.7253514204552,579501.7744289023,761.2501391979526,-118.49988608702785,27.164082,2025-11-21T08:10:52
776,12,24,64,512,32,6,1477,0.004787857675973767,1003.3533174121754,62.82332513056591,1030315.1935931728,1015.044429369066,-42.673589179725276,15.414847,2025-11-21T08:11:44
777,4,24,64,512,4,9,971,0.0005120123954931903,781.6298308112451,53.32686867134409,615794.5842703967,784.7258019654997,-125.98387808361981,15.594253,2025-11-21T08:12:26
778,8,24,32,512,4,10,887,0.007257533003234909,834.7985759386902,54.69214964394404,710547.9473034783,842.9400615129632,-51.01942647789787,15.26176,2025-11-21T08:13:09
779,12,24,32,1024,16,9,559,0.01,864.7907360319673,54.272386951139495,771454.2998137046,878.3247120591021,-31.70084569314809,13.943187,2025-11-21T08:13:46
780,4,24,64,1024,8,10,828,0.0011946602973774876,789.6031584479639,53.86859939337813,628322.542937243,792.6679903574025,-128.56728627950756,27.524138,2025-11-21T08:14:35
781,4,24,64,512,4,10,731,0.006626478038765099,761.4978117682764,51.959041950388475,584728.3146246511,764.6753001272181,-119.57765838312956,12.655367,2025-11-21T08:15:27
782,12,24,64,512,32,7,1687,0.0035656180012363426,922.6486461882173,57.843832679069195,874920.223257257,935.3717032587938,-36.08661837967499,20.748989,2025-11-21T08:16:07
783,12,24,64,512,32,7,1635,0.004686715988100925,881.6036836231132,55.30992711858029,800816.2722605211,894.8833847270387,-32.94545775955523,20.397262,2025-11-21T08:16:55
784,12,24,64,512,16,7,1658,0.0034650898162549605,940.6104178353527,58.95123356037059,908336.5569604494,953.0669215540163,-37.50308902780375,20.787085,2025-11-21T08:17:51
785,12,24,64,512,32,7,1546,0.004195775307707657,897.787501168686,56.309803974416084,829671.2530023599,910.8629166907389,-34.168579171861175,19.727431,2025-11-21T08:18:32
786,12,24,64,512,32,7,1399,0.004449192050822634,891.5549368783214,55.924075006850074,818463.791166148,904.6898867380734,-33.69351087526044,16.803011,2025-11-21T08:19:17
787,12,24,64,1024,32,6,1727,0.0031019614694397916,863.4890595996757,54.19205901517877,769204.6205389429,877.0431121324327,-31.60548500251376,29.311852,2025-11-21T08:20:02
788,12,24,64,512,32,7,1583,0.0058591246913142275,835.8467256153007,52.486215399913796,722230.4192145024,849.8414082724508,-29.614315714274206,19.376345,2025-11-21T08:20:57
789,4,24,64,256,16,7,1511,0.0020565463072603415,837.1743254401514,57.10072055051414,705710.2573481076,840.0656268102556,-144.52551706447363,18.528938,2025-11-21T08:21:48
790,12,24,64,1024,16,6,1638,0.005366373834389409,973.1064708952485,60.95665135194294,970527.8441435314,985.1537159974231,-40.13928884692893,27.267716,2025-11-21T08:22:42
791,12,24,64,1024,16,7,1553,0.004118525020611901,899.9398042285819,56.44146556231732,833482.9010112457,912.9528470908263,-34.33014948575439,29.944556,2025-11-21T08:23:41
792,8,24,32,512,8,10,1866,0.0035868635369773953,883.1645122179871,57.82881627092539,793638.8297049203,890.8640916014745,-57.10253468258513,33.065854,2025-11-21T08:24:40
793,12,24,64,1024,32,8,1445,0.004903105347325318,877.1047822559257,55.03229698347187,792904.0635468253,890.4516065159438,-32.6100705353204,32.414718,2025-11-21T08:25:47
794,12,24,64,1024,4,3,694,0.004417117540168652,861.2739310189464,54.055361514961795,765384.0487095561,874.862302713722,-31.44353642061781,5.964722,2025-11-21T08:26:44
795,12,24,32,1024,4,8,496,0.0026528379630537976,928.8081920866548,58.22295867108579,886275.9084319952,941.4222795494035,-36.56796965184854,11.016656,2025-11-21T08:27:20
796,12,24,64,512,16,7,1772,0.003496107513308732,965.3637137337902,60.481888038615224,955673.0604930879,977.5853213367557,-39.509615789075,21.679489,2025-11-21T08:28:02
797,12,24,64,1024,32,6,1633,0.005615601903279449,948.5913748666027,59.44379636853897,923416.8708101431,960.9458209546171,-38.14232198861836,27.747464,2025-11-21T08:28:51
798,12,24,64,256,32,10,1104,0.003535498072236167,876.9692638639985,55.02389601276491,792664.4779721163,890.3170659782481,-32.59991484507309,19.652928,2025-11-21T08:29:43
799,12,24,32,1024,32,8,300,0.007611775096815301,1060.7719778939463,66.3665582327383,1148828.4778199352,1071.8341652606223,-47.69719799365428,7.036931,2025-11-21T08:30:40
800,4,24,32,256,4,9,844,0.0041414180952912055,784.1706633307764,53.499500090764855,619773.0219595947,787.2566430075993,-126.80427738460905,14.32422,2025-11-21T08:31:10
801,4,24,64,1024,32,7,300,0.005591906391129735,1071.29316088937,73.00742216238879,1152518.428424719,1073.55411061796,-236.66246625505636,7.413412,2025-11-21T08:31:57
802,12,24,64,512,16,7,1649,0.0047435803766873235,728.2260998014985,45.844948393023465,553908.7163632922,744.2504392765195,-22.479399189634247,20.172342,2025-11-21T08:32:37
803,12,24,32,1024,16,8,300,0.01,1052.7534435514983,65.87172688181009,1131881.0674431284,1063.8989930642515,-46.97882147833219,6.863488,2025-11-21T08:33:37
804,8,24,32,1024,32,8,300,0.006303790544841243,1229.880576671112,80.31432661667735,1526265.491003245,1235.4211795995911,-110.73835037635519,7.560439,2025-11-21T08:34:16
805,8,24,32,1024,32,7,300,0.009298571839187735,576.0441814074402,37.91120014036572,345486.17230904556,587.7807178778882,-24.293145392600554,6.615605,2025-11-21T08:34:45
806,12,24,32,1024,32,8,300,0.005732428000034475,961.8145600879569,60.25981055385922,948678.5238644754,974.0012956174521,-39.213127373568646,7.00352,2025-11-21T08:35:24
807,8,24,64,512,32,7,906,0.005941672531418019,722.6399760851746,47.41840054276166,535870.2274544496,732.0315754490715,-38.23121867362926,12.296177,2025-11-21T08:36:00
808,8,24,32,1024,32,8,300,0.004515890443204073,850.9355998644714,55.73868063844408,737750.6632177798,858.9241312349885,-53.01094539773056,7.612554,2025-11-21T08:36:40
809,12,24,32,512,32,8,710,0.006124788695313058,945.1444551074882,59.231083202736656,916889.2745371131,957.543353868175,-37.865626507728486,10.649283,2025-11-21T08:37:19
810,8,24,32,1024,16,8,300,0.005794614580505846,931.6748881945496,60.97485040102553,881677.3717277169,938.9767684707205,-63.54786251915992,7.394973,2025-11-21T08:37:56
811,12,24,64,1024,32,7,1768,0.0034494868546231833,1022.0354463184254,63.97609304848263,1068147.7180219141,1033.5123211756666,-44.27725584387541,34.678517,2025-11-21T08:38:32
812,12,24,32,1024,32,8,300,0.009051495050879578,933.2893525684257,58.49949519253106,894620.2801082017,945.843686931515,-36.92167564668945,6.940882,2025-11-21T08:39:34
813,8,24,32,1024,16,8,300,0.00856116772770852,841.9027629504089,55.15287606800594,722459.5444297711,849.9762022726113,-51.89147804499766,7.555069,2025-11-21T08:40:08
814,8,24,64,1024,32,7,859,0.004643144606002401,695.3914714465027,45.65120726210318,497228.5792449391,705.1443676616435,-35.40225211951029,18.623997,2025-11-21T08:40:50
815,4,24,64,256,8,10,496,0.00494015101494995,829.5724577643701,56.584227599026434,693039.8545375988,832.4901528171963,-141.91273525888775,9.132261,2025-11-21T08:41:46
816,12,24,64,1024,16,6,2000,0.00449797629361644,928.8152314746757,58.223393327604754,886288.998709966,941.429231918133,-36.568524530031354,33.133971,2025-11-21T08:42:30
817,4,24,64,512,32,6,1879,0.0026799283258677055,802.9651579596826,54.776446747048624,649602.2262657769,805.9790482796541,-132.9554000799077,20.726371,2025-11-21T08:43:32
818,12,24,32,512,32,8,442,0.0056428377587967,1112.705958199936,69.57144855632217,1261705.8214282098,1123.2567922911528,-52.48190733609753,6.700248,2025-11-21T08:44:25
819,12,24,64,512,16,6,1994,0.0032306575323877156,963.2423961882173,60.34704662185943,951382.1342959087,975.3881967175473,-39.327729557462156,21.476417,2025-11-21T08:45:02
820,12,24,64,1024,32,7,1623,0.004792791824561251,936.5921276335298,58.70331261893153,900796.0946882484,949.1027840483076,-37.183459604158315,31.874714,2025-11-21T08:45:50
821,12,24,32,1024,32,9,300,0.007575181406799104,959.1259818001964,60.0938957334857,943513.9057002809,971.3464395879984,-38.99420658760357,7.78867,2025-11-21T08:46:55
822,12,24,32,1024,32,9,300,0.005724423868131359,852.4850719694673,53.51299368917189,750322.0737058424,866.2113331663599,-30.805080817285976,7.908507,2025-11-21T08:47:27
823,8,24,32,1024,32,9,300,0.007227610517778653,1062.4849162707214,69.45824802982145,1142533.4651572495,1068.8935705472502,-82.64521467528908,8.515341,2025-11-21T08:48:03
824,4,12,16,256,4,10,300,0.01,567.5750517585108,38.78337636942478,326990.84953027195,571.8311372514371,-66.4292487005353,15.675146,2025-11-21T08:48:23
825,12,24,64,512,8,6,1914,0.0031390690126617367,921.2808279916027,57.75842273012955,872348.8049293276,933.9961482411625,-35.97761963020343,19.504377,2025-11-21T08:49:11
826,12,24,64,512,32,7,1768,0.0031642061561089527,922.3431041960298,57.82377783909875,874296.7970491663,935.0383933556773,-36.06019223332159,21.991733,2025-11-21T08:49:56
827,12,24,32,1024,32,9,300,0.008009373086663418,918.6007539356132,57.593048679133794,867418.5850826426,931.3530936667589,-35.768634654063334,7.857833,2025-11-21T08:50:49
828,8,24,32,1024,32,9,300,0.007934760360021957,101.3249349937565,6.561329804688662,14153.144906302765,118.96699082645894,-0.03615594651771015,8.450911,2025-11-21T08:51:24
829,12,24,32,512,32,9,300,0.005709274270055637,925.819239449936,58.03850768089154,880732.5076334743,938.4734986314074,-36.332992811131625,4.784275,2025-11-21T08:51:51
830,12,24,32,512,32,7,300,0.007135332870447325,961.8798270150402,60.26383825156094,948804.080383628,974.0657474645271,-39.21844953504933,4.030727,2025-11-21T08:52:29
831,12,24,64,1024,32,7,1974,0.003684658786601255,773.7190400684257,48.652273817663264,622232.4174550168,788.8171001284244,-25.375543273768322,38.646992,2025-11-21T08:53:06
832,12,24,32,512,32,8,300,0.008272642891279342,939.7043916309257,58.8953727764448,906635.6081410586,952.1741480113071,-37.4309882372731,4.183436,2025-11-21T08:54:13
833,4,24,64,256,8,9,1917,0.00026022592465295663,800.0393767096826,54.57783944216052,644919.9969361215,803.0691109338732,-131.989870902575,30.286651,2025-11-21T08:54:48
834,12,24,32,512,32,8,531,0.007556840151279201,985.0449271126963,61.69337630502439,993904.7776966867,996.9477306743252,-41.13020366467679,7.732767,2025-11-21T08:55:55
835,4,24,64,256,32,8,998,0.0039998403415682044,839.2629484870264,57.24262053486324,709211.4006883961,842.1468997083562,-145.24749281813052,14.074238,2025-11-21T08:56:33
836,8,24,32,1024,32,3,959,0.0020488865658076626,818.7918925890808,53.65407155598862,684079.4616015565,827.0909633175522,-49.0816607702104,9.148203,2025-11-21T08:57:20
837,4,24,32,1024,32,10,300,0.003194332607025558,818.2093596198389,55.81218615528153,674315.9425855137,821.1674266466697,-138.05165071331797,10.331855,2025-11-21T08:58:15
838,12,24,32,512,32,8,300,0.006025728582045996,856.7210135384777,53.77439710168248,757562.1619762109,870.3804696661173,-31.111977816098822,4.625499,2025-11-21T08:59:08
839,12,24,32,1024,16,8,332,0.005597681465281075,858.2794241830089,53.87056812515443,760234.8452437399,871.9144712893232,-31.225269041696023,7.617442,2025-11-21T08:59:48
840,12,24,32,1024,16,1,1360,0.009475105454996125,836.4534761035819,53.82101919284112,877414.794964366,936.7042195722009,-36.1923597106707,4.197736,2025-11-21T09:00:42
841,12,24,32,512,16,8,300,0.007076460383334757,984.5890758757172,61.66524508780332,993006.9023056165,996.4973167578609,-41.09214400952658,4.060901,2025-11-21T09:01:25
842,12,24,32,1024,32,8,300,0.004971555109687192,1010.9573416634776,63.2924537081933,1045626.0136011001,1022.5585624310718,-43.322592967293374,7.036638,2025-11-21T09:02:03
843,8,24,32,512,32,8,431,0.01,642.4236980090027,42.21609837177971,426367.4884479692,652.9682139644848,-30.21449059427398,6.540655,2025-11-21T09:02:48
844,4,24,32,1024,32,6,381,0.0018176344928013332,803.2852873542139,54.79820197015338,650116.6347298763,806.2981053741081,-133.061476981782,8.058637,2025-11-21T09:03:38
845,12,24,64,1024,16,6,1698,0.004080523433721346,897.7917329395194,56.30890685596929,829621.27773312,910.8354833520267,-34.166460791591234,28.761792,2025-11-21T09:04:22
846,12,24,32,512,32,7,726,0.005874749546068262,794.7088471973319,49.94757439113645,655153.4891546966,809.4155231737877,-26.771020473084302,8.237021,2025-11-21T09:05:32
847,12,24,32,512,4,4,432,0.002361101819414794,912.2883760059257,57.20350684695864,855861.3454861399,925.127745495799,-35.27873977788565,3.124638,2025-11-21T09:06:23
848,4,24,32,512,8,6,2000,0.0013324371459529994,756.0083708503076,51.58607171354477,576397.9677372831,759.2087774369334,-117.85984568948088,20.076359,2025-11-21T09:07:17
849,12,24,32,1024,32,8,392,0.005834898660216741,882.0488333626964,55.33739860869393,801601.4077810337,895.3219576113577,-32.97873853264923,9.198972,2025-11-21T09:08:22
850,12,24,64,1024,16,7,1936,0.004641703229902166,844.6066743457694,53.02681066857994,736951.694648225,858.4589067906658,-30.238329549547075,37.843667,2025-11-21T09:09:22
851,4,24,64,512,4,9,2000,0.006916960894740943,952.4733366706201,64.93446413313828,912054.8489248457,955.0156275814787,-187.07612911806922,30.078959,2025-11-21T09:10:44
852,12,24,32,1024,16,8,657,0.006241151537010737,1122.1703747038423,70.15550579884787,1282857.6188732572,1132.6330468749609,-53.378501812983906,14.760973,2025-11-21T09:11:48
853,12,24,64,512,4,10,1579,0.008120911285372647,809.0329642220714,50.831526445766094,678125.600375286,823.4838191338589,-27.74477545047147,23.301491,2025-11-21T09:13:06
854,4,24,64,512,8,9,535,0.0023604327947335836,771.0246062018701,52.60631943871235,599328.33522513,774.1629900900261,-122.58834942086604,7.960036,2025-11-21T09:14:17
855,12,24,64,512,32,7,765,0.006662265107621143,1015.4217785124359,63.56796975800377,1054673.2186969111,1026.9728422392245,-43.70609106674505,8.908572,2025-11-21T09:15:09
856,8,24,32,1024,32,10,300,0.002105618932470452,848.7982097277527,55.60006514881899,734117.681521445,856.8066768655839,-52.74497372760579,9.537646,2025-11-21T09:15:59
857,12,24,64,1024,8,7,1939,0.0031161200253138482,1034.6587780241546,64.75509004784378,1094110.0680396047,1045.9971644510347,-45.37776277210826,37.840116,2025-11-21T09:16:48
858,12,24,64,512,16,6,1539,0.00372115277486649,963.8443045541027,60.38504864008102,952586.1501056124,976.005199835335,-39.37876606761543,14.071226,2025-11-21T09:18:13
859,12,24,64,1024,32,7,901,0.005444154008512653,1005.5486502572276,62.95867857249945,1034719.3476707144,1017.2115550222157,-42.8602749794328,18.134103,2025-11-21T09:19:00
860,8,24,32,1024,32,6,900,0.0017732230751143008,865.9156718859558,56.71017886754787,763469.1472855175,873.76721573055,-54.89380326279348,17.001082,2025-11-21T09:20:04
861,12,24,64,512,32,7,654,0.00611380050259103,988.0392915332692,61.8781597047565,999812.8358912723,999.9064135664258,-41.38063781147452,7.307241,2025-11-21T09:21:00
862,12,24,64,1024,32,7,498,0.0051805002674756495,775.8256277962902,48.78227332858616,625496.6777202223,790.8834792308045,-25.51391060318828,10.243235,2025-11-21T09:21:46
863,12,24,32,512,32,7,508,0.005224686535264987,995.4332734668629,62.334450410087264,1014478.6844247365,1007.2133261751139,-42.002302179626604,5.520772,2025-11-21T09:22:43
864,12,24,64,512,32,7,911,0.005153645881198258,940.5116832975923,58.945229727462376,908155.3984004773,952.9718770249609,-37.4954099752441,10.20843,2025-11-21T09:23:28
865,12,24,32,1024,16,8,300,0.005339244125122694,854.5164847298839,53.638353786470695,753789.6929296171,868.2106270540676,-30.952068242447304,6.856002,2025-11-21T09:24:27
866,12,24,32,512,32,8,670,0.006721659408114732,762.9682262663423,47.98882947550058,605711.659776087,778.274797083965,-24.675251956806278,8.688814,2025-11-21T09:25:15
867,12,24,64,1024,16,7,1524,0.0035220829820006246,1009.9870657845713,63.23257703955429,1043665.1326483587,1021.5993014134058,-43.23947402496107,29.811702,2025-11-21T09:26:07
868,12,24,64,1024,16,6,1477,0.003740510379994364,914.5056815072277,57.340338777844345,859911.9114291277,927.3143541588945,-35.450437481694614,24.789106,2025-11-21T09:27:35
869,12,24,32,512,32,3,300,0.01,790.7658336882173,49.70425885002768,648902.4913324425,805.5448412921794,-26.506049605382742,1.918068,2025-11-21T09:28:34
870,4,24,64,1024,32,10,828,0.006253559414113669,813.4913420417139,55.49163057341712,666617.5499928356,816.4665026765248,-136.46415421464914,28.51868,2025-11-21T09:29:06
871,4,24,64,512,32,9,352,0.002212209053883772,822.2453703620264,56.08640460003813,680936.8509444362,825.1889789281217,-139.41695765385944,5.874448,2025-11-21T09:30:16
872,12,24,64,512,32,7,1587,0.003270555975813294,903.2287650033214,56.64442261003736,839413.0260745996,916.1948625017494,-34.581519015595156,17.458473,2025-11-21T09:30:53
873,4,24,64,512,16,10,1186,0.0008034871051097252,819.7393278815576,55.91613633194793,676821.9420854605,822.6918876988277,-138.5684164386221,20.148804,2025-11-21T09:31:53
874,4,24,64,512,4,8,300,0.008128842911457278,919.8141569831201,62.71550623936509,850907.4752429491,922.4464619927538,-174.46684212027063,4.463651,2025-11-21T09:33:06
875,12,24,64,1024,32,7,1468,0.0033319649964186665,829.4890799447277,52.09389107602856,711643.4027587137,843.589593794704,-29.165547211000362,29.250695,2025-11-21T09:34:05
876,4,24,32,256,32,8,591,0.0037420106713279585,782.3836149909326,53.37808256607509,616973.4974160326,785.4766052633474,-126.22698344209576,6.916027,2025-11-21T09:35:17
877,12,24,64,1024,32,7,1158,0.0057474163922850655,1146.4788056934256,71.65559990160013,1338004.9163948344,1156.7216244174026,-55.71611697318551,23.131424,2025-11-21T09:36:14
878,12,24,64,1024,32,7,887,0.0050074463961053825,961.9992117806652,60.27120531685779,949033.746012602,974.1836305402601,-39.228184732968266,17.753921,2025-11-21T09:37:17
879,12,24,64,512,32,7,1110,0.0048842414885996045,874.9616751595714,54.90005820283494,789149.9315266925,888.3411121448182,-32.45093824202485,12.152584,2025-11-21T09:38:27
880,12,24,32,1024,16,8,300,0.006211317800891861,950.477198434311,59.56017211544841,926998.1775758349,962.8074457417925,-38.29412846627102,6.862676,2025-11-21T09:39:17
881,12,24,64,1024,32,7,1079,0.004612230306832943,803.7161103809257,50.503418854210466,669550.850576455,818.2608695131737,-27.38130405612363,21.595959,2025-11-21T09:40:14
882,12,24,32,1024,16,8,300,0.006962437919313343,1208.2186128223318,75.46561673810137,1483383.488792248,1217.9423175143593,-61.87850697374161,7.024538,2025-11-21T09:41:20
883,12,24,64,1024,8,6,2000,0.004280784439367124,1001.1295625293629,62.68597282762296,1025851.6594239696,1012.8433538430163,-42.48438634276078,33.464787,2025-11-21T09:42:19
884,12,24,64,1024,8,6,1769,0.004618043633810487,908.8730928028007,56.992746779925255,849641.563311539,921.7600356446026,-35.01509209689439,29.585186,2025-11-21T09:43:59
885,4,24,64,512,4,6,1652,0.01,845.3624968268701,57.65704792568429,719487.1428977412,848.2258796439431,-147.36646825127144,16.812871,2025-11-21T09:45:08
886,12,24,64,512,8,7,1880,0.003570123141860888,971.8478649382173,60.879296187140774,968095.5309488712,983.918457469353,-40.03618656533531,19.834692,2025-11-21T09:46:06
887,4,24,64,1024,32,10,2000,0.0015920915075285217,817.5321745612451,55.76617638915282,673208.2482992194,820.4926863167151,-137.823231497239,68.650967,2025-11-21T09:47:14
888,8,24,32,512,4,8,300,0.008394887782038948,810.0316081652527,53.08594214472283,669810.4869111923,818.4195054562131,-48.03702489076374,4.28929,2025-11-21T09:49:12
889,12,24,32,1024,32,8,300,0.0068439259049278035,858.8797049447277,53.90761167488613,761265.6072025243,872.5053622772323,-31.268961568613967,7.129796,2025-11-21T09:49:52
890,12,24,64,1024,8,7,1764,0.006469830273690639,1466.217168323634,91.38692938757723,2173384.0399959055,1474.2401568251712,-91.12664462563714,34.462871,2025-11-21T09:50:48
891,12,24,64,1024,8,6,1893,0.006933981190753909,904.1580049121757,56.70177476840864,841092.9675006286,917.1112078154036,-34.652729332731724,31.708807,2025-11-21T09:51:56
892,12,24,64,1024,8,7,1960,0.004235721151331546,903.6491344694673,56.67037113751577,840172.9892658467,916.6095075144304,-34.613732769612014,38.241874,2025-11-21T09:53:04
893,4,24,64,512,16,7,300,0.007770359086387374,737.0485319831201,50.2978879714035,548089.9303548536,740.3309600137317,-112.02240499159622,3.841897,2025-11-21T09:54:19
894,12,24,64,1024,8,7,1814,0.004634882842893244,932.5822399382173,58.45585896508821,893300.9148113503,945.1459753981658,-36.86574963656072,35.291793,2025-11-21T09:55:03
895,12,24,64,1024,8,7,1854,0.00647413934899427,913.2486421192069,57.26276536030909,857614.3290744406,926.0746887127628,-35.353046247935126,36.250415,2025-11-21T09:56:19
896,12,24,64,1024,16,6,1763,0.005485715515657317,753.8290254199882,47.42484722287703,591849.6343298402,769.3176420243072,-24.08766050100433,29.759181,2025-11-21T09:57:38
897,12,24,64,1024,8,7,1684,0.004180036048243938,755.5665335580089,47.532066981728605,594472.0504686905,771.020136227771,-24.198820974826916,32.919905,2025-11-21T09:58:46
898,4,24,64,512,32,10,1133,0.0015368469353475266,809.0738005378076,55.19149016167749,659449.7998166806,812.0651450571442,-134.98608224430026,20.013193,2025-11-21T10:00:05
899,8,24,32,1024,8,9,300,0.005581839535598538,920.8763347277527,60.27453401765865,861672.5045460269,928.2631655656853,-62.08330024506251,8.515549,2025-11-21T10:01:13
900,12,24,32,1024,16,8,501,0.006528276028062368,996.5544892871754,62.40364125090772,1016712.1146090341,1008.3214341711844,-42.09697409452911,11.36187,2025-11-21T10:02:10
901,12,24,32,1024,16,8,300,0.007197918621313406,1152.7493541960298,72.04256092364932,1352422.3409252248,1162.9369462379398,-56.3272510027382,6.832018,2025-11-21T10:03:00
902,8,24,64,512,32,10,300,0.00814317399062182,1040.5320964465027,68.0345462700805,1096366.3244197608,1047.0751283550578,-79.265304575763,5.26227,2025-11-21T10:03:43
903,12,24,32,1024,32,8,300,0.009431274380346761,877.3781994108735,55.04916992142598,793383.7763050558,890.7209306539595,-32.630404873838856,7.138418,2025-11-21T10:04:24
904,12,24,64,512,8,6,2000,0.004856485205536161,921.0134329720714,57.741420924545025,871830.5861119673,933.7186868173773,-35.955653074847035,18.515596,2025-11-21T10:05:17
905,12,24,64,1024,8,6,1719,0.00702473469715171,824.4302420541027,51.78170636028702,703276.5176471203,838.6158343646513,-28.810886903795407,28.716012,2025-11-21T10:06:18
906,12,24,64,1024,16,7,1658,0.0036117399874343406,926.4197643522798,58.07556673576436,881844.8306775397,939.0659352130391,-36.38014259593897,31.931964,2025-11-21T10:07:25
907,12,24,64,1024,8,6,1954,0.0046364340110571075,821.1322073861339,51.57818089367127,697849.3504756418,835.3737789011825,-28.58083704048102,32.262444,2025-11-21T10:08:37
908,12,24,32,1024,4,6,440,0.001394340847194437,889.1033581022798,55.772739839563734,814096.065575812,902.2727223937405,-33.508369227084934,7.319007,2025-11-21T10:10:07
909,12,24,32,1024,16,8,321,0.006798370369886474,1104.4470674121756,69.06178514281801,1243394.5892059656,1115.0760463779884,-51.7057203610614,7.197995,2025-11-21T10:11:04
910,4,24,64,1024,8,8,1926,0.003916521738193652,894.0367521979639,60.9641146448067,804151.0562907077,896.7446996167347,-164.82513438928643,51.010894,2025-11-21T10:11:54
911,12,24,64,1024,16,7,1707,0.003139015684689544,844.6132864876964,53.02721910404886,736962.8840863104,858.4654239317448,-30.238803853842626,33.022268,2025-11-21T10:13:29
912,12,24,32,1024,16,8,300,0.008157296429499429,960.9583182259777,60.206971091219394,947032.1637065308,973.1557756631416,-39.14334051841301,6.944363,2025-11-21T10:14:45
913,12,24,32,1024,16,8,300,0.006905900764256689,1087.2864635710296,68.00278966332378,1205783.1273965205,1098.08156682303,-50.111424225539956,6.767773,2025-11-21T10:15:35
914,12,24,64,512,8,6,1720,0.003810068382235972,969.101466012436,60.70959987220236,962754.3438478219,981.2004605827608,-39.80978127437793,15.593479,2025-11-21T10:16:27
915,12,24,32,1024,16,8,300,0.008480880029183114,894.6243135059257,56.11344234127561,823943.9268065594,907.7135709058003,-33.925805996303765,6.872568,2025-11-21T10:17:21
916,12,24,32,1024,16,8,300,0.006591504441649875,952.7675019824882,59.70150871746994,931357.1846827586,965.068487042634,-38.478900550389646,6.846872,2025-11-21T10:18:03
917,4,24,64,256,32,8,868,0.002034121584353635,784.1991057135889,53.50143211874033,619817.6103052141,787.284961310207,-126.81347201085083,11.167753,2025-11-21T10:18:52
918,4,24,64,1024,32,4,1919,0.01,951.2316374518701,64.8500995437793,909691.0199457472,953.7772381147221,-186.58868057831305,26.38876,2025-11-21T10:20:02
919,8,24,64,1024,16,7,1764,0.004659117838791368,868.3586955675964,56.8686171766789,767706.0856408905,876.1883847899894,-55.20399077949118,37.224783,2025-11-21T10:21:11
920,4,24,32,256,4,10,924,0.005831225426624078,755.6132902839014,51.559233691035686,575800.9439669593,758.8154874321947,-117.73673256766989,14.413978,2025-11-21T10:22:24
921,12,24,64,1024,32,5,1939,0.0044799618317422135,914.7635550423839,57.356252221277416,860383.624603859,927.5686630130726,-35.4704327292965,27.56008,2025-11-21T10:23:18
922,12,24,64,1024,16,7,1643,0.008424054245755933,968.3762666309257,60.6647388692607,961343.8582646605,980.4814420807058,-39.74999280548417,31.738512,2025-11-21T10:24:22
923,8,24,64,1024,8,7,1927,0.004213454204727348,838.7488628039246,54.94837508091591,717160.7286389335,846.8534280729656,-51.503550165538634,41.082959,2025-11-21T10:25:36
924,12,24,32,1024,32,7,300,0.006249931954001005,995.9758760059254,62.367934527134096,1015559.2100763818,1007.7495770658412,-42.048104118394036,6.10153,2025-11-21T10:27:04
925,4,24,64,256,16,10,426,0.0018940559183917294,768.7902312018701,52.45450962317686,595887.811447806,771.9376992010469,-121.8788741136073,6.294787,2025-11-21T10:27:49
926,8,24,64,512,8,6,1880,0.005421841916747046,903.5740886340027,59.15248056965687,830107.5829262687,911.1023998027163,-59.772422948588776,18.059479,2025-11-21T10:28:25
927,12,24,64,1024,8,7,1677,0.0051413983084896185,911.9802501921235,57.184491932789015,855299.2313828873,924.8238920912929,-35.254912564067745,32.367992,2025-11-21T10:29:30
928,4,24,32,1024,4,8,1175,0.004972573313961862,809.2477507331201,55.203308986337554,659731.3139229952,812.2384587810376,-135.04413366902565,31.26457,2025-11-21T10:30:37
929,8,24,64,512,16,7,1627,0.004613648838201328,788.1732097277527,51.66836360728464,634876.289216955,796.7912456954801,-45.479481891144644,18.026217,2025-11-21T10:31:40
930,12,24,64,512,8,7,1762,0.004733711503387145,936.9076590462902,58.72278422001498,901387.2369019707,949.4141545721607,-37.208517278110364,19.118013,2025-11-21T10:32:35
931,12,24,32,1024,16,8,300,0.005978083699283692,1016.5579886361338,63.63807459115066,1056981.4179405633,1028.09601591513,-43.80393233526082,6.775098,2025-11-21T10:33:32
932,12,24,64,1024,8,7,1946,0.0059406500137986155,908.5658011361339,56.97378329803998,849083.0674327764,921.4570350443782,-34.99141825444373,37.448764,2025-11-21T10:34:08
933,4,24,64,1024,8,9,903,0.01,969.6096892096826,66.09875719457085,944992.3567123368,972.1071734702592,-193.86821950031995,27.05919,2025-11-21T10:35:28
934,12,24,64,512,8,6,1688,0.004986442081876142,853.9282685840507,53.597917936554516,752555.190203498,867.4993891660662,-30.89973943545985,15.741833,2025-11-21T10:36:26
935,8,24,64,1024,4,8,1668,0.01,714.8990398058777,46.9163278656519,524739.9177997728,724.3893413074028,-37.41636539461415,40.583619,2025-11-21T10:37:20
936,4,24,64,512,4,7,776,0.0029820426144928224,819.1482023932764,55.8759741673586,675853.1793467863,822.1029007045203,-138.36864649480958,9.035685,2025-11-21T10:39:05
937,12,24,64,512,4,8,300,0.001741064098991032,928.4636689746757,58.201698328934135,885636.0613238615,941.082388170059,-36.54084744700071,3.902079,2025-11-21T10:39:47
938,12,24,64,1024,32,5,1606,0.007591145833322051,827.645899606186,51.98016955793344,708590.1488342314,841.777968845842,-29.036124138926485,22.798342,2025-11-21T10:40:32
939,12,24,32,1024,32,8,300,0.007944172088873873,1070.6472627246756,66.97597009382444,1169876.8256704512,1081.608443786591,-48.5894073900134,7.625245,2025-11-21T10:41:47
940,12,24,32,1024,16,8,300,0.007570500179949431,1259.2551728809256,78.61512662151357,1609314.8549179805,1268.587740330948,-67.21655768212364,7.183307,2025-11-21T10:42:45
941,4,24,32,1024,32,8,2000,0.004281845353033532,722.4926237799951,49.30891801816477,526844.9832728826,725.8408801334372,-107.64145420206253,57.826379,2025-11-21T10:43:26
942,12,24,32,1024,32,8,300,0.00753264526020505,1061.6873017871756,66.42304318981948,1150771.1912667442,1072.740038996748,-47.779546841363654,7.249625,2025-11-21T10:45:08
943,12,24,64,1024,8,6,1768,0.0036187076109730418,934.6973115528007,58.58638159690216,897250.3307880023,947.2329865392159,-37.03315973779646,30.41436,2025-11-21T10:45:52
944,12,24,64,512,32,8,2000,0.002679585718041622,897.2440848275402,56.275090408604534,828637.1692784894,910.2951001068221,-34.1247458400666,26.827076,2025-11-21T10:46:48
945,12,24,32,1024,32,8,300,0.006726483327555324,818.689844918686,51.4274610989076,693844.3363492639,832.9731906545755,-28.411070213104225,7.226261,2025-11-21T10:47:49
946,4,24,64,512,16,8,534,0.01,734.8703093268701,50.14989330638956,544883.7633865509,738.1624234452407,-111.36125673563835,7.718403,2025-11-21T10:48:37
947,12,24,64,512,4,7,1125,0.008219269937524233,821.5448864225923,51.60365470101675,698527.5996574382,835.7796358236053,-28.60958705437139,13.010364,2025-11-21T10:49:23
948,4,24,64,512,16,7,1915,0.0006127756635016192,769.4096159674951,52.49658855267584,596840.377011359,772.554449221127,-122.0753040148741,24.397403,2025-11-21T10:50:20
949,12,24,64,1024,8,6,1811,0.0034441271442193578,891.2574108366548,55.90566789900225,817931.0370845372,904.3953986418425,-33.6709281908171,31.19865,2025-11-21T10:51:21
950,4,24,64,256,16,6,1761,0.003262173512273143,874.2276701667139,59.618229330196556,769123.3746232172,876.996792823792,-157.60202627493615,17.652386,2025-11-21T10:52:36
951,12,24,64,512,8,6,2000,0.005297816320497954,945.0855561817069,59.22735680032255,916773.4010519199,957.4828463486539,-37.86071479622445,19.821191,2025-11-21T10:53:33
952,4,24,64,1024,4,10,1339,0.007858609552977026,805.1754851081201,54.92662763547087,653156.9536754776,808.181262883196,-133.6884254808192,46.700964,2025-11-21T10:54:50
953,12,24,64,512,16,6,1891,0.003474819457891854,1246.7038830046235,77.84056629149595,1577861.3621545185,1256.1295164729306,-65.88328905737568,19.097021,2025-11-21T10:56:13
954,12,24,32,1024,4,6,300,0.00185615015851144,884.6619111621757,55.49865391498604,806217.9615517237,897.8964091429053,-33.17442765192165,5.587898,2025-11-21T10:57:01
955,12,24,64,512,16,7,1878,0.005152342839774785,872.3638154590507,54.73972712792228,784609.8549830917,885.7820583998592,-32.25849088315573,22.080612,2025-11-21T10:57:42
956,12,24,64,512,8,7,1973,0.0030101278048494827,925.3736624642589,58.01099161126827,879906.6513042455,938.0333956231225,-36.297985941128644,22.025664,2025-11-21T10:58:44
957,12,24,64,512,8,6,1836,0.003891476244476671,953.0779064421235,59.72066596620349,931948.8587235045,965.3749834771484,-38.503980767729466,17.946625,2025-11-21T10:59:41
958,12,24,64,512,8,5,1986,0.0032178760272003697,929.3067475879569,58.25371741027704,887201.7844646532,941.9138944004666,-36.607216214194814,16.277141,2025-11-21T11:00:39
959,12,24,64,512,16,7,1920,0.003273345135740198,944.2966767871757,59.17876664740756,915287.4782819144,956.7065789895637,-37.797728652747615,20.969871,2025-11-21T11:01:34
960,12,24,32,1024,16,8,300,0.007087840133546348,1162.199101917384,72.62571299057376,1374298.0208836487,1172.3045768415514,-57.25452982525025,6.942986,2025-11-21T11:02:35
961,12,24,64,512,16,6,1858,0.0029217832554388292,950.5785778288423,59.56669351609158,927202.644616365,962.9136226143885,-38.30279553202375,18.163061,2025-11-21T11:03:11
962,4,24,64,1024,4,10,1093,0.01,1051.267526123745,71.64682337312986,1110012.8033387202,1053.5714514634117,-227.8973207801516,36.791132,2025-11-21T11:03:59
963,12,24,32,1024,32,8,300,0.009466452262938675,861.3098196908214,54.05757591047959,765445.8520650651,874.8976237623834,-31.446156176567456,7.24618,2025-11-21T11:05:03
964,12,24,64,512,16,6,1976,0.004788900537638481,855.3913626595714,53.69222959841306,755279.9017292801,869.0684102700317,-31.015236064598426,19.234195,2025-11-21T11:05:43
965,12,24,32,1024,16,8,300,0.00737900225292225,1135.8352510059256,70.99877697770366,1313712.9819183047,1146.1731901934825,-54.68641657343805,7.053602,2025-11-21T11:06:32
966,12,24,64,1024,16,5,1923,0.004719688754801666,990.9670869434254,62.0588378415056,1005607.0318957496,1002.7995970759808,-41.626245502693585,27.251374,2025-11-21T11:07:14
967,8,24,64,1024,16,8,1323,0.004562090040673296,868.8909831652527,56.903137945485696,768630.8213102864,876.7159296546895,-55.27169095278445,32.368035,2025-11-21T11:08:18
968,12,24,64,512,16,7,2000,0.0034250443426329215,921.6113130176444,57.78080593942023,873059.5188339637,934.3765401774402,-36.00774577731686,21.894127,2025-11-21T11:09:21
969,12,24,32,1024,16,8,300,0.007280986405187999,1142.7361095671235,71.42463499704236,1329437.0854532537,1153.012179230234,-55.35293885931244,6.906825,2025-11-21T11:10:16
970,12,24,64,1024,8,5,2000,0.004931931698651709,798.0715791309257,50.15508997081552,660509.50990714,812.7173616375745,-26.99805454133338,28.134749,2025-11-21T11:10:55
971,12,24,32,1024,16,8,300,0.008783027415952294,912.9245047494152,57.24276235198157,857022.3889603069,925.755037231938,-35.327954752124484,7.004689,2025-11-21T11:11:56
972,12,24,64,512,16,5,1841,0.0038976416961010894,872.2703909798839,54.73678903447669,784587.2420291427,885.7692939073597,-32.257532352342004,14.46,2025-11-21T11:12:29
973,8,24,64,512,16,6,2000,0.007911170498265237,883.9105144152527,57.87719673589804,794957.0781782435,891.6036553190231,-57.199044045250766,19.717769,2025-11-21T11:13:11
974,12,24,32,1024,16,8,300,0.007894774009999819,1055.0644787077483,66.01434282457286,1136752.3051389686,1066.1858680075293,-47.18530628535806,6.840565,2025-11-21T11:14:01
975,12,24,64,1024,32,1,1270,0.01,862.2427623991548,54.11619252357557,767106.6106851348,875.8462254786137,-31.516553361963375,4.223002,2025-11-21T11:14:33
976,12,24,32,1024,16,8,300,0.007831913020340787,1183.6947887663423,73.9522304831964,1424724.6288362748,1193.618292770463,-59.39204169845637,6.987247,2025-11-21T11:15:08
977,12,24,64,512,32,6,1940,0.005182446841164718,909.5853934212902,57.03670713711474,850937.0387172491,922.4624863468698,-35.07000544866601,18.674255,2025-11-21T11:15:43
978,12,24,64,512,32,4,1684,0.007008175162234371,854.455225778061,53.634600000640944,753686.3405528208,868.151104677533,-30.947687282840945,11.011876,2025-11-21T11:16:23
979,4,24,64,1024,16,7,2000,0.01,795.0066008307764,54.23572484487058,636884.8972271557,798.0506858760011,-130.33294155000215,46.859212,2025-11-21T11:17:01
980,12,24,64,512,16,6,1832,0.002768222814828439,863.8627778613944,54.21511333994875,769849.7114597298,877.4107997168315,-31.632829485088813,17.346063,2025-11-21T11:18:11
981,4,24,64,1024,4,6,2000,0.009559840599127548,762.4572233893701,52.02422699479068,586190.409355009,765.6307264961412,-119.87915901942769,40.604022,2025-11-21T11:18:54
982,12,24,64,512,16,6,1596,0.002899306775326818,912.2523042285819,57.20129215011879,855796.1172193448,925.0924911701234,-35.27597484483931,14.953548,2025-11-21T11:20:15
983,12,24,64,512,16,7,1633,0.004009494170484679,915.3184256478527,57.39035290317841,861391.8695888511,928.1119919432413,-35.51317079386245,17.304359,2025-11-21T11:20:52
984,4,24,64,512,32,5,1585,0.006645912537014863,981.0040983893701,66.87292552552326,967218.4329131221,983.4726396362647,-198.45149032252397,14.350056,2025-11-21T11:21:33
985,12,24,32,1024,16,7,300,0.008078522750879643,1232.9760794564465,76.9934211870857,1543821.2792796723,1242.5060479851486,-64.44037857292945,6.071746,2025-11-21T11:22:12
986,12,24,32,1024,16,8,300,0.009236580538126538,898.7092744434257,56.365528797891706,831269.6244612392,911.7398885982993,-34.23633185461862,6.866872,2025-11-21T11:22:43
987,12,24,64,512,32,6,2000,0.008305360248730777,817.9271699512382,51.38042306112799,692597.5252042528,832.2244440078968,-28.35821966982337,18.879448,2025-11-21T11:23:12
988,8,24,64,512,16,6,1966,0.0043423023106628385,868.2475505480652,56.86132929711605,767509.3749390612,876.0761239407574,-55.189589530525424,19.366078,2025-11-21T11:23:58
989,8,24,64,256,16,8,2000,0.0024556638034161347,252.7500987658386,16.754336370166563,71498.99412539268,267.3929582569307,-4.2344626175676945,24.817117,2025-11-21T11:24:41
990,12,24,32,1024,32,4,1498,0.01,1066.7705537403006,66.73673504454122,1161590.6788179982,1077.77116254704,-48.2381694622732,17.465721,2025-11-21T11:25:34
991,12,24,64,512,32,5,1979,0.003754199481420941,885.1632946257173,55.52839803139932,807044.7940140356,898.3567186892051,-33.20947589881155,16.085326,2025-11-21T11:26:19
992,12,24,32,1024,16,7,300,0.008509573951153366,1172.3137666309256,73.24989758502808,1397910.8319229991,1182.332792374042,-58.255443152670594,6.031077,2025-11-21T11:26:54
993,12,24,32,1024,16,7,300,0.009933551173775399,1042.5865530892588,65.24431953449921,1110577.9835755574,1053.8396384533833,-46.07581418611817,6.14053,2025-11-21T11:27:22
994,12,24,64,512,32,5,1825,0.001546381302965931,984.9476167285817,61.687386251611564,993713.832043428,996.8519609467737,-41.12210975121426,15.064217,2025-11-21T11:27:47
995,12,24,64,512,32,6,1562,0.003156903296316194,870.161768746811,54.60383364127418,780772.5684350953,883.6133591311843,-32.09583378821605,15.176369,2025-11-21T11:28:24
996,12,24,64,512,16,4,2000,0.002951144222218007,876.8432873014985,55.016127725256304,792443.7819105759,890.1931149534779,-32.59055985430402,13.285338,2025-11-21T11:28:55
997,12,24,64,512,8,6,1699,0.00456464556076706,902.9877371712902,56.63357035848934,839180.4530852664,916.0679303879524,-34.57166057882396,15.681745,2025-11-21T11:29:29
998,12,24,32,1024,16,7,300,0.009142582485382456,1365.2189586882173,85.15424315480297,1887414.0731007622,1373.831894046998,-79.00478625687701,6.049087,2025-11-21T11:30:02
999,12,24,64,512,16,8,1833,0.0027208351037651753,916.3280488574882,57.45279941557909,863248.401839279,929.1116196880109,-35.591866543773044,22.241651,2025-11-21T11:30:25
