FECHA,RUTS_UNICOS_DIARIOS,CD,CFR,F,OTRO,CMA CGM,COSCO,EVERGREEN,HAMBURG SUD / COLUMBUS LINE,HAPAG-LLOYD,HMM,MAERSK,MSC,ONE,OOCL,OTHERS_x,PIL,SEALAND,WAN HAI,YANG MING,ZIM,CANTIDAD DE BULTO,TIPO DE BULTO,ALEMANIA,CHINA,COLOMBIA,ESPANA,FRANCIA,INDIA,ITALIA,MEXICO,ORIGEN O DESTINO NO PRECISADO,OTHERS_y,PERU,U.S.A,VIETNAM,FE,NAE,NAW,NE,SAE,SAW,SE,MEAN_DIFF_DAYS,MAX_DIFF_DAYS,STD_DIFF_DAYS,MEAN_FOB_POR_BULTO,MAX_FOB_POR_BULTO,STD_FOB_POR_BULTO,MEAN_SEGURO_POR_BULTO,MAX_SEGURO_POR_BULTO,STD_SEGURO_POR_BULTO,MEAN_FLETE_POR_BULTO,MAX_FLETE_POR_BULTO,STD_FLETE_POR_BULTO,MEAN_PESO BRUTO POR CONTENEDOR,MAX_PESO BRUTO POR CONTENEDOR,STD_PESO BRUTO POR CONTENEDOR,MEAN_ITEMS POR CONTENEDOR,MAX_ITEMS POR CONTENEDOR,STD_ITEMS POR CONTENEDOR,wan_hai_price,wan_hai_volume,wan_hai_pct_change,data_gold_price,data_gold_volume,data_gold_pct_change,zim_price,zim_volume,zim_pct_change,sea_price,sea_volume,sea_pct_change,ipsa_price,ipsa_volume,ipsa_pct_change,cny_price,cny_volume,cny_pct_change,clp_price,clp_volume,clp_pct_change,wti_oil_price,wti_oil_volume,wti_oil_pct_change,csi300_price,csi300_volume,csi300_pct_change,brent_oil_price,brent_oil_volume,brent_oil_pct_change,maersk_price,maersk_volume,maersk_pct_change,hapag_price,hapag_volume,hapag_pct_change,yang_ming_price,yang_ming_volume,yang_ming_pct_change,cosco_shipping_price,cosco_shipping_volume,cosco_shipping_pct_change,boat_price,boat_volume,boat_pct_change,sp500_price,sp500_volume,sp500_pct_change
2022-01,2585,16353.0,9185.0,38604.0,5042.0,5346.0,2268.0,1698.0,7230.0,20291.0,1385.0,5214.0,15048.0,7074.0,648.0,691.0,235.0,824.0,800.0,432.0,0.0,69184,6440,3527.0,34838.0,1968.0,2674.0,2282.0,1440.0,1564.0,1570.0,3140.0,9988.0,626.0,4886.0,681.0,9411.287269531833,3490.407711492418,3593.111138990268,4227.021673188159,5222.837284122563,4581.577407292954,7120.860491673276,70.77000531349628,7632.0,150.99110088496752,60702.30766811506,4837966.5,94695.53576246995,240.38400557547834,29398.375,849.1113689590842,6995.86717561448,1391250.0,14485.77185320732,12273.848578645657,1711500.0,28964.910661185357,15.486309975656361,208.0,28.38022017222863,163.04347229003906,152310759.0,-0.05541561178431953,1797.0,209.0,-0.016689466484268167,56.58000183105469,13001400.0,-0.03873596254934286,19.413999557495117,13200.0,0.0,5058.8798828125,0.0,0.0,6.381899833679199,0.0,0.001537947845368981,837.0999755859375,0.0,-0.01691136161369644,78.9000015258789,1979473.0,0.04906265770940643,4822.3701171875,675100.0,-0.023884850163245708,81.75,164780.0,0.05104141531254225,24020.0,112436.0,0.024307036247334768,280.3999938964844,94370.0,0.012274346196694541,113.5,251639080.0,-0.06198347107438018,14.920000076293944,253043169.0,-0.013227500712890583,30.584999084472656,66900.0,0.02792899719320885,4677.02978515625,21878940000.0,-0.018704788181950538
2022-02,3160,19067.0,10410.0,47036.0,7045.0,5402.0,2828.0,2514.0,8269.0,20358.0,1468.0,5880.0,20758.0,12024.0,542.0,1016.0,161.0,465.0,1269.0,604.0,0.0,83558,6291,3186.0,46978.0,1114.0,2872.0,1905.0,1410.0,959.0,3778.0,2070.0,11272.0,771.0,6126.0,1117.0,10344.117971942098,4672.537775067751,4027.248400694664,4112.57771880651,5664.788664383562,3769.1905600841437,5953.395863539446,75.72275279656895,3322.0,96.91247660651679,60764.545532939854,2933301.0,109686.51381955096,251.31009005294678,131149.54,913.8232010822242,7794.771256401354,300000.0,10473.73161575987,12270.919057373492,891990.0,21693.38295429611,11.577423834736567,109.0,16.950050981589733,150.86956787109375,153391289.0,-0.07466661650390438,1816.5,3680.0,0.01085141903171949,63.70000076293945,21875700.0,0.1258394963143472,19.413999557495117,13200.0,0.0,5058.8798828125,0.0,0.0,6.358099937438965,0.0,-0.003729280756591513,816.0,0.0,-0.02520604014014971,83.81999969482422,2021601.0,0.06235739003543084,4726.72998046875,735700.0,-0.019832599820133523,86.05999755859375,159344.0,0.052721682673929626,23700.0,151765.0,-0.013322231473771873,266.0,125416.0,-0.05135518619804402,107.5,245410907.0,-0.052863436123347984,15.920000076293944,168979183.0,0.06702412834359683,31.357999801635746,56900.0,0.025273851244139056,4662.85009765625,21251840000.0,-0.003031771904682512
2022-03,2932,17256.0,8971.0,43069.0,7255.0,4887.0,4327.0,1847.0,6313.0,16547.0,1431.0,4955.0,21653.0,11129.0,671.0,431.0,310.0,632.0,886.0,532.0,0.0,76551,5196,1867.0,42974.0,721.0,1631.0,1211.0,1192.0,976.0,2130.0,5689.0,10744.0,696.0,6109.0,611.0,10428.677069526871,2432.0597295247726,5104.1055549835255,3615.2933377395902,5614.217045454546,5194.309887535145,7323.491781668384,75.26067058483476,7367.0,169.5122777540209,65166.63293728471,2438524.25,83805.92552872431,228.86880959733932,27141.115,626.4831655017414,7823.382279605654,235125.0,10586.685900678513,11664.150667656491,544700.0,21946.280827995546,17.114859246941442,220.5,37.35257686835335,131.7391357421875,121172265.0,-0.1268011329180163,1831.800048828125,943.0,0.008422817962083773,58.119998931884766,13928900.0,-0.08759814386534703,19.413999557495117,13200.0,0.0,5058.8798828125,0.0,0.0,6.3394999504089355,0.0,-0.0029254002316800864,802.260009765625,0.0,-0.016838223326439916,85.13999938964844,1318101.0,0.015748027912552365,4779.31005859375,704100.0,0.011123985999256458,87.88999938964844,143448.0,0.021264256134898574,22660.0,142184.0,-0.04388185654008436,258.0,131961.0,-0.03007518796992481,99.0,206403474.0,-0.07906976744186045,14.18000030517578,199541167.0,-0.10929646751127542,28.72599983215332,99400.0,-0.08393392391517052,4397.93994140625,19444410000.0,-0.056812925721793084
2022-04,2869,14806.0,8850.0,44106.0,8654.0,4345.0,4622.0,1334.0,7097.0,14883.0,1701.0,5214.0,22862.0,10199.0,712.0,522.0,518.0,1135.0,645.0,627.0,0.0,76416,5787,2862.0,44870.0,639.0,2155.0,1068.0,662.0,2134.0,1772.0,4682.0,9361.0,840.0,4541.0,830.0,9203.460828448378,2821.220779060181,3431.747654271086,3017.639674494649,4435.757602564103,3451.4141833726417,5196.801143310838,62.235737507525585,5342.0,184.60391704501265,54601.84378135988,2452142.25,80113.56454535665,250.72637151952864,33541.55,744.8914722147952,6900.979983726124,270500.0,8793.503004118082,10859.857509384206,737280.0,21220.878140562803,12.741993728024328,247.0,29.01311723188997,128.2608642578125,84532065.0,-0.02640271977479758,1784.9000244140625,224631.0,-0.025603244439296957,65.41000366210938,20421900.0,0.12543022822089722,19.233999252319336,43000.0,-0.009271675557769754,5058.8798828125,0.0,0.0,6.3668999671936035,0.0,0.004322110103163634,804.75,0.0,0.003103719746796907,86.81999969482422,2342532.0,0.019732209504573328,4563.77001953125,603100.0,-0.045098567872769446,90.02999877929688,119579.0,0.024348610814764582,23040.0,133428.0,0.01676963812886134,258.6000061035156,126021.0,0.002325605052386104,98.5999984741211,147628238.0,-0.00404041945332223,13.760000228881836,186954815.0,-0.029619186689343047,29.08099937438965,45900.0,0.012358126586040408,4431.85009765625,27889090000.0,0.007710463694771796
2022-05,3079,15746.0,8815.0,47491.0,4965.0,5950.0,2608.0,2844.0,6333.0,14690.0,1064.0,4930.0,25318.0,9471.0,710.0,984.0,394.0,429.0,469.0,823.0,0.0,77017,5974,2870.0,43925.0,1167.0,2409.0,1027.0,990.0,4407.0,2396.0,1866.0,10072.0,939.0,4100.0,849.0,10903.483712091062,3731.079613466334,4062.218780429019,3190.4446238204537,4675.624703125,3473.1020552407936,13342.02442370857,52.625874209332856,7710.0,117.86240625184534,62668.16911745283,8075140.5,99815.53018816713,239.30678773584907,11981.515,703.0727947518442,8708.59234481132,1030608.0,13990.486254042611,12293.23779740566,2398294.0,29004.472416284654,11.784257075471698,151.5,19.75735896744962,128.2608642578125,84532065.0,-0.02640271977479758,1806.5999755859375,4685.0,0.012157516317474748,68.91000366210938,16970600.0,0.05350863482717516,19.854000091552734,261700.0,0.0322346294756477,5058.8798828125,0.0,0.0,6.359499931335449,0.0,-0.0011622667069192127,818.1300048828125,0.0,0.01662628752135764,92.30999755859376,2069481.0,0.0632342534331618,4563.77001953125,603100.0,-0.045098567872769446,93.2699966430664,174500.0,0.03598798075863785,21930.0,114474.0,-0.04817708333333337,230.3999938964844,174253.0,-0.10904876852842371,98.5999984741211,147628238.0,-0.00404041945332223,14.15999984741211,14897656.0,0.029069739235228154,30.121999740600582,90800.0,0.035796581568916075,4500.52978515625,23505280000.0,0.015496843527338822
2022-06,2931,16431.0,9687.0,44376.0,7056.0,6425.0,3111.0,3193.0,6493.0,13965.0,844.0,5560.0,22943.0,10175.0,396.0,1095.0,231.0,1575.0,260.0,1284.0,0.0,77550,6369,2545.0,40240.0,996.0,2127.0,2451.0,1781.0,1995.0,1719.0,4941.0,13198.0,676.0,3247.0,1634.0,9689.2148125391,3693.6175458355156,4474.679745682517,4324.744751688086,4615.7151639344265,4432.397582628239,5903.988406835722,46.86258062991754,3329.0,64.06591003876103,62989.45660085416,11464574.0,135748.40551708883,294.47285852645336,115037.0,1022.6346439619526,7201.371827697262,243701.82,10231.087996770413,12109.015583677565,891990.0,25887.80462223506,12.263448388527154,172.0,20.214745640275133,149.56521606445312,240953554.0,0.16610173282333052,1840.800048828125,1938.0,0.018930628641847136,70.2300033569336,19223900.0,0.019155414666593984,20.459999084472656,215700.0,0.03052276569585377,5058.8798828125,0.0,0.0,6.35260009765625,0.0,-0.0010849648169978243,804.75,0.0,-0.016354374980696362,93.0999984741211,2457272.0,0.008558129524658176,4601.39990234375,756600.0,0.00824535036854579,94.44000244140624,207343.0,0.012544289058112668,23430.0,161180.0,0.06839945280437765,257.0,127211.0,0.11545141843826001,112.0,374189887.0,0.13590265449543515,15.579999923706056,225871089.0,0.10028249234433906,31.91900062561035,191900.0,0.059657423161970424,4418.64013671875,23778810000.0,-0.018195557489162795
2022-07,2724,15645.0,6814.0,42667.0,6314.0,4555.0,2687.0,1291.0,6661.0,14454.0,1326.0,5502.0,22651.0,9606.0,927.0,650.0,59.0,698.0,131.0,242.0,0.0,71440,5641,2132.0,37379.0,1073.0,1503.0,1548.0,1022.0,1023.0,3200.0,2923.0,10872.0,704.0,6942.0,1119.0,9579.009209030333,3889.5089227642275,4441.578471428572,4353.981068222622,6598.399337748345,3714.835630831643,8024.494418410042,45.65079116402946,3339.0,83.87789586511491,61622.73498468489,1945369.25,84300.29030792834,281.59173622278377,20462.405,1008.7412820666918,7229.452847333894,197200.0,10271.930028140601,12009.666924470992,891990.0,23736.16374709728,11.0469663322868,86.5,15.416132844438891,169.13043212890625,303906180.0,0.1308139457774844,1898.5999755859375,643.0,0.03139935094776236,69.86000061035156,13538100.0,-0.005268442672593188,21.079999923706055,36300.0,0.030303072677257514,5058.8798828125,0.0,0.0,6.3358001708984375,0.0,-0.0026445748983964235,794.75,0.0,-0.012426219322770993,91.06999969482422,1674099.0,-0.021804498523822713,4651.240234375,580600.0,0.010831558458082258,93.54000091552734,219259.0,-0.009529876139481086,22940.0,101465.0,-0.020913358941527904,262.0,109287.0,0.01945525291828787,116.5,275752938.0,0.0401785714285714,15.539999961853027,142259605.0,-0.0025673916591082424,32.95000076293945,240300.0,0.03230051433696435,4348.8701171875,22562340000.0,-0.015789930243801376
2022-08,2470,15114.0,6887.0,35774.0,6343.0,5671.0,2388.0,993.0,8159.0,17049.0,554.0,6602.0,12794.0,7256.0,414.0,1012.0,76.0,1095.0,22.0,33.0,0.0,64118,4879,3739.0,28839.0,1047.0,935.0,2310.0,1033.0,721.0,1411.0,4795.0,12146.0,731.0,5513.0,898.0,10334.693938172044,2977.2258738989335,4317.936655301364,4430.780157490914,5220.589126984128,4435.655460573053,5995.8917416829745,40.87753248964304,742.0,40.771637467580874,65265.10590631969,3323701.0,104423.38189953227,214.8259265008891,23263.005,514.9194984122496,7029.184961331113,175969.23,10914.563398630424,11570.583598887917,645561.31,23368.029946834376,11.434742724886393,104.5,16.218894308996855,162.6086883544922,290679724.0,-0.03856043937405296,1886.5,3538.0,-0.0063731042565736695,70.0999984741211,11499100.0,0.0034354117044477217,21.239999771118164,36300.0,0.007590125616280252,5058.8798828125,0.0,0.0,6.3267998695373535,0.0,-0.0014205469109369595,816.25,0.0,0.027052532242843652,91.58999633789062,2625652.0,0.005709856646633593,4573.419921875,692900.0,-0.01673108860833905,97.93000030517578,121801.0,0.04693178690058919,21490.0,121763.0,-0.06320836965998256,262.20001220703125,159893.0,0.0007634053703482468,115.5,406675554.0,-0.008583690987124415,14.720000267028809,119588672.0,-0.05276703325850196,33.749000549316406,216800.0,0.02424885486726991,4384.64990234375,21848520000.0,0.008227374971453427
2022-09,2711,15375.0,9058.0,39236.0,6201.0,6108.0,3508.0,2237.0,7784.0,15866.0,752.0,6197.0,16878.0,6965.0,261.0,821.0,156.0,1539.0,83.0,715.0,0.0,69870,4944,4890.0,33765.0,969.0,1881.0,2133.0,1099.0,1509.0,1373.0,4857.0,11134.0,778.0,4734.0,748.0,9890.14836044042,4708.626873756042,3822.827479576066,3901.5426619817285,4473.008983050848,4850.471025157232,7358.492198929527,38.53149720877318,765.0,30.049337562060185,64743.08952271667,1806596.38,88957.9391802648,228.06924614905864,25658.265,517.8047521752449,6948.931115217053,219120.0,10407.997321731402,11962.638790389503,954700.0,25649.428287115436,14.391421606763135,150.0,24.092245757764935,166.95652770996094,221788453.0,0.026738050712212358,1965.0999755859375,1215.0,0.0416644450495296,71.87999725341797,17801200.0,0.025392279857951783,21.788000106811523,40800.0,0.02580039273063095,5058.8798828125,0.0,0.0,6.319200038909912,0.0,-0.00120121242715987,795.6300048828125,0.0,-0.025261862318146977,115.68000030517578,2927369.0,0.2630200341794222,4496.43017578125,637400.0,-0.016834173858713997,118.11000061035156,226346.0,0.20606555950464167,21150.0,156435.0,-0.01582131223825034,253.3999938964844,166114.0,-0.033562234557023674,133.0,574588963.0,0.1515151515151516,17.1200008392334,266702541.0,0.163043514175766,34.70000076293945,404100.0,0.028178618570744884,4328.8701171875,28092740000.0,-0.012721605236129307
2022-10,2717,18694.0,5985.0,40257.0,5282.0,6524.0,3761.0,2553.0,4294.0,14913.0,572.0,5582.0,19647.0,8827.0,459.0,910.0,53.0,1620.0,97.0,406.0,0.0,70218,4808,1931.0,35760.0,874.0,2802.0,1036.0,846.0,2297.0,2793.0,3066.0,8863.0,980.0,7963.0,1007.0,8921.09395699931,3912.752423176601,3757.693501678791,4668.430536603586,4435.1049408284025,3561.641887655617,8137.881323324023,43.43633536348322,7343.0,92.58501003393103,76766.616951185,4618270.5,116910.45122064486,234.72568243225854,20172.08,549.6140333796666,6690.801901006151,901100.0,10369.867393233599,12307.769601271199,846483.5,25478.88761235123,13.160649494351663,158.5,20.939981178728154,152.17391967773438,253867588.0,-0.08854165952652715,1982.699951171875,6886.0,0.00895627489929085,78.80999755859375,34121500.0,0.09641069240366806,21.440000534057617,64800.0,-0.01597207504350584,5058.8798828125,0.0,0.0,6.320799827575684,0.0,0.0002531631624131947,801.5,0.0,0.007377795056952463,109.33000183105467,2560019.0,-0.05489279441017603,4306.52001953125,822000.0,-0.0422357623327273,112.66999816894533,159835.0,-0.046058779216782586,21580.0,158064.0,0.020330969267139398,278.3999938964844,250261.0,0.09865825020584906,125.5,795991493.0,-0.05639097744360899,15.100000381469728,271947309.0,-0.11799067516016093,34.88999938964844,233500.0,0.005475464626269133,4204.31005859375,29765730000.0,-0.028774265621690165
2022-11,2470,14141.0,5830.0,39751.0,5783.0,7565.0,3792.0,2016.0,4343.0,16571.0,647.0,4551.0,13628.0,9183.0,244.0,1038.0,249.0,1236.0,46.0,396.0,0.0,65505,5271,2670.0,31092.0,1546.0,1977.0,1800.0,976.0,1229.0,2817.0,3312.0,11306.0,1143.0,4621.0,1016.0,9458.742629493423,3362.2548261499455,3717.6133275862067,4121.681132146439,5536.921973684211,3798.218421975453,5897.87475,41.85140765765766,8065.0,82.44207433149586,61461.024598746604,1898735.25,75039.50651111192,214.338694609284,21026.66,564.0428643864973,6883.814447895292,311993.0,9538.081676412216,12273.810766873718,891990.0,24214.231983901667,11.658712772447451,101.5,16.799524375107396,141.7391357421875,225377039.0,-0.06857143430125934,1928.199951171875,387.0,-0.027487769880554902,84.5,41310600.0,0.07219899273789276,22.895000457763672,80100.0,0.06786380072121623,5058.8798828125,0.0,0.0,6.3454999923706055,0.0,0.003907759376774234,799.0599975585938,0.0,-0.003044294998635344,104.6999969482422,1324831.0,-0.042348896051123464,4265.89990234375,857600.0,-0.009432236934526439,107.93000030517578,89525.0,-0.042069742973298574,22880.0,184499.0,0.06024096385542177,349.79998779296875,419559.0,0.2564655009404655,130.0,1079015376.0,0.03585657370517925,15.020000457763672,415557821.0,-0.005298008058611026,36.61000061035156,244700.0,0.049297828913503317,4463.1201171875,30540660000.0,0.06155827115194179
2022-12,2389,20092.0,7480.0,36534.0,7927.0,6696.0,4254.0,1874.0,7666.0,19662.0,513.0,4057.0,14367.0,9845.0,471.0,1004.0,82.0,1227.0,40.0,275.0,0.0,72033,5053,2701.0,29014.0,1743.0,1747.0,4133.0,899.0,1090.0,2296.0,4896.0,12026.0,977.0,9296.0,1215.0,9991.925488415414,2777.184366529169,4691.487479732951,4742.4711948734275,4413.59976344086,3411.9205405405405,6995.280137061404,41.44864553916954,7333.0,134.30307364622433,75157.41899447273,1931691.625,105013.05875845173,243.1643817651424,38633.835,1151.788513466604,6668.333967859976,349058.09,11089.430746071856,12256.787237774763,599400.0,26110.341502650877,19.31564267253512,284.5,41.66800567405795,133.47825622558594,71744711.0,-0.05828227661573626,1953.800048828125,326.0,0.013276682037405507,68.4000015258789,43765900.0,-0.19053252632095974,21.632999420166016,118600.0,-0.055121249721124754,5058.8798828125,0.0,0.0,6.366300106048584,0.0,0.003277931400675671,788.6099853515625,0.0,-0.013077881809826164,113.9000015258789,1312570.0,0.08787015134474818,4174.56982421875,588200.0,-0.021409334540367864,120.6500015258789,66932.0,0.11785417571330381,20430.0,104797.0,-0.10708041958041958,342.3999938964844,149258.0,-0.02115492897290805,122.0,304068724.0,-0.06153846153846154,14.039999961853027,196062339.0,-0.06524636924388993,34.970001220703125,208100.0,-0.044796486268965596,4543.06005859375,22611740000.0,0.01791122338348039
2022-13,2285,12491.0,5657.0,31751.0,6694.0,5656.0,2053.0,2687.0,6761.0,17583.0,185.0,5437.0,6007.0,7638.0,113.0,1286.0,86.0,755.0,44.0,302.0,0.0,56593,3735,3018.0,24290.0,1353.0,799.0,1294.0,1607.0,935.0,1834.0,3858.0,10054.0,580.0,4800.0,2171.0,10343.665896309913,2957.6507807652533,5728.5311729416635,3931.2267460463404,7265.2425892857145,4459.321257684426,8851.330115207373,39.54905037952791,3760.0,41.83961763888782,75852.571364695,2143697.75,114685.82559017571,213.74336491832568,16207.83,594.9593574606025,7299.067338565595,253500.0,12301.79544332965,12041.520260655947,630000.0,30124.093203424032,14.615540454313425,157.0,23.752616327121917,139.13043212890625,101688853.0,0.04234529325711156,1919.0999755859375,150456.0,-0.017760299096624688,71.37999725341797,19914600.0,0.04356718802720483,21.63999938964844,68500.0,0.0003235783141517512,5058.8798828125,0.0,0.0,6.338900089263916,0.0,-0.004303915355582388,786.280029296875,0.0,-0.002954509957984852,99.2699966430664,1819617.0,-0.12844604641632473,4276.16015625,624800.0,0.024335521097736512,104.38999938964844,66830.0,-0.1347700118573374,20500.0,116292.0,0.0034263338228095463,323.79998779296875,200408.0,-0.05432244870056524,126.5,221509343.0,0.03688524590163933,15.0,297718435.0,0.06837607127886836,34.93000030517578,255300.0,-0.0011438637154996822,4545.85986328125,23169700000.0,0.000616281680495101
2022-14,2389,18258.0,7371.0,30339.0,9516.0,4917.0,2877.0,1763.0,5919.0,19555.0,191.0,6515.0,13978.0,7066.0,554.0,929.0,59.0,1009.0,31.0,121.0,0.0,65484,4331,2541.0,23119.0,755.0,2506.0,2500.0,1550.0,1031.0,4579.0,5846.0,12451.0,1285.0,6062.0,1259.0,8906.723443575655,3389.728882078941,5103.001165098374,3562.949111481658,8761.765097192225,4664.339164819945,6279.198452459017,38.92395702525464,7368.0,166.30406294288528,69688.80532916839,2209722.0,103564.53811864025,224.34295807302513,15748.185,733.1009606036922,6191.870657920311,241880.12,9807.52453909036,13128.32757115091,752240.0,27688.91369216458,18.397737054005276,205.5,32.77359088840245,133.9130401611328,52553844.0,-0.03750000548362742,1941.5999755859375,1385.0,0.011724245889342066,57.779998779296875,35492900.0,-0.19052954605528327,19.70199966430664,185900.0,-0.0895563669132472,5058.8798828125,0.0,0.0,6.3597002029418945,0.0,0.0032813443002843723,805.5499877929688,0.0,0.024507755224720373,98.26000213623048,1611850.0,-0.010174217195427548,4230.77001953125,436800.0,-0.010614695207897706,102.77999877929688,90543.0,-0.015422939168167282,18055.0,177558.0,-0.11926829268292682,306.0,141352.0,-0.05497216943797323,124.0,140212051.0,-0.01976284584980237,12.9399995803833,275941355.0,-0.13733336130777996,32.220001220703125,188800.0,-0.07758371201820746,4488.27978515625,23239490000.0,-0.012666487717779784
2022-15,2285,15234.0,5788.0,30975.0,4744.0,4577.0,3262.0,1109.0,5435.0,13207.0,234.0,8148.0,13332.0,5299.0,628.0,745.0,37.0,647.0,61.0,20.0,0.0,56741,3373,1899.0,20439.0,1107.0,2966.0,1592.0,1197.0,931.0,3283.0,3247.0,11127.0,800.0,5724.0,2429.0,8447.942084081506,3105.605006422608,3903.359560062708,4558.153101862239,5485.847185089975,4885.498682706767,6967.392799893843,37.458132851099556,7297.0,132.6924914102756,67926.56128985554,3733438.0,85008.50984605371,210.88919307615583,47657.055,733.4296245013826,6100.830799041215,2914000.0,19146.903797225357,12343.996010102635,2534944.0,29285.164171756467,18.0112287249445,306.0,44.71093345233759,134.78260803222656,89470398.0,0.0064935264709653495,1970.9000244140625,714.0,0.015090672227312307,55.16999816894531,19490100.0,-0.04517135108155712,19.882999420166016,20500.0,0.009186872345109398,5058.8798828125,0.0,0.0,6.377399921417236,0.0,0.0027831057928098257,814.9000244140625,0.0,0.011607022236709064,106.9499969482422,1202364.0,0.08843878102061975,4188.75,667200.0,-0.009932002764807768,111.6999969482422,86227.0,0.08678729592223045,18260.0,78218.0,0.011354195513708198,314.6000061035156,81393.0,0.02810459510952823,124.0,225287037.0,0.0,12.960000038146973,152357431.0,0.0015456304800807175,32.54999923706055,190200.0,0.010242023707478287,4392.58984375,16329620000.0,-0.021319959090500107
2022-16,2288,18292.0,5935.0,32980.0,8248.0,7499.0,2931.0,2816.0,6751.0,16421.0,358.0,7924.0,12745.0,3471.0,383.0,1057.0,98.0,2428.0,405.0,168.0,0.0,65455,3580,3611.0,22348.0,1124.0,1249.0,2940.0,1078.0,2807.0,2010.0,4670.0,11250.0,971.0,9320.0,2077.0,6886.34424408236,4326.885747382491,3678.0939367088604,4130.987127800708,6454.401069518716,4641.994999212722,8566.349156441718,38.84189515122952,7349.0,131.0237694039633,80762.84780501647,2422356.0,120822.13482356233,214.12605022009356,30018.3,772.9820702896769,5225.92059037679,345000.0,8583.574112316586,11205.44686761164,473121.36,23043.767130971006,17.470626505356993,171.0,28.614428940605432,135.6521759033203,74239234.0,0.006451632623742043,1931.0,1129.0,-0.020244570460099642,54.52000045776367,24199900.0,-0.011781724356618173,19.8700008392334,28600.0,-0.0006537535236978975,5058.8798828125,0.0,0.0,6.4492998123168945,0.0,0.011274170004329953,824.3499755859375,0.0,0.011596454643218124,102.06999969482422,965746.0,-0.04562877412497379,4013.25,599900.0,-0.041897940913160236,106.6500015258789,72387.0,-0.04521034521337797,18975.0,101153.0,0.03915662650602414,348.3999938964844,77623.0,0.10743797564278257,126.5,206615315.0,0.02016129032258074,12.640000343322754,149619671.0,-0.024691334404499887,32.02000045776367,213700.0,-0.016282604968341552,4271.77978515625,21597890000.0,-0.027503150280612898
2022-17,2474,15709.0,6926.0,30666.0,5252.0,5801.0,4386.0,4616.0,5131.0,14896.0,288.0,6206.0,8606.0,3665.0,918.0,719.0,171.0,2354.0,708.0,88.0,0.0,58553,3660,2896.0,23345.0,823.0,2731.0,3287.0,1047.0,2226.0,1700.0,3666.0,10300.0,742.0,5334.0,456.0,7324.900265969894,4107.158288829551,3512.5080679037524,3583.8425136491073,4601.494388489208,4313.148446111869,7563.719333886125,34.42898068570373,7358.0,110.38408226222731,67410.6674420787,4360402.5,106490.30291089753,230.5488557275161,24155.14,654.8752458126057,5397.49681655949,275800.0,8384.136310317486,12231.460217839453,769800.0,25340.325213798675,12.49278483738962,90.5,17.03869944300497,126.9565200805664,89180692.0,-0.06410259006056285,1909.300048828125,3481.0,-0.011237675386781443,55.630001068115234,23372200.0,0.020359512124572987,19.86000061035156,41000.0,-0.0005032827609193768,5058.8798828125,0.0,0.0,6.62529993057251,0.0,0.027289802517707296,857.510009765625,0.0,0.04022567497029139,104.69000244140624,1565234.0,0.02566868574914749,4016.239990234375,831300.0,0.0007450296478850316,109.33999633789062,77947.0,0.025222642039615772,20680.0,144633.0,0.08985507246376812,383.0,142350.0,0.09931115588307349,126.0,253368120.0,-0.0039525691699604515,12.460000038146973,193943787.0,-0.014240530085971814,31.809999465942383,119700.0,-0.006558431880670734,4131.93017578125,24637900000.0,-0.032738019375660454
2022-18,2394,19103.0,6859.0,31564.0,9006.0,6418.0,4891.0,6275.0,4444.0,16693.0,331.0,6568.0,11380.0,5336.0,943.0,770.0,119.0,1368.0,829.0,167.0,0.0,66532,4031,3421.0,25202.0,1525.0,2677.0,2047.0,1452.0,2499.0,2959.0,3669.0,11195.0,647.0,7574.0,1665.0,7370.0101339197145,2937.3226554536186,3511.628058930741,3890.5212628905647,8217.071862068966,4280.427605008875,7685.329673502429,37.0508516146614,7344.0,92.04844782452176,75342.10494470624,3194160.25,122117.9855400287,256.07085501048675,35965.42,773.7064271324998,5475.812788930351,1770000.0,12854.554377994215,12263.233821534606,1479018.75,28094.169246129895,14.905197069158064,121.5,21.687639182243174,131.7391357421875,72540876.0,0.03767128823778454,1881.199951171875,1146.0,-0.014717486480711583,66.16000366210938,21483200.0,0.18928639927762814,20.594999313354492,23500.0,0.03700899699971982,5058.8798828125,0.0,0.0,6.654600143432617,0.0,0.004422473422659889,861.780029296875,0.0,0.004979556486363501,109.7699966430664,1355247.0,0.0485241578297162,3908.820068359375,277200.0,-0.0267463901898779,112.38999938964844,118519.0,0.027894669415686302,21010.0,127356.0,0.015957446808510634,399.7999877929687,118379.0,0.04386419789286866,130.5,240633645.0,0.03571428571428581,12.380000114440918,115014831.0,-0.006420539603621989,33.43000030517578,85900.0,0.050927408564337195,4123.33984375,25076170000.0,-0.0020790119062517043
2022-19,2371,18622.0,5975.0,31127.0,5544.0,6503.0,3452.0,3552.0,3981.0,15093.0,297.0,6422.0,11091.0,6087.0,786.0,1168.0,462.0,1834.0,453.0,87.0,0.0,61268,3801,2532.0,24444.0,896.0,1439.0,1675.0,1286.0,1931.0,3397.0,4229.0,10442.0,939.0,7029.0,1029.0,6919.091583455539,2608.063431542461,5316.251853648249,3635.5700530856006,6933.207157534246,4261.225634890731,6015.980344827586,36.493196772560815,7350.0,92.99279388867959,75988.95620862111,1896546.88,126708.81232418427,193.85808168611572,11767.9,484.19599451157495,5442.1590307216,549942.35,8711.162923924729,12799.668572874494,1079463.0,26149.462068742563,14.71945701357466,209.0,26.51183055627002,133.47825622558594,86264393.0,0.013201244061611828,1807.4000244140625,3224.0,-0.03923024063010394,63.650001525878906,20195900.0,-0.037938361506893004,20.520000457763672,38700.0,-0.0036416051513140646,5058.8798828125,0.0,0.0,6.785900115966797,0.0,0.019730708037170253,865.1599731445312,0.0,0.003922049400951977,110.48999786376952,1705170.0,0.0065591804930476005,3988.60009765625,618300.0,0.020410258825334093,111.5500030517578,137685.0,-0.007473942009541545,19675.0,105337.0,-0.06354117087101385,428.0,67235.0,0.07053530032030486,123.5,246390249.0,-0.05363984674329503,12.18000030517578,164092239.0,-0.016155073296957756,33.6870002746582,83200.0,0.007687704670545026,4023.889892578125,29126270000.0,-0.02411878596973216
2022-20,2432,18734.0,7203.0,30710.0,7343.0,6370.0,4369.0,3343.0,4886.0,14414.0,398.0,6254.0,16222.0,4559.0,493.0,797.0,152.0,1367.0,270.0,96.0,0.0,63990,4016,3671.0,22359.0,919.0,3207.0,1426.0,1324.0,2276.0,2519.0,3851.0,12639.0,997.0,7695.0,1107.0,8268.56153459256,3858.4433437437037,4299.376495884189,4358.0991881483815,7042.557973484848,4728.772557251908,4920.965954292773,36.250315946691174,7340.0,59.787027714539214,70618.67965158293,3744891.25,103112.88359825955,198.49443192245928,38842.15,523.3424302698743,5922.979209107593,195338.0,9974.272680909304,12684.550990336085,548384.7,24236.124636999124,15.157977747189722,200.0,25.310952353509617,129.56521606445312,77051386.0,-0.029315937080565013,1841.800048828125,714.0,0.01903287813953347,64.69999694824219,33419500.0,0.0164963927288575,20.8799991607666,41200.0,0.01754379605126788,5058.8798828125,0.0,0.0,6.712100028991699,0.0,-0.010875504459821106,837.0499877929688,0.0,-0.03249108398923417,113.2300033569336,943867.0,0.02479867450574491,4077.60009765625,593600.0,0.022313593195842696,112.5500030517578,108382.0,0.00896458962476232,20700.0,140973.0,0.05209656925031769,439.0,125933.0,0.025700934579439227,117.5,257649925.0,-0.04858299595141702,13.100000381469728,177409009.0,0.07553366611189682,35.130001068115234,185500.0,0.04283553838845555,3901.360107421875,24603940000.0,-0.03045058101173459
2022-21,2633,15830.0,7412.0,34086.0,7673.0,4033.0,5111.0,2042.0,3339.0,15313.0,538.0,5666.0,18831.0,6776.0,640.0,942.0,3.0,1543.0,184.0,40.0,0.0,65001,3952,2542.0,25117.0,1286.0,2052.0,2410.0,1596.0,1541.0,3283.0,3595.0,12871.0,785.0,7211.0,712.0,6470.053459105573,3496.443847583643,3644.6760964456453,4538.103819300208,6937.064844357977,3480.4635416045335,5700.625145576708,34.58579733526189,776.0,21.02816120130791,60904.86478862467,2517378.25,81041.57145325866,202.1580082047003,50347.56,766.8682470706254,5082.918078987624,177165.095,7278.952609799782,12209.088026839105,4585750.0,63274.954163341965,20.341732721457376,283.5,44.45083565719315,139.56521606445312,187823850.0,0.07718120884408841,1851.300048828125,153695.0,0.005157997474288578,68.02999877929688,33057400.0,0.05146834602973138,22.089000701904297,68800.0,0.057902374987131244,5058.8798828125,0.0,0.0,6.737800121307373,0.0,0.003828919742653758,823.3200073242188,0.0,-0.016402820224574066,115.06999969482422,1083820.0,0.01625007757078678,4001.300048828125,622900.0,-0.01871199897017395,119.43000030517578,70460.0,0.061128361322692504,20300.0,82813.0,-0.019323671497584516,396.3999938964844,83535.0,-0.09703873827680098,128.0,338349214.0,0.08936170212765959,13.699999809265137,197851403.0,0.045801481704086155,37.61000061035156,277700.0,0.07059491792863137,4158.240234375,23231370000.0,0.06584373651241293
2022-22,2359,13385.0,5611.0,29975.0,6086.0,4914.0,3939.0,889.0,3046.0,14095.0,470.0,5382.0,15238.0,5115.0,350.0,674.0,14.0,871.0,60.0,0.0,0.0,55057,3427,3936.0,22072.0,744.0,2319.0,1636.0,906.0,1703.0,2871.0,3149.0,9654.0,809.0,4498.0,760.0,7014.947957375295,6020.502181734317,4192.610102399064,4086.638480634704,9708.761256684493,3545.472968703868,7998.089491584853,34.24660780367461,1506.0,25.84526359699514,71383.0844215976,2638950.5,110312.55101685128,228.4007812652147,28691.565,987.3339613090704,5736.582022785549,311490.76,10609.750725763697,12398.559291278521,891990.0,25841.81147070311,15.860397935668148,250.0,30.329770538177666,137.82608032226562,55450804.0,-0.01246109733663392,1845.4000244140625,6300.0,-0.0031869628144811646,67.69999694824219,26463100.0,-0.004850828119595918,21.90999984741211,34100.0,-0.008103619394459805,5058.8798828125,0.0,0.0,6.659200191497803,0.0,-0.011665518180185908,812.72998046875,0.0,-0.012862588982728851,118.87000274658205,1299757.0,0.03302340368328638,4089.570068359375,475400.0,0.022060335004644882,119.72000122070312,95711.0,0.002428208279212196,21320.0,201674.0,0.05024630541871922,360.6000061035156,45480.0,-0.0903127859338907,126.5,149048755.0,-0.01171875,13.979999542236328,148589353.0,0.020437936997767858,37.36600112915039,275900.0,-0.006487622367493784,4108.5400390625,19471340000.0,-0.011952218369117418
2022-23,2241,14840.0,6215.0,30432.0,7556.0,5133.0,3937.0,1693.0,4702.0,11767.0,124.0,6881.0,15800.0,4787.0,567.0,775.0,189.0,2275.0,314.0,99.0,0.0,59043,4015,2643.0,22117.0,1765.0,1272.0,1473.0,1123.0,1508.0,3968.0,2700.0,10402.0,982.0,7506.0,1584.0,6262.4912930907485,4165.422634643377,3347.3655571510626,4765.877760637226,9970.186327272728,4563.787945049379,5365.5456987577645,33.5098949425849,760.0,27.727969000861997,77196.70615365823,2246151.5,132108.05957545844,197.1775279406376,14454.775,408.5410611317363,5115.620596066936,311483.61,8885.178715819287,12369.916649413704,1134500.0,29818.26488904431,15.399551117625505,152.0,23.958842828375982,130.43478393554688,74532959.0,-0.05362770507175696,1871.5,3177.0,0.014143261753897907,52.130001068115234,41345600.0,-0.22998517846360444,19.635000228881836,201700.0,-0.10383384912706806,5058.8798828125,0.0,0.0,6.690800189971924,0.0,0.004745314386923827,826.0,0.0,0.016327710125319195,120.66999816894533,1575311.0,0.015142553888895627,4238.990234375,821500.0,0.03653688860148763,122.01000213623048,105833.0,0.01912797270445865,18470.0,160373.0,-0.1336772983114447,293.6000061035156,143778.0,-0.18580143889616751,126.0,260238539.0,-0.0039525691699604515,13.039999961853027,348870446.0,-0.0672388849186566,32.86000061035156,183100.0,-0.12059092176399777,3900.860107421875,21764190000.0,-0.05054835286161996
2022-24,2454,18765.0,7141.0,31420.0,7025.0,5759.0,3326.0,2924.0,4561.0,13887.0,337.0,6345.0,18092.0,5175.0,785.0,798.0,103.0,1489.0,482.0,288.0,0.0,64351,3649,2518.0,22964.0,1526.0,2516.0,2137.0,1194.0,1243.0,1774.0,3481.0,13214.0,352.0,9897.0,1535.0,6522.461740885241,4654.654969105289,3475.0407761930883,3900.1120741017967,5515.372236503856,3595.952547867299,8786.591013824886,37.637668034526676,7328.0,124.47386869447524,72402.43278045053,2973268.5,99977.3683720162,220.11490972379443,48593.23,678.8357128550216,5078.274495132443,172972.74,7499.820022975157,11234.14943060901,840000.0,23730.36191862236,13.488835748245416,105.0,18.677624027947274,113.9130401611328,94827668.0,-0.12666670098198762,1835.5999755859375,1077.0,-0.019182486996560222,50.40999984741211,26469600.0,-0.032994459724942304,18.36000061035156,53500.0,-0.06493504475008016,5058.8798828125,0.0,0.0,6.703400135040283,0.0,0.0018831746144869488,866.5999755859375,0.0,0.049152512815904936,109.55999755859376,1306165.0,-0.09206928630923561,4309.0400390625,939600.0,0.01652511584467664,113.12000274658205,122213.0,-0.07286287381359347,16510.0,160077.0,-0.10611802923659985,256.79998779296875,154839.0,-0.12534065921501436,119.5,305394097.0,-0.051587301587301626,12.460000038146973,269392851.0,-0.04447852188671597,30.479999542236328,110600.0,-0.07242851563932984,3674.840087890625,30486930000.0,-0.05794107281653571
2022-25,2201,16963.0,4698.0,29979.0,5838.0,4584.0,1665.0,669.0,5763.0,16260.0,284.0,6716.0,10980.0,7254.0,324.0,956.0,46.0,1849.0,96.0,32.0,0.0,57478,3443,2745.0,22982.0,1260.0,1814.0,1282.0,576.0,1544.0,2185.0,3231.0,9931.0,950.0,8100.0,878.0,5982.397946697485,5966.480541575492,3310.4987581846917,3831.5943016826923,6202.229589665653,3886.384424474563,5311.6484977578475,40.19875698015585,5488.0,167.18196334069881,76373.81797236331,2304024.0,111986.69556570808,191.73097643310092,34728.925,498.65954045457215,4976.875600530018,212210.735,7468.059759464119,11518.313819446636,607376.0,22641.000061902243,15.854923178849733,164.0,23.810787013194687,101.3043441772461,209808314.0,-0.11068702903593297,1826.5,401.0,-0.004957493847771888,46.349998474121094,16842400.0,-0.08053960296727602,18.100000381469727,20600.0,-0.014161232039134108,5058.8798828125,0.0,0.0,6.697299957275391,0.0,-0.0009100124775492935,903.530029296875,0.0,0.04261487970383082,107.62000274658205,1527939.0,-0.017707145447627415,4394.77001953125,828900.0,0.019895378017281473,113.12000274658205,91217.0,0.0,17105.0,122277.0,0.036038764385221134,263.6000061035156,112217.0,0.02647982334029164,98.3000030517578,611889003.0,-0.17740583220286366,10.880000114440918,249486201.0,-0.12680577197983933,29.75,97800.0,-0.023950116574797287,3911.739990234375,23570150000.0,0.06446536357442745
2022-26,2478,18039.0,5425.0,31817.0,6999.0,6252.0,4432.0,1502.0,3932.0,14065.0,366.0,5807.0,15161.0,6440.0,606.0,737.0,223.0,2093.0,549.0,115.0,0.0,62280,3100,2554.0,25597.0,1396.0,2680.0,1699.0,1314.0,2411.0,3078.0,4451.0,10329.0,631.0,5103.0,1037.0,6658.459504833367,6935.2269757961785,3576.062464589235,3571.472981987992,7061.695794797688,3941.249824427481,8449.806405998928,34.77381924198251,771.0,23.21113011283342,80104.89468571427,3387106.0,147625.8843651949,267.16126778425655,14390.94,799.5259900466239,5631.528255102041,325901.67,9980.473870302421,12178.167184402333,892060.0,27650.917881290323,15.627230320699708,203.5,29.804697169702465,96.52173614501952,220283258.0,-0.047210295580796924,1798.9000244140625,1046.0,-0.015110854413324715,43.279998779296875,21130500.0,-0.06623516280239605,17.559999465942383,12700.0,-0.02983430409648946,5058.8798828125,0.0,0.0,6.698200225830078,0.0,0.00013442261216178863,916.25,0.0,0.01407808295317392,108.43000030517578,1579950.0,0.0075264591890140675,4466.72021484375,841000.0,0.0163717771334424,111.62999725341795,64094.0,-0.013171901140261566,16620.0,118883.0,-0.028354282373574957,244.6000061035156,106182.0,-0.07207890576656029,77.80000305175781,589698255.0,-0.20854526310854882,10.960000038146973,130841033.0,0.007352934086817919,27.829999923706055,88500.0,-0.06453781769055278,3825.330078125,21693690000.0,-0.022089891538061512
2022-27,2543,15474.0,7606.0,35406.0,7167.0,8205.0,4148.0,1506.0,4487.0,17658.0,400.0,6414.0,13118.0,5409.0,881.0,1169.0,188.0,1542.0,448.0,80.0,0.0,65653,4485,3122.0,29130.0,891.0,2581.0,2585.0,1424.0,1740.0,2372.0,3190.0,11458.0,964.0,5425.0,771.0,6251.252290651957,4320.498915126625,4707.770065588107,3976.865218523193,7177.127078853046,4261.4075088967975,9979.081140262362,35.54597309025409,762.0,22.538859461313752,66646.76510125269,2357506.0,86843.35989063067,227.7273394558009,15542.44,598.5379359450725,5374.901781474305,276398.0,7493.55187607617,12190.524196801398,780800.0,26887.46247175436,13.47004721486859,177.0,21.487978941634584,104.78260803222656,156617003.0,0.08558561228939632,1740.5999755859375,4032.0,-0.03240872090549585,44.54999923706055,13799100.0,0.029343819167831908,18.073999404907227,10400.0,0.029271068029457892,5058.8798828125,0.0,0.0,6.700500011444092,0.0,0.00034334381423017923,951.280029296875,0.0,0.03823195557639836,104.79000091552734,1745643.0,-0.033570039466971124,4428.77978515625,707000.0,-0.008494024219698582,107.0199966430664,115623.0,-0.041297148828966734,17710.0,117706.0,0.06558363417569191,281.3999938964844,140584.0,0.15044966015820505,86.5,397663691.0,0.11182514918996045,11.579999923706056,265856291.0,0.05656933242711082,27.905000686645508,90700.0,0.002694960946642455,3899.3798828125,17073700000.0,0.01935775558583841
2022-28,2316,12825.0,5537.0,32953.0,4489.0,5637.0,2693.0,1457.0,3467.0,13530.0,547.0,6579.0,12142.0,6486.0,381.0,745.0,106.0,1527.0,247.0,260.0,0.0,55804,4118,1660.0,29083.0,713.0,1485.0,1497.0,1085.0,1225.0,1099.0,1911.0,9140.0,678.0,5026.0,1202.0,6321.868765264977,3704.8332125984252,4029.8691806975344,4261.112114255206,8907.971506410257,3888.5941284262394,9089.932348314607,38.06844020009095,7353.0,62.535079074686905,61380.61826820633,2482996.5,90258.78057786828,237.21578314818422,49659.93,709.5911522928931,5511.154808841681,325000.0,8451.103034807335,11683.907687585266,550000.0,22909.41957361789,11.433118950172156,121.0,16.534044385530066,101.73912811279295,101963883.0,-0.02904565916604751,1702.4000244140625,2904.0,-0.02194642750067588,46.439998626708984,14857100.0,0.04242422945040536,17.854000091552734,10800.0,-0.012172143443512584,5058.8798828125,0.0,0.0,6.755199909210205,0.0,0.008163554611251289,1008.8400268554688,0.0,0.060507942757022315,97.58999633789062,1722605.0,-0.06870888934756991,4248.52978515625,691200.0,-0.04069969805320561,101.16000366210938,109537.0,-0.05475605648261517,17555.0,90061.0,-0.008752117447769603,265.6000061035156,65518.0,-0.05614779010542881,86.0,293384762.0,-0.005780346820809301,11.279999732971191,117808301.0,-0.02590675239303919,28.06999969482422,45900.0,0.00591288314347449,3863.159912109375,19693570000.0,-0.009288648911272679
2022-29,2995,20666.0,7231.0,47163.0,6090.0,6505.0,2805.0,1612.0,6522.0,19314.0,560.0,8018.0,23957.0,8400.0,454.0,542.0,292.0,1695.0,239.0,235.0,0.0,81150,5056,3240.0,38191.0,1039.0,2372.0,1398.0,1343.0,1642.0,4009.0,4458.0,10835.0,713.0,9322.0,2588.0,7039.48014775088,3310.912542605827,4269.638700673725,3846.025170443904,8312.17327540107,3518.521706460674,7957.943402406418,36.877995203191894,8077.0,102.535090962484,72445.80906641562,3778686.75,106849.4097150511,244.7902880326362,44085.73,884.4774615501941,5678.841768766952,312861.85,7817.519849718643,11758.145408064913,928506.5,26086.8566990548,16.641617914060923,195.5,29.08579159345087,106.5,137351547.0,0.04679489568584572,1727.0999755859375,2322.0,0.01450889968142266,45.38999938964844,14701300.0,-0.02260980336155005,19.09000015258789,94600.0,0.0692281872239906,5058.8798828125,0.0,0.0,6.765600204467773,0.0,0.00153959844228857,928.3200073242188,0.0,-0.07981445758276373,94.6999969482422,1089917.0,-0.029613684784270733,4238.22998046875,541900.0,-0.002424322108670607,103.1999969482422,110290.0,0.020166006448030016,18195.0,108490.0,0.03645684990031328,283.3999938964844,59291.0,0.06701802478886743,89.5,248699068.0,0.04069767441860472,12.100000381469728,150499627.0,0.07269509467289192,30.450000762939453,145100.0,0.08478806889884227,3961.6298828125,20385270000.0,0.02548948864230627
2022-30,2718,16866.0,6032.0,36323.0,6504.0,6904.0,2183.0,1453.0,2819.0,16600.0,735.0,8026.0,16772.0,6904.0,406.0,554.0,189.0,1472.0,514.0,194.0,0.0,65725,4380,2941.0,30358.0,1037.0,2075.0,3134.0,1294.0,1249.0,3712.0,2660.0,9368.0,763.0,5552.0,1582.0,6328.673594774755,3753.144123919308,4121.579230480481,3953.7670264157773,8039.738298507463,4301.56013857981,7671.004431818182,36.31092320870983,7363.0,61.684246053848874,67323.66283417141,2360336.5,95802.36473486335,203.65928717466983,39900.8,562.446820933777,5377.037547659833,312861.85,7101.1926126992075,11135.022138061557,892670.0,21280.33440470759,16.968737912361163,231.5,31.27428446170967,107.0,86500431.0,0.0046948356807512415,1762.9000244140625,185654.0,0.020728417193092374,49.81999969482422,11829800.0,0.09759859803360293,19.81999969482422,66700.0,0.038239891901591605,5058.8798828125,0.0,0.0,6.745800018310547,0.0,-0.002926597132380193,908.4500122070312,0.0,-0.02140425172399396,98.62000274658205,1578721.0,0.04139393795843849,4170.10009765625,470000.0,-0.016075079249230573,110.01000213623048,77572.0,0.06598842431559082,19790.0,106859.0,0.08766144545204724,335.0,108423.0,0.18207483138606984,89.5999984741211,215260632.0,0.0011173013868279735,11.739999771118164,132589553.0,-0.029752115620002684,32.130001068115234,189400.0,0.05517242243292486,4130.2900390625,20488830000.0,0.042573425897691974
2022-31,2627,16799.0,6996.0,38701.0,6040.0,7925.0,4411.0,1092.0,4483.0,15625.0,440.0,9414.0,15120.0,5943.0,746.0,1180.0,63.0,1583.0,308.0,203.0,0.0,68536,3977,3515.0,33095.0,1297.0,1668.0,1838.0,873.0,1463.0,2732.0,3181.0,11683.0,635.0,5400.0,1156.0,6291.702589648517,3774.257693498452,4105.5249357326475,3377.6908395040464,6472.761412742382,5013.2912482965385,5433.070963375796,40.75612995776107,8070.0,219.80749672477702,61468.847546886616,2215934.75,131668.56313777348,187.64747808415683,25912.18,559.6046387256623,5269.3625533949635,161867.45,6685.091012162007,10798.957736292636,533750.0,20087.069030540162,13.322309000106259,122.0,21.16144579446411,107.5,61654271.0,0.004672897196261738,1772.9000244140625,3112.0,0.005672471417273783,49.939998626708984,11365000.0,0.0024086497916464555,19.950000762939453,33500.0,0.006559085273305065,5058.8798828125,0.0,0.0,6.747799873352051,0.0,0.0002964592837135793,901.9000244140624,0.0,-0.007210069574500877,89.01000213623047,1773877.0,-0.09744474085085786,4156.91015625,558700.0,-0.003162979568203439,94.91999816894533,102877.0,-0.13716938164039394,20950.0,189416.0,0.05861546235472459,343.0,102626.0,0.023880597014925398,90.5,195553282.0,0.010044660058101007,11.31999969482422,121077824.0,-0.0357751349644142,32.525001525878906,80400.0,0.0122938202499987,4145.18994140625,21651540000.0,0.0036074711952025496
2022-32,2543,17445.0,6058.0,38630.0,6648.0,5789.0,1527.0,848.0,4640.0,14634.0,1015.0,10039.0,17648.0,8492.0,300.0,704.0,111.0,2061.0,529.0,444.0,0.0,68781,4562,2315.0,33251.0,964.0,2174.0,2009.0,1346.0,2664.0,1682.0,3408.0,10329.0,742.0,7060.0,837.0,7010.149335341986,3318.4529175284383,3310.029321969697,4070.6813516819575,7709.474955156951,5087.720710375391,5765.735888473852,36.17717031668505,7337.0,100.86644119774317,63026.9778869282,1710538.0,86949.87717635221,246.37186518565198,22439.86,1024.2673586619173,5621.026787983824,232492.0,7948.451814706484,10744.49448466467,709833.9,22923.804465681118,14.06466309542566,175.0,22.459642015735668,104.5,60259341.0,-0.027906976744186074,1798.5999755859375,2399.0,0.014495995723373456,51.86000061035156,15821400.0,0.038446176140175536,20.051000595092773,8900.0,0.005062648034627859,5058.8798828125,0.0,0.0,6.743599891662598,0.0,-0.0006224223848190213,884.4099731445312,0.0,-0.01939245015642821,92.08999633789062,1677155.0,0.034602787638924104,4191.14990234375,488100.0,0.008236826105628037,98.1500015258789,108414.0,0.03402869173242706,20030.0,93100.0,-0.043914081145584705,311.79998779296875,99173.0,-0.09096213471437686,91.0999984741211,218429719.0,0.006629817393603243,11.760000228881836,116771392.0,0.03886930617664186,33.29999923706055,54900.0,0.023827753261287388,4280.14990234375,21098400000.0,0.03255820911591689
2022-33,2315,17367.0,6403.0,30564.0,5224.0,6920.0,3268.0,1493.0,4632.0,14164.0,594.0,7292.0,12018.0,4573.0,697.0,508.0,266.0,2006.0,688.0,439.0,0.0,59558,3436,2494.0,24429.0,664.0,2001.0,2099.0,1401.0,1782.0,1419.0,3770.0,10109.0,429.0,7976.0,985.0,7852.535665828314,3614.105436893204,3869.3494493736953,3926.451251124303,6966.122279202279,4291.513195863747,6205.033378545007,35.58537843166995,7360.0,65.07844877046269,76306.37918185955,2916770.25,105080.65155206528,218.22357363870773,20938.31,673.6742270778059,5822.957677991809,205100.0,8002.854914041944,11202.457527984227,644600.0,21997.762092176403,15.30200212346428,183.0,25.372598762938626,100.5,58081666.0,-0.038277511961722466,1747.5999755859375,765.0,-0.028355387908523433,49.119998931884766,31277300.0,-0.05283458631351956,19.13999938964844,8700.0,-0.04543420170598811,5058.8798828125,0.0,0.0,6.784599781036377,0.0,0.00607982235489235,929.2000122070312,0.0,0.05064397781862229,90.7699966430664,949898.0,-0.014333801143622149,4151.06982421875,531200.0,-0.009563026629657578,96.72000122070312,107813.0,-0.014569539306616641,19665.0,127493.0,-0.018222666000998533,296.6000061035156,85855.0,-0.04874914138722075,86.4000015258789,192190826.0,-0.0515916248843552,11.600000381469728,140770065.0,-0.013605428936910857,31.68899917602539,50800.0,-0.04837838131966765,4228.47998046875,19013350000.0,-0.01207198884476135
2022-34,2591,19321.0,7170.0,40493.0,5820.0,5198.0,4965.0,2542.0,3979.0,15531.0,839.0,9594.0,16176.0,6285.0,948.0,1038.0,1038.0,1768.0,1217.0,1686.0,0.0,72804,4978,2894.0,34270.0,2108.0,1413.0,1803.0,1417.0,1100.0,2442.0,3333.0,11137.0,1088.0,6745.0,3054.0,7665.955321046933,6894.376752180605,4412.614982292637,3464.034206801859,8635.090562248995,4715.063480360593,5568.939448669202,35.8653255029364,787.0,21.50721704088393,75649.1258645508,2831301.5,114884.24644236123,241.29626627514685,51903.41,741.4295723950834,6229.21877933275,975000.0,11765.862650546744,11442.046985255529,549320.0,21895.629158284526,17.5838435586655,155.0,27.07516980435281,93.0999984741211,55671827.0,-0.07363185597889454,1736.0999755859375,1417.0,-0.0065804532848795505,41.04999923706055,34699800.0,-0.1642915283042855,18.36599922180176,5600.0,-0.04043888153232045,5058.8798828125,0.0,0.0,6.848299980163574,0.0,0.009388939831829868,898.0,0.0,-0.033577283466586616,93.05999755859376,1526929.0,0.025228610776887983,4107.5498046875,545000.0,-0.01048404902209532,100.98999786376952,109033.0,0.0441480209798879,18375.0,131333.0,-0.06559877955758964,272.0,106514.0,-0.08294000538533386,83.4000015258789,114265983.0,-0.03472222160900573,11.479999542236328,113706866.0,-0.010344899593718426,30.700000762939453,69600.0,-0.03120951872264155,4057.659912109375,18714200000.0,-0.04039751143398784
2022-35,2549,13608.0,6433.0,35931.0,5949.0,7947.0,3560.0,1820.0,3381.0,13509.0,729.0,7694.0,11694.0,5357.0,730.0,997.0,543.0,1350.0,640.0,1970.0,0.0,61921,4393,2975.0,28346.0,909.0,2421.0,1463.0,1150.0,1942.0,1184.0,2940.0,11340.0,1007.0,4722.0,1522.0,7146.847971022792,3204.8433214676893,3963.9285641791043,4665.072313629188,7892.576042253521,3355.527454403335,6425.2871785173975,42.330291177748805,7345.0,202.82095809051359,63211.69880110097,15559698.0,145664.37624934968,214.73798247138924,66151.04,1189.6977402507646,5764.066767057801,2762410.0,17310.503024410962,10703.598633927279,1528940.0,23472.596258787573,11.583775170215848,97.0,15.282309871851067,78.0,97161446.0,-0.16219117853496445,1709.800048828125,4333.0,-0.01514885497820262,34.33000183105469,30013000.0,-0.16370274131306062,16.929000854492188,13300.0,-0.07824231886080846,5058.8798828125,0.0,0.0,6.9054999351501465,0.0,0.008352431282545147,896.5700073242188,0.0,-0.001592419460780925,86.87000274658203,1596521.0,-0.06651617208687655,4023.610107421875,504400.0,-0.02043546670324814,93.0199966430664,83575.0,-0.07891871857898491,17155.0,168146.0,-0.0663945578231292,227.8000030517578,123206.0,-0.16249998878030214,71.0999984741211,263510581.0,-0.14748204828199118,10.640000343322754,483065740.0,-0.0731706648439413,28.73900032043457,111700.0,-0.06387623432479428,3924.260009765625,19592960000.0,-0.0328760677911033
2022-36,2462,17919.0,4966.0,33433.0,5792.0,5069.0,2179.0,773.0,4021.0,14560.0,768.0,7903.0,14819.0,6288.0,416.0,836.0,416.0,2548.0,967.0,547.0,0.0,62110,4357,2453.0,27600.0,1468.0,2232.0,2077.0,1289.0,1508.0,2836.0,2511.0,9292.0,941.0,6999.0,904.0,7055.069837546259,4634.616520618557,3833.7119463405384,4937.063032531194,13278.905707547168,5233.94011191125,8011.7051442910915,35.072438470937335,7345.0,113.58007334763138,78257.06879734683,22635444.0,202973.85934175178,206.2574291615756,26470.9,521.690846294765,5895.0502788444755,1363227.065,10946.01743535161,11295.011625356374,1229545.0,22303.51784504281,13.454907779135393,119.5,19.390141121679203,74.0999984741211,76948556.0,-0.05000001956255007,1716.199951171875,3176.0,0.003743070628718481,32.060001373291016,29939600.0,-0.06612293436320893,16.82699966430664,8300.0,-0.006025233920316064,5058.8798828125,0.0,0.0,6.956500053405762,0.0,0.007385434615098108,881.75,0.0,-0.01652967108329728,86.79000091552734,1448987.0,-0.0009209373607144133,4093.7900390625,534300.0,0.017442030854622814,92.83999633789062,107733.0,-0.001935071077958317,16230.0,139884.0,-0.053920139900903497,218.8000030517578,93484.0,-0.039508340120413155,67.80000305175781,210497343.0,-0.04641343872270842,10.199999809265137,214884004.0,-0.04135343231767319,28.88999938964844,38900.0,0.00525415176346633,4067.360107421875,15886450000.0,0.03646549853988823
2022-37,2343,15832.0,6545.0,30224.0,7105.0,6602.0,3969.0,1909.0,4615.0,15205.0,638.0,6142.0,11774.0,4238.0,508.0,712.0,312.0,1232.0,920.0,930.0,0.0,59706,3805,3132.0,24685.0,854.0,2142.0,1916.0,839.0,2304.0,2902.0,2912.0,10157.0,632.0,5937.0,1294.0,8272.355662085272,3659.881145541783,3335.6759005302615,3565.933987321712,6850.448268482491,5114.943456510138,6193.726462994837,34.50900545785324,1849.0,26.993299801817837,68199.19931185567,6925570.0,145829.07775013847,254.41565933899335,49182.95,1356.194198872825,5760.32414523954,690000.0,15879.42827030016,10862.78550409339,600965.0,23613.696257015537,12.550697392359005,95.5,17.428103174266827,80.69999694824219,105780422.0,0.08906880715289223,1671.699951171875,2621.0,-0.02592937959799735,29.530000686645508,28146400.0,-0.07891455328362007,16.0049991607666,6400.0,-0.04885009329878709,5058.8798828125,0.0,0.0,6.993000030517578,0.0,0.0052468880660681005,923.25,0.0,0.04706549475474908,85.11000061035156,1281670.0,-0.019357072098788453,3932.679931640625,463800.0,-0.03935475583373349,91.3499984741211,131535.0,-0.016049094383273066,14635.0,209435.0,-0.09827479975354281,190.6000061035156,111599.0,-0.1288848105800594,73.5,247347782.0,0.08407074766487654,9.899999618530272,107904353.0,-0.02941178395536448,27.950000762939453,81400.0,-0.03253716325953948,3873.330078125,24728470000.0,-0.04770416785639919
2022-38,2204,14523.0,3929.0,27950.0,4967.0,4288.0,4154.0,1365.0,3691.0,9801.0,652.0,6079.0,11066.0,3979.0,741.0,678.0,314.0,2013.0,945.0,1603.0,0.0,51369,3020,2118.0,23989.0,1061.0,1456.0,583.0,696.0,1384.0,2100.0,1997.0,7098.0,620.0,7703.0,564.0,7116.07043916113,4300.712356630825,3827.733963680387,4626.036414607156,10007.774044715447,3208.6006958827984,5951.244822560203,38.83103629668595,6597.0,157.9922274701263,67390.74555900403,7236319.0,113454.71805520335,223.3889435384885,39057.38,691.0125102588279,5632.901855514641,201261.27,9455.318021601512,11260.275223215851,747900.0,21594.4736599605,11.311064352095388,104.0,15.538801460120299,74.9000015258789,121965398.0,-0.07187107362696887,1645.300048828125,7944.0,-0.01579224927609968,24.8700008392334,29150800.0,-0.1578056125653774,14.663000106811523,8500.0,-0.08384874253819075,5058.8798828125,0.0,0.0,7.076600074768066,0.0,0.011954818230466957,944.3800048828124,0.0,0.022886547395410073,78.73999786376953,1316885.0,-0.07484435085067165,3856.02001953125,444200.0,-0.019493046330214425,86.1500015258789,111262.0,-0.056923886536411006,13835.0,147172.0,-0.054663477963785456,165.5,107046.0,-0.13168942969437103,67.4000015258789,305948399.0,-0.08299317651865434,9.170000076293944,164486008.0,-0.07373733033988761,25.99799919128418,55400.0,-0.06983905253568179,3693.22998046875,21332100000.0,-0.04649748253405572
2022-39,2470,20079.0,5240.0,33511.0,6566.0,6873.0,4032.0,1509.0,6257.0,16279.0,619.0,7336.0,11778.0,5895.0,670.0,500.0,352.0,1507.0,691.0,1098.0,0.0,65396,3999,2674.0,25996.0,1266.0,2509.0,1533.0,1518.0,1518.0,1828.0,3857.0,9399.0,1124.0,10128.0,2046.0,6475.586095064675,3629.696567735759,2545.168125132331,4092.558558895066,8862.353048469387,4073.512000321854,4966.779095595127,35.49050239168302,7342.0,73.59342583888782,72783.99073603007,2592462.0,104906.28362688953,340.5082602925319,29847.92,1528.4288261522763,4987.325895429535,154538.81,7517.964047856119,10804.76850029032,520160.0,21316.63761428806,17.394019409959355,207.0,31.445487608497864,66.80000305175781,104510403.0,-0.1081441696809905,1662.4000244140625,26980.0,0.010393226207047856,23.5,23872700.0,-0.05508648142352168,14.10099983215332,7200.0,-0.038327782211304284,5058.8798828125,0.0,0.0,7.123899936676025,0.0,0.006683981206824008,963.25,0.0,0.019981358160509943,79.48999786376953,1428499.0,0.009525019308453508,3804.889892578125,444300.0,-0.013259818853155414,87.95999908447266,74461.0,0.021009837800757714,13865.0,182243.0,0.0021684134441632974,174.6999969482422,112607.0,0.05558910542744533,61.5,349247233.0,-0.08753711264551745,9.210000038146973,209362913.0,0.0043620459673099354,23.88999938964844,34100.0,-0.08108315513535536,3585.6201171875,24475900000.0,-0.029137059931369835
2022-40,2356,17096.0,5860.0,32105.0,5855.0,6862.0,3006.0,910.0,3761.0,15513.0,862.0,8443.0,11878.0,3926.0,615.0,750.0,212.0,2379.0,980.0,819.0,0.0,60916,3794,3389.0,25021.0,1054.0,1999.0,2090.0,1281.0,931.0,2254.0,3504.0,12568.0,819.0,5443.0,563.0,5853.308058245897,3560.00651221567,3421.3590776955602,4222.71314313616,8079.979025316456,3728.799750432419,6150.170816235504,33.780904701247145,7421.0,83.29408429384223,63056.40350268092,3367791.0,98258.20420744928,248.2684758716711,51198.7,1297.1957049935822,4854.39037888438,312230.68,7610.371025894052,12097.353309387683,893750.0,31015.08517366587,13.678126018307314,127.0,21.108857838797363,73.19999694824219,107808595.0,0.09580828748653714,1700.5,1431.0,0.022918656777189517,24.0,17873300.0,0.02127659574468077,14.380000114440918,7600.0,0.019785851046633995,5058.8798828125,0.0,0.0,7.114999771118164,0.0,-0.0012493389347091322,943.5800170898438,0.0,-0.02042043385430181,92.63999938964844,1583965.0,0.16542963742954764,3804.889892578125,444300.0,-0.013259818853155414,97.91999816894533,179856.0,0.1132332786282495,14050.0,165519.0,0.013342949873782928,175.0,107069.0,0.0017172470349080537,65.0999984741211,276781959.0,0.05853656055481449,9.260000228881836,62005876.0,0.005428902337434094,24.739999771118164,45400.0,0.03557975735395069,3639.659912109375,22948200000.0,0.015071254944950097
2022-41,1871,13510.0,4413.0,23190.0,4215.0,4448.0,3189.0,2012.0,4365.0,7465.0,261.0,5004.0,10890.0,2431.0,401.0,364.0,478.0,1755.0,1216.0,1049.0,0.0,45328,2418,1456.0,19093.0,855.0,1548.0,477.0,1036.0,845.0,1301.0,2216.0,8521.0,551.0,6770.0,659.0,6312.440945074676,2938.7809500693484,2838.644596511628,4349.24420585162,7628.137153110048,4379.110022448979,4576.157427055703,34.2672,7314.0,50.94059129921512,67628.5916806,1949233.12,100364.0870573021,324.6427814,13290.825,1142.0020263562374,4966.7718758,137345.87,7138.0876686942665,10455.3095134,498600.0,21591.315211688645,15.59216,120.5,21.566506696793702,68.80000305175781,78464155.0,-0.06010920874211911,1641.699951171875,1322.0,-0.03457809398890033,25.68000030517578,22984200.0,0.07000001271565748,14.329999923706056,23400.0,-0.0034770646965884833,5058.8798828125,0.0,0.0,7.16949987411499,0.0,0.007659888229098355,937.510009765625,0.0,-0.006432954507599287,85.61000061035156,1489995.0,-0.07588513412795217,3842.469970703125,509800.0,0.00987678466026165,91.62999725341795,148121.0,-0.06423612166204273,15155.0,156335.0,0.07864768683274015,181.1999969482422,86844.0,0.03542855398995526,62.79999923706055,201579420.0,-0.03533025024531844,9.130000114440918,145956616.0,-0.01403888890147642,25.3799991607666,31100.0,0.025869013563839305,3583.070068359375,21864890000.0,-0.01554811304257353
2022-42,2409,14334.0,5967.0,33380.0,6131.0,6441.0,4425.0,2154.0,2371.0,11364.0,656.0,7324.0,14349.0,4729.0,715.0,468.0,564.0,1807.0,759.0,1686.0,0.0,59812,3420,2442.0,29373.0,1328.0,1635.0,1622.0,1132.0,1362.0,1787.0,3076.0,9019.0,850.0,4912.0,1274.0,4869.4571730724165,4106.507645739911,3137.5643865959864,5043.541720377999,8478.250460750853,3875.2939844444445,5395.46685966634,35.378128367860135,766.0,19.30057344885036,59259.08011181296,27858304.0,185100.55941054132,217.50016824332417,48996.6,932.85531095848,4505.415335588553,1481470.83,11322.700755407335,10889.058286732128,1545805.0,23698.617341188205,16.275715483175667,248.0,30.4555325406685,66.5,80738810.0,-0.03343027543221955,1651.0,1620.0,0.005664889507663418,23.59000015258789,18883300.0,-0.08138629780960915,14.494999885559082,2400.0,0.01151430305174439,5058.8798828125,0.0,0.0,7.215799808502197,0.0,0.006457902950018912,978.0,0.0,0.04318886178559023,85.05000305175781,951780.0,-0.006541263340746117,3742.889892578125,463200.0,-0.025915642512302606,93.5,175697.0,0.020408193851738865,15745.0,129452.0,0.038931045859452285,190.1000061035156,114460.0,0.04911704914551196,61.0,290077896.0,-0.028662408581659693,9.15999984741211,159118064.0,0.003285841467158379,26.190000534057617,16800.0,0.03191494878152512,3752.75,22634960000.0,0.04735601827577951
2022-43,2773,19499.0,7555.0,34920.0,9291.0,7845.0,5796.0,2492.0,5016.0,19848.0,717.0,5117.0,12111.0,4790.0,594.0,662.0,659.0,2751.0,1017.0,1850.0,0.0,71265,3872,3442.0,30647.0,1278.0,1720.0,2607.0,1101.0,1527.0,3910.0,3961.0,12413.0,713.0,6636.0,1310.0,5129.9492596095015,4086.444851485149,3118.348090600429,3401.223388346728,7204.061459854015,3352.6281796356448,4359.131264258555,37.49363097810887,8080.0,156.86727918461435,67734.05907147034,4159487.25,127824.31075651439,247.17304657903438,62446.61,977.0457798658638,4197.514752231064,319670.72,7971.8770561212505,10310.37240954972,500479.86,19548.80979966999,14.228140652411584,110.5,18.905879388754755,68.5,76573431.0,0.03007518796992481,1639.5999755859375,3922.0,-0.00690492090494399,23.079999923706055,17067300.0,-0.021619339787324554,14.29300022125244,9900.0,-0.013935816895582653,5058.8798828125,0.0,0.0,7.22790002822876,0.0,0.0016769062401515988,943.25,0.0,-0.03553169734151329,87.9000015258789,1334309.0,0.033509681033011995,3541.330078125,599200.0,-0.05385138762772668,95.7699966430664,93076.0,0.02427803896327707,15225.0,111094.0,-0.03302635757383299,179.10000610351562,99315.0,-0.05786428009902389,60.599998474121094,202461131.0,-0.00655740206358868,8.789999961853027,175443753.0,-0.04039300127975598,25.499000549316406,22400.0,-0.026384114954202897,3901.06005859375,23555090000.0,0.039520367355605934
2022-44,1803,11499.0,3399.0,20600.0,4565.0,4770.0,3359.0,1980.0,1118.0,13032.0,567.0,3245.0,4589.0,3285.0,606.0,260.0,157.0,1645.0,510.0,940.0,0.0,40063,2474,2771.0,18701.0,548.0,833.0,2392.0,624.0,1030.0,801.0,1361.0,6615.0,552.0,3400.0,435.0,3848.981708703375,4572.05247148289,3965.5266035353534,3567.130637477314,7747.7290625,3376.699601155026,9202.039093023255,39.8872654155496,7347.0,56.753955105438045,62081.1427971403,3765777.5,94506.94058567716,221.2262926720286,23731.0,726.1842394934555,3822.31778619303,230742.845,7237.691104985408,11057.082263404825,995491.0,26414.069769018355,14.862667560321716,135.5,24.17490684285934,66.5999984741211,77522523.0,-0.027737248552976768,1672.5,3705.0,0.020065884913364362,23.170000076293945,19870600.0,0.0038994866934747296,14.350000381469728,3100.0,0.00398797728503042,5058.8798828125,0.0,0.0,7.30079984664917,0.0,0.010085891909918265,944.1599731445312,0.0,0.0009647210649681437,92.61000061035156,1434500.0,0.05358360640171278,3767.169921875,689700.0,0.06377260485968983,98.56999969482422,125688.0,0.029236745848424617,14585.0,179789.0,-0.0420361247947455,165.89999389648438,242838.0,-0.07370190819201838,61.20000076293945,212793220.0,0.009901028117592858,8.779999732971191,292569357.0,-0.0011376824715852996,26.729999542236328,10400.0,0.048276362461309175,3770.550048828125,24226300000.0,-0.03345501166487319
2022-45,2638,17993.0,6430.0,36509.0,7362.0,8929.0,3991.0,2311.0,2241.0,15569.0,786.0,6508.0,16272.0,6631.0,758.0,307.0,247.0,2143.0,508.0,1093.0,0.0,68294,4263,3437.0,27613.0,1224.0,1833.0,2596.0,1193.0,1935.0,2531.0,3624.0,12206.0,712.0,6690.0,2700.0,4372.508605886918,3105.719633356071,3200.7005377821392,3865.1335873517787,5432.596292834892,4500.351441634241,6800.954708624709,42.147929932098606,7314.0,53.56380037624192,67842.03665499749,7213740.0,125130.18444826653,231.89371595022328,44503.85,841.6311180874578,4140.77397857275,935000.0,11801.009687960062,11062.813035218896,838695.0,25962.053269537537,19.64940949562736,252.0,39.24416903364854,73.5,118239050.0,0.10360362888837082,1766.0,1144.0,0.05590433482810164,27.079999923706055,20163200.0,0.16875269031235662,16.249000549316406,12600.0,0.13233450295226978,5058.8798828125,0.0,0.0,7.1859002113342285,0.0,-0.01573795169411152,893.9500122070312,0.0,-0.053179505979559116,88.95999908447266,1696614.0,-0.03941260664964219,3788.43994140625,611400.0,0.005646153471267734,95.98999786376952,133313.0,-0.026174311038271947,15450.0,153077.0,0.059307507713404206,185.8000030517578,198599.0,0.11995183777818785,65.19999694824219,268910002.0,0.06535941397773626,9.710000038146973,193059987.0,0.10592258923236497,28.367000579833984,20400.0,0.06124208999745839,3992.929931640625,24968840000.0,0.05897810132015491
2022-46,2319,15249.0,5765.0,27959.0,8881.0,8001.0,3473.0,802.0,2409.0,14517.0,931.0,6665.0,11920.0,5253.0,481.0,473.0,255.0,1428.0,594.0,652.0,0.0,57854,3537,2370.0,22318.0,1250.0,3112.0,1500.0,670.0,2122.0,2542.0,3542.0,10882.0,574.0,5711.0,1261.0,3330.9454686223544,2401.4302318392583,2832.42970843269,3500.620641526176,6486.958793103448,3829.911526709624,5628.6557905236905,42.665549680275454,4071.0,91.22571886966321,68949.35556612765,3282666.25,107251.33817390246,209.15692157525822,21744.74,558.5766839950355,3455.2310378750617,165000.0,4646.972516770952,10251.691729894244,878315.5,21969.816566328933,17.131486719134283,190.0,26.93112635594638,71.80000305175781,69238561.0,-0.023129210180165782,1751.9000244140625,1150.0,-0.007984131135864936,24.780000686645508,30928600.0,-0.08493350234639807,15.690999984741213,8100.0,-0.03434060838890607,5058.8798828125,0.0,0.0,7.156199932098389,0.0,-0.004133132713002863,921.2000122070312,0.0,0.030482688772187405,80.08000183105469,1107886.0,-0.09982011403783742,3801.570068359375,662800.0,0.003465840070372428,87.62000274658203,139865.0,-0.08719653404999872,15020.0,95905.0,-0.02783171521035599,187.0,141264.0,0.006458541057762668,63.0,172906268.0,-0.033742286061587023,9.300000190734863,167948278.0,-0.04222449493320013,27.924999237060547,29000.0,-0.015581532546223964,3965.340087890625,21831700000.0,-0.006909673904210933
2022-47,2075,11348.0,4511.0,23437.0,6455.0,6294.0,3011.0,1265.0,3028.0,8302.0,554.0,7774.0,7693.0,3526.0,560.0,421.0,153.0,1640.0,700.0,830.0,0.0,45751,2773,1163.0,20185.0,918.0,1207.0,530.0,685.0,1108.0,1977.0,2059.0,8984.0,757.0,5017.0,1161.0,3450.8888759959773,3021.740941320293,2960.147478271666,4850.458089461713,5802.719759152216,3901.625617495712,4387.075392530488,43.88190885976922,424.0,49.540741103241004,63647.778132407584,2795231.25,105271.21735108897,195.4080039115979,10889.71,465.8487912882562,3644.593472129865,151193.23,5522.636086753375,11648.407406610602,814830.0,25081.81015486788,11.527948366907882,93.0,15.713729874211504,74.9000015258789,79321469.0,0.043175464378273354,1753.300048828125,814.0,0.0007991462951950634,25.670000076293945,15319800.0,0.03591603571375512,16.405000686645508,7900.0,0.0455038367598386,5058.8798828125,0.0,0.0,7.150300025939941,0.0,-0.0008244468033912211,909.8499755859376,0.0,-0.0123209253915455,76.27999877929688,1390315.0,-0.04745258447639278,3775.780029296875,628900.0,-0.006784049379268686,83.62999725341797,102709.0,-0.04553760977050081,15495.0,85088.0,0.03162450066577893,194.6999969482422,74121.0,0.04117645426867478,64.9000015258789,158900479.0,0.03015875437903026,7.889999866485596,258686882.0,-0.15161293498187045,28.649999618530273,11500.0,0.02596241365362495,4026.1201171875,12724860000.0,0.015327822569994876
2022-48,2535,16203.0,6375.0,29531.0,6491.0,6432.0,3593.0,1084.0,3650.0,14520.0,418.0,8954.0,9293.0,4844.0,522.0,491.0,504.0,2348.0,1096.0,851.0,0.0,58600,3753,2785.0,23348.0,929.0,904.0,2319.0,1260.0,1158.0,3334.0,2982.0,9821.0,624.0,8378.0,758.0,3832.3436888309125,3367.8087464985992,3616.49496629659,3667.1701222879683,4214.270331564987,3063.353044852192,6466.3629295774645,56.247980265186555,672.0,73.9084782535196,66090.67560299106,1982511.38,98384.30220401195,182.49922556275052,17014.49,437.160584719922,3688.0648146777676,101840.0,5248.5765927162,11042.910655565835,1708260.0,25861.863915672748,13.027443724946037,88.5,16.41832412711903,74.5,74784076.0,-0.005340474202002565,1795.9000244140625,158300.0,0.024297025266388772,19.399999618530273,30213800.0,-0.24425401009460734,16.658000946044922,17900.0,0.015422142566892338,5058.8798828125,0.0,0.0,7.043700218200684,0.0,-0.014908438436503912,879.1099853515625,0.0,-0.03378577903964741,79.9800033569336,1676103.0,0.0485055668176142,3870.949951171875,750800.0,0.025205367139123913,85.56999969482422,95160.0,0.023197447149586825,15025.0,133743.0,-0.03033236527912231,194.3000030517578,102848.0,-0.0020544114163016935,64.80000305175781,196147162.0,-0.0015408085018491224,8.109999656677246,237316207.0,0.02788337058485202,28.950000762939453,28700.0,0.010471244272378444,4071.699951171875,22280580000.0,0.011321031826595274
2022-49,2366,12091.0,5772.0,31532.0,7326.0,6233.0,3584.0,781.0,2557.0,16003.0,785.0,8738.0,9531.0,4546.0,807.0,643.0,143.0,910.0,577.0,883.0,0.0,56721,3466,3311.0,24276.0,545.0,2383.0,1404.0,1115.0,1985.0,2689.0,3226.0,9744.0,684.0,3244.0,2115.0,3583.9944814489295,3700.814441767068,3857.9953384664745,3415.4446715626273,3458.1924999999997,4168.967137969095,6037.612078882498,70.48447343302577,3965.0,141.66385093403474,60590.3296311241,2555280.75,91658.84147574892,207.31200181101863,51105.61,842.8270358953556,3766.43302900807,325349.96,6248.037107536392,11206.912185931244,892910.0,24037.674260791544,15.033837453135922,138.0,23.525378012717656,70.0999984741211,58014847.0,-0.05906042316615978,1798.0999755859375,3078.0,0.0012249853232184638,18.56999969482422,23593900.0,-0.04278350206323023,16.225000381469727,14200.0,-0.02599354904455098,5058.8798828125,0.0,0.0,6.966300010681152,0.0,-0.010988572074593916,863.5,0.0,-0.017756578370930365,71.0199966430664,1950672.0,-0.11202808624401528,3998.239990234375,768800.0,0.03288341122156968,76.0999984741211,136248.0,-0.11066964186603734,14920.0,110076.0,-0.006988352745424309,190.3000030517578,85498.0,-0.020586721241247052,62.79999923706055,164951767.0,-0.030864254946096237,8.3100004196167,177484483.0,0.0246610075716569,28.299999237060547,23400.0,-0.022452556433470328,3934.3798828125,20662410000.0,-0.03372548812685794
2022-50,2654,16149.0,6287.0,32696.0,7942.0,4070.0,3209.0,1194.0,3564.0,19052.0,984.0,9829.0,9353.0,5668.0,674.0,704.0,258.0,2063.0,808.0,1644.0,0.0,63074,4063,2189.0,30825.0,1435.0,1572.0,2114.0,842.0,914.0,2315.0,2749.0,9658.0,1075.0,5800.0,1586.0,3197.473954637204,3808.35682437032,3300.1227715250425,3275.2562695618153,6235.432386934673,3050.571853360489,6297.304806034483,56.97783768444949,1568.0,77.22748869849757,56655.138938407545,2257706.25,82722.78319087868,187.93470760564975,13502.5,445.80234211753657,3291.1101957315523,287500.0,4755.4992536277805,11014.059036202552,1004000.0,25022.131372085234,12.35125534263636,128.0,17.384561060952137,78.80000305175781,108023353.0,0.12410848455080226,1790.0,1991.0,-0.0045047415026509,17.549999237060547,17313600.0,-0.05492732765353592,16.67799949645996,16300.0,0.027919821530950184,5058.8798828125,0.0,0.0,6.9721999168396,0.0,0.0008469210555677176,878.0499877929688,0.0,0.01685001481525039,74.29000091552734,1292767.0,0.04604343040024883,3954.22998046875,507500.0,-0.01100734570038786,79.04000091552734,131311.0,0.038633409991539525,14760.0,153358.0,-0.01072386058981234,185.1000061035156,73939.0,-0.02732525940542374,65.30000305175781,284885978.0,0.03980897842466735,8.350000381469727,164899035.0,0.004813472904117155,29.049999237060547,31500.0,0.026501767498913198,3852.360107421875,25443390000.0,-0.02084693848424035
2022-51,2479,13095.0,4704.0,33399.0,9265.0,6140.0,3902.0,2030.0,3515.0,14989.0,659.0,8701.0,9297.0,4318.0,914.0,1330.0,455.0,1913.0,880.0,1420.0,0.0,60463,3319,2086.0,26939.0,859.0,1640.0,681.0,1326.0,2674.0,3384.0,3168.0,9614.0,591.0,5982.0,1519.0,3065.195563835072,2549.9298461108,2988.024477124183,4219.199641588634,4967.768603696099,3616.1214706896553,6134.027042032622,61.80716550032896,5670.0,161.76215035961138,58794.44840915149,31076420.0,192121.3497768463,223.71713771657042,25672.8,752.9710528567987,3399.5353197097584,1449580.44,10482.081006913848,10349.561045165112,4705258.0,33983.720936071775,13.21519324744558,93.0,17.204885432540244,86.19999694824219,269880517.0,0.09390854834896234,1795.9000244140625,625.0,0.003296103024615915,17.510000228881836,16760000.0,-0.0022791458642484885,14.130000114440918,17100.0,-0.1527760798026092,5058.8798828125,0.0,0.0,6.982999801635742,0.0,0.0015489924163043511,870.8599853515625,0.0,-0.008188602632383968,79.55999755859375,1015617.0,0.07093816904187067,3828.219970703125,403800.0,-0.03186714237361765,83.91999816894531,81824.0,0.06174085522384276,15895.0,110713.0,0.07689701897018963,192.8000030517578,55242.0,0.04159911774360525,67.30000305175781,495168621.0,0.030627869931564522,8.149999618530273,79342447.0,-0.023952186084122085,29.200000762939453,29800.0,0.00516356384917005,3844.820068359375,18506410000.0,-0.001957251879951105
2022-52,2232,13286.0,5759.0,27555.0,6821.0,5581.0,4175.0,2048.0,3008.0,17164.0,945.0,6558.0,4728.0,3012.0,666.0,824.0,412.0,1390.0,1132.0,1778.0,0.0,53421,3856,2370.0,24445.0,1366.0,1505.0,2036.0,573.0,1633.0,1682.0,3273.0,7940.0,775.0,5041.0,782.0,2679.520298357732,2780.494043778802,3875.5836825563124,3178.5618548069347,9326.201884615386,3537.7536086556165,4577.932818713451,51.06663735074248,849.0,72.83899415302665,66044.48146653676,1966117.88,111005.3351649257,285.1802098172289,21112.59,979.9190102420631,3190.1652702929714,523736.72,6109.416725653489,11121.16461749093,893390.0,26134.351679259322,16.77531581776643,161.0,26.987898108369517,80.0999984741211,137738947.0,-0.07076564605662072,1819.699951171875,875.0,0.013252367300110368,17.190000534057617,14477800.0,-0.01827525360601634,13.854000091552734,17800.0,-0.019532910166512374,5058.8798828125,0.0,0.0,6.963099956512451,0.0,-0.0028497559342088863,856.0,0.0,-0.017063575777412243,80.26000213623047,813085.0,0.008798448958236671,3871.6298828125,393100.0,0.011339450826124198,85.91000366210938,52870.0,0.02371312603174558,15620.0,67137.0,-0.01730103806228378,177.60000610351562,51999.0,-0.07883815719734033,65.5,167787500.0,-0.026745957951495147,7.960000038146973,52467402.0,-0.02331283304005405,27.790000915527344,38000.0,-0.04828766474560087,3839.5,12097370000.0,-0.001383697615177426
2023-01,2026,11433.0,3709.0,20149.0,5136.0,4149.0,2573.0,905.0,2128.0,9756.0,726.0,4841.0,8528.0,2896.0,302.0,354.0,288.0,1383.0,965.0,633.0,0.0,40427,2573,2659.0,16212.0,739.0,1994.0,1236.0,850.0,1941.0,1287.0,2393.0,6211.0,352.0,4178.0,375.0,2612.482544715447,3073.6478591648975,3670.3314548712933,3417.1818628454453,5677.986953125,3404.582512660113,4622.594098651526,68.95848450057406,7331.0,128.2524399981586,57774.43325796391,6962098.5,84918.587331978,189.9127487190911,13190.18,497.1045046123416,3179.6667231009133,146475.0,4361.278546146879,10447.287942080642,500906.63,20965.052921253027,14.671419024281578,117.0,22.04612132919034,77.80000305175781,72735950.0,-0.02871405076376332,1864.199951171875,104.0,0.024454581081536197,17.1299991607666,13958000.0,-0.0034904811766665045,13.925000190734863,6200.0,0.005124880807920507,5058.8798828125,0.0,0.0,6.881499767303467,0.0,-0.0117189455441703,851.5,0.0,-0.005257009345794428,73.7699966430664,1249813.0,-0.08086226414681819,3980.889892578125,453300.0,0.02822067528992589,78.56999969482422,104149.0,-0.08543829186824337,15655.0,105439.0,0.0022407170294493906,176.3000030517578,105925.0,-0.0073198367515826535,63.599998474121094,103659012.0,-0.02900765688364737,7.809999942779541,80683758.0,-0.018844232996052868,26.996999740600582,48800.0,-0.028535485743135802,3895.080078125,16190230000.0,0.014475863556452584
2023-02,2674,15428.0,6103.0,31930.0,6310.0,6337.0,5448.0,1794.0,2094.0,16119.0,585.0,7423.0,9100.0,5713.0,707.0,817.0,240.0,1445.0,734.0,1215.0,0.0,59771,3835,2925.0,27870.0,928.0,1501.0,3000.0,908.0,1806.0,2330.0,3122.0,9287.0,983.0,3866.0,1245.0,3334.8506249625502,3582.024846813725,3012.294617944294,4350.499483300265,3503.465743639922,4103.7009913965585,5954.069730195179,65.22740108705554,373.0,92.32071565388458,68408.79503412769,3713178.0,98671.23201242689,208.58121462194765,17889.35,561.4385541524607,3665.7110261841717,329238.0,7419.875017040359,12385.43867755222,1119000.0,29059.946721017237,17.8109591056193,216.0,31.738898013530324,74.5,72883102.0,-0.04241649000402259,1918.4000244140625,1970.0,0.029074173726973962,17.010000228881836,19678000.0,-0.007005191930166799,14.149999618530272,6600.0,0.0161579479147953,5058.8798828125,0.0,0.0,6.737800121307373,0.0,-0.020882024392249954,818.0,0.0,-0.039342337052260756,79.86000061035156,1578855.0,0.08255394122832116,4074.3798828125,505400.0,0.0234846963259836,85.27999877929688,128738.0,0.08540154143483702,14655.0,127602.0,-0.06387735547748319,191.3000030517578,102730.0,0.08508224469852288,61.900001525878906,120694800.0,-0.02672951240610355,7.949999809265137,87415657.0,0.017925719271615126,27.885000228881836,19800.0,0.032892562018504545,3999.090087890625,20846120000.0,0.0267029194983055
2023-03,2250,12549.0,5051.0,24702.0,5196.0,5007.0,1793.0,922.0,2798.0,11767.0,403.0,8611.0,7265.0,4505.0,630.0,654.0,123.0,2032.0,459.0,529.0,0.0,47498,3212,3270.0,21196.0,841.0,942.0,1224.0,853.0,1705.0,1292.0,2215.0,9668.0,785.0,2708.0,799.0,2554.6300494848706,2812.252162346521,3026.139653497409,3655.4643107791976,4821.396788990825,3385.482485662148,4450.23431569343,63.756422418699955,7347.0,255.70808933895958,59302.23745127238,4405807.0,106117.9307249701,244.65978435438268,88116.14,1121.9238103327,3043.8457342130064,201227.76,5110.07735716234,10959.483517624882,821400.0,27218.860592618905,11.801262959472195,111.0,16.126665417686347,73.5999984741211,26537818.0,-0.012080557394347768,1926.4000244140625,3450.0,0.004170141731750343,18.399999618530273,16997700.0,0.08171660029071082,14.321000099182127,11000.0,0.01208483994783438,5058.8798828125,0.0,0.0,6.7758002281188965,0.0,0.005639838838696454,823.25,0.0,0.006418092909535433,81.30999755859375,763832.0,0.01815673600250678,4181.52978515625,549300.0,0.02629845655672769,87.62999725341797,116315.0,0.02755626768010222,14865.0,98144.0,0.014329580348004134,210.1999969482422,179112.0,0.09879766646616739,62.0,43725971.0,0.0016154841947666476,8.100000381469727,85528018.0,0.018867996956399402,28.489999771118164,27300.0,0.021696235871273117,3972.610107421875,16539130000.0,-0.006621501363255677
2023-04,2280,12711.0,4809.0,23584.0,6317.0,4929.0,2067.0,250.0,1992.0,11420.0,479.0,9881.0,8510.0,3355.0,611.0,579.0,264.0,1872.0,547.0,665.0,0.0,47421,3002,2081.0,20395.0,426.0,2319.0,1720.0,619.0,1389.0,1539.0,3020.0,9641.0,649.0,2887.0,736.0,2385.4713916579226,2932.145435078178,3816.5855752961083,3574.3169628399414,7638.373458646617,3406.982643985137,4623.549802478698,41.19745897300159,3689.0,60.32462533955339,59799.74738037827,6944492.0,113780.40855914642,177.9393124105192,25343.0,490.6926670183174,3118.084897709291,455294.4,6090.587239768157,10784.24177379248,497840.0,22696.892745363213,15.086749302991485,136.0,22.093076900605183,73.5999984741211,26537818.0,-0.012080557394347768,1928.5999755859375,151459.0,0.0011420012167744353,18.61000061035156,17101000.0,0.011413097618208523,14.345000267028809,41400.0,0.0016758723329701741,5058.8798828125,0.0,0.0,6.78249979019165,0.0,0.000988748464712863,801.780029296875,0.0,-0.026079527121925294,79.68000030517578,1541165.0,-0.02004670154175514,4181.52978515625,549300.0,0.02629845655672769,86.66000366210938,91958.0,-0.011069195728757864,14440.0,114532.0,-0.028590649175916583,197.6000061035156,104530.0,-0.05994286882805766,62.0,43725971.0,0.0016154841947666476,7.929999828338623,29016353.0,-0.02098772162036089,28.0,43900.0,-0.017199009303429436,4070.56005859375,18707010000.0,0.024656321290850824
2023-05,2454,13859.0,4072.0,26063.0,4103.0,5045.0,4345.0,2045.0,4166.0,10690.0,233.0,5229.0,6623.0,3813.0,745.0,541.0,316.0,1227.0,1600.0,1479.0,0.0,48097,2822,1445.0,22035.0,983.0,1492.0,1790.0,503.0,1673.0,1100.0,1633.0,6753.0,787.0,6396.0,1507.0,2192.029103346902,3621.2132114624505,2598.6642944701716,3624.0999909035777,4648.650912280702,3836.1771278901733,7114.2869743589745,38.294006868284036,3666.0,79.05783065445581,67827.69987355053,3092381.5,108005.44200100724,386.97099061292107,22260.25,1938.1772376638141,2954.4465628566168,219075.0,5338.684653626718,11318.0220984723,999520.0,25985.291372721513,18.380747285109514,267.0,41.94776977562108,79.5,75926106.0,0.08016306587225586,1862.9000244140625,33160.0,-0.03406613709611517,22.850000381469727,27022100.0,0.2278344778108028,14.982000350952148,31500.0,0.04440572130120124,5058.8798828125,0.0,0.0,6.731500148773193,0.0,-0.0075192986356165115,779.5,0.0,-0.02778820684323302,73.38999938964844,1754188.0,-0.0789407742399163,4141.6298828125,681000.0,-0.009541939049528714,79.94000244140625,113816.0,-0.07754443730356464,15960.0,134146.0,0.10526315789473695,217.8000030517578,117582.0,0.10222670204605233,63.599998474121094,154250032.0,0.025806427001953125,8.479999542236328,181059778.0,0.06935683805846105,28.99799919128418,28600.0,0.035642828260149306,4136.47998046875,23657120000.0,0.01619431255800552
2023-06,2434,17098.0,3653.0,30373.0,5403.0,4214.0,3573.0,1467.0,1222.0,14471.0,448.0,9366.0,9013.0,5509.0,573.0,980.0,245.0,2518.0,1315.0,1613.0,0.0,56527,2967,1564.0,26780.0,1430.0,958.0,964.0,1146.0,1240.0,2294.0,2237.0,7954.0,716.0,7305.0,1939.0,2322.607702443699,2969.3102217898836,3545.165280490859,4070.086412180053,8737.650707547169,3320.841073409763,11617.255808147174,37.29539046412165,1118.0,39.35290397385894,70920.37618237073,2484870.0,121767.86155794722,227.79435960823832,49697.4,780.9446310100479,3125.1531353530263,191451.23,6065.2911826647205,11354.201778673552,610000.0,27026.984770286632,13.576573030169428,162.0,21.262546106511767,75.5,47169849.0,-0.05031446540880502,1862.800048828125,1201.0,-5.366664052142145e-05,22.459999084472656,20070400.0,-0.017067890174450207,14.689000129699709,5300.0,-0.019556815804894767,5058.8798828125,0.0,0.0,6.779699802398682,0.0,0.00716031383201754,799.7999877929688,0.0,0.026042319169940598,79.72000122070312,1821993.0,0.08625155857335409,4106.31005859375,485400.0,-0.008528001105392091,86.38999938964844,147052.0,0.080685473495824,15300.0,222525.0,-0.041353383458646586,265.3999938964844,259325.0,0.21854908254255134,60.599998474121094,88110629.0,-0.04716981245244378,8.579999923706055,90808666.0,0.011792498451403732,29.81999969482422,54800.0,0.02834680069192852,4090.4599609375,20661640000.0,-0.011125406081630485
2023-07,2368,13921.0,6209.0,30068.0,5189.0,4278.0,2484.0,1477.0,2199.0,14955.0,652.0,9821.0,9420.0,5521.0,542.0,530.0,221.0,1206.0,796.0,1285.0,0.0,55387,4124,3261.0,25223.0,1353.0,1127.0,1729.0,686.0,1157.0,1879.0,2957.0,9242.0,824.0,5229.0,720.0,1947.8068966684723,2769.6379663906478,3309.6803812358276,3415.6213435888317,5404.630608308605,2847.2363199076453,4635.626798941799,36.41428058376049,7354.0,70.78000657759397,69415.03867859232,6018201.5,104163.71157678016,240.81695197244426,120364.03,923.4060431335458,2628.2627633716775,357044.9,4848.449665934431,10977.03806330019,974380.0,28650.453315430663,14.996409306557483,182.5,25.485325164878248,73.30000305175781,34726118.0,-0.02913903242704885,1840.4000244140625,1850.0,-0.012024921530442434,22.15999984741211,17914400.0,-0.01335704582766195,14.526000022888184,9100.0,-0.011096746229987131,5058.8798828125,0.0,0.0,6.8597002029418945,0.0,0.011799991574097168,791.1199951171875,0.0,-0.010852704186372297,76.33999633789062,1076590.0,-0.04239845498063943,4034.510009765625,628500.0,-0.017485296483605972,83.0,107452.0,-0.03924064606550559,15590.0,157452.0,0.018954248366013005,269.0,125913.0,0.01356445435684428,59.79999923706055,86068592.0,-0.013201307874655788,8.3100004196167,67744949.0,-0.031468473949907816,30.267000198364254,48800.0,0.01498995667721692,4079.090087890625,19642940000.0,-0.0027796074660193515
2023-08,2392,16072.0,5302.0,30058.0,3754.0,5492.0,5041.0,1223.0,1819.0,12036.0,466.0,8652.0,9237.0,5335.0,350.0,539.0,136.0,2230.0,1241.0,1389.0,0.0,55186,2997,2608.0,27058.0,885.0,1931.0,2152.0,824.0,776.0,2003.0,1892.0,6915.0,1017.0,6631.0,494.0,1826.9143459690335,2927.7237957181087,2977.3805171345994,3247.4873409481697,4145.454677419355,2301.938411481157,5607.061534591195,37.643418803418804,773.0,39.574896226019405,63664.414711667705,9802970.0,109559.59586831248,223.94500458971248,29829.71,1008.1738092097441,2418.683812575812,167625.0,4024.988893670004,11028.070274071402,787725.0,25657.358760827236,17.541569681670655,190.5,29.769197073625516,79.5999984741211,91777265.0,0.08594809222470023,1808.800048828125,1835.0,-0.017170166902164774,23.979999542236328,16202700.0,0.0821299506929718,14.83899974822998,13700.0,0.021547550932714543,5058.8798828125,0.0,0.0,6.9070000648498535,0.0,0.00689532494257894,803.7999877929688,0.0,0.016027900639653314,76.31999969482422,1397461.0,-0.00026194189187411787,4061.050048828125,616500.0,0.006578255847242698,83.16000366210938,80084.0,0.0019277549651732784,15960.0,135267.0,0.023733162283515075,266.20001220703125,110943.0,-0.010408876553787194,64.5999984741211,190846433.0,0.08026754679431147,8.3100004196167,84659960.0,0.0,31.1560001373291,41700.0,0.02937192100764885,3970.0400390625,16031550000.0,-0.026733915279747333
2023-09,2472,13638.0,4661.0,28586.0,3744.0,5479.0,4742.0,1218.0,2494.0,13461.0,920.0,3359.0,9410.0,5283.0,524.0,326.0,274.0,1732.0,646.0,761.0,0.0,50629,3536,2509.0,23506.0,1039.0,2072.0,1345.0,631.0,1062.0,2999.0,2105.0,7027.0,687.0,5275.0,372.0,1578.7298155842263,3096.195318595579,2829.201537509284,3566.2824653040625,10093.6093697479,3261.933426657095,5095.169085714286,35.2765557843031,3662.0,35.83150095588055,58826.5942840712,2856407.5,86070.77808329096,185.19994036875818,21750.745,529.0425140182917,2490.718859928513,148781.26,4011.638845318847,11349.97147857168,526300.0,23305.52499728718,11.76865909332201,109.0,16.24342495312209,81.0999984741211,47181641.0,0.018844221466758793,1847.699951171875,1873.0,0.021505916239305867,22.40999984741211,28917400.0,-0.06547121454522775,15.366999626159668,11400.0,0.035581904905191974,5058.8798828125,0.0,0.0,6.91379976272583,0.0,0.0009844647187104982,812.3800048828125,0.0,0.010674318512248648,79.68000030517578,1542837.0,0.044025165406013755,4130.5498046875,668600.0,0.01711374029468815,85.83000183105469,102887.0,0.03210675867444501,16965.0,142579.0,0.06296992481203012,290.0,112239.0,0.08940641135079597,67.0999984741211,149102380.0,0.038699691316579576,8.920000076293945,147897363.0,0.07340549047834855,32.242000579833984,58600.0,0.03485686345224104,4045.639892578125,21459460000.0,0.01904259220858573
2023-10,2179,12895.0,4236.0,26268.0,6336.0,5046.0,3637.0,1698.0,3293.0,12853.0,263.0,4155.0,9087.0,5048.0,568.0,497.0,266.0,1701.0,698.0,925.0,0.0,49735,2976,3371.0,18317.0,1117.0,1747.0,1574.0,690.0,1313.0,2173.0,2761.0,9060.0,1089.0,4771.0,1752.0,1824.2636829599455,2317.663321377331,2934.9638989373725,3023.161100071608,6189.8056470588235,3570.1677086614177,4271.888069053709,36.542190369863505,7673.0,76.99771938668445,67835.9983623173,6368846.0,106069.38007379678,195.48555193996944,23841.22,505.6764507672551,2619.017692663324,326672.87,5091.993894994588,11822.710740068993,4155700.0,36967.8601447425,18.459404672996907,216.0,29.987106560492503,79.0999984741211,74418646.0,-0.02466091291775052,1862.0,1110.0,0.007739378257306084,19.56999969482422,18623900.0,-0.1267291464491398,14.638999938964844,26600.0,-0.04737422430566929,5058.8798828125,0.0,0.0,6.963600158691406,0.0,0.007203042852653052,795.9500122070312,0.0,-0.020224516331062703,76.68000030517578,1748316.0,-0.03765060226543604,3967.139892578125,717200.0,-0.039561298092552044,82.77999877929688,126111.0,-0.035535395394274305,15855.0,124156.0,-0.06542882404951367,303.0,114817.0,0.04482758620689653,68.69999694824219,403880918.0,0.02384498525343748,8.539999961853027,86566921.0,-0.04260090932631466,30.816999435424805,60500.0,-0.044197044810564856,3861.590087890625,21422390000.0,-0.04549337300760414
2023-11,1900,14828.0,3954.0,20042.0,5844.0,4762.0,1049.0,265.0,2727.0,13671.0,517.0,6951.0,6831.0,4749.0,325.0,471.0,53.0,1522.0,276.0,499.0,0.0,44668,2861,3415.0,14087.0,1082.0,1715.0,1798.0,677.0,840.0,2747.0,2470.0,9726.0,705.0,4454.0,952.0,3227.574705319149,3273.077336122734,2479.639361474753,3325.8946666666666,6120.558354037267,2839.496149703823,4446.17906455863,33.2304,7676.0,54.50980373541987,74367.50525048093,1892120.88,102058.18773769487,206.98966014748316,66622.045,698.7665439434304,3156.618142834242,100000.0,4795.582545756425,11244.223612335683,579615.0,26593.66283968848,17.82083600512985,188.0,29.888333582917987,69.0,144539841.0,-0.1276864559918478,1969.800048828125,1650.0,0.05789476306558816,23.979999542236328,44615200.0,0.22534491140428803,14.69200038909912,63700.0,0.003620496642888993,5058.8798828125,0.0,0.0,6.897500038146973,0.0,-0.00949223376387176,824.8300170898438,0.0,0.03628369173930057,66.73999786376953,1924820.0,-0.12962966095261363,3958.820068359375,766000.0,-0.0020971844815240726,72.97000122070312,182598.0,-0.11850685797602611,16035.0,152457.0,0.011352885525070855,302.0,188502.0,-0.0033003300330033403,65.4000015258789,344851034.0,-0.048034869999331486,8.920000076293945,144423904.0,0.044496500718773424,30.01799964904785,33800.0,-0.02592724149056791,3916.639892578125,33867970000.0,0.014255734926430508
2023-12,1909,14711.0,4786.0,19064.0,5620.0,6620.0,2133.0,593.0,2297.0,12205.0,375.0,5730.0,6633.0,4149.0,411.0,727.0,185.0,1380.0,473.0,270.0,0.0,44181,2950,2849.0,12750.0,865.0,1824.0,1874.0,764.0,730.0,2516.0,3319.0,9022.0,938.0,5705.0,1025.0,2118.619736367152,2717.037888446215,2402.3874954486346,2996.0696759082216,6031.324684210526,2538.9503399703453,3763.085395833333,33.27072992106762,7389.0,101.51648456104567,74293.12358160333,3907323.5,118878.16618962656,247.1934717332362,13016.53,869.9201927593656,2571.383915058071,76930.0,3356.1817179138266,11245.795643438145,1027026.0,26634.038767645132,14.929059932823439,99.0,20.33551052585894,70.5,40246039.0,0.021739130434782705,1982.0999755859375,538.0,0.006244251422945268,23.15999984741211,25285500.0,-0.034195150562031595,14.842000007629396,30300.0,0.010209611663335671,5058.8798828125,0.0,0.0,6.818399906158447,0.0,-0.011467942232846418,806.7999877929688,0.0,-0.021859084809362717,69.26000213623047,1540100.0,0.037758530912823884,4027.050048828125,817900.0,0.017234928410632788,74.98999786376953,98528.0,0.02768256282409509,15785.0,139994.0,-0.015590894917368203,292.0,118594.0,-0.0331125827814569,64.19999694824219,99657016.0,-0.01834869341955403,9.199999809265137,158708934.0,0.03139010432469913,30.56999969482422,27300.0,0.018388968359984492,3970.989990234375,24375960000.0,0.01387671553855152
2023-13,2094,12322.0,3589.0,22029.0,5638.0,6852.0,3972.0,1425.0,3022.0,9172.0,271.0,7202.0,6404.0,663.0,521.0,426.0,131.0,2165.0,629.0,717.0,6.0,43578,2564,1720.0,15456.0,1322.0,2897.0,1651.0,886.0,1694.0,1531.0,1899.0,7368.0,837.0,5771.0,546.0,1917.8673462266383,2552.872978628673,1874.4833897258582,49566.68642341041,3545.8828599999997,2770.686943181818,3132.0208185721954,40.733210934312524,7396.0,213.86730021373108,87730.22060718185,11017143.0,290482.30942231027,243.53100084920538,34462.5,807.7097615734244,8912.943040357475,1669514.03,103191.99934037084,17382.197573698897,1650021.78,104774.40403807085,23.37088034291722,338.0,56.6493210256575,68.5,23379966.0,-0.028368794326241176,1969.0,100537.0,-0.006609139673726561,23.579999923706055,15320900.0,0.018134718439597686,15.029000282287598,11500.0,0.012599398636442327,5058.8798828125,0.0,0.0,6.8703999519348145,0.0,0.007626429439757665,788.8200073242188,0.0,-0.022285548761515117,75.66999816894531,1568843.0,0.09254975216585692,4050.929931640625,722800.0,0.005929869885637373,79.7699966430664,87978.0,0.06374181778189203,12445.0,342849.0,-0.2115932847640165,302.0,103761.0,0.03424657534246567,64.30000305175781,89229387.0,0.0015577275431375437,8.829999923706055,202796870.0,-0.040217379698906375,30.43400001525879,25100.0,-0.004448795581390108,4109.31005859375,20849370000.0,0.03483264090303373
2023-14,2148,15530.0,5334.0,21945.0,4180.0,5927.0,3141.0,2043.0,2767.0,10767.0,223.0,7214.0,5967.0,3537.0,809.0,658.0,199.0,1655.0,671.0,1299.0,112.0,46989,3209,2282.0,16449.0,1277.0,1711.0,2270.0,1006.0,1691.0,2517.0,2278.0,8280.0,638.0,5800.0,790.0,2296.128943891135,2362.512043301759,2375.778474123182,3348.3866599053413,3952.8366615384616,2816.6031101981634,5091.710155592935,33.979079017823,7349.0,147.61148961632907,66989.13226254548,10154374.0,126023.6657534893,162.98747024711946,31968.25,539.504609036222,2718.9428113629474,887640.0,6894.683974733602,11944.82906723772,1854940.0,29252.196496866352,15.835790630685263,200.0,29.20635762918702,69.4000015258789,16943598.0,0.013138708406991384,2011.9000244140625,2073.0,0.02178772189642575,17.389999389648438,38384300.0,-0.26251062570337524,14.729999542236328,19600.0,-0.019894918786025784,5058.8798828125,0.0,0.0,6.874899864196777,0.0,0.0006549709323246944,819.4000244140625,0.0,0.03876678685366408,80.69999694824219,1145670.0,0.06647282808262522,4123.27978515625,658600.0,0.017860060464270466,85.12000274658203,98936.0,0.06706789931876789,11470.0,129380.0,-0.07834471675371635,289.6000061035156,102331.0,-0.04105958243869001,65.5999984741211,58719453.0,0.020217657242051157,8.609999656677246,93552041.0,-0.02491509274401804,29.492000579833984,36200.0,-0.030952205919449027,4105.02001953125,15917210000.0,-0.001043980376591036
2023-15,2433,15895.0,4426.0,28888.0,5464.0,5655.0,3746.0,2161.0,3943.0,9255.0,522.0,9923.0,8272.0,5359.0,419.0,618.0,313.0,2152.0,1164.0,1161.0,10.0,54673,3585,1928.0,23879.0,1548.0,1336.0,1229.0,849.0,1181.0,2925.0,2233.0,8835.0,885.0,6598.0,1247.0,2173.4738278186696,7051.217348397065,2262.636908895651,2918.009512070724,6366.297670454545,2872.1283660570202,4181.017906077348,32.82569920325257,447.0,27.686476842784682,65555.04916112767,1872449.38,92441.86382688256,251.8885591499951,24124.44,849.8833408523662,2855.758036410072,990000.0,19944.46433869757,12675.281049572706,12360000.0,77853.08736650394,14.857732228807178,152.0,21.369450547847617,69.9000015258789,36235948.0,0.007204610792602928,2002.199951171875,2653.0,-0.004821349532520891,21.649999618530273,32703700.0,0.24496839438750295,15.663999557495115,18800.0,0.06340801386861328,5058.8798828125,0.0,0.0,6.867800235748291,0.0,-0.0010326882701898743,793.7000122070312,0.0,-0.031364426948130575,82.5199966430664,1467081.0,0.022552661259596984,4092.0,779500.0,-0.007586141806058544,86.30999755859375,133491.0,0.013980201757682664,13375.0,189316.0,0.16608544027898864,326.0,152564.0,0.12569058401011723,66.80000305175781,112627255.0,0.01829275313337253,9.380000114440918,180406642.0,0.08943095104150434,31.694000244140625,16700.0,0.07466430289616643,4137.64013671875,17894880000.0,0.00794639661494867
2023-16,2436,15084.0,4306.0,26650.0,4493.0,5392.0,3106.0,2377.0,4807.0,9529.0,383.0,10396.0,5670.0,3282.0,302.0,419.0,808.0,1744.0,963.0,1347.0,8.0,50533,3681,756.0,24406.0,878.0,939.0,633.0,1275.0,1208.0,2194.0,2255.0,6836.0,869.0,7260.0,1024.0,1779.1795500750443,3025.4266053249803,1968.732178828366,3089.2579728789983,2904.3181976744186,2398.2306306179776,2994.0327771855013,35.90630886795806,7419.0,91.9902033919304,63678.64928462277,4611973.0,119678.00146408365,212.23843740004975,43032.0,771.4611829526276,2078.021808166601,138000.0,3261.8810774792473,11502.661584278048,779585.59,24891.8577357732,11.867799139983653,107.0,16.14580265515117,65.0,49255265.0,-0.07010016336072311,1979.5,983.0,-0.011337504607663584,19.25,18410100.0,-0.11085448779759377,15.579999923706056,25700.0,-0.005362591685522999,5058.8798828125,0.0,0.0,6.872099876403809,0.0,0.0006260579090722196,792.22998046875,0.0,-0.0018521251299890018,77.87000274658203,1044175.0,-0.05634990409170215,4032.570068359375,865100.0,-0.014523443704942518,81.66000366210938,132163.0,-0.0538754956322135,12815.0,188543.0,-0.04186915887850462,310.0,216888.0,-0.049079754601227044,64.9000015258789,122483654.0,-0.02844313531552911,9.550000190734863,198148598.0,0.01812367528996317,31.280000686645508,21000.0,-0.013062395226416834,4133.52001953125,18104210000.0,-0.0009957649895496745
2023-17,2877,19297.0,7920.0,35161.0,6896.0,10532.0,3347.0,2677.0,2242.0,16189.0,469.0,13250.0,9360.0,4377.0,867.0,575.0,366.0,2554.0,929.0,1483.0,57.0,69274,4354,4156.0,30526.0,1006.0,2872.0,3057.0,898.0,1997.0,1927.0,3290.0,10866.0,773.0,6679.0,1227.0,1879.7440938197626,2205.9278245541273,2312.8629499032468,2904.056248381528,5016.450580110498,2827.1893847420415,3355.1535307017543,31.244034679419965,3680.0,32.02900995660389,61618.42968646105,5509926.0,112592.77272891822,226.44734207968904,29666.715,633.0967022495076,2356.952805738837,614250.0,4774.054509209163,11419.256134852438,1498500.0,27488.938130278188,15.678430770804562,126.0,23.311368514321252,65.0,43903063.0,0.0,1990.0999755859375,1573.0,0.0053548752644292374,17.06999969482422,23729700.0,-0.11324676910004061,15.055999755859377,16100.0,-0.03363287358232758,5058.8798828125,0.0,0.0,6.922299861907959,0.0,0.007304897543255695,802.8599853515625,0.0,0.013417827076580569,76.77999877929688,1840423.0,-0.013997738908940738,4029.090087890625,838700.0,-0.0008629683823859757,79.54000091552734,84968.0,-0.025961335433612343,12195.0,123959.0,-0.0483808037456106,281.20001220703125,187557.0,-0.09290318642893147,63.099998474121094,108039738.0,-0.027735023257897118,9.079999923706056,132041437.0,-0.04921468666406814,30.191999435424805,23700.0,-0.03478264793277985,4169.47998046875,18944960000.0,0.008699597623232913
2023-18,2214,10000.0,4450.0,23509.0,4283.0,7550.0,2437.0,953.0,1489.0,8420.0,258.0,8482.0,6582.0,976.0,319.0,610.0,381.0,1124.0,807.0,1053.0,801.0,42242,2712,1552.0,19044.0,682.0,2568.0,1298.0,349.0,1725.0,989.0,1643.0,8146.0,808.0,2585.0,853.0,1658.9685049864852,2043.900965314136,2492.858418433578,3307.9091905855335,4295.127229381444,2878.493897964015,4394.778578236696,33.60155629000544,468.0,17.883796880615797,63191.33356853238,2614508.75,102740.46914540631,238.2937041758977,20682.71,724.169122568716,2406.311876018894,151209.59,4360.273616656759,12571.587441165406,1135134.0,29848.58695151113,13.366739121347656,112.5,19.964920079724006,59.5,37725101.0,-0.08461538461538465,2017.4000244140625,4444.0,0.013717928326735018,17.469999313354492,15192500.0,0.023432901328730438,14.817999839782717,23200.0,-0.01580764611689356,5058.8798828125,0.0,0.0,6.905700206756592,0.0,-0.0023979971227064967,798.1300048828125,0.0,-0.005891413889158814,71.33999633789062,1866440.0,-0.07085181724271017,4016.8798828125,434200.0,-0.0030305118058349123,75.30000305175781,133624.0,-0.05330648497568502,11820.0,89071.0,-0.03075030750307506,197.8000030517578,197204.0,-0.2965860794268773,61.20000076293945,91317861.0,-0.03011089947903689,9.020000457763672,120553641.0,-0.006607870754022582,28.679000854492188,53200.0,-0.050112566548255466,4136.25,21160370000.0,-0.007969814131357
2023-19,2803,21212.0,6974.0,32946.0,8001.0,9547.0,3395.0,1809.0,5844.0,15264.0,442.0,10905.0,9143.0,4865.0,561.0,702.0,602.0,2719.0,977.0,1644.0,714.0,69133,4210,2845.0,29959.0,1498.0,1884.0,2890.0,934.0,1432.0,2446.0,2849.0,11687.0,1214.0,9058.0,437.0,2099.4751758120005,1969.5708695652172,1891.6559230539815,2737.35331119338,5070.056485260771,2473.265305667113,3392.4850260869566,31.931737019243123,1149.0,22.483796028273748,65215.282159391616,17861186.0,133343.98329374503,300.8708096755132,129646.4,3408.5735794471557,2268.1319110808518,1318800.0,9158.355421554586,11011.350272075637,2374300.0,28335.607608659077,16.948282506487168,160.0,25.297019003453062,59.20000076293945,38001400.0,-0.005042003984210841,2014.5,697.0,-0.0014375058882557523,17.100000381469727,10214500.0,-0.021179103974087177,14.678999900817873,5300.0,-0.009380479178550338,5058.8798828125,0.0,0.0,6.947700023651123,0.0,0.006081905619568895,794.5,0.0,-0.004548137346804149,70.04000091552734,1600402.0,-0.018222532788003787,3937.760009765625,1031700.0,-0.019696848139625578,74.16999816894531,131025.0,-0.015006704342837573,12110.0,115198.0,0.024534686971235287,189.1999969482422,128364.0,-0.043478291055765506,60.20000076293945,82341463.0,-0.016339869077347524,9.6899995803833,194399030.0,0.07427927811721435,28.729999542236328,41300.0,0.0017782588732044857,4124.080078125,18795580000.0,-0.0029422597461469246
2023-20,2701,18203.0,5344.0,32682.0,6182.0,7082.0,3503.0,1456.0,4537.0,11306.0,405.0,13425.0,8074.0,5303.0,284.0,470.0,355.0,3324.0,867.0,1864.0,156.0,62411,4171,2127.0,28082.0,1261.0,1145.0,2036.0,1176.0,1489.0,3089.0,4601.0,8086.0,935.0,7204.0,1180.0,1682.7626826263568,2107.0151266308517,2130.917429601415,2825.6932646239557,3395.1794394618832,2742.6114455063407,2464.04625,32.86781741025347,7707.0,74.11642698811242,65706.87232509462,3031770.75,101479.0246334401,197.36759232710173,29019.0,638.2002825940951,2136.6777034350266,224714.47,3654.8820028604014,11695.777832463586,937520.0,26618.673238928586,16.351717513476316,207.5,28.211321557195234,60.29999923706055,36371016.0,0.01858105506663632,1978.699951171875,194.0,-0.017771183334884588,17.510000228881836,12661900.0,0.023976598728991938,14.689000129699709,6700.0,0.0006812609135093961,5058.8798828125,0.0,0.0,7.035099983215332,0.0,0.01257969677255577,795.6400146484375,0.0,0.001434883132079845,71.55000305175781,915862.0,0.02155913929886477,3944.5400390625,688200.0,0.0017217985047490725,75.58000183105469,121207.0,0.019010431399737238,11860.0,70412.0,-0.02064409578860449,184.3000030517578,99249.0,-0.025898488242707685,61.29999923706055,70089156.0,0.0182723996707701,9.40999984741211,95885371.0,-0.028895742528000756,28.385000228881836,33500.0,-0.012008329928697159,4191.97998046875,19277850000.0,0.016464254102122267
2023-21,2568,14582.0,4908.0,32474.0,7464.0,8840.0,4054.0,1407.0,2921.0,10499.0,684.0,9813.0,9168.0,5676.0,342.0,856.0,371.0,2999.0,868.0,898.0,32.0,59428,3731,1994.0,25909.0,1813.0,1490.0,1099.0,1012.0,831.0,2450.0,4892.0,10832.0,759.0,5523.0,824.0,2309.997047993246,2412.9134742547426,1992.6208599486051,2737.3818645584724,5402.785150684932,2484.433379112105,3492.9715442020665,33.5709599499001,1136.0,44.0615542786892,61157.44934035956,3454841.25,108267.86113267917,212.1673515995349,27122.295,597.3469505579261,2403.7619324110788,417195.0,8723.648746341236,11658.252042574759,782496.0,28296.455920152195,14.932276914820667,155.5,23.413440679293878,58.900001525878906,28923542.0,-0.023217209434410746,1944.0999755859375,166235.0,-0.017486216424802525,13.779999732971191,40309000.0,-0.21302115631947294,14.3100004196167,27500.0,-0.02580160029522427,5058.8798828125,0.0,0.0,7.077400207519531,0.0,0.006012739606419348,808.0999755859375,0.0,0.015660299517496812,72.66999816894531,1652309.0,0.015653320327286613,3850.949951171875,589600.0,-0.023726489518120952,76.94999694824219,139120.0,0.018126423445316675,11670.0,126595.0,-0.016020236087689765,186.8000030517578,70607.0,0.013564839710273446,61.29999923706055,56804881.0,0.0,9.010000228881836,133805934.0,-0.04250793039494882,27.6299991607666,21300.0,-0.026598592990216607,4205.4501953125,15747060000.0,0.0032133299554173433
2023-22,2493,13726.0,4756.0,27837.0,6201.0,5306.0,2852.0,1229.0,2923.0,12385.0,422.0,9093.0,7492.0,4039.0,477.0,327.0,404.0,2595.0,729.0,2125.0,122.0,52520,3424,2721.0,22429.0,1559.0,1383.0,1209.0,578.0,1221.0,1449.0,4812.0,8543.0,1015.0,4902.0,699.0,2225.08333608526,1968.7702166525064,2599.6710909763315,2494.423526088002,6626.912521367522,2094.901335112256,3381.4723380992427,33.51124336387922,7459.0,130.7593187594339,68839.63570926183,4820000.0,147993.48079459355,192.08590910627936,15021.95,500.189717584578,2361.5388462448855,335280.0,6450.330534184829,11340.31115781287,1513512.0,25636.409538156284,13.825702498901025,99.5,17.80179124673707,58.099998474121094,42330652.0,-0.013582394414817012,1952.4000244140625,44903.0,0.004269352879150867,14.1899995803833,18626900.0,0.029753255105739118,14.359999656677246,9800.0,0.0034940066802517933,5058.8798828125,0.0,0.0,7.0929999351501465,0.0,0.0022041607332083935,801.0,0.0,-0.008786011385273795,71.73999786376953,1603638.0,-0.01279758261468078,3861.830078125,655500.0,0.0028253098822574874,76.12999725341797,105869.0,-0.01065626676211262,12270.0,158276.0,0.05141388174807204,185.5,52025.0,-0.0069593309984989915,61.5,85601891.0,0.003262655227221245,7.090000152587891,275584747.0,-0.2130965624328538,27.829999923706055,24200.0,0.007238536699756493,4282.3701171875,19055240000.0,0.018290532119661584
2023-23,2634,16699.0,5347.0,31516.0,6879.0,10544.0,2885.0,1948.0,4365.0,11983.0,559.0,9825.0,9796.0,3764.0,404.0,548.0,414.0,1955.0,586.0,756.0,109.0,60441,3815,2575.0,26841.0,1233.0,3370.0,3652.0,694.0,1564.0,1885.0,2488.0,8808.0,1291.0,5261.0,779.0,1918.3976525487,2283.4774448217318,2055.24489071607,2926.2907406287786,4017.164709443099,2256.2192277452027,4096.4992511013215,29.273316138108918,7468.0,72.23859361241387,59419.397015065355,25210582.0,161489.9090857707,184.1482068116537,36062.39,585.779122272413,2255.446359839381,965874.04,6029.08679295246,10531.116206254763,2621687.38,27574.728451002273,19.48087519784278,160.5,32.86854871444878,61.79999923706055,53378067.0,0.06368331945116146,1962.199951171875,1498.0,0.005019425648057796,12.920000076293944,15869900.0,-0.08949961533790629,14.470000267028809,18100.0,0.007660209817652364,5058.8798828125,0.0,0.0,7.111199855804443,0.0,0.002565898889143492,788.3800048828125,0.0,-0.015755299771769704,70.16999816894531,1784152.0,-0.02188457961492507,3836.699951171875,593900.0,-0.0065073103799859755,74.79000091552734,169001.0,-0.017601423699387664,12315.0,125597.0,0.003667481662591676,185.1999969482422,58731.0,-0.0016172671253790183,62.900001525878906,107433147.0,0.022764252453315592,7.289999961853027,142794488.0,0.028208717201809286,28.399999618530273,44300.0,0.02048148388023119,4298.85986328125,19960900000.0,0.003850612077542559
2023-24,2701,17258.0,6479.0,36212.0,5721.0,9535.0,2803.0,2211.0,3462.0,15476.0,719.0,8996.0,7702.0,7805.0,316.0,521.0,641.0,2524.0,905.0,1798.0,256.0,65670,4566,2225.0,32736.0,1596.0,1660.0,1551.0,975.0,1189.0,3436.0,2643.0,8456.0,1272.0,6235.0,1696.0,2106.2726008683685,2459.647511574074,2052.3277108433736,2730.1006725778548,3257.4954356060607,2425.481281407035,2682.052982779828,32.587497960737394,7475.0,70.50826028374267,65000.19392462885,3205275.0,114132.87608299954,186.7508801457393,10595.975,483.78859382889135,2226.1906497090654,224608.71,4026.840104897128,11775.103836260807,893390.0,26964.620349082896,13.837375604981238,108.0,19.34698140590525,62.599998474121094,39977968.0,0.012944971633281233,1958.4000244140625,1205.0,-0.0019365644951438998,13.0,15235800.0,0.00619194452272831,14.736000061035156,20900.0,0.018382846516765694,5058.8798828125,0.0,0.0,7.119900226593018,0.0,0.0012234743735226594,793.0399780273438,0.0,0.005910821070638228,71.77999877929688,1290370.0,0.022944287478463776,3963.35009765625,630900.0,0.033010177521359596,76.61000061035156,129616.0,0.02433479973987218,12185.0,167604.0,-0.01055623223710922,187.8999938964844,72085.0,0.014578817455362936,64.80000305175781,122499367.0,0.03020670079152854,7.179999828338623,134345372.0,-0.015089181631002813,28.812000274658203,28900.0,0.014507065551476517,4409.58984375,23498470000.0,0.025757987929439397
2023-25,2618,18448.0,4895.0,31523.0,6861.0,12159.0,2707.0,2217.0,3615.0,12110.0,161.0,9568.0,9570.0,3919.0,344.0,452.0,360.0,2344.0,773.0,1232.0,196.0,61727,4695,2077.0,27718.0,1505.0,2850.0,1858.0,857.0,2206.0,2016.0,1931.0,10372.0,1271.0,5626.0,1440.0,2251.266375807654,2422.8605746320954,2135.4287493072234,2408.015793236496,4055.3803527607365,2257.682808040201,2897.2494860335196,34.48250225074783,7483.0,122.50525457535024,69790.07844466064,4507041.5,123493.57106778889,218.84636467923212,40782.47,636.6612506912492,2311.81429370081,109700.0,3299.163967881681,11443.611361629832,756756.0,26746.765367590124,14.755699474341474,133.0,21.91182040829358,60.20000076293945,19021653.0,-0.03833862251887754,1919.0999755859375,1092.0,-0.020067426643278985,12.18000030517578,9600700.0,-0.06307689960186313,14.09000015258789,43700.0,-0.04383821293238288,5058.8798828125,0.0,0.0,7.178500175476074,0.0,0.008230445233513795,804.1900024414062,0.0,0.014059851612774565,69.16000366210938,1438971.0,-0.036500350539754645,3864.030029296875,375700.0,-0.025059625294800103,73.8499984741211,103666.0,-0.03602665597495813,11805.0,116762.0,-0.031185884283955634,184.1999969482422,37848.0,-0.01969130957119969,61.5,87522525.0,-0.05092597062259385,6.869999885559082,69784784.0,-0.04317548052800879,27.790000915527344,21800.0,-0.03547130880842608,4348.330078125,17329740000.0,-0.013892395391790768
2023-26,2625,11736.0,5588.0,32401.0,4896.0,6894.0,2491.0,2938.0,3093.0,9312.0,396.0,9473.0,8493.0,5833.0,278.0,706.0,594.0,1802.0,854.0,1101.0,363.0,54621,4066,2256.0,29174.0,1042.0,1451.0,874.0,423.0,1209.0,3111.0,1364.0,6664.0,1251.0,4718.0,1084.0,2114.2714824586837,1853.263555087297,2013.3914035481698,2238.9070055420852,2841.3967754569194,2254.8886190621192,2883.742652134423,36.684948732830335,7687.0,87.51710514210212,60403.14061198169,3975193.5,113792.22743793383,223.16881150448182,240065.52,2418.9616929517993,2148.595755948926,94386.0,3525.2705135716838,12203.27360337267,1043328.0,27990.845200679247,13.885003546785322,97.5,19.516503763936658,59.0,45918141.0,-0.019933567238062277,1921.0999755859375,1482.0,0.0010421551901638182,12.390000343322754,10525800.0,0.01724138201028924,14.597000122070312,51100.0,0.03598296408742785,5058.8798828125,0.0,0.0,7.251800060272217,0.0,0.010211030578024749,802.8499755859375,0.0,-0.001666306285082686,70.63999938964844,1625901.0,0.02139959006899117,3842.449951171875,557600.0,-0.005584862943968094,74.9000015258789,84086.0,0.01421805109617913,11975.0,113758.0,0.014400677678949592,185.8999938964844,64715.0,0.009229082390918242,63.0,231819948.0,0.024390243902439046,7.059999942779541,79779947.0,0.027656486227873645,26.100000381469727,53100.0,-0.060813259387600405,4450.3798828125,18347970000.0,0.02346873463007748
2023-27,2740,16805.0,6443.0,37619.0,5691.0,9806.0,2696.0,3350.0,4330.0,12085.0,477.0,11762.0,7820.0,6469.0,387.0,911.0,866.0,2284.0,997.0,1602.0,716.0,66558,4696,1448.0,35270.0,1418.0,1354.0,1397.0,941.0,1631.0,1993.0,1643.0,11207.0,1305.0,5981.0,970.0,1968.3845425013535,1957.5749715099714,1668.8866650644106,2478.4570521390374,3454.8343907156677,2189.9484314708093,4519.869388560157,34.56195169500704,1138.0,34.71114270470019,58016.32820900574,10750947.0,108200.6998940161,209.1939020361746,67132.62,786.2318204016657,2102.5852901278026,163900.0,2991.4742672330503,11037.773309189863,1265520.0,23751.71582478093,14.804153579551608,136.5,22.501723383940536,56.70000076293945,148280629.0,-0.03898303791628044,1926.199951171875,376.0,0.002654716386835565,12.710000038146973,8997700.0,0.025827254718089998,15.0649995803833,18800.0,0.03206134509825653,5058.8798828125,0.0,0.0,7.249199867248535,0.0,-0.00035855828926201205,803.7999877929688,0.0,0.0011832997894007935,73.86000061035156,1518301.0,0.04558325663257268,3825.699951171875,541300.0,-0.004359197962979677,78.47000122070312,115955.0,0.04766354635641412,12485.0,123184.0,0.04258872651357004,197.8000030517578,75823.0,0.06401296151682367,50.599998474121094,756981189.0,-0.1968254210456969,7.809999942779541,159464259.0,0.10623229547856394,26.886999130249023,18100.0,0.03015320832478019,4398.9501953125,12829400000.0,-0.011556246624838229
2023-28,2737,17564.0,5019.0,34835.0,6448.0,11378.0,2952.0,2655.0,5541.0,10921.0,657.0,11500.0,6457.0,5826.0,473.0,605.0,118.0,1985.0,546.0,1675.0,577.0,63866,4105,2889.0,30969.0,1371.0,1527.0,1383.0,878.0,1217.0,2007.0,1527.0,10615.0,1137.0,7437.0,909.0,1994.4872570640937,2064.1260538641686,1711.8333273606881,2644.7159210252134,3710.0980858468674,2271.348371725384,2444.39351340694,34.34920144833974,7500.0,66.02113256464331,61532.013355460746,8052611.0,113623.24001119245,194.78374014090437,19472.55,665.3100699225486,2112.31220043787,112478.21,3318.732176044233,11426.913230695822,1274020.0,26554.51338067808,15.49528447525753,120.0,21.722110884269554,50.400001525878906,56770012.0,-0.11111109616030879,1960.0999755859375,758.0,0.01759943166514888,12.739999771118164,16603300.0,0.002360325167675148,15.336999893188477,52600.0,0.0180551158567146,5058.8798828125,0.0,0.0,7.150000095367432,0.0,-0.013684237391395793,809.4600219726562,0.0,0.007041595254596356,75.41999816894531,1660088.0,0.021121006575988588,3899.10009765625,532700.0,0.019186069848967424,79.87000274658203,121265.0,0.017841232370333415,13555.0,132942.0,0.08570284341209455,230.6000061035156,129969.0,0.1658240775819153,44.599998474121094,316168951.0,-0.11857707867459022,7.869999885559082,56769675.0,0.007682451116406419,27.549999237060547,23400.0,0.02465876179040083,4505.419921875,18461090000.0,0.024203439874348476
2023-29,2724,17001.0,4746.0,34088.0,6430.0,11057.0,2748.0,1578.0,3420.0,9198.0,439.0,10396.0,9548.0,5899.0,741.0,951.0,735.0,2549.0,826.0,1522.0,658.0,62265,4461,2557.0,28799.0,1046.0,2037.0,1115.0,1256.0,1710.0,3101.0,2267.0,10032.0,947.0,5246.0,2152.0,1997.9560257774624,2435.9301782729804,1992.1736785199423,3258.7721031830806,3882.680916289593,2854.3136007626867,2658.8157011289363,33.926087080169495,7701.0,53.154736353629694,63908.35374953792,8052632.0,112780.23327281901,224.35899778201156,22683.36,708.2780982505827,2325.437547558791,327990.0,4762.758399476148,11805.584826399749,1027026.0,27622.713391066696,13.329655643074473,114.0,18.254979556961565,50.900001525878906,34698443.0,0.00992063462028403,1964.300048828125,835.0,0.0021427852122348767,13.770000457763672,17909600.0,0.08084777905416773,15.350000381469728,18900.0,0.0008476552371252666,5058.8798828125,0.0,0.0,7.176499843597412,0.0,0.003706258444269084,816.5,0.0,0.008697128747862548,77.06999969482422,1111865.0,0.021877506840862093,3821.909912109375,440800.0,-0.019796923293473268,81.06999969482422,141258.0,0.015024375948122115,13675.0,119084.0,0.008852821836960567,204.0,83208.0,-0.11535128100376091,47.349998474121094,212116426.0,0.061659194934629236,8.109999656677246,63289499.0,0.03049552409251577,27.399999618530273,42900.0,-0.005444632402330285,4536.33984375,19075880000.0,0.006862827974119634
2023-30,2985,17741.0,7109.0,40480.0,5599.0,11386.0,3859.0,2298.0,3490.0,14361.0,632.0,10331.0,11497.0,6435.0,288.0,536.0,637.0,1968.0,1278.0,1617.0,316.0,70929,5004,3154.0,36191.0,1081.0,2745.0,1998.0,845.0,2156.0,2725.0,1899.0,10347.0,1068.0,5781.0,939.0,1943.8087129711641,1795.7100411861613,1853.4877695643604,2825.4485542279413,3017.066008403361,2372.688046443052,3245.091826519916,36.16956295396515,7719.0,137.92916879642868,67930.49434505664,8052632.0,119517.2763523793,241.92081703720228,25199.99,686.9374515724975,2173.3508154261776,726137.24,4947.211194815336,11722.205056509778,1459458.0,27174.508448841287,15.865343148189456,187.0,24.313902669419342,51.79999923706055,28473979.0,0.01768168338313414,1960.4000244140625,217480.0,-0.001985452485423145,15.220000267028809,14598000.0,0.10530136245911392,15.791999816894531,20500.0,0.028794750777881184,5058.8798828125,0.0,0.0,7.173099994659424,0.0,-0.0004737475109153344,827.3900146484375,0.0,0.013337433739666338,80.58000183105469,1713821.0,0.04554304074385751,3992.739990234375,636900.0,0.0446975679839392,84.98999786376953,99018.0,0.0483532525435002,13740.0,86010.0,0.004753199268738628,204.1999969482422,49879.0,0.000980377197265625,47.75,138765631.0,0.008447762170415318,8.210000038146973,74423480.0,0.012330503785828562,28.61000061035156,31000.0,0.0441606207542784,4582.22998046875,20193230000.0,0.010116115260186298
2023-31,2958,16968.0,5860.0,37980.0,6334.0,9741.0,2675.0,2589.0,2824.0,13981.0,333.0,9811.0,12686.0,5777.0,574.0,693.0,99.0,1674.0,601.0,1211.0,1873.0,67142,5123,3083.0,34695.0,885.0,1891.0,2627.0,658.0,1919.0,1792.0,1819.0,9577.0,1171.0,5806.0,1219.0,1808.9322429635106,1968.7880176106617,2152.5459297235025,2506.1950308922405,2838.976200564972,2331.83515758092,2567.8578662207356,36.192166106093914,7705.0,107.96311405557212,58514.658153255696,8052590.0,96423.9780341369,225.87822842773957,25802.61,749.1986297817311,2073.1883181577555,104090.0,3185.255346158447,12057.001950105876,921623.0,28502.933430527235,13.809078877713075,182.0,23.668013911171418,51.599998474121094,19823387.0,-0.0038610186464319574,1939.5999755859375,3428.0,-0.01061010435068821,15.039999961853027,11481300.0,-0.011826563864503759,15.527999877929688,33900.0,-0.016717321556856457,5058.8798828125,0.0,0.0,7.162799835205078,0.0,-0.0014359425439509632,850.8499755859375,0.0,0.028354174599832804,82.81999969482422,1743468.0,0.027798434014260076,4020.580078125,775100.0,0.006972677399158966,86.23999786376953,135334.0,0.014707613029989908,12855.0,148359.0,-0.06441048034934493,199.5,40172.0,-0.02301663574183832,47.150001525878906,87853250.0,-0.012565413070598774,7.960000038146973,61261515.0,-0.03045066977325206,28.81599998474121,39000.0,0.007200257602060889,4478.02978515625,21109110000.0,-0.022740062318268972
2023-32,2848,16766.0,7573.0,40441.0,6062.0,11448.0,2937.0,1999.0,2213.0,12919.0,388.0,14617.0,10627.0,6880.0,540.0,493.0,547.0,2362.0,889.0,1144.0,839.0,70842,5329,2428.0,37432.0,1500.0,1989.0,2545.0,721.0,1670.0,2842.0,2250.0,11089.0,787.0,4945.0,644.0,1705.8702937541593,1796.339140037594,2265.325054956669,2336.652966770699,4220.989401197605,3059.241392102847,1970.5075034965034,31.834174260109947,474.0,17.628187688583022,60742.376573999696,16957050.0,138258.66980532373,229.3149592097997,37534.365,761.4845386463537,2074.2005918971836,921465.61,5762.5981000448755,11019.051584793415,2283200.0,27751.07496987086,18.514257743862643,320.0,38.867258585913035,50.599998474121094,22072739.0,-0.019379845534327478,1912.9000244140625,1617.0,-0.013765699890674221,14.260000228881836,8676100.0,-0.051861684504624805,15.366999626159668,27800.0,-0.010368383116672542,5058.8798828125,0.0,0.0,7.214700222015381,0.0,0.007245823980060573,845.9500122070312,0.0,-0.005758904060062853,83.19000244140625,1889163.0,0.004467553102456279,3884.25,549100.0,-0.033908061890556285,86.80999755859375,137047.0,0.006609458591645856,13230.0,100269.0,0.029171528588098017,180.0,57015.0,-0.09774436090225569,45.29999923706055,86122643.0,-0.03923652659487109,7.889999866485596,58230035.0,-0.008793991372602061,28.76300048828125,15800.0,-0.0018392384955588925,4464.0498046875,19439590000.0,-0.003121904306016665
2023-33,2501,14432.0,4171.0,32288.0,4884.0,8367.0,1912.0,1161.0,3804.0,9645.0,372.0,11307.0,10059.0,4301.0,281.0,838.0,163.0,1393.0,488.0,1021.0,663.0,55775,3706,1951.0,28176.0,900.0,1591.0,1368.0,905.0,1539.0,1774.0,2063.0,8075.0,946.0,5277.0,1210.0,1733.6393344939222,1908.814598425197,1764.0019649712094,2345.151367960915,2762.243137082601,2369.53198102981,2279.3630269989617,36.788464585644114,7679.0,160.21006237748367,58467.79694359056,1950000.0,81424.76979720028,225.28737315797812,20708.71,609.1194271756441,1933.1538952622404,92904.0,2643.585746339025,10574.329845032482,1513512.0,24780.05967914189,12.132150213912217,123.0,16.615787459561226,50.5,37998077.0,-0.0019762544888659583,1886.0999755859375,405.0,-0.014010167016613506,12.399999618530272,20128100.0,-0.13043482331678835,15.069000244140623,16500.0,-0.019392164330618744,5058.8798828125,0.0,0.0,7.280399799346924,0.0,0.009106348886273041,864.489990234375,0.0,0.021916162609861622,81.25,1269633.0,-0.023320139253183325,3784.0,507700.0,-0.025809358305979302,84.80000305175781,146687.0,-0.023153951887618263,13355.0,84528.0,0.009448223733937944,184.0,44198.0,0.022222222222222143,43.900001525878906,142679467.0,-0.03090502725740185,7.510000228881836,63932927.0,-0.048162185555653436,28.339000701904297,24800.0,-0.014741152841467375,4369.7099609375,19366670000.0,-0.021133241759744292
2023-34,3189,17774.0,6748.0,42480.0,6094.0,11599.0,3170.0,1928.0,2215.0,11639.0,359.0,13401.0,13130.0,7255.0,849.0,933.0,237.0,2642.0,1066.0,1033.0,1640.0,73096,4726,3779.0,37995.0,979.0,2660.0,1102.0,990.0,1801.0,3014.0,2078.0,10397.0,978.0,6136.0,1187.0,1728.062344802476,2028.7243206157964,1721.7841695097861,1975.334025770713,2872.515991902834,2018.5148029214006,2249.963099671413,36.48596117538849,7704.0,125.19139795522267,60053.289006511106,10737519.0,123039.62748155471,204.10609284988138,21375.965,719.2786573634867,1840.8850968194802,73282.02,2457.1819641190655,10903.03582599119,868000.0,22052.750452130418,12.529142663503897,152.0,19.493918928171066,45.900001525878906,35162735.0,-0.09108907869546723,1911.0999755859375,2001.0,0.013254864706858216,11.859999656677246,10210600.0,-0.043548385360114183,14.880000114440918,19800.0,-0.012542313799032256,5058.8798828125,0.0,0.0,7.276500225067139,0.0,-0.0005356263924043425,849.7100219726562,0.0,-0.017096748867747702,79.83000183105469,1542148.0,-0.01747690054086537,3730.7900390625,513600.0,-0.01406182900039643,84.4800033569336,138854.0,-0.003773581171086837,12960.0,91534.0,-0.029576937476600507,179.10000610351562,43511.0,-0.026630401611328125,42.04999923706055,74810859.0,-0.042141280740680354,7.480000019073486,77448828.0,-0.003994701583759697,27.864999771118164,23800.0,-0.016726098981827642,4405.7099609375,18106530000.0,0.008238533065539233
2023-35,3129,18974.0,6452.0,39760.0,6237.0,9776.0,3226.0,2440.0,4033.0,10591.0,658.0,11847.0,16258.0,6061.0,488.0,542.0,198.0,1611.0,859.0,997.0,1838.0,71423,4388,3292.0,35503.0,1241.0,2495.0,1485.0,1151.0,2016.0,1632.0,1568.0,10689.0,1329.0,6600.0,2422.0,1693.6384545050166,1879.2580128410914,2024.5259881705078,2148.981870625663,3378.1096229802515,1976.5593772727273,2309.1729928400955,35.37891396156633,7681.0,100.19736365552036,62952.01636513569,8053124.5,112903.90705848183,213.36921410365338,40365.72,742.0461333532588,1889.0539692138536,670752.29,4349.419254399146,11018.509565570494,1324323.0,26493.238884749346,13.812097056324655,139.0,20.477381924892576,44.900001525878906,24727824.0,-0.02178649165046731,1939.800048828125,2827.0,0.0150175676881521,12.239999771118164,9606000.0,0.0320404827522045,15.152999877929688,33500.0,0.0183467581578729,5058.8798828125,0.0,0.0,7.256899833679199,0.0,-0.002693656398225275,851.75,0.0,0.002400793181899674,85.55000305175781,1619479.0,0.07165227470254165,3791.489990234375,704500.0,0.01626999925922612,88.55000305175781,108249.0,0.048177077806545565,12715.0,136719.0,-0.018904320987654266,186.3999938964844,65793.0,0.04075928277048502,42.099998474121094,54226127.0,0.0011890425200407062,8.050000190734863,105949358.0,0.07620323131121864,28.336999893188477,18500.0,0.01693881664982233,4515.77001953125,16568780000.0,0.02498123107730188
2023-36,2546,16592.0,6518.0,33625.0,7147.0,12186.0,2763.0,2402.0,4056.0,11333.0,103.0,11362.0,7703.0,3520.0,696.0,965.0,293.0,2306.0,1194.0,1583.0,1417.0,63882,4492,4344.0,28699.0,972.0,2737.0,1579.0,902.0,1704.0,2037.0,3436.0,9869.0,959.0,5796.0,848.0,1767.055852351657,2298.3589630467573,1665.1443435217225,5061.019841827768,2898.560010845987,2305.709222201246,2137.4048940553266,31.692134268537075,7560.0,78.26825129640454,59569.35060631784,6562214.5,110003.1684116164,193.71068716949625,32159.055,667.3352914435703,2509.3225853047593,611716.48,14013.501090857571,11583.307781380461,1513640.0,40130.73344330672,14.064180350681882,114.0,19.97214584629229,46.29999923706055,30387519.0,0.0311803488553275,1918.4000244140625,283.0,-0.01103207746952617,11.4399995803833,7836200.0,-0.0653594939292863,14.899999618530272,6200.0,-0.016696381009539296,5058.8798828125,0.0,0.0,7.3277997970581055,0.0,0.009770007166126193,882.780029296875,0.0,0.03643091200102733,87.51000213623047,1325196.0,0.022910567090066003,3739.989990234375,506600.0,-0.013583050497996019,90.6500015258789,121739.0,0.023715396970609204,12300.0,97303.0,-0.03263861580810068,184.3000030517578,33431.0,-0.011266045673224645,42.650001525878906,57940726.0,0.01306420597843716,8.039999961853027,86627560.0,-0.0012422644279369566,27.875999450683594,13600.0,-0.016268498579332547,4457.490234375,13968150000.0,-0.012905835528422172
2023-37,3067,19841.0,6114.0,45863.0,7671.0,14676.0,3428.0,2146.0,2116.0,15458.0,421.0,12927.0,13312.0,8902.0,659.0,641.0,81.0,2104.0,931.0,970.0,717.0,79489,5229,2783.0,39508.0,2237.0,2524.0,2440.0,1148.0,2785.0,3660.0,2050.0,11699.0,1273.0,5963.0,1419.0,1667.4336916278253,2034.6267010703364,2016.8264627442995,2075.1079057099923,2988.329691011236,2068.645195757292,2150.3108976298536,41.65531647275504,7689.0,209.0066561521646,56553.474382889355,2985535.25,91971.7327773732,172.7695498854499,24582.2,621.3344245202436,1871.42997742689,250000.0,3105.476129295187,11772.980813642695,8076220.0,71669.70249652394,15.030760073671443,118.5,22.51157701212352,50.599998474121094,70427317.0,0.09287255524658056,1923.699951171875,607.0,0.002762680718496835,11.0,11141700.0,-0.03846150319251662,15.142999649047852,13300.0,0.016308727297910552,5058.8798828125,0.0,0.0,7.275899887084961,0.0,-0.007082604794140357,888.739990234375,0.0,0.006751354516081554,90.7699966430664,1619770.0,0.0372528217032948,3708.780029296875,476200.0,-0.008344931676018796,93.93000030517578,164635.0,0.03618310782223766,12570.0,99086.0,0.02195121951219514,182.1999969482422,54482.0,-0.01139449847391416,46.45000076293945,192619611.0,0.08909728255823879,8.270000457763672,80386097.0,0.028607026990288054,28.19499969482422,19700.0,0.01144354464151065,4450.31982421875,20916040000.0,-0.0016086204970128248
2023-38,1931,9985.0,4190.0,24020.0,2581.0,7342.0,1540.0,1724.0,1680.0,4773.0,398.0,7787.0,7653.0,3780.0,196.0,378.0,240.0,1402.0,785.0,723.0,375.0,40776,2978,860.0,22357.0,711.0,1051.0,2551.0,779.0,461.0,813.0,1120.0,5953.0,596.0,2914.0,610.0,1845.0702500978473,2081.964026036644,1406.8852174831081,2203.896184339315,2202.1247511312217,2076.8751074179163,2637.67536908078,36.006078894428406,734.0,22.696404879344467,58310.82340678559,4993165.0,93694.47539399534,243.29465940888423,17677.015,763.1213233204517,1915.313749781392,84325.0,2765.044943322933,11050.51072621546,880373.0,29630.075076327452,17.57091640433718,277.0,44.39957650719527,49.5,39265691.0,-0.02173910093463105,1925.4000244140625,154.0,0.0008837517728021993,11.420000076293944,13342900.0,0.03818182511763113,15.260000228881836,8000.0,0.007726380673946709,5058.8798828125,0.0,0.0,7.30649995803833,0.0,0.004205675095624306,889.219970703125,0.0,0.0005400684947500789,90.02999877929688,1424828.0,-0.00815245005108256,3738.929931640625,438500.0,0.008129331506744997,93.2699966430664,191269.0,-0.007026548067337823,12620.0,86918.0,0.003977724741447863,171.8000030517578,57032.0,-0.057080099180455646,45.79999923706055,118978851.0,-0.01399357406248991,8.1899995803833,82754672.0,-0.009673624298928374,28.81800079345703,31300.0,0.022096155537365547,4320.06005859375,17096470000.0,-0.029269753808731536
2023-39,3021,18920.0,6546.0,40406.0,6393.0,10037.0,2853.0,3223.0,4402.0,12122.0,1133.0,11750.0,12067.0,7825.0,530.0,1211.0,377.0,1665.0,1142.0,404.0,1524.0,72265,4860,3114.0,35650.0,1382.0,1592.0,2581.0,1396.0,1055.0,3273.0,2514.0,10465.0,1256.0,6729.0,1258.0,2029.3825028915664,2269.336830282862,1537.4382853121376,2076.6517377021564,4086.4768032786883,1890.7180505373885,2251.2587643898696,36.55612633648765,7700.0,111.24271272200572,66285.96873353484,3170085.0,111340.82257178405,197.56944202791703,26427.625,538.5711089209183,1990.7745169812247,116130.0,3571.2781911034986,12093.052865305219,7604660.0,47296.45762058584,15.000135161702547,199.5,26.31568621966711,48.29999923706055,15566590.0,-0.02424243965534245,1848.0999755859375,18785.0,-0.04014752666872379,10.449999809265137,11767400.0,-0.08493872684312576,15.008000373840332,18300.0,-0.01651375172095715,5058.8798828125,0.0,0.0,7.299900054931641,0.0,-0.0009032920200633399,904.9000244140624,0.0,0.017633492530019224,90.79000091552734,1913506.0,0.008441654410032529,3689.52001953125,347400.0,-0.013214987446339754,95.30999755859376,117658.0,0.021871995164042035,12735.0,93246.0,0.009112519809825637,172.1999969482422,45245.0,0.002328253139575631,45.45000076293945,42834391.0,-0.007641888208545722,8.029999732971191,83265932.0,-0.019536001905951395,27.972999572753903,32600.0,-0.02932199310977124,4288.0498046875,18256060000.0,-0.007409677984122731
2023-40,2623,13641.0,6210.0,36291.0,6811.0,10603.0,2233.0,2126.0,1449.0,12086.0,603.0,10960.0,10570.0,6608.0,406.0,515.0,374.0,1601.0,1344.0,330.0,1145.0,62953,4917,2831.0,31713.0,1512.0,1581.0,2901.0,1649.0,831.0,1725.0,1983.0,10312.0,923.0,4089.0,903.0,1849.5110294289045,2352.971020988194,1937.5115921368547,1858.005666273585,3499.8055619596544,2200.156302558597,2270.338581521739,34.84071294031655,7343.0,61.51470666708359,55292.8343875629,3417912.5,93507.93659446987,192.66876416181722,17677.145,502.17230448088714,1973.6184490174578,147080.99,2839.160302955064,11648.837940035422,1530045.0,27129.7294087029,12.643839082398584,193.0,22.642234214784036,46.95000076293945,24635922.0,-0.027950279408808787,1830.199951171875,3759.0,-0.009685636410653231,9.770000457763672,11130600.0,-0.06507170946535012,14.94499969482422,16800.0,-0.004197806333075871,5058.8798828125,0.0,0.0,7.197700023651123,0.0,-0.014000195963158935,913.9000244140624,0.0,0.009945850101869214,82.79000091552734,2072283.0,-0.08811543032633451,3689.52001953125,347400.0,-0.013214987446339754,84.58000183105469,223581.0,-0.112579960155204,13200.0,87289.0,0.036513545347467646,174.10000610351562,38358.0,0.011033735127443212,45.0,57719980.0,-0.009901006719154726,7.849999904632568,27884618.0,-0.022415919592069677,27.812999725341797,35300.0,-0.005719795869440714,4308.5,19153590000.0,0.004769113290182592
2023-41,2582,16184.0,4732.0,34054.0,5141.0,9891.0,2516.0,1661.0,2317.0,9506.0,444.0,9263.0,13424.0,6361.0,319.0,418.0,344.0,1255.0,822.0,339.0,1231.0,60111,4889,1597.0,29654.0,1617.0,1230.0,2031.0,821.0,1152.0,2049.0,2428.0,9297.0,832.0,6288.0,1115.0,1815.330796316039,2202.433840975255,1782.343978058669,2085.987588334947,3081.547561779242,1905.4529568943785,1791.344210037175,33.48492873508495,1130.0,23.53029459915955,62912.857663135655,2703663.0,100778.05958388251,186.9003008301842,17677.145,493.0040193827246,1908.8856486743832,242840.0,3619.5316732757487,11059.580744487756,756756.0,24215.320672413694,16.826286190377004,183.5,30.242336084175488,44.25,20116512.0,-0.05750800253598143,1927.4000244140625,622.0,0.05310899127712809,9.760000228881836,13329800.0,-0.0010235648324754543,14.786999702453612,23500.0,-0.010572097396919222,5058.8798828125,0.0,0.0,7.301499843597412,0.0,0.01442124839951786,936.1799926757812,0.0,0.024378999525690448,87.69000244140625,1928441.0,0.05918590979215588,3663.409912109375,516100.0,-0.007076830396272604,90.88999938964844,189645.0,0.07460389479770568,12825.0,126038.0,-0.02840909090909094,166.39999389648438,67510.0,-0.0442275240499016,42.54999923706055,46606266.0,-0.05444446139865455,7.659999847412109,92690448.0,-0.024203829239326846,27.87299919128418,15300.0,0.0021572454080784897,4327.77978515625,17576230000.0,0.0044748253815132255
2023-42,2918,17571.0,6108.0,39713.0,6252.0,12009.0,2920.0,2612.0,959.0,12812.0,730.0,11754.0,12742.0,7826.0,425.0,442.0,388.0,1514.0,1017.0,404.0,1090.0,69644,5121,2667.0,36371.0,1430.0,2524.0,2085.0,1263.0,1559.0,2940.0,2201.0,10642.0,716.0,4640.0,606.0,1672.2450446541197,2370.716794131794,1784.1952106711838,2247.0189096025324,3078.219694376528,1997.3756390274314,1780.9510575296108,39.803109335640315,7723.0,187.4035350469475,53811.55460408132,7677473.5,94302.44029103269,195.3850073789471,20468.365,634.9765357685384,1865.1494341110913,343310.56,3117.6263938017414,11405.440189180938,880373.0,24904.74601032958,12.87174626599832,90.5,17.51368079353268,44.900001525878906,23445724.0,0.01468930001986224,1982.5,2725.0,0.028587721743278616,8.470000267028809,9775200.0,-0.13217212413947022,14.475000381469728,12500.0,-0.02109956903103971,5058.8798828125,0.0,0.0,7.311200141906738,0.0,0.0013285350293930076,941.2100219726562,0.0,0.005372929710341534,88.75,909676.0,0.01208800922661668,3510.590087890625,487300.0,-0.04171518554710607,92.16000366210938,156282.0,0.013972981416980668,11430.0,107941.0,-0.10877192982456141,156.1999969482422,55587.0,-0.06129806083158573,42.349998474121094,57867119.0,-0.00470037054114103,7.699999809265137,75873134.0,0.005221927238881152,27.312999725341797,10000.0,-0.02009110903707456,4224.16015625,18864600000.0,-0.023942906998561386
2023-43,2875,15584.0,5228.0,40751.0,6309.0,11373.0,3055.0,1720.0,569.0,13694.0,398.0,14425.0,12264.0,6304.0,828.0,665.0,164.0,466.0,720.0,73.0,1154.0,67872,4257,2804.0,35373.0,1269.0,1800.0,985.0,1109.0,1437.0,1963.0,2623.0,9973.0,702.0,6791.0,1043.0,1682.3000292443471,1864.6860037878787,1655.563716805766,1890.993135642983,3398.3387965616043,1915.6647816688283,2256.369737402413,38.26192605059696,5978.0,137.5014859967792,57700.71147464892,23511122.0,148808.6934913758,195.1928179403566,22488.76,479.75698638818875,1782.172892889076,175226.12,2633.1374831399407,10630.496079261558,1459458.0,25805.604771742892,14.025719244727291,205.0,22.68606279220642,45.5,12256319.0,0.013362994515162097,1988.5999755859375,1127.0,0.0030769107621375635,8.140000343322754,12930700.0,-0.038961028725187474,14.623000144958496,10200.0,0.010224508434433677,5058.8798828125,0.0,0.0,7.314899921417236,0.0,0.0005060427068999118,929.3400268554688,0.0,-0.012611420235740245,85.54000091552734,1791119.0,-0.03616900376870602,3562.389892578125,565400.0,0.014755298508412507,90.4800033569336,170011.0,-0.018229169253673683,11860.0,112317.0,0.037620297462817254,147.10000610351562,51224.0,-0.05825858529140626,43.0,30235849.0,0.015348324658762458,7.940000057220459,65681767.0,0.031168864142897545,27.98500061035156,309400.0,0.0246037012326501,4117.3701171875,19764430000.0,-0.025280774192355193
2023-44,2831,13390.0,5029.0,33846.0,5303.0,8276.0,3148.0,2004.0,122.0,10974.0,400.0,9900.0,12342.0,6290.0,614.0,912.0,266.0,389.0,1061.0,127.0,743.0,57568,4601,1413.0,30677.0,1061.0,2437.0,1924.0,955.0,1572.0,1708.0,1801.0,9172.0,1012.0,3157.0,679.0,1602.8601636723065,2270.5011807580177,1672.4263550628723,2448.999871852518,3138.7383788395905,2017.843399762752,1896.5827493438321,36.67522460788793,7312.0,45.57766141090917,55189.25459981727,3353939.75,93141.20588307366,201.7975104309426,28879.135,491.6684890090499,1839.207915029694,83500.0,2902.686404773797,11872.643329830973,735695.0,27486.028906997424,13.09890360895386,177.0,22.59895032746707,47.70000076293945,26492789.0,0.04835166511954836,1991.5,333.0,0.0014583246754833468,7.889999866485596,13253500.0,-0.030712587996661878,15.031999588012695,17400.0,0.027969598509181903,5058.8798828125,0.0,0.0,7.3140997886657715,0.0,-0.00010938396424564623,886.6599731445312,0.0,-0.04592512156756068,80.51000213623047,1788930.0,-0.05880288432851566,3584.139892578125,542100.0,0.00610545186121092,84.88999938964844,155005.0,-0.06178165075031228,10130.0,226659.0,-0.14586846543001686,122.5999984741211,117179.0,-0.16655341001246216,43.25,36917267.0,0.005813953488372103,8.039999961853027,74181931.0,0.01259444633651241,28.392000198364254,224500.0,0.01454349041043601,4358.33984375,21626250000.0,0.058525155549315144
2023-45,2723,14764.0,7238.0,33829.0,6153.0,6919.0,2844.0,1213.0,55.0,12477.0,604.0,13891.0,12630.0,8050.0,125.0,577.0,236.0,108.0,763.0,202.0,1290.0,61984,4263,1497.0,32907.0,1713.0,1384.0,1992.0,631.0,1561.0,2291.0,2269.0,7911.0,1200.0,5182.0,1446.0,1617.6978186287467,1799.118171373863,1759.5562971576228,1782.5177392146015,2691.3983506224063,1947.51195661157,2509.6754388560157,44.61708969794418,7749.0,87.10211646140031,61530.81336668772,2877970.25,97012.9353610036,195.3682303032043,57559.41,661.404166882886,1748.1175284254048,114643.51,2772.8192410968236,11676.190720540944,1335053.0,30993.467652363557,13.355719536005513,138.0,19.852849710283415,45.0,20609470.0,-0.05660378867409199,1932.5999755859375,578.0,-0.02957570897015438,7.389999866485596,11118100.0,-0.06337135721939025,14.701000213623049,15000.0,-0.022019650310102667,5058.8798828125,0.0,0.0,7.282299995422363,0.0,-0.004347738499915765,910.75,0.0,0.02716940832462944,77.16999816894531,1667495.0,-0.041485577924014416,3586.489990234375,587900.0,0.0006556936187442908,81.43000030517578,153913.0,-0.04075861832194305,9988.0,193669.0,-0.014017769002961478,122.0,232460.0,-0.004893951725845613,41.29999923706055,49167692.0,-0.04508672284253068,7.78000020980835,126813007.0,-0.03233827777093101,27.597000122070312,127400.0,-0.028000847800069506,4415.240234375,18742940000.0,0.013055519455784648
2023-46,2599,18170.0,4169.0,32730.0,5971.0,8105.0,1679.0,2302.0,4.0,12101.0,676.0,15999.0,10758.0,7059.0,153.0,576.0,137.0,74.0,496.0,73.0,848.0,61040,4444,2408.0,26950.0,1111.0,1996.0,1679.0,860.0,1675.0,1957.0,2402.0,9153.0,916.0,8826.0,1107.0,1674.549258545193,2048.2876547543074,1408.384330872914,1854.4887497375605,2574.6862795698926,1790.3618052889744,1826.9582095901005,42.81582628971145,3707.0,52.6928324231699,67169.96670751968,11755461.0,128661.83336810509,213.2554329641504,23639.41,663.6904509142113,1702.0232764500147,116000.0,2653.0266220720787,10678.006504371904,2026700.0,25922.980889121667,13.916992130574176,184.0,20.192472163550914,47.25,40291070.0,0.050000000000000044,1981.5999755859375,270.0,0.02535444510969942,7.619999885559082,29900700.0,0.031123142520822045,15.01099967956543,15700.0,0.021086964249895868,5058.8798828125,0.0,0.0,7.241000175476074,0.0,-0.005671260449617521,880.8400268554688,0.0,-0.03284103556907081,75.88999938964844,1034855.0,-0.016586741086796697,3568.070068359375,477300.0,-0.005135918941682638,80.61000061035156,153123.0,-0.01006999498650496,10310.0,128891.0,0.03223868642370853,120.3000030517578,83595.0,-0.013934401215100034,41.79999923706055,87722525.0,0.012106537753911795,7.78000020980835,107531768.0,0.0,27.950000762939453,75200.0,0.01279126859106805,4514.02001953125,20115520000.0,0.022372459914456355
2023-47,2552,15978.0,6194.0,34993.0,7238.0,9751.0,1890.0,1394.0,5.0,13858.0,470.0,15515.0,10093.0,7979.0,460.0,673.0,239.0,23.0,781.0,265.0,1007.0,64403,4177,3466.0,29838.0,1176.0,1579.0,2285.0,1050.0,1412.0,3053.0,2351.0,9808.0,707.0,5951.0,1727.0,1735.7980955857577,1943.5305767276423,1797.1482495274101,1802.39590271452,2964.0505438931295,1607.1904510703364,2009.3938059231255,55.41954694718094,7707.0,146.00546563608248,60896.76725246284,9618103.0,102349.95309119918,199.9385515111037,57020.0,1136.9534833006153,1784.6701632158959,170133.46,3760.958632994777,10684.406026465185,3480750.0,28698.689255149075,17.251196638281293,202.0,27.393498506586784,45.5,21365717.0,-0.03703703703703709,2002.199951171875,12411.0,0.010395627694659293,6.900000095367432,13362600.0,-0.0944881628615436,15.350000381469728,11000.0,0.022583486052949686,5058.8798828125,0.0,0.0,7.0858001708984375,0.0,-0.021433503772485762,872.9299926757812,0.0,-0.008980103013626284,75.54000091552734,1569064.0,-0.004611918262432235,3538.010009765625,454300.0,-0.008424738869428072,80.58000183105469,147478.0,-0.0003721471166076018,10560.0,115068.0,0.02424830261881672,118.3000030517578,36918.0,-0.016625103485155557,41.75,40889095.0,-0.0011961540184961539,7.25,122704909.0,-0.06812341844672076,28.82900047302246,29900.0,0.031449004869027686,4559.33984375,11838180000.0,0.010039792473817144
2023-48,2658,17895.0,4108.0,34654.0,6517.0,9838.0,2316.0,2329.0,0.0,11002.0,749.0,17846.0,9948.0,5580.0,399.0,412.0,245.0,0.0,1034.0,365.0,1111.0,63174,4411,2347.0,29216.0,1553.0,2426.0,2878.0,735.0,1924.0,1596.0,1599.0,10934.0,894.0,5966.0,1106.0,1645.2972856717308,2376.7348758169933,1744.0523329875516,2037.2156827245176,2961.2382319078947,1849.658141025641,2243.1226720106883,52.668478412353316,7642.0,102.48544094669509,63248.59021169552,10177468.0,104120.21129568205,199.34181592663825,28566.11,562.6734138857289,1830.3662765838837,199452.2,3678.752425433055,11562.429065696686,1531800.0,29154.45268284446,15.578183794631657,169.0,24.82360177548868,48.650001525878906,35555500.0,0.06923080276656934,2071.0,193303.0,0.034362226803500207,7.619999885559082,21733400.0,0.10434779423772023,15.399999618530272,15200.0,0.0032572792063836342,5058.8798828125,0.0,0.0,7.075399875640869,0.0,-0.0014677658142664418,870.2000122070312,0.0,-0.0031273761832627534,74.06999969482422,1816495.0,-0.019459904724477783,3482.8798828125,497100.0,-0.015582241655889839,78.87999725341797,127172.0,-0.021097102742700047,10925.0,149497.0,0.034564393939394034,114.4000015258789,52522.0,-0.03296704501497427,43.29999923706055,93621136.0,0.037125730228995124,7.230000019073486,97999550.0,-0.0027586180588294873,28.829999923706055,135200.0,3.4668239175639215e-05,4594.6298828125,21205410000.0,0.007740164206200939
2023-49,2393,13871.0,5276.0,29115.0,4957.0,10497.0,2397.0,1928.0,0.0,6871.0,495.0,14647.0,8685.0,3617.0,944.0,252.0,466.0,0.0,1372.0,373.0,675.0,53219,3499,2382.0,25255.0,1056.0,1670.0,1307.0,827.0,1162.0,1447.0,1625.0,8912.0,798.0,5968.0,810.0,1773.9676863084921,2146.3450155520995,1306.9555471803462,1682.3497494828775,3154.0332078313254,2158.738449978531,1750.6878032899244,77.58253464685257,1836.0,104.26047062153773,61624.31011215233,13569954.0,119915.22030816371,192.20652294553548,20053.78,509.4629735556443,1794.6997084039479,158500.44,2925.127249721336,11747.481583424717,797150.0,27699.937147267017,13.982819924899479,125.0,20.708370008098257,51.099998474121094,80340270.0,0.05035964792187997,1998.300048828125,2293.0,-0.03510379100525107,7.360000133514404,17813500.0,-0.0341207028805095,15.06999969482422,16200.0,-0.021428567005220778,5058.8798828125,0.0,0.0,7.148799896240234,0.0,0.010373974883322923,872.1599731445312,0.0,0.0022523108595793317,71.2300033569336,1825588.0,-0.03834205953276215,3399.4599609375,530700.0,-0.02395142085911861,75.83999633789062,145614.0,-0.038539566701057626,10500.0,145091.0,-0.0389016018306636,110.5,65657.0,-0.03409092197430319,44.0,145827575.0,0.016166299659892802,6.980000019073486,81899746.0,-0.03457814652012092,27.714000701904297,94600.0,-0.03870965052913877,4604.3701171875,20051430000.0,0.0021199170822086
2023-50,2875,16623.0,5416.0,38187.0,7472.0,9137.0,2714.0,2637.0,11.0,12151.0,810.0,19464.0,11038.0,4599.0,312.0,724.0,503.0,12.0,1007.0,324.0,2255.0,67698,4816,2869.0,32341.0,1018.0,2330.0,837.0,1729.0,1821.0,2008.0,2046.0,11181.0,883.0,7348.0,1287.0,1685.7623109726094,2092.7651622971284,1463.7415793765858,1923.812366622575,2705.0215774378585,1684.6212531688357,1668.3143567567568,67.60101381520198,7730.0,100.20815752825645,59114.597831681356,6784977.0,98592.98278658943,182.73124094463478,13371.31,444.80855887441487,1711.9344862306143,185625.0,3147.2548207873683,10829.257764207443,1218709.0,25508.11903426667,13.749758087716087,98.0,18.357389367333422,50.599998474121094,96332275.0,-0.009784736104311631,2021.0999755859375,3495.0,0.01140966131246568,9.640000343322754,29571600.0,0.309782631582596,15.651000022888184,28800.0,0.03855343993560312,5058.8798828125,0.0,0.0,7.066999912261963,0.0,-0.011442477781661298,865.1199951171875,0.0,-0.008071888465554622,71.43000030517578,1277141.0,0.0028077627238061176,3341.550048828125,522000.0,-0.017035032850748588,76.55000305175781,125520.0,0.009361903324782483,11820.0,243759.0,0.12571428571428567,125.8000030517578,139566.0,0.13846156607925608,44.25,140330756.0,0.005681818181818121,7.179999828338623,80584958.0,0.028653267724730425,28.969999313354492,150500.0,0.04532000359529076,4719.18994140625,27228260000.0,0.024937140433203497
2023-51,2794,17112.0,5406.0,39251.0,6681.0,10855.0,3015.0,2367.0,13.0,13888.0,601.0,18290.0,8131.0,5297.0,324.0,1081.0,445.0,4.0,1128.0,341.0,2670.0,68450,4577,2253.0,36438.0,1171.0,1196.0,1773.0,647.0,1079.0,3066.0,1771.0,10222.0,661.0,6928.0,1245.0,1888.4723948188066,1927.3798870056498,1520.1436402753873,1824.2275010588733,3962.8156739130436,1794.677659164639,1808.6682719186786,67.93819123068477,8071.0,151.1460283701457,59023.16728070175,10177466.0,113150.25139390201,187.8518289212615,27888.185,470.9751560031918,1843.4429949874689,376133.145,6763.404834195827,11372.204997911445,955053.0,28539.12276142703,12.861215538847118,141.0,18.2625211260421,60.099998474121094,331178946.0,0.1877470412347677,2057.10009765625,1286.0,0.017812143142436954,11.579999923706056,50743900.0,0.201244762582095,15.529999732971191,118300.0,-0.007731153903267507,5058.8798828125,0.0,0.0,7.138500213623047,0.0,0.01011749005925755,878.6799926757812,0.0,0.01567412339921348,73.55999755859375,1051929.0,0.02981936503314886,3337.22998046875,474400.0,-0.0012928336539176355,79.06999969482422,117477.0,0.032919615187507745,12785.0,209201.0,0.08164128595600673,147.5,188017.0,0.17249599699384888,57.5,1370895035.0,0.2994350282485876,8.0600004196167,191157450.0,0.12256275937567795,32.03900146484375,280400.0,0.10593725316639957,4754.6298828125,18766580000.0,0.007509751005209564
2023-52,2744,18540.0,6192.0,33779.0,5220.0,9301.0,3694.0,2933.0,5.0,9180.0,810.0,13692.0,12006.0,5809.0,438.0,1611.0,251.0,68.0,894.0,470.0,2569.0,63731,4338,3110.0,31011.0,1153.0,2120.0,1424.0,861.0,1399.0,1871.0,1391.0,9400.0,961.0,7495.0,1535.0,1661.2064933442,1804.503149705635,1281.2811090142097,1813.7110951526033,2641.888832199547,1674.5735538164665,1674.0432838114755,59.00446663892357,7672.0,112.87531511747628,57901.88341634369,2408441.75,76827.10994261298,212.42134616970398,14194.26,630.570579970378,1658.4972405926171,148131.0,2963.293664838397,11302.60953038674,1043744.0,24771.99832921609,13.258184217036366,112.0,18.18769110227921,55.0,122646733.0,-0.08485854581705421,2062.39990234375,1035.0,0.0025763474969149325,9.869999885559082,36286100.0,-0.14766839804949727,15.06700038909912,90700.0,-0.02981322291262467,5058.8798828125,0.0,0.0,7.10699987411499,0.0,-0.004412739170048918,884.6400146484375,0.0,0.006782926688141178,71.6500015258789,939272.0,-0.0259651454065567,3431.110107421875,506600.0,0.028131152932989734,77.04000091552734,62945.0,-0.025673438562435646,12140.0,87985.0,-0.050449745795854484,135.0,67073.0,-0.0847457627118644,51.29999923706055,641906096.0,-0.10782610022503392,7.849999904632568,56965474.0,-0.026054653108084747,29.920000076293945,193400.0,-0.06613818445231434,4769.830078125,11087280000.0,0.0031969250366779
2023-53,25,55.0,66.0,296.0,0.0,0.0,102.0,119.0,0.0,18.0,0.0,50.0,48.0,0.0,0.0,0.0,0.0,0.0,12.0,0.0,68.0,417,18,0.0,349.0,0.0,18.0,0.0,0.0,0.0,0.0,0.0,48.0,0.0,2.0,0.0,1234.3337226277372,1800.0,832.3133333333334,3615.4612500000003,2596.7244459632548,601.2611111111112,1840.4944261191,36.89032258064516,63.0,13.201239395543613,33827.62104501607,295530.095,52860.14794835367,465.42310289389064,2335.53,564.6582345745444,1290.3184083601286,4756.22,927.0791877718085,10444.599710610932,25530.0,7615.701009191401,13.440514469453376,30.0,9.513852297619454,55.0,122646733.0,-0.08485854581705421,2062.39990234375,1035.0,0.0025763474969149325,9.869999885559082,36286100.0,-0.14766839804949727,15.06700038909912,90700.0,-0.02981322291262467,5058.8798828125,0.0,0.0,7.10699987411499,0.0,-0.004412739170048918,884.6400146484375,0.0,0.006782926688141178,71.6500015258789,939272.0,-0.0259651454065567,3431.110107421875,506600.0,0.028131152932989734,77.04000091552734,62945.0,-0.025673438562435646,12140.0,87985.0,-0.050449745795854484,135.0,67073.0,-0.0847457627118644,51.29999923706055,641906096.0,-0.10782610022503392,7.849999904632568,56965474.0,-0.026054653108084747,29.920000076293945,193400.0,-0.06613818445231434,4769.830078125,11087280000.0,0.0031969250366779
2024-00,2341,11766.0,5186.0,29385.0,4619.0,7820.0,2537.0,1877.0,0.0,11209.0,660.0,8402.0,10919.0,4541.0,446.0,501.0,473.0,0.0,701.0,352.0,518.0,50956,3468,1746.0,26118.0,839.0,2391.0,1609.0,854.0,1351.0,1623.0,1531.0,8879.0,679.0,2420.0,916.0,1713.9550991492147,2187.3641216879296,1786.4596648848685,1882.5023851741082,2551.5600597269627,1769.1954646697388,2006.945568426724,56.44762619884638,3336.0,88.64049272610713,56112.36160047043,5088733.0,95030.19786040377,229.14520799731181,38441.48,741.221103845118,1804.61707594086,352500.0,3515.7379766665103,12541.463628360214,1772160.0,31483.334974764322,12.232123655913979,118.0,17.132116290028268,57.900001525878906,141592863.0,0.05272730047052554,2042.4000244140625,215.0,-0.009697381146575479,14.59000015258789,65926200.0,0.4782168512417815,15.765000343322754,181600.0,0.046326404473224336,5058.8798828125,0.0,0.0,7.110000133514404,0.0,0.000422155544189895,886.97998046875,0.0,0.002645105106671375,73.80999755859375,1335845.0,0.030146489695951795,3329.110107421875,454900.0,-0.02972798797082099,78.76000213623047,124911.0,0.022326079961876744,13975.0,211728.0,0.151153212520593,170.0,180376.0,0.2592592592592593,58.0,790449062.0,0.13060430531350153,8.270000457763672,120046819.0,0.05350325582593274,32.24700164794922,330900.0,0.07777411650138966,4697.240234375,15253660000.0,-0.015218538723822839
2024-01,2743,20104.0,5793.0,39194.0,6865.0,12660.0,3678.0,2572.0,0.0,12567.0,802.0,15627.0,14131.0,5946.0,719.0,692.0,390.0,6.0,991.0,417.0,758.0,71956,4913,3262.0,34737.0,1312.0,2247.0,1957.0,902.0,2592.0,2350.0,1581.0,11713.0,825.0,6919.0,1559.0,1636.2660284771748,1829.354842995169,1555.334139908257,1827.58187912646,3378.8780600292826,1902.8172785811116,2447.9694773755655,51.95486319153186,7692.0,105.40100840375739,64566.91889953549,4660422.0,121262.86771751869,210.09475862739853,27888.25,584.0861731500166,1767.2373672754688,258825.0,4398.051766646786,11980.95221029208,2603900.0,30629.27542758958,17.18615481894015,179.0,28.883353738031303,52.5,98060968.0,-0.09326427260049952,2046.699951171875,1062.0,0.0021053303497908793,13.460000038146973,65379100.0,-0.07745031546421777,15.593000411987305,204600.0,-0.0109102396187577,5058.8798828125,0.0,0.0,7.103099822998047,0.0,-0.0009705077899831993,913.469970703125,0.0,0.029865375563917107,72.68000030517578,1885747.0,-0.015309541942755467,3284.169921875,526600.0,-0.013499158663057065,78.29000091552734,162237.0,-0.005967511528125247,13045.0,193035.0,-0.06654740608228982,156.39999389648438,188992.0,-0.08000003590303306,51.79999923706055,648268897.0,-0.10689656487826649,7.869999885559082,137785252.0,-0.04836766022534855,31.43000030517578,391800.0,-0.02533573048722182,4783.830078125,18017190000.0,0.018434195278394405
2024-02,2435,14148.0,5515.0,31734.0,5732.0,9199.0,2969.0,3635.0,18.0,9566.0,642.0,11174.0,11015.0,5159.0,568.0,728.0,345.0,2.0,886.0,664.0,559.0,57129,3975,2617.0,27834.0,920.0,2069.0,1216.0,876.0,1631.0,2169.0,1690.0,10390.0,755.0,3770.0,1192.0,1925.0429917271654,2216.1451809651476,1800.8373109869644,2177.5705748757987,2714.094423076923,1842.5174825011666,1896.6856269757639,56.702167881208645,7622.0,133.1683834668021,65258.5745393367,3666807.5,108058.77667337816,250.17550321393006,21324.435,778.3645409833854,1966.5736014123186,64980.62,3205.7494298116844,12543.494988683346,1043328.0,31412.607031125146,13.007393547997706,163.0,19.53699426717934,51.20000076293945,50873828.0,-0.024761890229724748,2026.5,2334.0,-0.009869522477053416,12.869999885559082,35416100.0,-0.04383359219285077,15.5600004196167,39100.0,-0.002116333707349649,5058.8798828125,0.0,0.0,7.114999771118164,0.0,0.0016753175960708688,919.5900268554688,0.0,0.006699789099397391,73.41000366210938,910996.0,0.010044074764287148,3269.780029296875,604400.0,-0.004381591976187815,78.55999755859375,134558.0,0.0034486733926306634,12895.0,141849.0,-0.011498658489842883,151.89999389648438,111158.0,-0.028772379639467216,50.900001525878906,309800966.0,-0.01737447344473575,7.849999904632568,111633554.0,-0.002541293674376277,31.606000900268555,165900.0,0.00559976434565268,4839.81005859375,16495350000.0,0.011701916571980497
2024-03,2492,13101.0,3950.0,34859.0,5175.0,8994.0,3288.0,2445.0,0.0,12972.0,779.0,10285.0,9559.0,5140.0,438.0,634.0,340.0,11.0,979.0,210.0,1011.0,57085,3418,1778.0,30609.0,645.0,2068.0,1937.0,803.0,1651.0,948.0,1583.0,9959.0,829.0,3422.0,853.0,1642.9608915584765,2110.9766502649504,1602.2037539370078,2776.0529501084598,4311.868422619048,1598.5852421192556,2014.0719831410825,42.36630508059079,7700.0,76.7091230513894,59913.10861316646,7998584.0,108846.10552430218,210.79438354495903,22236.02,564.080950149962,1818.8045674614048,114655.35,3420.420685657862,12237.865325507748,972972.0,26974.912530405218,14.255808288419964,108.0,20.703547018627614,49.75,30842937.0,-0.02832032697915543,2016.800048828125,877.0,-0.004786553748766353,13.4399995803833,36038400.0,0.044289020970683435,15.85200023651123,62400.0,0.018766054564266055,5058.8798828125,0.0,0.0,7.081099987030029,0.0,-0.0047645516765500995,909.3699951171876,0.0,-0.011113682662727942,78.01000213623047,1687703.0,0.06266173879099513,3333.820068359375,802600.0,0.01958542730358248,83.55000305175781,118637.0,0.06351840183602708,12680.0,138991.0,-0.01667312911981389,151.39999389648438,96191.0,-0.003291639368601551,48.900001525878906,164134937.0,-0.039292729666877246,8.399999618530273,136002823.0,0.07006365867254738,31.871999740600582,146400.0,0.008416086589738914,4890.97021484375,19914270000.0,0.010570695054273438
2024-04,2679,19132.0,6199.0,35721.0,5770.0,9491.0,4461.0,2933.0,1.0,9807.0,789.0,19828.0,9974.0,5386.0,591.0,850.0,446.0,21.0,1288.0,255.0,701.0,66822,3819,3353.0,29909.0,1029.0,1828.0,1253.0,576.0,1818.0,1563.0,3921.0,11148.0,861.0,8800.0,763.0,1789.5836143485433,2233.167338523645,1215.0413018867926,2101.8996854958064,2855.3945959595962,1766.516264507675,2017.3292243262927,37.00034330683709,7704.0,105.61085951242606,71190.69973191971,3240576.75,117609.01742221956,238.28356002209887,25443.7,691.2643352808398,1767.4067881665833,189499.51,3512.1591307497383,11051.731625713608,1091720.0,26066.19844061267,15.024453447686197,136.5,19.917702633678342,48.20000076293945,24377335.0,-0.031155763559005956,2036.0999755859375,181457.0,0.00956957868432573,13.1899995803833,67540500.0,-0.01860119105694724,15.31700038909912,53900.0,-0.03374967445306165,5058.8798828125,0.0,0.0,7.088500022888184,0.0,0.0010450404416981751,931.5700073242188,0.0,0.024412518915549075,72.27999877929688,2069364.0,-0.07345216254355658,3179.6298828125,800200.0,-0.046250302171452984,77.33000183105469,134896.0,-0.07444645114913928,12185.0,162290.0,-0.039037854889589885,135.0,149874.0,-0.10832228902002083,47.75,128498396.0,-0.023517412883316657,8.149999618530273,104264419.0,-0.02976190611348406,30.81999969482422,263100.0,-0.03300702981734338,4958.60986328125,20417850000.0,0.013829495062599007
2024-05,2343,13004.0,4695.0,31473.0,5682.0,8640.0,2780.0,2322.0,0.0,9630.0,658.0,12920.0,6167.0,6116.0,700.0,586.0,426.0,0.0,1214.0,765.0,1930.0,54854,3585,1709.0,30688.0,1701.0,1172.0,1832.0,684.0,1275.0,1162.0,1077.0,8481.0,744.0,3509.0,820.0,1814.5884429599178,2264.5044367417677,1405.208612012987,1841.249650648585,4049.102071428572,1781.227118555625,1827.8439931153187,35.2344938231991,8053.0,86.96681368224009,55804.19521056649,6960246.0,96201.80632615557,194.1567915646172,20738.265,577.9910298196643,1822.1680944050383,91507.5,3165.532274091796,12056.978022678839,1093160.0,30100.210328759495,11.692483857629059,101.5,16.400409195520307,47.75,3513005.0,-0.009336115265903833,2023.300048828125,1135.0,-0.006286492270169086,11.890000343322754,35647400.0,-0.0985594600771601,15.015000343322754,37300.0,-0.019716657185129716,5058.8798828125,0.0,0.0,7.10699987411499,0.0,0.0026098400461411764,965.4199829101562,0.0,0.036336480693669015,76.83999633789062,1637271.0,0.06308795843394321,3364.929931640625,812300.0,0.05827723843890298,82.19000244140625,135101.0,0.06284754293643191,10905.0,301444.0,-0.10504718916700861,128.3000030517578,160695.0,-0.0496296070240162,47.29999923706055,23275388.0,-0.009424099747423087,7.710000038146973,88271796.0,-0.05398768110159102,30.5,442400.0,-0.010382858468293787,5026.60986328125,21614960000.0,0.013713520900997533
2024-06,2368,14194.0,5158.0,34158.0,5759.0,9728.0,2660.0,2498.0,3.0,11042.0,749.0,12249.0,11107.0,4601.0,545.0,799.0,615.0,0.0,1340.0,378.0,955.0,59269,3639,1673.0,29935.0,1284.0,1601.0,1935.0,760.0,804.0,2805.0,1803.0,9017.0,1028.0,5525.0,1099.0,1828.5090309945504,1793.848352749301,1668.6933434149025,1558.4523351648352,3125.6456344410876,1898.3857197770517,3078.3510889570553,39.06775894761792,8076.0,141.7780072828462,61044.65316625164,2965525.5,96257.07430392783,218.26058942434452,59310.51,733.3823095648472,1820.4067375128168,367806.68,3695.122919344245,12339.573561300718,1145800.0,30528.303495002303,14.552980811483815,169.0,24.187516600181816,47.29999923706055,11583712.0,-0.009424099747423087,2011.5,2749.0,-0.005832080533462847,12.609999656677246,20895600.0,0.06055502881115005,15.28499984741211,26400.0,0.017981984543172125,5058.8798828125,0.0,0.0,7.163899898529053,0.0,0.008006194656243526,967.1900024414062,0.0,0.0018334191984656911,79.19000244140625,1118926.0,0.030583110561092086,3364.929931640625,812300.0,0.05827723843890298,83.47000122070312,145881.0,0.015573655448050339,10535.0,121576.0,-0.03392939018798713,129.6999969482422,50670.0,0.010911877343600773,46.900001525878906,61794632.0,-0.008456611366459255,8.329999923706055,30551749.0,0.08041503015453855,31.219999313354492,121200.0,0.023606534864081707,5005.56982421875,19924770000.0,-0.004185731464101616
2024-07,2394,16960.0,4580.0,34107.0,7087.0,10026.0,2463.0,2365.0,4.0,12112.0,334.0,14842.0,9795.0,3013.0,537.0,2520.0,383.0,0.0,950.0,170.0,3220.0,62734,3639,2390.0,31334.0,1211.0,2029.0,1610.0,765.0,1344.0,1689.0,2015.0,9180.0,1252.0,7034.0,881.0,1907.6881947864736,1838.676329974811,1504.8713379143087,2448.2060380317585,3474.216312849162,1747.3113199758359,1924.9318514899853,39.12964892029618,7728.0,89.76220218573721,63579.40122080767,7816430.5,134845.20310618952,216.850675514506,27772.965,553.8289986477758,1919.524285932213,206560.0,4757.710540653223,11685.857903283964,1310340.0,30939.386994406115,14.260830975758584,137.0,20.778878345625444,49.650001525878906,31192279.0,0.049682924455040745,2038.5999755859375,2327.0,0.01347252079837813,12.31999969482422,13814300.0,-0.02299761853676696,15.404999732971191,8500.0,0.00785082674236337,5058.8798828125,0.0,0.0,7.193299770355225,0.0,0.004103892047990332,978.469970703125,0.0,0.01166261875458341,76.48999786376953,1442426.0,-0.034095270796771215,3489.739990234375,798700.0,0.0370914286862718,81.62000274658203,104931.0,-0.022163633006659578,10145.0,127856.0,-0.037019458946369266,135.60000610351562,65978.0,0.045489663023106086,49.099998474121094,229820751.0,0.046908248969421695,8.789999961853027,124357131.0,0.05522209392077837,31.55900001525879,74800.0,0.010858446808462485,5088.7998046875,15547770000.0,0.016627473672638393
2024-08,2730,17501.0,5298.0,36139.0,6307.0,9964.0,2617.0,3064.0,40.0,9785.0,810.0,17338.0,8647.0,3966.0,692.0,1212.0,622.0,0.0,1347.0,839.0,4302.0,65245,3772,4133.0,32868.0,1160.0,1568.0,728.0,849.0,916.0,1799.0,2292.0,9379.0,1347.0,7574.0,632.0,1987.8614657831602,2292.838400977995,1609.7444552815605,2249.193271358607,7438.1594242424235,1731.9122464114832,2038.1223503649635,36.022407838727815,7364.0,54.05079996031822,63865.37613881653,2932083.5,98728.37343932933,198.84450063799244,28699.43,508.783615596548,1970.2804807538944,408529.33,3491.0006213783104,12331.131915705248,1001600.0,29053.72919988987,15.033374980062735,204.0,25.06453050669472,49.900001525878906,48565686.0,0.0050352465723428885,2086.89990234375,3604.0,0.023692694661163305,12.010000228881836,21099800.0,-0.02516229493679445,15.246000289916992,20200.0,-0.01032128827070955,5058.8798828125,0.0,0.0,7.18720006942749,0.0,-0.0008479697944567821,966.280029296875,0.0,-0.012458166087090383,79.97000122070312,1555345.0,0.04549618844455394,3537.800048828125,799100.0,0.013771816447139429,83.55000305175781,90803.0,0.023646168098868436,9622.0,218206.0,-0.05155248891079345,135.0,64524.0,-0.0044248235730726115,49.150001525878906,126713619.0,0.0010183921244757421,8.449999809265137,97233555.0,-0.03868033607092469,31.474000930786133,83900.0,-0.0026933389661130125,5137.080078125,21367100000.0,0.009487556062438784
2024-09,2546,14471.0,6099.0,38971.0,5840.0,14342.0,2479.0,2302.0,25.0,11347.0,753.0,11667.0,12298.0,5462.0,767.0,896.0,545.0,0.0,989.0,451.0,1058.0,65381,3333,2098.0,33327.0,1029.0,2667.0,2157.0,1418.0,1196.0,3017.0,1394.0,9867.0,1157.0,4493.0,1561.0,1969.079907183862,2170.7970386838597,1598.550582904727,1888.9136851437104,2916.5964593301437,2026.842095300261,2141.1898839590444,36.540865972656356,7738.0,61.24249748704642,61627.08284533586,4748627.0,111012.43087373339,206.73509344072437,35258.38,771.6959921768422,1965.5329969467257,88441.0,2830.451470065391,11636.038195146348,1027026.0,25892.46932495423,14.700423773425985,133.5,22.43490528052436,48.650001525878906,34492252.0,-0.025050099434400397,2178.60009765625,2946.0,0.04394086904192851,10.989999771118164,23843400.0,-0.08492926214195728,15.170000076293944,36000.0,-0.0049849279927740575,5058.8798828125,0.0,0.0,7.192299842834473,0.0,0.0007095633011073854,980.5399780273438,0.0,0.014757573682698588,78.01000213623047,1935240.0,-0.024509179124099334,3544.909912109375,746600.0,0.0020096848841428816,82.08000183105469,158063.0,-0.017594268904963184,9478.0,145249.0,-0.014965703595925972,133.89999389648438,50921.0,-0.008148193359375,47.54999923706055,171039500.0,-0.032553453492283446,8.680000305175781,65603509.0,0.027218994213284775,31.2189998626709,109900.0,-0.00810195909557232,5123.68994140625,22082750000.0,-0.002606565697850116
2024-10,2591,18619.0,5163.0,36229.0,6688.0,12298.0,3424.0,3032.0,0.0,10994.0,725.0,15212.0,10246.0,4338.0,595.0,1731.0,374.0,0.0,823.0,169.0,2738.0,66699,4419,3246.0,32248.0,797.0,2739.0,2064.0,675.0,1858.0,2802.0,2456.0,9296.0,991.0,6320.0,1207.0,1913.1906489166754,2180.6391510187773,1550.0466468986974,2057.5732194990087,3319.7561852589643,1760.8466121050628,2153.417522750253,36.742260310658814,7331.0,54.77661554801984,64238.75615693355,12837002.0,144566.95862937043,229.36546253961657,110219.34,1685.4860986678987,1906.597870577233,99820.0,3285.7446584679105,12179.464592923574,1363540.0,31201.394493886066,13.962656517898893,167.5,22.458807230242574,46.45000076293945,58049478.0,-0.04522098034815447,2157.300048828125,1923.0,-0.009776942932775867,9.449999809265137,50007300.0,-0.14012738798231494,15.189000129699709,16900.0,0.0012524754983658237,5058.8798828125,0.0,0.0,7.192200183868408,0.0,-1.3856341954943119e-05,941.3200073242188,0.0,-0.03999833926407359,81.04000091552734,1438713.0,0.038841157496772416,3569.989990234375,752800.0,0.007074955005013539,85.33999633789062,150486.0,0.03971728111734185,9056.0,191196.0,-0.044524161215446334,124.1999969482422,174380.0,-0.07244210149659203,46.5,167736810.0,-0.022082003236756687,8.529999732971191,97803245.0,-0.017281171305391085,30.950000762939453,99800.0,-0.008616518815937169,5117.08984375,24701470000.0,-0.0012881532121825634
2024-11,2909,18367.0,6713.0,41528.0,5399.0,12464.0,3767.0,2845.0,6.0,13354.0,708.0,12294.0,13468.0,6461.0,570.0,455.0,1029.0,0.0,1532.0,1490.0,1564.0,72007,4539,2290.0,38074.0,2090.0,1375.0,2869.0,1099.0,1309.0,2314.0,2477.0,9676.0,1195.0,5592.0,1647.0,2830.5404631766905,1960.0689688856728,1667.0207083333332,2150.044656948324,3343.412555803571,1611.5815166700756,2827.7961111111113,39.65955520759425,8080.0,137.07746316937997,62739.25858076508,29099190.0,262198.47968058987,197.3889693008754,29279.77,547.4238428624162,2421.340377623216,4769664.93,37271.002803095944,12231.914931766398,3908710.0,43724.29825698348,15.863149058640126,272.0,30.632645781728126,45.29999923706055,37686791.0,-0.0247578365336959,2158.10009765625,132.0,0.00037085653827317877,9.579999923706056,15644600.0,0.013756626144421968,14.925999641418455,12200.0,-0.017315194287673807,5058.8798828125,0.0,0.0,7.198200225830078,0.0,0.0008342429031837906,968.6300048828124,0.0,0.029012447781944672,80.62999725341797,1010654.0,-0.005059275141627184,3545.0,705400.0,-0.007000016891569594,85.43000030517578,137643.0,0.0010546516422240693,9130.0,124624.0,0.00817137809187285,125.5,55952.0,0.010467013556365368,45.150001525878906,126925965.0,-0.029032225249916,8.020000457763672,110492402.0,-0.059788896972201355,30.1200008392334,80100.0,-0.026817444369821253,5234.18017578125,19715260000.0,0.022882211492585736
2024-12,2318,16012.0,4910.0,29995.0,6002.0,9417.0,2425.0,977.0,6.0,11332.0,354.0,10886.0,14408.0,4593.0,590.0,230.0,84.0,0.0,376.0,387.0,854.0,56919,4182,3594.0,23260.0,1078.0,3215.0,2897.0,309.0,2221.0,1521.0,2066.0,9677.0,1074.0,5094.0,913.0,1887.9700452931372,2173.7767029365496,1566.5938090853283,1640.5068594602787,3145.705030487805,1805.8981286111705,2790.092290909091,37.46215751320801,7759.0,133.93585211889817,66714.21648122476,6803650.5,117118.50186649873,215.9748687541438,136072.98,930.9994734788763,1862.118873636309,109548.47,2410.036811842732,11022.645641763607,1363460.0,25153.003981477068,20.449174251099993,292.0,39.756767986300325,44.25,19696409.0,-0.02317879149546498,2217.39990234375,235692.0,0.027477782310422416,10.119999885559082,9751700.0,0.056367428617277504,15.093999862670898,13700.0,0.011255542361548576,5058.8798828125,0.0,0.0,7.226500034332275,0.0,0.003931511713253899,980.4600219726562,0.0,0.012213143336680998,83.16999816894531,1079943.0,0.0315019347891603,3537.47998046875,663700.0,-0.002121303111777162,87.4800033569336,73120.0,0.023996289879840038,8994.0,147836.0,-0.014895947426067924,139.6999969482422,63847.0,0.11314738604177044,44.400001525878906,86418410.0,-0.016611295119671632,8.229999542236328,78042779.0,0.026184423003289048,30.0,77500.0,-0.003984091497005848,5254.35009765625,15051920000.0,0.0038535016368612673
2024-13,2212,16363.0,4977.0,27164.0,6283.0,8245.0,2386.0,2013.0,15.0,10405.0,494.0,12845.0,10054.0,5474.0,231.0,192.0,368.0,0.0,408.0,368.0,1289.0,54787,3755,3129.0,20253.0,1701.0,1673.0,609.0,737.0,1643.0,3470.0,2054.0,10657.0,1136.0,6717.0,1008.0,2020.1010590863116,2615.747801616049,1510.4382166064981,1860.1715212145587,3909.2225784313723,1831.0037973997835,2135.9960256410254,53.928702939495906,7330.0,370.257410129895,67606.18528421616,3577336.25,105158.89069071432,201.40995244693582,16648.265,632.6376114472238,1978.7368496882282,95966.02,3089.4982012166934,11894.211550985701,1201200.0,26835.505301352736,14.004267178938086,125.0,20.120701639191225,43.650001525878906,12768461.0,-0.013559287550759191,2325.699951171875,1715.0,0.04884100910875566,11.15999984741211,19723900.0,0.10276679581163584,15.25,19800.0,0.010335241735022649,5058.8798828125,0.0,0.0,7.23390007019043,0.0,0.0010240138134640642,940.2999877929688,0.0,-0.04096039948562791,86.91000366210938,1700388.0,0.044968204587030325,3567.800048828125,439700.0,0.008571092564983784,91.16999816894533,181645.0,0.04218100903535538,9634.0,130928.0,0.07115855014454087,139.6999969482422,67993.0,0.0,43.79999923706055,39189307.0,-0.013513564599060723,8.5,70550220.0,0.032806861820347644,30.500999450683594,129200.0,0.01669998168945308,5204.33984375,18378230000.0,-0.00951787623145961
2024-14,2244,17370.0,3844.0,26114.0,7011.0,10049.0,2087.0,2378.0,8.0,10632.0,312.0,12195.0,8357.0,4273.0,365.0,833.0,368.0,0.0,335.0,94.0,2053.0,54339,3761,2464.0,18633.0,1153.0,1632.0,2371.0,1257.0,1018.0,2479.0,3479.0,10803.0,836.0,6408.0,1806.0,2243.8368580481624,2032.0733943616333,1412.8785168973943,1820.4898480540253,3083.541921221865,2731.2423344262293,2529.9583988764043,35.271165210688594,7321.0,48.24232883787304,72018.63793378812,12837014.0,146717.755655557,224.7953986419714,35186.36,652.2728785808765,2111.175698779049,68956.515,3244.1186756322054,11762.679320029327,756756.0,26172.37028963661,16.606076062354553,212.5,29.25696188917084,45.0,27444534.0,0.030927799013265034,2356.199951171875,1657.0,0.013114331444445959,10.100000381469728,14107000.0,-0.0949820322970868,15.187000274658203,21700.0,-0.0041311295306096785,5058.8798828125,0.0,0.0,7.235899925231934,0.0,0.00027645599498193896,954.8599853515624,0.0,0.015484417470607692,85.66000366210938,1840753.0,-0.014382694135646079,3475.840087890625,669200.0,-0.02577497608581092,90.4499969482422,215168.0,-0.007897348197472898,9646.0,142392.0,0.0012455885405853184,148.10000610351562,79693.0,0.06012891437918633,45.20000076293945,91866133.0,0.031963505713815676,8.699999809265137,109916399.0,0.023529389325310124,30.3700008392334,76200.0,-0.0042948957020901846,5123.41015625,17997390000.0,-0.01555042328705536
2024-15,2299,16794.0,4824.0,24652.0,5709.0,8839.0,3187.0,2621.0,2.0,8272.0,689.0,11944.0,6952.0,4646.0,477.0,623.0,504.0,0.0,796.0,417.0,2010.0,51979,3979,1836.0,19955.0,1032.0,2154.0,1485.0,2010.0,1546.0,2696.0,2212.0,10386.0,915.0,5112.0,640.0,2094.834797836818,1891.3293455098935,1670.9168639613122,1919.7178505067568,3224.253644736842,2465.615779683671,2359.335943708609,35.08835182250396,1131.0,22.255316017671362,79614.09983706017,12837015.0,310168.01801144367,229.4987926668859,39746.16,775.4916652692611,2059.5463247287075,90039.94,3444.7435980394634,12829.476308615587,798320.0,27929.498015889363,12.271769154883263,131.0,17.228371130348922,43.25,39512453.0,-0.03888888888888886,2398.39990234375,2167.0,0.01791017402868822,10.170000076293944,12399500.0,0.00693066259211661,15.19499969482422,20500.0,0.0005267281241421173,5058.8798828125,0.0,0.0,7.236700057983398,0.0,0.00011057819479720621,965.6900024414062,0.0,0.01134199490604515,83.13999938964844,1006146.0,-0.029418680419408316,3541.659912109375,854500.0,0.018936378703973578,87.29000091552734,199602.0,-0.0349363862833858,9568.0,82298.0,-0.008086253369272267,152.3000030517578,45195.0,0.028359194970637436,45.150001525878906,135297899.0,-0.0011061777924026295,8.899999618530273,115229676.0,0.02298848432756806,30.600000381469727,48100.0,0.00757324780640789,4967.22998046875,19051050000.0,-0.030483637073390857
2024-16,2331,16183.0,5009.0,30066.0,6183.0,6732.0,2386.0,3532.0,0.0,11797.0,419.0,14344.0,10719.0,3815.0,484.0,645.0,503.0,0.0,973.0,392.0,700.0,57441,3386,2319.0,22019.0,1258.0,1998.0,1443.0,1252.0,1552.0,2647.0,3120.0,11274.0,1287.0,6209.0,1063.0,1920.3724321418974,1915.7514183891658,1619.1000911797544,1833.845795042322,3303.129925373134,1347.9044121497775,2566.8180613577024,35.67681286461325,6161.0,128.3304459503362,67795.39273026216,12837011.0,164810.75154541625,213.37418273146892,40953.43,828.277831759854,1829.5265245723594,115960.42,2749.1530283782463,12030.625613177663,1089840.0,27791.04651236329,16.369234018161524,231.0,30.640372165982512,48.349998474121094,64022419.0,0.11791903986407148,2334.800048828125,2060.0,-0.026517618456152525,13.220000267028809,26531200.0,0.2999016880879235,15.786999702453612,18600.0,0.03896018555571534,5058.8798828125,0.0,0.0,7.23859977722168,0.0,0.0002625118110548552,948.0,0.0,-0.018318510491651896,83.8499984741211,1557011.0,0.008539801415503145,3584.27001953125,727800.0,0.012031112099777141,89.5,134501.0,0.02531789507725324,9940.00390625,138044.0,0.03888000692412197,167.8000030517578,127784.0,0.10177281476962596,51.79999923706055,355396788.0,0.14728676603410573,9.5,209829099.0,0.06741577608840488,32.082000732421875,81800.0,0.048431383414282436,5099.9599609375,18790580000.0,0.026721126460954592
2024-17,2212,13913.0,3731.0,24203.0,5586.0,5895.0,2064.0,3235.0,0.0,8249.0,451.0,10099.0,9037.0,4310.0,654.0,799.0,367.0,8.0,603.0,361.0,1301.0,47433,2763,1902.0,20066.0,1233.0,2097.0,1836.0,1149.0,1580.0,1415.0,1300.0,8401.0,1024.0,4315.0,1115.0,1925.7597257686787,2025.0061597122303,1607.1059834558826,1828.3136957070708,2298.1697970479704,1610.3329083969468,1784.5756619937695,35.402407473948976,7049.0,66.44527476610916,61405.42510645938,12837014.0,157289.70672481216,332.7903538472586,148224.35,1688.3840750713787,1860.068733079602,158988.395,3879.552924637636,11519.004183332734,1108107.0,30954.473523601377,14.715055114717604,166.0,23.713727798097022,49.400001525878906,91579092.0,0.021716713234640972,2299.0,810.0,-0.015333239711937452,12.880000114440918,16462200.0,-0.025718619192154235,16.259000778198242,16000.0,0.02989808606072697,5058.8798828125,0.0,0.0,7.238399982452393,0.0,-2.76013007260989e-05,947.1500244140624,0.0,-0.0008965987193434444,78.11000061035156,1863732.0,-0.06845555120124525,3604.389892578125,414000.0,0.005613380949883506,82.95999908447266,174536.0,-0.07307263592767976,9562.0,195855.0,-0.03802854705241332,147.89999389648438,76985.0,-0.1185936161701695,50.400001525878906,415358532.0,-0.027026983239412994,10.460000038146973,162776273.0,0.10105263559441813,33.27000045776367,51200.0,0.03703010093573167,5127.7900390625,20380740000.0,0.005456920904901352
2024-18,2456,18119.0,4781.0,31872.0,6156.0,8157.0,3450.0,2910.0,0.0,11193.0,742.0,12387.0,10319.0,5721.0,855.0,437.0,427.0,2.0,770.0,428.0,3130.0,60928,3579,2988.0,25497.0,1360.0,2237.0,2902.0,878.0,880.0,2680.0,3215.0,8670.0,1415.0,7245.0,961.0,1970.4267635634233,3560.023543658381,1743.1968502932925,1882.475793746761,3340.9622155172415,1572.332175161522,2629.5229092920354,31.41938787120264,1502.0,25.814289523423227,83449.44707773923,4030906.25,204041.40094286305,234.35982492319945,48045.08,806.7870210650475,2040.4767412390488,90014.92,3396.4438050584754,13116.436184577313,852040.0,28396.789398590652,16.408237569689383,213.0,28.29108352030629,63.79999923706055,221407367.0,0.29149792037228983,2367.300048828125,169.0,0.029708590181872552,17.59000015258789,40518800.0,0.36568322952623045,17.15999984741211,29800.0,0.05541540230578135,5058.8798828125,0.0,0.0,7.218699932098389,0.0,-0.002721602895910946,924.0499877929688,0.0,-0.024388994378566453,78.26000213623047,1534292.0,0.0019203882307872178,3666.280029296875,800100.0,0.017170766360817158,82.79000091552734,142372.0,-0.0020491582789461393,10435.0,84136.0,0.09129889144530434,166.60000610351562,117376.0,0.12643686936268184,60.599998474121094,783255361.0,0.2023808857030449,11.699999809265137,214122775.0,0.11854682281032147,35.84000015258789,125300.0,0.07724675862529184,5222.68017578125,18858510000.0,0.018505074504980845
2024-19,2471,17587.0,4853.0,34809.0,7262.0,9087.0,2564.0,2778.0,0.0,11697.0,208.0,18154.0,7226.0,4711.0,698.0,647.0,294.0,0.0,1258.0,120.0,5069.0,64511,3814,3210.0,29386.0,1498.0,2083.0,1452.0,1107.0,1968.0,2024.0,2609.0,12295.0,946.0,4867.0,1066.0,2142.992737381659,2018.7631077943613,1672.2673520746378,1976.4725878107456,2597.5046834532377,1846.2426068290733,3443.081893442623,34.299869274070915,1513.0,32.86038829614393,68199.75622589164,8554032.0,167151.81273600413,226.75800224077682,58592.75,804.3168052807431,2044.0983359564648,101896.625,3247.3735733607723,11982.140065889507,763215.0,31140.7514608854,15.730199802598234,150.5,21.940323625698756,70.0,577921579.0,0.09717869650597044,2412.199951171875,269.0,0.018966713731948248,18.729999542236328,31437600.0,0.06480951562019843,17.79599952697754,29500.0,0.03706291871915979,5058.8798828125,0.0,0.0,7.217000007629395,0.0,-0.00023548900563585828,898.030029296875,0.0,-0.028158604880500704,80.05999755859375,1240807.0,0.02300019643789364,3677.969970703125,733400.0,0.0031885020546267295,83.9800033569336,155247.0,0.014373745962636741,11430.0,214061.0,0.09535218016291336,160.10000610351562,70619.0,-0.039015604813131155,71.0,1353198033.0,0.17161719121692998,12.68000030517578,230918143.0,0.08376072751168673,36.7400016784668,116700.0,0.025111649610691122,5303.27001953125,20775690000.0,0.015430744567456633
2024-20,2365,14682.0,4686.0,30761.0,4831.0,6963.0,2448.0,2029.0,12.0,8769.0,329.0,12632.0,9412.0,6475.0,963.0,435.0,284.0,0.0,733.0,198.0,3278.0,54960,3340,1335.0,27576.0,1131.0,1787.0,1593.0,671.0,1148.0,2146.0,1851.0,8517.0,1333.0,4952.0,920.0,2122.1222117798143,1987.94797731569,1898.0116425361957,1440.3420080937763,3254.758817991632,1672.3912657290896,2405.095945017182,35.725968980004424,7364.0,85.58928943012376,62781.00458383347,3253062.25,129789.54172034921,212.32557536799547,20565.29,641.7132346105159,1969.7584503127173,95422.535,3036.3362807149297,11636.579970623538,1243242.0,26158.439387733324,11.76265083075368,96.5,14.227895776868383,74.9000015258789,52076961.0,0.07000002179827014,2332.5,616.0,-0.033040358504756506,21.040000915527344,38550100.0,0.12333162999187164,17.799999237060547,27500.0,0.00022475332599025677,5058.8798828125,0.0,0.0,7.241499900817871,0.0,0.003394747563056022,909.1099853515624,0.0,0.012338068542499192,77.72000122070312,1400237.0,-0.02922803409003405,3601.47998046875,734600.0,-0.020796795744298158,82.12000274658203,129114.0,-0.022148136889756365,12100.0,104835.0,0.05861767279090113,164.1999969482422,43767.0,0.0256089362175016,73.5,132831849.0,0.035211267605633756,12.5600004196167,132133660.0,-0.009463713144399422,37.38999938964844,153500.0,0.017691825843399567,5304.72021484375,17804500000.0,0.00027345304070114373
2024-21,2906,16979.0,6217.0,40934.0,8870.0,8788.0,2844.0,2678.0,0.0,12666.0,822.0,13368.0,16577.0,5941.0,655.0,779.0,509.0,0.0,1009.0,253.0,6111.0,73000,4858,3851.0,37252.0,1035.0,2006.0,1487.0,1120.0,2146.0,2824.0,2255.0,10522.0,1329.0,5395.0,1778.0,2597.2154951998214,1895.192627248793,2274.627515217391,1905.5984790705922,3106.289508009153,1609.2177910649818,1850.4197557666216,36.15377964715504,3699.0,58.40598454852409,64054.34312229829,8766290.0,137683.63430881742,213.08865025585905,175325.79,1068.4422209655754,2286.6846024254037,114750.0,3826.7389260093187,11787.244234058462,1281780.0,27102.408338080204,15.39106713087366,176.0,25.103009183677635,79.69999694824219,122532433.0,0.06408538484081094,2322.89990234375,152871.0,-0.0041157974946409714,22.540000915527344,25165600.0,0.07129277256319,18.32900047302246,28700.0,0.02971917183347439,5058.8798828125,0.0,0.0,7.233500003814697,0.0,-0.0011047292843668899,916.8400268554688,0.0,0.00850286723109428,76.98999786376953,1312567.0,-0.00939273475897906,3579.919921875,605800.0,-0.005986444103721955,81.62000274658203,82098.0,-0.006088650551351993,12465.0,178275.0,0.030165289256198324,174.10000610351562,84788.0,0.06029238330859443,71.5,501631812.0,-0.027210884353741527,13.0600004196167,227141253.0,0.03980891586747726,38.310001373291016,106300.0,0.024605562948933457,5277.509765625,16560200000.0,-0.005129478674975041
2024-22,2742,16002.0,6018.0,39165.0,7071.0,11531.0,3533.0,2412.0,30.0,12927.0,906.0,8783.0,15062.0,5891.0,824.0,382.0,411.0,0.0,1159.0,543.0,3862.0,68256,4087,3096.0,35437.0,1438.0,2500.0,1867.0,1361.0,1529.0,1609.0,2114.0,11554.0,1184.0,2962.0,1605.0,2601.3174734493527,2066.4210866644275,2108.8469527818447,1778.152444465013,2524.4042534722225,2219.6577103779496,3511.983135168961,35.00345218596447,7348.0,76.95634193379077,62052.68201675696,3502497.5,135273.8295509242,219.0090448532191,28196.76,728.1859586567408,2386.399941665617,162989.3,3814.5792483500773,12311.092036159758,931935.0,31021.489879613593,17.2220864306413,364.0,40.112312994212616,96.1999969482422,479520721.0,0.207026356735186,2305.199951171875,2414.0,-0.007619764912821347,19.540000915527344,53278800.0,-0.13309671154154046,18.551000595092773,29000.0,0.012111960081896633,5058.8798828125,0.0,0.0,7.244100093841553,0.0,0.0014654164679983595,908.0499877929688,0.0,-0.009587320366724827,75.52999877929688,1731028.0,-0.018963490388141824,3574.110107421875,645500.0,-0.0016228895002997623,79.62000274658203,183576.0,-0.02450379726413021,12175.0,156249.0,-0.023265142398716354,180.8000030517578,91448.0,0.03848361121974064,82.9000015258789,1078465697.0,0.15944058078152312,15.039999961853027,242583516.0,0.1516079233245875,37.880001068115234,231800.0,-0.011224231003958418,5346.990234375,18649030000.0,0.013165388949644363
2024-23,2500,17435.0,6482.0,40568.0,4945.0,10237.0,4243.0,3276.0,66.0,10330.0,541.0,15560.0,12588.0,5584.0,1185.0,568.0,954.0,0.0,1483.0,814.0,2001.0,69430,3389,1861.0,35222.0,1357.0,1791.0,1702.0,1595.0,2147.0,1867.0,2820.0,9094.0,1044.0,7026.0,1904.0,2850.8398130187657,1919.9056239530987,1486.3330722326455,2774.857751388623,2522.0367874396134,1720.9463783093358,2099.1564904679376,33.625482625482626,1500.0,23.30069690224331,71803.78911580537,4444227.5,133182.43179125342,236.47742884367884,21276.165,762.5833476649804,2471.4773495198497,282681.8,5452.23219311918,10805.259848653599,678673.0,23099.31512090146,19.44787644787645,218.0,36.474577150442244,92.8000030517578,324922406.0,-0.03534297301811429,2331.39990234375,2318.0,0.011365587249191123,18.530000686645508,30650900.0,-0.051688852689830034,17.170000076293945,66800.0,-0.07444345180842371,5058.8798828125,0.0,0.0,7.2515997886657715,0.0,0.0010352831583033684,917.7000122070312,0.0,0.010627195136599266,78.44999694824219,1507655.0,0.03866011142774828,3541.530029296875,552000.0,-0.009115577625139593,82.62000274658203,190930.0,0.037678973832097507,11400.0,146037.0,-0.06365503080082136,164.60000610351562,63554.0,-0.0896017515199079,75.4000015258789,879658069.0,-0.09047044465564602,13.520000457763672,282050576.0,-0.10106379707078683,35.34000015258789,144300.0,-0.06705387655507067,5431.60009765625,18122180000.0,0.015823829775731824
2024-24,2297,16622.0,4189.0,32565.0,8001.0,4981.0,1839.0,810.0,0.0,13602.0,936.0,16591.0,12942.0,4392.0,256.0,229.0,636.0,0.0,577.0,267.0,3319.0,61377,3936,2797.0,28972.0,1280.0,2656.0,1748.0,695.0,908.0,2401.0,4059.0,9531.0,776.0,4262.0,1292.0,2803.6228071428573,1864.9340453514737,1767.0705568862277,1708.5378853004038,2376.911028225806,2131.1092810314685,2003.624691943128,35.37781987256759,7348.0,81.43928873908798,69500.97171402331,4057838.25,134911.84181062746,191.12479277883014,19754.51,599.6019744198398,2349.0390448309513,189442.0,4145.830797301684,11705.366490299064,1036460.0,26777.73477197547,23.19351644566902,436.0,59.5703166645797,92.3000030517578,405825473.0,-0.005387930857298939,2316.39990234375,412.0,-0.006433902645753942,19.649999618530273,14801700.0,0.06044246575187362,17.86400032043457,14200.0,0.04041935009067399,5058.8798828125,0.0,0.0,7.259099960327148,0.0,0.0010342782116987692,931.97998046875,0.0,0.015560605940688532,80.7300033569336,978441.0,0.029063180336331262,3495.6201171875,588500.0,-0.012963298836827786,85.23999786376953,156266.0,0.031711389858261496,11420.0,154768.0,0.0017543859649122862,174.1999969482422,50618.0,0.05832314999240773,75.9000015258789,484169117.0,0.006631299600549534,14.100000381469728,205363458.0,0.042899401188481345,37.060001373291016,71600.0,0.048670096583946165,5464.6201171875,17613030000.0,0.006079243489500952
2024-25,3123,19761.0,6214.0,46934.0,7040.0,7590.0,3991.0,1532.0,34.0,14705.0,1134.0,20810.0,16637.0,5581.0,1107.0,459.0,1256.0,2.0,1209.0,416.0,3486.0,79949,4418,2014.0,44267.0,1000.0,2914.0,2316.0,1489.0,2156.0,1739.0,2431.0,11068.0,1821.0,5597.0,1137.0,3696.0572579842387,2154.524892026578,1663.2709146608315,1858.9075138391402,2980.957962962963,1919.8777385892117,2149.1650933257915,38.38467901691447,7853.0,95.59765684147293,61953.596489104646,7222764.5,124155.77208216583,193.84588937022443,42832.885,568.1860606486695,2849.5273228552146,289090.7,4881.805896458727,12203.671586847202,1232220.0,26815.242196229625,12.694864706010405,121.0,18.654735302874464,88.5999984741211,226069774.0,-0.04008672215928211,2327.699951171875,2814.0,0.004878280652961253,22.170000076293945,16868800.0,0.12824430059465608,17.9950008392334,35200.0,0.007333212967365332,5058.8798828125,0.0,0.0,7.267199993133545,0.0,0.0011158453321575834,954.1300048828124,0.0,0.023766631127550397,81.54000091552734,1432787.0,0.010033414157218479,3461.659912109375,592600.0,-0.009715073131415841,86.41000366210938,122877.0,0.013726018625783487,12105.0,90357.0,0.05998248686514884,173.3000030517578,35640.0,-0.00516644036883529,74.5999984741211,264629100.0,-0.017127839599773376,13.65999984741211,144360463.0,-0.031205710791034402,36.56999969482422,171800.0,-0.013221847283036992,5460.47998046875,21641380000.0,-0.00075762571413307
2024-26,2707,15889.0,6718.0,38742.0,9082.0,9396.0,2437.0,2489.0,10.0,14201.0,611.0,12435.0,14543.0,5450.0,812.0,886.0,598.0,0.0,1159.0,250.0,5154.0,70431,4061,4079.0,36126.0,1016.0,1452.0,2416.0,1103.0,1422.0,2376.0,2964.0,9431.0,1541.0,5076.0,1429.0,3722.7887523836766,1900.952485899605,1867.0851662330153,1509.623683544304,3510.3142485549133,1917.6500492922144,2270.1548057851237,36.41068513480089,8050.0,86.66085541174023,75623.23391726441,7309039.0,346196.7152545167,203.2565258471432,111482.1,773.9358299935628,2794.0158703932725,192820.735,4369.505724400723,11518.65844286421,1047540.0,22994.603911024875,15.000507049220875,190.0,26.105430245981854,83.69999694824219,189241414.0,-0.055304758580894675,2388.5,398.0,0.026120226018613524,22.11000061035156,15402100.0,-0.002706335847357244,17.920000076293945,21000.0,-0.004167866598590697,5058.8798828125,0.0,0.0,7.2657999992370605,0.0,-0.00019264557158293893,936.9000244140624,0.0,-0.0180583153035484,83.16000366210938,1364609.0,0.019867583129662858,3431.06005859375,568400.0,-0.00883964753688904,86.54000091552734,198256.0,0.0015044236536119193,12315.0,172743.0,0.017348203221809078,162.1999969482422,69293.0,-0.06405081308740945,72.30000305175781,259832521.0,-0.030831038463910332,13.460000038146973,104451232.0,-0.014641274633910517,36.61000061035156,66200.0,0.001093817770335015,5567.18994140625,12251260000.0,0.0195422309612312
2024-27,2633,23033.0,4465.0,41821.0,8360.0,8445.0,2798.0,2867.0,0.0,15418.0,658.0,20357.0,15305.0,6275.0,1048.0,387.0,384.0,0.0,886.0,274.0,2577.0,77679,4430,2613.0,35754.0,1739.0,3135.0,2913.0,1296.0,1299.0,1787.0,3515.0,11541.0,1873.0,8629.0,1585.0,4009.3927638347996,1886.6839686841313,1531.688427230047,1612.9431408094435,1881.3277912621359,2003.923755233045,1775.6712647374063,33.70091416734216,8045.0,43.75502872385341,68091.14410373323,7079823.0,110638.7889559043,253.05912928938127,141596.46,1142.3701340499242,2821.0409473790864,273478.77,4973.635580877304,11494.54002217869,983200.0,28775.251217455196,24.520838962442582,302.0,45.34289720144098,76.4000015258789,174324084.0,-0.08721619699553151,2414.0,519.0,0.01067615658362997,17.049999237060547,40349000.0,-0.2288557771871792,17.231000900268555,23600.0,-0.0384486145698657,5058.8798828125,0.0,0.0,7.254799842834473,0.0,-0.0015139635558015785,913.8099975585938,0.0,-0.024645134223269083,82.20999908447266,1577711.0,-0.01142381596682851,3472.39990234375,651100.0,0.012048708866653657,85.02999877929688,228682.0,-0.017448603192232404,10890.0,193395.0,-0.11571254567600486,149.0,96917.0,-0.08138099381379327,64.0,270702494.0,-0.11479948411365959,11.5,299731123.0,-0.14561664432333865,34.0,235100.0,-0.07129201220536385,5615.35009765625,17475920000.0,0.008650711895386687
2024-28,2535,14153.0,4843.0,38877.0,7031.0,8246.0,3537.0,2868.0,0.0,10242.0,612.0,12672.0,12807.0,7317.0,594.0,410.0,679.0,0.0,835.0,500.0,3585.0,64904,3162,2613.0,34155.0,1357.0,1151.0,1710.0,1025.0,1674.0,1796.0,2078.0,10742.0,1165.0,4373.0,1065.0,4579.753945001165,1567.6945237113403,2017.7426958719461,1310.2187299257469,2845.9134948979595,2116.732714064915,1762.5801050679852,36.509557183816504,7875.0,73.28865100976289,62095.6111586758,4198195.5,140822.74910282352,214.9402060104067,13001.57,449.46425561600734,3350.9104343209087,612600.0,9922.286382746914,11511.91659989912,1380090.0,28840.728042899682,14.674630986513751,147.5,23.271583618643998,71.0999984741211,124988449.0,-0.06937176630765574,2395.5,660.0,-0.007663628831814373,16.93000030517578,20634800.0,-0.007038060836033977,16.8799991607666,30700.0,-0.02037036278586013,5058.8798828125,0.0,0.0,7.258900165557861,0.0,0.0005651875740497747,932.780029296875,0.0,0.020759273578712323,80.12999725341797,1041642.0,-0.02530108082007687,3539.02001953125,627200.0,0.019185611986261675,82.62999725341797,218011.0,-0.028225350586071785,10605.0,99914.0,-0.026170798898071612,149.3000030517578,49014.0,0.002013443300387996,60.20000076293945,185781613.0,-0.059374988079071045,10.619999885559082,157726431.0,-0.07652174908181897,33.099998474121094,111600.0,-0.026470633114085484,5505.0,19676760000.0,-0.01965150805152971
2024-29,2835,19086.0,6851.0,44434.0,11323.0,8856.0,4368.0,3690.0,6.0,14911.0,1115.0,19355.0,13970.0,8775.0,851.0,638.0,1316.0,0.0,1182.0,893.0,1768.0,81694,4556,3536.0,42034.0,726.0,2575.0,2560.0,925.0,2554.0,2388.0,2340.0,13782.0,1101.0,6158.0,1015.0,4316.322388588,1421.0178587699318,1846.4257354318906,1440.6238252502926,2550.3386621823615,1899.7243854748604,1868.9424537313432,34.98463914871707,1477.0,19.30474690664824,60202.03647912554,3878070.25,103146.06779285608,201.75626190680512,37896.32,555.3334325115036,2996.7292090019732,160405.37,4397.154440939808,10356.34716489316,903759.0,21161.813293554365,16.116665236419806,132.0,23.619018368092604,73.9000015258789,70107970.0,0.03938119707241561,2380.0,191.0,-0.006470465456063446,17.030000686645508,17243300.0,0.005906696967935332,16.951000213623047,17400.0,0.004206223719576352,5058.8798828125,0.0,0.0,7.230100154876709,0.0,-0.00396754467264937,946.6400146484376,0.0,0.014858792980388058,77.16000366210938,1941556.0,-0.03706469104093113,3409.2900390625,643200.0,-0.036657034928537335,81.12999725341797,208464.0,-0.018153213722126194,10480.0,86337.0,-0.011786892975011787,149.5,30287.0,0.001339564260911974,60.29999923706055,129615550.0,0.0016611042002288023,10.739999771118164,89535199.0,0.011299424374030087,32.95000076293945,66500.0,-0.0045316531146947225,5459.10009765625,19051830000.0,-0.008337856919845565
2024-30,2779,14553.0,6272.0,36924.0,8348.0,9873.0,3852.0,2862.0,0.0,11741.0,734.0,15772.0,11629.0,4581.0,1137.0,1295.0,581.0,0.0,996.0,666.0,378.0,66097,4051,2799.0,33982.0,634.0,1460.0,3856.0,615.0,2010.0,1965.0,2694.0,10731.0,1168.0,3264.0,919.0,5256.7801687206575,2235.6023880044427,1631.7588447761193,1337.9965959130811,3079.9607449209934,1930.3805963154493,2403.8318140442134,39.60841235365789,8080.0,189.62610772453198,58712.413306139744,2056263.88,88827.56505062278,187.9415456640356,39174.18,480.6605001866707,3641.4340269905174,391255.0,5916.482077401984,11686.505676749483,652570.0,22830.002491491512,18.537174868888066,178.0,32.61715509240375,79.69999694824219,122895473.0,0.07848437486611126,2425.699951171875,154906.0,0.01920166015624991,18.989999771118164,22532600.0,0.11509095745425535,16.540000915527344,74400.0,-0.024246315433669507,5058.8798828125,0.0,0.0,7.242800235748291,0.0,0.0017565567003958726,948.0800170898438,0.0,0.0015211721658954236,73.5199966430664,2093228.0,-0.04717479064649721,3384.389892578125,639700.0,-0.00730361635386767,76.80999755859375,195298.0,-0.05324787182391055,10835.0,141466.0,0.03387404580152675,157.5,64788.0,0.05351170568561869,64.0999984741211,204691565.0,0.06301823026765563,11.140000343322754,114791020.0,0.037244001930080595,32.75,63600.0,-0.006069825745327551,5346.56005859375,21564690000.0,-0.020615126495082348
2024-31,2671,17219.0,5618.0,46684.0,6732.0,7852.0,3211.0,3106.0,0.0,14359.0,1030.0,16454.0,12211.0,8285.0,459.0,798.0,989.0,0.0,1065.0,307.0,6127.0,76253,4441,1885.0,44424.0,2062.0,1483.0,2114.0,1027.0,1280.0,2090.0,2885.0,10658.0,1129.0,3920.0,1296.0,5140.853621046762,4391.063918799647,1757.4073661519951,1707.5865731684814,2859.294267310789,2127.6430871335506,2588.792096774194,35.97710220514228,7367.0,44.38270858870686,63485.39343158112,8623105.0,144811.46471187923,243.193090287309,172462.1,1208.3628111797343,3836.1429327934848,396038.0,7462.254272761951,11328.54332555586,473471.0,23855.65546418024,15.05420212279257,129.0,21.697487755665207,77.19999694824219,281056869.0,-0.0313676298083615,2432.10009765625,1439.0,0.002638474095397969,18.31999969482422,14021100.0,-0.03528173166768256,16.420000076293945,17900.0,-0.007255189394865469,5058.8798828125,0.0,0.0,7.173699855804443,0.0,-0.009540561342944232,935.1799926757812,0.0,-0.013606472219148236,76.83999633789062,1870704.0,0.04515777810685373,3331.6298828125,541200.0,-0.015589223298806743,79.66000366210938,227099.0,0.03710462432109218,10560.0,157850.0,-0.025380710659898442,153.89999389648438,43890.0,-0.022857181609623023,60.79999923706055,285425245.0,-0.05148204860555261,10.399999618530272,113658705.0,-0.06642735206341654,32.209999084472656,71500.0,-0.01648857757335398,5344.16015625,22114930000.0,-0.00044886849066483325
2024-32,2295,14463.0,4423.0,34664.0,5614.0,7253.0,3487.0,2385.0,0.0,9740.0,487.0,14151.0,8690.0,3350.0,458.0,391.0,530.0,0.0,1247.0,282.0,6713.0,59164,3921,2142.0,30821.0,962.0,1771.0,1407.0,733.0,1472.0,1159.0,2163.0,9901.0,916.0,3964.0,1753.0,5392.7996058177505,1815.462120355412,2707.542076167076,1344.145743792063,2846.6134493670884,1916.1471968671435,2222.7902750410512,35.39160055445778,1496.0,34.14846192743697,60639.36230026249,5033441.5,93867.28825827505,221.11906302533401,11262.885,602.4969519486951,3667.65830035096,160413.12,6620.3308125430185,11445.72698085941,981680.0,24191.276026198706,13.34690476892677,125.5,20.729386845505232,80.80000305175781,202056562.0,0.04663220525681111,2498.60009765625,1832.0,0.027342624616513156,19.059999465942383,14615000.0,0.04039300127975598,17.125999450683594,24800.0,0.04299630761932338,5058.8798828125,0.0,0.0,7.173399925231934,0.0,-4.1809746509913204e-05,932.2000122070312,0.0,-0.0031865314614180074,76.6500015258789,1401078.0,-0.002472603085198588,3345.6298828125,444400.0,0.0042021474450761875,79.68000030517578,212964.0,0.0002510248825899897,10530.0,83589.0,-0.0028409090909090606,146.89999389648438,46005.0,-0.045484082375651824,63.79999923706055,277501315.0,0.0493421058823198,11.020000457763672,61789279.0,0.05961546749758617,33.619998931884766,69200.0,0.0437752215923477,5554.25,17470190000.0,0.03931204110795594
2024-33,2829,21268.0,5998.0,45134.0,9213.0,10005.0,6806.0,2455.0,0.0,13646.0,632.0,17307.0,15646.0,5176.0,1754.0,428.0,696.0,0.0,1069.0,248.0,5745.0,81613,4200,3904.0,42076.0,1397.0,3219.0,1640.0,1501.0,2201.0,1817.0,2476.0,13171.0,1398.0,5566.0,1247.0,5330.8980850409835,1993.5300077160496,1770.5020902716915,1430.7203325497787,2420.2255898123326,2363.7181482155866,4024.6967163874133,41.14709413772039,8060.0,135.25049799409803,65154.00443220357,7722876.0,133012.67990067598,202.42648105238766,37784.62,599.1195030201549,3755.9064155414653,196094.72,6205.6034744376375,11385.887192404101,828980.0,24677.1803421618,15.386493375181683,181.0,23.156363545248322,79.5,70851200.0,-0.016089146072495453,2508.39990234375,675.0,0.003922118107932748,20.170000076293945,55325900.0,0.058237179509631254,17.23900032043457,17200.0,0.00659820584932147,5058.8798828125,0.0,0.0,7.144400119781494,0.0,-0.004042686278850072,919.010009765625,0.0,-0.014149326613049795,74.83000183105469,1485856.0,-0.02374428778334392,3327.18994140625,487200.0,-0.005511650138283808,79.0199966430664,183193.0,-0.008283178458603824,10570.0,116088.0,0.003798670465337217,152.0,27599.0,0.03471753788573628,63.599998474121094,110810465.0,-0.0031348082340301175,10.479999542236328,77171434.0,-0.049001895925231964,33.689998626708984,41300.0,0.0020820849806104658,5634.60986328125,15609610000.0,0.014468175411846751
2024-34,2978,19157.0,7520.0,52540.0,8509.0,9100.0,5379.0,2352.0,0.0,15759.0,1303.0,19989.0,14992.0,8655.0,923.0,478.0,1430.0,0.0,1913.0,743.0,4710.0,87726,4931,2507.0,48279.0,1631.0,2241.0,2093.0,1447.0,1661.0,2749.0,2134.0,11922.0,1493.0,7951.0,1618.0,4827.308017554699,2332.889719466302,1760.2374419114424,1503.6317512579305,1939.1389353958143,1643.6781884178906,2498.5960421836226,37.09226505015055,7916.0,82.22976291720826,63522.821113238024,11431191.0,132724.96173874123,206.65310621921796,228623.81,1153.6872981738145,3460.685350341967,213000.0,5534.053238254663,11267.280677952582,730329.6,22973.98024166606,14.911816314729517,152.0,22.715006287059918,82.9000015258789,104165048.0,0.042767314790929545,2493.800048828125,6917.0,-0.005820385139539974,18.270000457763672,30365500.0,-0.09419928663081001,17.378000259399414,8600.0,0.008063109019150971,5058.8798828125,0.0,0.0,7.0954999923706055,0.0,-0.006844539302256258,914.5800170898438,0.0,-0.004820396544876648,73.55000305175781,1913618.0,-0.017105422263476,3321.429931640625,601900.0,-0.0017311935498309783,78.80000305175781,123764.0,-0.0027840243059273906,10065.0,108947.0,-0.04777672658467358,146.39999389648438,40472.0,-0.0368421454178659,64.5,128549784.0,0.014150967727540431,10.699999809265137,89814705.0,0.020992392809004112,33.65999984741211,35600.0,-0.0008904357530336027,5648.39990234375,16042500000.0,0.0024473813444236825
2024-35,2559,18034.0,5879.0,44563.0,7694.0,9421.0,7021.0,1074.0,0.0,13233.0,737.0,17813.0,13453.0,4787.0,655.0,363.0,894.0,2.0,1394.0,1262.0,4061.0,76170,3708,3207.0,37768.0,958.0,2933.0,3752.0,968.0,2042.0,1842.0,2240.0,11947.0,1308.0,5368.0,1837.0,4514.850508770319,2028.498542515275,1974.266871664549,1223.7179880085005,3138.3712247071353,1878.6213671003718,1895.8866424242424,37.76257118483849,8069.0,113.90980033245002,62115.744421414245,4285085.5,155395.84238057968,178.72344523090402,32634.0,551.9572803290704,3152.674957116178,204391.27,5662.434441340534,10643.222086897378,912975.0,22530.55272794356,20.677990916007655,231.0,37.18212856394827,78.19999694824219,72505700.0,-0.05669486720298211,2493.5,826.0,-0.00012031791733502217,16.18000030517578,20396900.0,-0.11439518884630151,16.60300064086914,7300.0,-0.0445965937945646,5058.8798828125,0.0,0.0,7.091300010681152,0.0,-0.0005919218792148628,942.1599731445312,0.0,0.030155869950500014,67.66999816894531,1785312.0,-0.0799456782982686,3231.35009765625,560800.0,-0.02712079912517673,71.05999755859375,211539.0,-0.09822341616002517,9698.0,103597.0,-0.03646299056135127,137.0,41353.0,-0.06420761125940255,62.099998474121094,112720291.0,-0.037209325982618724,10.119999885559082,81338009.0,-0.05420560131261243,31.711999893188477,32700.0,-0.0578728450105267,5408.419921875,14688940000.0,-0.04248636509769299
2024-36,2956,21211.0,7511.0,51280.0,10697.0,9399.0,7008.0,4461.0,0.0,15208.0,569.0,23053.0,14788.0,5809.0,741.0,688.0,1370.0,0.0,1913.0,1396.0,4296.0,90699,4455,2507.0,46624.0,2113.0,3055.0,1316.0,1548.0,3142.0,2733.0,2601.0,14258.0,1285.0,7492.0,2025.0,4237.26158430711,2529.287668008048,2016.923973227001,1504.6290719152157,2876.388247787611,2483.8983894108683,2740.225945842868,41.62652732182055,8075.0,240.4190030996839,66776.92501320927,4179624.25,125009.29559473469,214.3109248431399,38438.89,1002.0123709745568,3141.898950348686,213744.47,5155.839399674014,11071.330777695759,1043328.0,23470.83063762301,13.073641679131295,137.0,19.586059946019517,79.19999694824219,70872073.0,0.012787724284207602,2581.300048828125,354.0,0.03521156961224192,18.299999237060547,22151400.0,0.13102588948694915,16.990999221801758,19700.0,0.023369184241162966,5058.8798828125,0.0,0.0,7.116600036621094,0.0,0.0035677556868041194,933.72998046875,0.0,-0.00894751731772847,68.6500015258789,1848199.0,0.014482095218724789,3159.25,489700.0,-0.0223126852483565,71.61000061035156,203924.0,0.007739981292629539,10200.0,108195.0,0.05176325015467098,139.89999389648438,38309.0,0.021167838660469895,62.400001525878906,103388887.0,0.004830967135737163,10.260000228881836,161697137.0,0.013834026176475556,32.72800064086914,34400.0,0.03203836879108013,5626.02001953125,18669430000.0,0.04023358038012925
2024-37,1718,8836.0,3639.0,23115.0,5960.0,4293.0,2209.0,2508.0,4.0,8338.0,428.0,8856.0,8410.0,2052.0,192.0,228.0,561.0,2.0,701.0,301.0,2467.0,41550,2199,2498.0,19350.0,460.0,1802.0,887.0,902.0,1498.0,1476.0,1407.0,7849.0,492.0,2316.0,613.0,3647.5653564044947,1771.0141903171952,1423.5435761904762,1334.868791093495,3233.9250857142856,2794.5365013633264,2459.8911946107783,34.57222914072229,8094.0,56.112495762683025,58658.789458489,2213143.75,103952.35059401566,212.276600664176,37589.21,840.7940600481546,2712.7229607721047,113814.0,3902.8142622882433,10037.642710045662,782808.0,20958.17057644775,15.845828144458281,147.5,24.921529806962518,81.0999984741211,48459985.0,0.02398991918043336,2619.89990234375,191.0,0.014953648466069946,20.059999465942383,20453000.0,0.09617487990477858,17.344999313354492,18600.0,0.020834565815205597,5058.8798828125,0.0,0.0,7.066999912261963,0.0,-0.006969637762962,930.3599853515624,0.0,-0.003609175230183559,71.91999816894531,1043339.0,0.04763287065381516,3201.050048828125,328200.0,0.013231003823098941,74.48999786376953,174159.0,0.04021780797194485,10720.0,188370.0,0.050980392156862786,151.5,59350.0,0.08291641608003775,63.599998474121094,80404082.0,0.01923071985414171,11.239999771118164,95837814.0,0.09551652245363851,34.29999923706055,60500.0,0.04803222211589575,5702.5498046875,22463850000.0,0.013602828445432147
2024-38,2702,19125.0,6217.0,43756.0,7181.0,8457.0,5272.0,3633.0,0.0,12974.0,302.0,20960.0,9472.0,4380.0,1483.0,531.0,883.0,0.0,1456.0,488.0,5988.0,76279,4158,3672.0,42999.0,1087.0,1694.0,2010.0,892.0,1665.0,1178.0,2407.0,10189.0,1295.0,6621.0,570.0,3663.9740617002467,2123.0197916666666,1486.743734753146,1302.3961888404826,3486.1094130434785,1335.6609988685955,5731.624547619048,35.97924436516945,1518.0,25.31648882167784,67300.48339885102,4592271.5,141738.4591272616,200.08048321712343,56582.42,510.1713861647917,2735.4356102758925,93421.6,4066.8105220604416,11063.936767008734,656240.0,24753.95462491867,19.13062614376057,266.5,36.71400109833851,107.5,490437341.0,0.32552406932909017,2644.300048828125,21663.0,0.009313388829300884,24.239999771118164,38657400.0,0.20837489613459526,18.04800033569336,19200.0,0.04053047276845967,5058.8798828125,0.0,0.0,7.008999824523926,0.0,-0.008207172556688569,905.4000244140624,0.0,-0.026828282955514426,68.18000030517578,1952222.0,-0.0520021963151891,3703.679931640625,1049600.0,0.1570203136925361,71.9800033569336,118134.0,-0.033695725316388425,10825.0,107480.0,0.009794776119403048,163.1999969482422,72025.0,0.07722770262866141,72.9000015258789,636005594.0,0.1462264665861901,12.84000015258789,233138838.0,0.14234879128565647,35.59299850463867,59300.0,0.037696772488002406,5738.169921875,19316880000.0,0.006246349160899944
2024-39,2535,13530.0,5703.0,41957.0,5857.0,6584.0,3952.0,4220.0,390.0,10291.0,282.0,19630.0,8847.0,5698.0,980.0,271.0,843.0,0.0,1296.0,895.0,2868.0,67047,3871,3088.0,38961.0,1223.0,979.0,1217.0,1126.0,766.0,1728.0,1529.0,8293.0,1138.0,5720.0,1279.0,3562.7332226735775,1796.304670413899,1765.6733780926202,1557.3356587837839,4698.665298245614,1620.1257271112866,2876.31903622251,38.276807521600965,7948.0,59.10565697135413,64621.976281219635,11754722.0,139817.00235930792,201.11026288835782,235094.44,1446.729505429226,2782.105578170549,170848.85,4439.923338758938,11418.731675420857,830020.0,24147.663654110736,16.255245948998084,119.5,24.063245199472348,89.30000305175781,200236204.0,-0.16930229719295053,2645.800048828125,1666.0,0.0005672578649555948,18.950000762939453,51043600.0,-0.21823428457626137,18.027999877929688,12400.0,-0.0011081813714352018,5058.8798828125,0.0,0.0,7.045100212097168,0.0,0.005150576184483446,920.3900146484376,0.0,0.01655620701366356,74.37999725341797,2336925.0,0.09093571311954851,4017.85009765625,510200.0,0.08482648927939529,78.05000305175781,312428.0,0.08432897209971468,9740.0,216166.0,-0.10023094688221712,138.6999969482422,168532.0,-0.150122551826824,64.0999984741211,252696739.0,-0.12071334523407218,12.18000030517578,257055877.0,-0.05140185666423758,34.400001525878906,74400.0,-0.03351774306411104,5751.06982421875,19356810000.0,0.002248086501337898
2024-40,2518,17586.0,5630.0,39647.0,6432.0,8887.0,4476.0,4268.0,2.0,12686.0,248.0,18062.0,10192.0,4969.0,710.0,490.0,894.0,0.0,1138.0,1609.0,664.0,69295,3470,2570.0,34300.0,1834.0,2283.0,2801.0,1659.0,1448.0,2111.0,1785.0,10506.0,962.0,6284.0,752.0,3825.2864588685434,2418.1734591070726,1555.4494171348315,1494.7475009619084,3225.745951807229,1643.1422507122506,2662.2970378874857,38.435595869526225,8077.0,93.81412180402035,65665.33727778205,4613664.5,120962.61826263212,185.47208419811926,11307.7,488.7383743988516,2741.7857584492785,204103.19,4865.227892187793,11123.23203897302,1247500.0,27415.44063963388,17.84103313090937,168.5,28.312039166539233,83.0,124588969.0,-0.07054874396931843,2657.60009765625,1455.0,0.00445991708003457,19.799999237060547,24556900.0,0.04485479893929267,17.732999801635742,52700.0,-0.016363438999968727,5058.8798828125,0.0,0.0,7.080100059509277,0.0,0.004967970129369004,929.5900268554688,0.0,0.009995775769628734,75.55999755859375,1953692.0,0.01586448438758925,3887.169921875,1741400.0,-0.03252490078151005,79.04000091552734,256068.0,0.012684148943761464,10105.0,114047.0,0.03747433264887068,142.0,82732.0,0.023792380132418023,62.79999923706055,130670542.0,-0.020280799812895323,11.84000015258789,405885378.0,-0.027914625949837513,33.90299987792969,44500.0,-0.014447721683248371,5815.02978515625,17099040000.0,0.011121402259480995
2024-41,2709,15846.0,5533.0,41729.0,8510.0,10359.0,4906.0,2939.0,2.0,12986.0,148.0,18963.0,7140.0,3781.0,1078.0,506.0,653.0,0.0,1087.0,1096.0,5974.0,71618,4346,4521.0,35936.0,986.0,2718.0,1910.0,1395.0,1995.0,1974.0,2402.0,11652.0,866.0,4149.0,1114.0,3494.4311697234843,2012.1683267793942,2067.611379690949,1439.4636301369862,3143.0302785923755,2055.211170325779,2484.3013186416183,45.97486033519553,6334.0,181.85910688758537,56654.11948409782,4613664.5,102504.5256187096,181.6056017837891,29978.73,511.741520299564,2620.373968440655,170931.52,3959.6336048306425,10577.279080662549,829860.0,21903.32108867566,17.592399294325197,230.5,33.14674712952562,85.30000305175781,121230792.0,0.027710880141660343,2713.699951171875,144.0,0.02110921562845358,22.8700008392334,27337700.0,0.15505059194278115,17.32900047302246,85600.0,-0.022782345521484504,5058.8798828125,0.0,0.0,7.123000144958496,0.0,0.006059248469461931,945.9099731445312,0.0,0.017556068608296282,69.22000122070312,1108559.0,-0.0839067832549123,3925.22998046875,1294300.0,0.009791200116971321,73.05999755859375,195360.0,-0.07565793633181539,10525.0,105149.0,0.04156358238495783,158.60000610351562,86085.0,0.11690145143320874,65.9000015258789,122207805.0,0.04936309437069131,11.699999809265137,216053088.0,-0.011824353168792268,33.52399826049805,70800.0,-0.011178999463064221,5864.669921875,17209100000.0,0.008536523208438895
2024-42,2686,18732.0,5710.0,40934.0,5728.0,9174.0,5973.0,1877.0,10.0,12948.0,351.0,17554.0,10240.0,5998.0,1031.0,492.0,317.0,0.0,532.0,364.0,4243.0,71104,4762,3116.0,36671.0,1495.0,2812.0,1296.0,1004.0,1914.0,2263.0,1661.0,10431.0,1094.0,6362.0,985.0,3710.30589897554,1965.1696533203126,1388.6828469787586,1505.4442305365067,4113.371030927835,1827.92257616248,3036.22716080402,40.99247419900473,6876.0,49.982375960803225,57613.5426022847,35978012.0,200104.03482379895,177.72640820729046,82845.86,683.0247480041136,2755.6892393302774,1458528.625,8494.628051282478,10915.004050082121,2709597.65,26188.84181933036,17.295700242688696,312.0,34.17071292401155,86.9000015258789,110224831.0,0.01875730852143409,2740.89990234375,219.0,0.01002319772314153,22.799999237060547,25509200.0,-0.003060848255534987,16.76099967956543,40800.0,-0.03277747001861342,5058.8798828125,0.0,0.0,7.11870002746582,0.0,-0.0006036947080113597,946.4600219726562,0.0,0.0005815023033286515,71.77999877929688,1290635.0,0.03698349484900154,3956.419921875,1145900.0,0.007946016300049985,76.05000305175781,138387.0,0.040925343458519725,10640.0,129864.0,0.010926365795724369,171.5,161496.0,0.0813366544769536,67.80000305175781,164282147.0,0.028831585461083442,11.920000076293944,170689720.0,0.01880344193292971,32.47600173950195,76100.0,-0.03126108386155624,5808.1201171875,17326050000.0,-0.009642453103212434
2024-43,2654,15199.0,6331.0,36668.0,5175.0,9004.0,4493.0,4610.0,0.0,8475.0,190.0,13054.0,8330.0,5668.0,1009.0,345.0,853.0,0.0,1036.0,1009.0,5297.0,63373,3469,2916.0,36220.0,963.0,1697.0,2513.0,1222.0,1293.0,1438.0,666.0,9019.0,1136.0,3680.0,610.0,3848.010406327707,2060.0554381028937,1655.26562654321,1758.6544710351375,4441.767929292929,2028.9978167656977,3821.543762931034,42.80448065173116,8049.0,134.65053163064655,60008.56169551935,12150618.0,110746.37717443205,219.91687799306433,243012.37,1385.2407253476001,2980.7644443221225,110000.0,4591.056281799292,11700.154852204547,651300.0,23119.948267238487,17.33463147465184,247.0,33.87997267096422,94.1999969482422,136006048.0,0.08400454883984487,2738.60009765625,2093.0,-0.0008390691996936761,24.299999237060547,21688000.0,0.06578947588567496,16.374000549316406,41900.0,-0.023089263030106832,5058.8798828125,0.0,0.0,7.118500232696533,0.0,-2.8066187438224866e-05,960.9400024414062,0.0,0.015299093604154823,69.48999786376953,1627974.0,-0.03190305035485508,3890.02001953125,1261500.0,-0.01678282478981208,73.0999984741211,124644.0,-0.03879032819537187,11235.0,155424.0,0.05592105263157898,166.3000030517578,52605.0,-0.030320681913948655,70.0,151447854.0,0.03244833110940615,12.460000038146973,167628621.0,0.04530200993261402,32.402000427246094,46900.0,-0.0022786460245149964,5728.7998046875,19643610000.0,-0.013656796157722972
2024-44,2620,15582.0,5305.0,42575.0,7748.0,7735.0,5362.0,4453.0,2.0,12551.0,296.0,17633.0,10471.0,5858.0,1016.0,413.0,853.0,0.0,1108.0,968.0,2491.0,71210,3977,2394.0,37905.0,1315.0,2179.0,2664.0,1278.0,1197.0,1708.0,1240.0,11396.0,2061.0,4563.0,1310.0,3521.543350558297,2294.722511190689,2376.3392011914434,1380.545697405828,5102.022483221476,1816.4200088370449,3470.36646529563,51.84485550267406,8079.0,191.2952592890031,67917.70345137628,4592274.5,143487.88922396058,188.34452480251213,34958.0,569.7041304878377,2710.012662283499,1010500.0,8181.934645264235,11401.57702357588,1532200.0,24529.01400095041,19.679480889063342,251.0,38.145268741835444,93.6999969482422,334317595.0,-0.005307855798283301,2687.5,2180.0,-0.01865920391224063,24.770000457763672,24245100.0,0.01934161462796724,16.184999465942383,16000.0,-0.011542755406949934,5058.8798828125,0.0,0.0,7.141200065612793,0.0,0.0031888504845438703,957.1799926757812,0.0,-0.003912845501355067,70.37999725341797,1638156.0,0.01280758982599517,4104.0498046875,1555700.0,0.0550202271663478,73.87000274658203,206638.0,0.010533574398548406,11215.0,138019.0,-0.0017801513128615776,159.10000610351562,87549.0,-0.04329523040358163,71.5,305010506.0,0.021428571428571352,12.220000267028809,151528709.0,-0.019261618810866077,32.262001037597656,69100.0,-0.004320702049331326,5995.5400390625,23292380000.0,0.04656127696358747
2024-45,2955,20702.0,6729.0,44570.0,5767.0,9630.0,5396.0,4263.0,0.0,9912.0,440.0,16650.0,11171.0,6426.0,638.0,1088.0,885.0,14.0,1283.0,900.0,9072.0,77768,5255,2356.0,39892.0,1499.0,2650.0,1108.0,1542.0,2536.0,1699.0,1739.0,11408.0,1059.0,8793.0,1487.0,3295.302532512125,1929.6476898833912,1775.6215521531099,1726.5278851232395,4368.8611063829785,1961.4093833363786,2261.2019041157846,48.70353260869565,7351.0,108.34895840625197,58845.89283231431,4592860.5,100691.97221226449,200.62510631793478,52363.93,580.0126201156286,2644.56486571558,136500.0,4616.760761761524,10923.865706861414,810810.0,22723.030032187384,14.003328804347825,131.0,20.395096267982858,90.5,194159057.0,-0.03415151603483835,2565.699951171875,238.0,-0.04532094840116274,26.100000381469727,25363300.0,0.05369398058647157,15.972999572753906,22600.0,-0.01309854187110615,5058.8798828125,0.0,0.0,7.229199886322021,0.0,0.012322833683511503,975.0800170898438,0.0,0.018700792485249584,67.0199966430664,1474964.0,-0.04774084599993911,3968.830078125,1305500.0,-0.03294787660911347,71.04000091552734,178292.0,-0.03831056891608997,11840.0,134101.0,0.05572893446277316,168.60000610351562,60759.0,0.059710871373688024,72.19999694824219,329739325.0,0.009790167108282288,11.81999969482422,155220128.0,-0.03273327033255824,32.36000061035156,49600.0,0.0030376160685041675,5870.6201171875,21572110000.0,-0.02083547454626511
2024-46,2969,19986.0,6819.0,45436.0,8476.0,12909.0,6719.0,1801.0,0.0,12977.0,354.0,18482.0,14601.0,6974.0,1439.0,561.0,392.0,0.0,1282.0,816.0,1410.0,80717,5093,4377.0,40642.0,1619.0,2767.0,3113.0,1328.0,2331.0,2721.0,1920.0,13261.0,1340.0,4176.0,1122.0,3213.2838917165896,1721.8335145502645,1582.8715318192571,1329.610710188473,4193.564939209727,1930.6886237869091,3007.2201388360595,46.70728640444729,6902.0,96.5113300007588,61605.94012265337,4623942.0,108449.95325852367,179.21423981381395,92478.84,684.5519406578678,2490.764456222011,205350.0,4749.39663262819,10986.37858099314,1023700.0,24942.103315440116,19.848381902009663,278.0,37.025574847422625,93.5999984741211,257576667.0,0.03425412678586848,2709.89990234375,324.0,0.056202967578501184,23.780000686645508,61313100.0,-0.08888887589715722,16.10099983215332,45100.0,0.008013539273972858,5058.8798828125,0.0,0.0,7.233699798583984,0.0,0.0006224633891336318,973.0900268554688,0.0,-0.002040848135021922,71.23999786376953,1127429.0,0.06296630009067172,3865.699951171875,1116700.0,-0.025985019495177508,75.16999816894531,154459.0,0.05813622184955891,12005.0,148634.0,0.013935810810810745,160.5,34199.0,-0.04804273908829193,77.5,539203168.0,0.07340724758696604,11.600000381469728,92081896.0,-0.018612463539303348,32.20000076293945,39200.0,-0.004944370963977263,5969.33984375,20164960000.0,0.016815894163118683
2024-47,2961,16490.0,6678.0,45875.0,8219.0,8528.0,5445.0,2440.0,293.0,11634.0,237.0,18776.0,9406.0,8536.0,1097.0,575.0,625.0,0.0,1584.0,1531.0,6555.0,77262,5194,1709.0,43274.0,1211.0,2152.0,2144.0,1498.0,1397.0,1767.0,2214.0,11359.0,993.0,6263.0,1281.0,3317.291195993482,1925.7065572390572,1699.22775005011,1913.653241633579,3430.9144234800838,1558.1088979162682,3139.030985003408,50.14143803216651,2200.0,52.513483161790184,59285.59114981755,4592860.5,90642.41727245739,203.6761761724557,28756.2,546.8079350291265,2700.4115377077983,120000.0,4101.534009985194,11302.448082285895,810810.0,24177.195627671095,15.16966256701356,170.0,23.97914733083292,83.0,148713031.0,-0.11324784879191874,2657.0,243466.0,-0.019520980202256788,22.040000915527344,43314000.0,-0.0731707199695466,15.6850004196167,13300.0,-0.025836868323287576,5058.8798828125,0.0,0.0,7.2428998947143555,0.0,0.001271838255186175,977.4400024414062,0.0,0.004470270443521551,68.0,1191683.0,-0.04548003875526918,3916.580078125,852500.0,0.013161944174612028,72.94000244140625,102479.0,-0.02966603408087265,11975.0,147187.0,-0.002498958767180315,152.8000030517578,22498.0,-0.0479750588675526,73.19999694824219,339341692.0,-0.05548391034526212,10.880000114440918,112217331.0,-0.06206898649580783,30.71500015258789,36000.0,-0.046118030284667655,6032.3798828125,15276080000.0,0.010560638313883874
2024-48,2724,17698.0,5035.0,40728.0,8087.0,8582.0,5127.0,3330.0,20.0,9707.0,347.0,15238.0,14372.0,4914.0,1265.0,470.0,690.0,0.0,999.0,942.0,5545.0,71548,4296,3063.0,36641.0,940.0,2092.0,1599.0,1395.0,1638.0,2286.0,1671.0,10506.0,1305.0,6762.0,1650.0,3130.5058463331543,1611.8101200162735,1801.243394680851,1449.2559100073313,4176.910204460966,1959.6238695178424,2844.034979929754,64.15487807890901,8065.0,152.38790219755853,68416.13560127279,59825436.0,337080.53065536125,205.21736862073186,139178.99,924.8479593283688,2549.3983032676542,2310912.99,12029.73233070669,11611.24635246604,4445915.0,33065.91980524829,13.843311712152735,237.0,23.830895246835855,84.0,70128375.0,0.012048192771084265,2638.60009765625,3150.0,-0.00692506674586002,20.959999084472656,35141100.0,-0.049001895925231964,15.505000114440918,26100.0,-0.011475951569032805,5058.8798828125,0.0,0.0,7.259200096130371,0.0,0.002250507621665676,969.6799926757812,0.0,-0.00793911620789245,67.19999694824219,1522565.0,-0.01176475076114425,3973.139892578125,885000.0,0.014441122950357821,71.12000274658203,168581.0,-0.024952010335977826,12415.0,114238.0,0.03674321503131517,159.3000030517578,51241.0,0.042539266166102596,75.5999984741211,167623797.0,0.03278690745815038,11.34000015258789,60493381.0,0.042279414826146944,30.44300079345703,75600.0,-0.008855587100101037,6090.27001953125,20647710000.0,0.009596566834872311
2024-49,2823,18320.0,5512.0,40794.0,7556.0,9251.0,5144.0,4018.0,32.0,10053.0,385.0,17319.0,8808.0,6306.0,1209.0,665.0,844.0,0.0,1047.0,1072.0,6029.0,72182,4636,2835.0,37390.0,1249.0,1143.0,1370.0,1158.0,1280.0,2424.0,1625.0,11166.0,995.0,7648.0,1899.0,2995.1164848772487,2241.13683530906,2003.1126627570968,1427.5390863914374,2873.7749477806788,2785.959908609271,2753.89777834525,56.093971673840386,3672.0,69.78254982483956,67840.52697458783,9911064.0,140536.04875336678,198.0131280658515,198221.28,1088.7757759447356,2590.947731688641,141970.0,4723.680411710082,11304.497560958102,810810.0,22761.230848992996,16.515314302122466,183.0,26.178712474286264,82.19999694824219,128877579.0,-0.021428607759021556,2656.0,8249.0,0.006594368869767608,19.8799991607666,35530500.0,-0.05152671616794713,15.366999626159668,14900.0,-0.008900386150447082,5058.8798828125,0.0,0.0,7.267600059509277,0.0,0.001157147243176837,976.3900146484376,0.0,0.0069198313086160645,71.29000091552734,1475455.0,0.0608631570390592,3933.179931640625,1018800.0,-0.01005752679691585,74.48999786376953,156551.0,0.04738463142634597,12050.0,86430.0,-0.02939991945227549,155.89999389648438,41064.0,-0.021343434338596645,80.4000015258789,555532071.0,0.06349210514072845,12.199999809265137,136501481.0,0.07583771120858285,30.238000869750977,85700.0,-0.006733893452123607,6051.08984375,20137790000.0,-0.006433241162641545
2024-50,3312,23758.0,7337.0,51330.0,7264.0,13203.0,5032.0,3408.0,10.0,13644.0,399.0,16638.0,16005.0,6074.0,1204.0,1061.0,1366.0,0.0,1228.0,1468.0,8949.0,89689,5072,5424.0,44692.0,1743.0,3375.0,2904.0,1608.0,2969.0,1745.0,1645.0,13157.0,1087.0,8087.0,1253.0,2710.055915714704,2761.4216911764706,1366.4897794676806,1439.3592631084887,2452.7514583333336,1757.7691220533156,2993.382438162544,51.85045668798529,8028.0,92.48866924641928,60093.970263496645,1718533.38,87320.57229412656,194.20601887970042,16828.86,510.8481677734581,2322.873689830707,107000.0,3189.589148174061,11236.18394045483,810810.0,21971.807675038795,19.555751677328757,221.0,33.66121318947247,82.30000305175781,68780802.0,0.0012166193093485766,2628.699951171875,2978.0,-0.010278632841914548,18.290000915527344,22222900.0,-0.07997979438435476,14.770000457763672,41400.0,-0.03884942948652825,5058.8798828125,0.0,0.0,7.295400142669678,0.0,0.003825208175018524,991.1500244140624,0.0,0.015116920025999292,69.45999908447266,926538.0,-0.02566982476579127,3927.739990234375,813200.0,-0.0013830898918425483,72.94000244140625,130791.0,-0.020808101313118277,11460.0,145667.0,-0.0489626556016598,153.5,66717.0,-0.015394445095860188,79.69999694824219,393143390.0,-0.008706524432234075,11.9399995803833,170984883.0,-0.0213114945038263,28.8799991607666,92100.0,-0.04491043289647079,5930.85009765625,27302660000.0,-0.019870758689518042
2024-51,2734,14812.0,5698.0,39951.0,7021.0,7128.0,5800.0,4550.0,2.0,15461.0,262.0,12082.0,9014.0,6975.0,632.0,647.0,849.0,0.0,929.0,276.0,2875.0,67482,4013,2174.0,37546.0,1429.0,1876.0,1849.0,1086.0,1524.0,2506.0,1242.0,10124.0,1144.0,3838.0,1144.0,2831.4415561907354,1825.4292163085938,2217.392028328612,1560.1108053564692,4559.424092356688,1910.238019033034,2785.902070773263,64.16296276860913,1529.0,78.66584584983786,61119.8910246571,4592486.0,130940.52297815453,208.33526744276492,67130.0,808.9756447036441,2451.045766159351,92000.0,3724.301291769847,12422.984589826026,1604315.0,27325.40912238079,12.699382924110036,107.5,17.396890618352806,81.0,40239184.0,-0.015795905267953048,2617.199951171875,1212.0,-0.00437478609716313,21.899999618530273,17561500.0,0.1973755342974428,12.975000381469728,172500.0,-0.12153013003804092,5058.8798828125,0.0,0.0,7.297299861907959,0.0,0.0002603995944197024,988.6400146484376,0.0,-0.0025324216352702322,70.5999984741211,628963.0,0.016412315068735417,3981.030029296875,823700.0,0.01356760864899309,74.16999816894531,41207.0,0.016863116073064788,12050.0,26730.0,0.0514834205933683,153.10000610351562,17089.0,-0.0026058234298655947,75.69999694824219,329404721.0,-0.050188207693378395,12.739999771118164,42330544.0,0.0670016933710127,27.809999465942383,87200.0,-0.03704985200546029,5970.83984375,11415140000.0,0.006742666807504127
2024-52,1540,7295.0,3129.0,21261.0,2671.0,2874.0,2072.0,1769.0,0.0,5775.0,250.0,10779.0,5433.0,3063.0,513.0,237.0,131.0,0.0,169.0,39.0,1252.0,34356,1794,1088.0,19976.0,1061.0,820.0,586.0,290.0,720.0,306.0,817.0,5574.0,703.0,2242.0,173.0,2831.601599494896,1915.219317697228,1546.8562862318843,1618.948508871272,3505.3601086956523,1573.1597738139021,1101.9820847851336,64.04646040364717,3715.0,92.7905529672273,65864.11262286353,3830297.25,102918.15318318461,316.01191788811684,76605.95,1443.512887105828,2143.567343662829,130760.0,3676.47731507775,10655.556238017954,810810.0,22500.34209805981,22.16546634883603,115.5,28.8328638736753,81.0999984741211,12114687.0,0.0012345490632232892,2629.199951171875,1195.0,0.004585052813647961,21.469999313354492,5077600.0,-0.01963471747332568,12.994999885559082,17600.0,0.0015413875530914112,5058.8798828125,0.0,0.0,7.298099994659424,0.0,0.00010964778296163047,993.3499755859376,0.0,0.0047640808258957446,71.72000122070312,350451.0,0.015864061909187877,3934.909912109375,348500.0,-0.011584970936691419,74.63999938964844,51024.0,0.006336810466579079,11905.0,12035.0,-0.012033195020746845,153.39999389648438,0.0,0.001959423781903169,75.69999694824219,47579562.0,0.0,12.800000190734863,20890048.0,0.004709609159705197,27.96500015258789,89700.0,0.0055735594973789215,5881.6298828125,6561600000.0,-0.014940940181284668
